Name,Datetime,Tempmax,Tempmin,Temp,Humidity,Precip,Preciprob,Precipcover,preciptype,Windspeed,Winddir,Sealevelpressure,Cloudcover,Severrisk,Moonphase,Flood
Lagos,06/01/2002,29.6,26.1,27.2,86.5,1.5,100,8.33,rain,22.3,179.1,1010.2,90,,0.75,0
Lagos,17/02/2002,28.6,26.1,27.8,83.4,39.9,100,4.17,rain,18.4,192.4,1010.9,90,,0.17,0
Lagos,22/04/2002,25.1,25.1,25.1,95.9,0.7,100,4.17,rain,0,,1009.6,90,,0.34,0
Lagos,04/05/2002,29.1,27.1,27.8,87.9,3,100,4.17,rain,9.4,310,1009.4,90,,0.75,0
Lagos,19/05/2002,32.1,27.1,29.2,84.5,0.7,100,4.17,rain,14.8,220,1010.1,90,,0.25,1
Lagos,26/05/2002,29.7,25.9,27.4,89.7,0.7,100,4.17,rain,22.3,209.1,1009.6,90,,0.5,0
Lagos,29/05/2002,29.1,24.1,27.2,87,0.8,100,4.17,rain,25.9,161.9,1011.2,90,,0.6,0
Lagos,04/06/2002,29.1,23.7,25.6,92.7,9.9,100,4.17,rain,14.8,219.9,1011.3,90,,0.79,0
Lagos,05/06/2002,31.1,22.9,26.4,84.4,9.9,100,4.17,rain,25.9,244,1010.7,90,,0.82,0
Lagos,06/06/2002,28.1,21.1,23.8,95.5,78,100,8.33,rain,37.1,127.1,1012,90,,0.85,0
Lagos,10/06/2002,30.1,23.1,25.6,93.7,65.7,100,8.33,rain,18.4,347,1011.9,90,,0.98,0
Lagos,11/06/2002,32.1,24.1,28,81.9,0.7,100,4.17,rain,22.3,237.9,1011.8,90,,0,0
Lagos,14/06/2002,26.1,23.7,24.5,96.6,44,100,8.33,rain,54,215.2,1012.1,90,,0.12,0
Lagos,15/06/2002,30.1,23.1,26.5,88.3,18,100,4.17,rain,24.1,211.1,1012.7,90,,0.16,0
Lagos,16/06/2002,29.1,23.1,26.2,84.9,9.9,100,4.17,rain,22.3,167.6,1012.2,90,,0.2,0
Lagos,20/06/2002,30.1,24.4,26.6,88,0.7,100,4.17,rain,22.3,199.3,1013.4,90,,0.34,0
Lagos,21/06/2002,30.1,24.1,25.7,91.9,4.1,100,4.17,rain,20.5,216.3,1013.4,90,,0.38,0
Lagos,22/06/2002,31.1,24.1,26.8,88,6.1,100,4.17,rain,37.1,214.9,1013.5,90,,0.41,0
Lagos,24/06/2002,26.1,23.4,25.1,97.7,52.9,100,8.33,rain,13,224.4,1013.6,90.9,,0.5,1
Lagos,25/06/2002,30.4,24.1,26.7,90.7,23.1,100,4.17,rain,18.4,219.4,1014.1,85,,0.52,0
Lagos,26/06/2002,30.1,22.1,26.5,91.1,26.9,100,8.33,rain,33.5,215.4,1013.9,92,,0.55,0
Lagos,27/06/2002,29.1,23.1,25.4,92.5,9.9,100,4.17,rain,22.3,217.5,1014,90.8,,0.58,0
Lagos,30/06/2002,30.1,24.7,26.4,88.2,1,100,4.17,rain,22.3,206.2,1014.9,85.6,,0.68,0
Lagos,03/07/2002,26.4,25.1,25.6,94.8,0.5,100,4.17,rain,18.4,218.4,1013.2,90,,0.78,0
Lagos,04/07/2002,29.1,24.1,25.9,91.4,5.1,100,4.17,rain,16.6,207.6,1013.1,90,,0.81,0
Lagos,05/07/2002,27.1,24.1,25.5,87.7,1,100,4.17,rain,18.4,116.2,1013.1,90,,0.84,0
Lagos,10/07/2002,29.1,25.1,27.2,85.2,0.7,100,4.17,rain,27.7,212.8,1013.8,90,,0,0
Lagos,11/07/2002,30.1,24.2,26.2,89.6,4.1,100,4.17,rain,25.9,223.4,1013.7,90,,0.04,0
Lagos,12/07/2002,29.1,22.6,25.9,90.5,72.1,100,8.33,rain,27.7,209.8,1012.7,90,,0.07,0
Lagos,13/07/2002,30.1,24.1,26.8,86.7,0.7,100,4.17,rain,25.9,223.6,1012.9,90,,0.11,0
Lagos,14/07/2002,30.1,24.1,26.5,88.6,0.7,100,4.17,rain,24.1,213.6,1012.9,90,,0.14,0
Lagos,15/07/2002,28.7,25.1,26.4,92.6,1,100,4.17,rain,16.6,197.3,1013.1,90,,0.18,0
Lagos,16/07/2002,25.6,24.1,25,97.7,75.9,100,8.33,rain,27.7,216.4,1012.7,90,,0.22,0
Lagos,18/07/2002,26.1,24.1,24.7,95.9,42.9,100,8.33,rain,33.5,218.1,1013,90.6,,0.29,0
Lagos,21/07/2002,28.1,24.1,25.6,90.8,1.7,100,8.33,rain,29.5,207.7,1011.9,90,,0.4,0
Lagos,22/07/2002,27.1,24.1,25.4,93.4,67.1,100,4.17,rain,27.7,209.8,1012.3,90,,0.43,0
Lagos,23/07/2002,24.2,23.1,23.6,99,67.1,100,4.17,rain,14.8,202.9,1013.8,92.3,,0.47,0
Lagos,24/07/2002,29.1,23.1,25.4,91.2,39.1,100,8.33,rain,31.3,232.7,1014.7,85,,0.5,0
Lagos,30/07/2002,29.1,23.6,25.6,90.8,0.7,100,4.17,rain,29.5,225.5,1014,90,,0.7,0
Lagos,31/07/2002,26.6,24.6,25.3,89.7,0.7,100,4.17,rain,29.5,221.4,1012.8,90,,0.73,0
Lagos,01/08/2002,27.1,24.1,25.3,89.1,5.1,100,8.33,rain,29.5,213.8,1012.4,90,,0.75,0
Lagos,14/08/2002,26.1,24.1,24.7,95.4,8.9,100,8.33,rain,25.9,217.1,1014.8,90,,0.2,0
Lagos,17/08/2002,29.1,25.1,27.1,79.9,0.7,100,4.17,rain,33.5,211.5,1012.6,90,,0.31,0
Lagos,18/08/2002,25.9,24.6,25.4,90.2,0.7,100,4.17,rain,18.4,216.8,1013.7,90,,0.34,0
Lagos,20/08/2002,26.1,24.1,25.3,92.4,13.7,100,8.33,rain,37.1,205.6,1013.5,90,,0.41,0
Lagos,21/08/2002,28.1,24.1,25.3,91.9,0.7,100,4.17,rain,33.5,214.7,1013.6,90,,0.45,0
Lagos,22/08/2002,27.1,23.6,25.6,85.1,0.7,100,4.17,rain,29.5,222.9,1013.7,90,,0.5,0
Lagos,26/08/2002,27.1,23.1,24.7,93.1,5.1,100,4.17,rain,37.1,211.7,1011.9,90,,0.62,0
Lagos,29/08/2002,25.4,24.1,24.6,91.8,6.1,100,4.17,rain,22.3,216.2,1012.3,91.1,,0.71,0
Lagos,30/10/2002,30.1,25.1,28,81.8,2,100,4.17,rain,29.5,200,1010.6,90,,0.81,0
Lagos,18/01/2003,26.2,24.1,25.5,95,52.1,100,8.33,rain,14.8,190.3,1011.2,90,,0.5,0
Lagos,26/05/2003,30.1,26.4,28.6,75.1,5.1,100,4.17,rain,27.7,200.2,1010.4,90,,0.84,0
Lagos,30/05/2003,31.1,24.6,25.8,94.3,39.1,100,8.33,rain,18.4,226.4,1011.6,90,,0.98,0
Lagos,31/05/2003,30.1,24.4,26.5,90.1,2,100,4.17,rain,20.5,224.5,1011.8,90,,0,0
Lagos,02/06/2003,28.2,25.7,27,91.7,0.3,100,4.17,rain,18.4,153.5,1012.5,90,,0.08,0
Lagos,03/06/2003,32.9,25.6,28.2,82.5,5.1,100,4.17,rain,27.7,201.5,1011.6,90,,0.11,0
Lagos,07/06/2003,27.1,23.7,24.8,96.4,67.8,100,8.33,rain,13,247.9,1011.6,90,,0.25,0
Lagos,09/06/2003,30.1,26.1,27.3,90.6,7.1,100,4.17,rain,31.3,223.7,1011.8,90,,0.32,0
Lagos,16/06/2003,30.1,24.1,26.4,91.1,17,100,8.33,rain,29.5,226.4,1011.2,90,,0.56,0
Lagos,19/06/2003,30.1,24.1,26.9,86.7,1,100,4.17,rain,33.5,215.7,1012.2,90,,0.66,0
Lagos,20/06/2003,30.1,24.4,26.7,88.5,6.1,100,4.17,rain,35.3,183.1,1011.3,90,,0.7,0
Lagos,22/06/2003,26.2,23.1,24.3,95.6,3,100,4.17,rain,20.5,216.2,1012.4,90,,0.76,0
Lagos,23/06/2003,27.1,23.6,25.4,91.3,16,100,4.17,rain,25.9,218.8,1012.9,91.4,,0.79,0
Lagos,24/06/2003,28.1,23.9,25.8,87.8,0.5,100,4.17,rain,27.7,218.7,1013.3,90,,0.83,0
Lagos,25/06/2003,26.1,22.9,24.7,93.1,0.8,100,4.17,rain,29.5,218.3,1012.7,90,,0.86,0
Lagos,26/06/2003,27.1,22.6,24.7,88.8,6.1,100,4.17,rain,24.1,209.2,1013.2,90,,0.89,0
Lagos,29/06/2003,27.1,23.1,25,91.5,9.9,100,4.17,rain,40.7,222.3,1012.5,90.8,,0,0
Lagos,03/07/2003,25.1,23.1,24.1,91.1,7.1,100,4.17,rain,25.9,216.1,1013.9,90,,0.13,0
Lagos,04/07/2003,30.1,22.1,25,87.5,10.9,100,4.17,rain,24.1,189.7,1013,90,,0.17,0
Lagos,18/07/2003,29.1,24.9,25.7,91,7.1,100,4.17,rain,37.1,215.9,1015,90,,0.65,0
Lagos,19/07/2003,29.1,25.1,26.1,87,2,100,4.17,rain,33.5,231.6,1014.9,90,,0.68,0
Lagos,20/08/2003,28.1,23.1,24.9,89.8,2,100,4.17,rain,22.3,218.9,1013,90,,0.75,0
Lagos,21/08/2003,28.1,22.9,25.1,89.2,5.1,100,4.17,rain,22.3,219.9,1013.1,90,,0.8,0
Lagos,23/08/2003,27.1,23.7,25.2,87.1,1,100,4.17,rain,18.4,207.3,1013.5,90,,0.86,0
Lagos,19/05/2004,30.6,30.6,30.6,78.3,1,100,4.17,rain,9.4,250,,90,,0,0
Lagos,23/05/2004,25.7,25.1,25.4,95.7,23.1,100,4.17,rain,20.5,30.5,1013.9,90,,0.14,0
Lagos,06/06/2004,31.4,24.4,28.7,82.6,2,100,4.17,rain,27.7,242.6,1013.8,90,,0.61,0
Lagos,07/06/2004,28.1,22.1,25.7,91.9,8.9,100,4.17,rain,22.3,19.6,1013.9,93.3,,0.65,0
Lagos,17/06/2004,28.1,23.1,26.5,86.3,3,100,4.17,rain,25.9,237.3,1014.2,90,,0,1
Lagos,18/06/2004,26.2,24.1,25.4,94.9,17,100,4.17,rain,25.9,242,1015,91.4,,0.02,0
Lagos,28/06/2004,26.1,24.9,25.3,88.5,6.1,100,4.17,rain,22.3,241.3,1013.2,90,,0.36,0
Lagos,04/07/2004,30.1,25.1,27.9,84.9,21.1,100,4.17,rain,25.9,247.5,1013.7,83.3,,0.57,0
Lagos,09/07/2004,28.2,23.6,25.3,93.1,22.1,100,8.33,rain,37.1,243,1010.1,93.8,,0.75,0
Lagos,10/07/2004,26.1,24.1,24.8,95.7,8.9,100,4.17,rain,29.5,221,1011.4,90,,0.77,0
Lagos,17/07/2004,30.1,24.4,27.6,80.1,89.9,100,4.17,rain,33.5,253.6,1013.4,90,,0,0
Lagos,09/08/2004,27.2,23.1,24.8,88.6,2,100,4.17,rain,25.9,252.7,1013.9,91.3,,0.78,0
Lagos,10/08/2004,25.1,23.4,24.2,96,2,100,4.17,rain,27.7,244.2,1014.8,90,,0.82,0
Lagos,23/08/2004,29.1,24.6,26.8,82.1,0.5,100,4.17,rain,44.3,226.5,1013.2,90,,0.25,0
Lagos,24/08/2004,28.9,23.9,26.8,82,2.5,100,4.17,rain,27.7,233,1012.9,90,,0.3,0
Lagos,26/08/2004,27.1,24.4,25.7,89.1,14,100,4.17,rain,33.5,244.8,1013.9,90,,0.37,0
Lagos,27/08/2004,29.2,24.1,27,79.8,3,100,4.17,rain,33.5,232.9,1012.3,88.9,,0.41,0
Lagos,28/08/2004,28.1,23.1,25.6,90,39.1,100,4.17,rain,22.3,230.4,1012.4,90,,0.44,0
Lagos,01/09/2004,27.1,22.1,24.5,94.4,23.9,100,4.17,rain,29.5,217.3,1014.2,90,,0.58,0
Lagos,03/09/2004,24.6,23.9,24.3,96.5,1,100,4.17,rain,25.9,230,,90,,0.64,0
Lagos,06/09/2004,27.1,22.1,25.6,81.9,1,100,4.17,rain,22.3,237.2,1010.7,90,,0.75,0
Lagos,08/09/2004,29.1,22.1,27.1,81.5,26.9,100,4.17,rain,24.1,237.5,1010.5,92.5,,0.8,0
Lagos,09/09/2004,27.1,21.6,24.8,88.1,4.1,100,4.17,rain,14.8,2.3,1011.9,90,,0.83,0
Lagos,14/09/2004,25.2,23.1,24,98.1,7.9,100,4.17,rain,16.6,214.4,1014.1,90,,0,0
Lagos,17/09/2004,29.9,25.1,27.2,86.8,0.5,100,4.17,rain,27.7,224.9,1012.2,85.6,,0.1,0
Lagos,20/09/2004,29.1,24.6,27.4,84,2,100,4.17,rain,22.3,213.5,1012.4,90,,0.21,0
Lagos,21/09/2004,28.9,21.6,25.5,84.2,5.1,100,4.17,rain,37.1,109.8,1013.4,74.3,,0.25,0
Lagos,22/09/2004,27.1,23.1,25.3,88.2,1,100,4.17,rain,25.9,203.8,1013.1,90,,0.28,0
Lagos,29/09/2004,28.1,24.7,26.3,88.4,4.1,100,4.17,rain,25.9,180,,90,,0.53,0
Lagos,30/09/2004,29.4,23.2,26.7,81.3,35,100,4.17,rain,27.7,197.1,,82,,0.56,0
Lagos,05/10/2004,29.6,24.6,27.8,83.2,30,100,8.33,rain,27.7,197.8,,90,,0.72,0
Lagos,06/10/2004,30.1,23.4,26.8,83,30,100,4.17,rain,18.4,252.5,1012.9,90,,0.75,0
Lagos,09/10/2004,29.1,24.2,26,91.8,10.9,100,4.17,rain,13,225.8,1012.9,90,,0.85,0
Lagos,20/10/2004,27.1,24.1,25.2,93.1,1,100,4.17,rain,51.8,55.7,1012.2,90,,0.25,0
Lagos,25/10/2004,28.2,22.1,26,85,1,100,4.17,rain,22.3,215.7,1011.4,86,,0.4,0
Lagos,05/11/2004,29.1,23.4,26.4,86.7,24.9,100,4.17,rain,22.3,209.5,1011.4,90,,0.75,0
Lagos,06/02/2005,26.1,22.9,24,93,7.1,100,4.17,rain,22.3,243.9,1008.9,75.7,,0.91,0
Lagos,09/02/2005,30.2,25.6,28.4,86.9,5.1,100,4.17,rain,25.9,258.6,1010.4,90,,0.02,0
Lagos,10/03/2005,32.2,23.6,28.3,79.2,9.9,100,4.17,rain,27.7,234.9,,90,,0,0
Lagos,11/03/2005,27.1,26.6,26.9,97.1,210.4,100,4.17,rain,0,,1010.2,90,,0.03,0
Lagos,14/04/2005,33.1,28.1,31,76.4,2,100,4.17,rain,33.5,224.8,1009.5,90,,0.18,0
Lagos,20/04/2005,30.7,23.7,26.4,90.1,5.1,100,4.17,rain,22.3,291.1,,92,,0.37,0
Lagos,24/04/2005,32.1,26.2,30.1,77.8,37.1,100,4.17,rain,27.7,231.1,1008.1,90,,0.5,0
Lagos,01/05/2005,32.6,25.7,29.8,78.9,1,100,4.17,rain,37.1,236.2,1011.5,90,,0.75,0
Lagos,08/05/2005,29.1,26.1,27.9,82.6,6.1,100,4.17,rain,29.5,242.1,1012.8,90,,0,0
Lagos,15/05/2005,30.7,23.9,28,86.7,31,100,4.17,rain,22.3,243.8,1009.7,90,,0.23,0
Lagos,18/05/2005,30.1,25.1,27.9,83,1,100,4.17,rain,27.7,109.7,1010.1,90,,0.33,0
Lagos,25/05/2005,32.4,26.2,29.9,81,180.5,100,4.17,rain,35.3,252.8,1011.2,88.6,,0.56,0
Lagos,27/05/2005,31.1,24.6,27.6,85.8,3,100,4.17,rain,22.3,215.7,1012.2,90,,0.63,0
Lagos,30/05/2005,26.1,23.1,24.5,97.4,18.1,100,8.33,rain,29.5,171.7,1012.4,91.7,,0.75,0
Lagos,01/06/2005,31.1,23.2,27.9,85.2,15,100,4.17,rain,25.9,238.1,1012.2,90,,0.81,0
Lagos,02/06/2005,29.1,24.7,28.1,86.3,1,100,4.17,rain,22.3,231.9,1011,85.6,,0.84,0
Lagos,04/06/2005,29.1,24.9,27.6,89.5,180.3,100,4.17,rain,20.5,256.3,1011.2,90,,0.91,0
Lagos,05/06/2005,30.9,23.2,28,81.9,1,100,4.17,rain,22.3,258.3,1010.2,90,,0.95,0
Lagos,06/06/2005,30.1,23.4,27.3,88.6,27.9,100,8.33,rain,33.5,234.5,1011.1,90,,0,0
Lagos,11/06/2005,28.1,22.1,23.8,95.1,145,100,8.33,rain,18.4,279.5,1012.3,88.8,,0.15,1
Lagos,12/06/2005,24.9,22.7,23.6,98.1,34,100,4.17,rain,22.3,340,,93.3,,0.18,1
Lagos,25/06/2005,26.6,25.4,26,92.3,2,100,4.17,rain,22.3,240,1012.9,90,,0.61,0
Lagos,30/06/2005,28.1,25.1,26.4,88.4,5.1,100,4.17,rain,29.5,259.2,1013.7,90,,0.79,0
Lagos,18/07/2005,29.1,27.1,27.9,84.2,21.1,100,4.17,rain,33.5,232.9,1012.4,90,,0.4,0
Lagos,23/08/2005,26.1,23.7,25.5,83.1,52.1,100,4.17,rain,31.3,246.6,1014.1,89,,0.62,0
Lagos,05/10/2005,27.1,22.1,24,95.2,13,100,4.17,rain,18.4,344.8,1014.3,87,,0.07,0
Lagos,09/10/2005,30.6,26.4,28.3,80.2,2,100,4.17,rain,22.3,243.7,1010,90,,0.21,0
Lagos,10/10/2005,30.1,25.1,28.1,85.3,297.7,100,4.17,rain,27.7,206.7,1013.2,90,,0.25,0
Lagos,11/10/2005,27.4,23.4,25.4,87.4,2,100,4.17,rain,16.6,242.5,1011.1,90,,0.29,0
Lagos,20/10/2005,30.4,23.9,27.6,85.9,30,100,4.17,rain,33.5,135.3,1013.2,90,,0.59,0
Lagos,01/11/2005,25.4,23.4,24.7,95.1,3,100,4.17,rain,22.3,88.3,1012.4,94,,0.98,0
Lagos,03/11/2005,27.2,23.2,25.2,95.9,4.1,100,4.17,rain,14.8,270,,90,,0.05,0
Lagos,27/01/2006,31.1,27.1,29.2,84.7,1,100,4.17,rain,33.5,226.8,1010.7,85.6,,0.93,0
Lagos,12/02/2006,31.1,26.6,28.6,87.3,2,100,4.17,rain,25.9,211.9,1011.4,90,,0.47,0
Lagos,14/02/2006,27.1,25.2,26.2,92.6,2,100,4.17,rain,18.4,270,,90,,0.54,0
Lagos,02/03/2006,32.7,23.2,28,78.6,11.9,100,4.17,rain,42.5,262,,90,,0.08,0
Lagos,11/03/2006,34.1,25.7,30.7,72.6,30.5,100,4.17,rain,20.5,257.4,1011.4,90,,0.38,0
Lagos,17/03/2006,33.1,23.1,28.2,80.5,22.1,100,4.17,rain,29.5,278.1,1009.3,90,,0.59,0
Lagos,18/03/2006,33.1,27.1,30.4,78.1,50.3,100,4.17,rain,35.3,241.3,1009.1,90,,0.62,0
Lagos,23/03/2006,32.6,22.9,29,79.2,17,100,4.17,rain,25.9,215,1010,86.4,,0.79,0
Lagos,26/03/2006,33.2,28.1,30.3,78.2,60.5,100,4.17,rain,31.3,239.6,1009.1,90,,0.9,0
Lagos,17/04/2006,33.1,23.6,30.3,74.3,1,100,4.17,rain,35.3,244.9,1007.5,88.8,,0.63,0
Lagos,19/04/2006,31.1,28.1,29.8,82.3,2,100,4.17,rain,27.7,268.8,1010.4,90,,0.7,0
Lagos,29/04/2006,33.7,26.1,29.1,81.7,60.5,100,4.17,rain,40.7,260.5,1009.7,90,,0.05,0
Lagos,02/05/2006,32.1,24.9,28.9,82.5,2,100,4.17,rain,33.5,231.6,1011,91.7,,0.15,0
Lagos,07/05/2006,34.1,23.4,29.7,81.2,36.1,100,4.17,rain,83.2,117.5,1010,91,,0.31,0
Lagos,10/05/2006,27.1,22.1,24.7,92.9,31,100,4.17,rain,33.5,61.8,1010.8,90,,0.41,0
Lagos,11/05/2006,33.1,24.9,30.2,73.9,1,100,4.17,rain,22.3,232.9,1009.7,90,,0.44,0
Lagos,16/05/2006,27.1,24.1,25.4,94.9,7.1,100,8.33,rain,18.4,294.7,1012.3,92.7,,0.61,0
Lagos,20/05/2006,25.1,23.7,24.4,98.4,16,100,4.17,rain,22.3,220.5,1011.4,87,,0.75,0
Lagos,21/05/2006,31.1,22.7,27.7,84.5,50,100,8.33,rain,29.5,225.7,1011.5,90,,0.79,0
Lagos,24/05/2006,31.1,24.9,28,84.9,271.5,100,8.33,rain,31.3,238.9,1012.7,90,,0.9,0
Lagos,27/05/2006,29.2,24.9,28.2,84.7,230.2,100,4.17,rain,27.7,221.3,1012.7,90,,0,0
Lagos,28/05/2006,25.4,22.1,24,97.2,15,100,4.17,rain,22.3,188,1013.3,90,,0.04,0
Lagos,30/05/2006,31.1,22.1,25.5,92.1,54.1,100,4.17,rain,50,211.6,1012.3,81.7,,0.1,0
Lagos,03/06/2006,27.6,22.9,26,89.1,6.1,100,4.17,rain,22.3,258.4,1010.3,89.2,,0.23,0
Lagos,05/06/2006,29.2,25.4,27.6,89,2,100,4.17,rain,13,228.5,1011.9,90,,0.3,0
Lagos,07/06/2006,31.1,25.1,26.9,91.4,0.8,100,4.17,rain,37.1,254.2,1010.6,90,,0.36,0
Lagos,08/06/2006,30.6,24.2,28.9,82.5,4.3,100,4.17,rain,33.5,239.7,1010.4,90,,0.39,0
Lagos,09/06/2006,28.6,21.9,24.3,95.9,84.1,100,4.17,rain,29.5,330.5,1010.6,88.9,,0.43,0
Lagos,11/06/2006,31.1,24.1,28,81.8,3,100,4.17,rain,33.5,247.2,1012.1,90,,0.5,0
Lagos,13/06/2006,32.1,25.1,29.1,79,210.6,100,4.17,rain,31.3,243.8,1011.7,90,,0.56,0
Lagos,15/06/2006,28.1,21.6,24.8,91.8,3,100,4.17,rain,18.4,165.3,1011.4,90,,0.63,0
Lagos,17/06/2006,28.1,24.1,26.8,81.4,1,100,4.17,rain,37.1,250.9,1012.6,90,,0.7,0
Lagos,19/06/2006,28.2,24.1,26.8,86.4,220.6,100,8.33,rain,24.1,272.8,1011.9,80,,0.78,0
Lagos,20/06/2006,25.1,23.1,24.1,95.7,2,100,4.17,rain,18.4,262.4,1014.2,90,,0.81,0
Lagos,21/06/2006,30.1,22.1,27.1,83.9,2,100,4.17,rain,25.9,236.1,1013.1,90,,0.85,0
Lagos,24/06/2006,29.1,23.1,27.2,87.4,13,100,4.17,rain,13,260,1011.9,90,,0.96,0
Lagos,25/06/2006,31.1,22.2,26.7,87.3,3,100,4.17,rain,14.8,260.3,1012.7,90,,0,0
Lagos,03/07/2006,29.1,25.1,26.7,90.4,14,100,4.17,rain,33.5,276.2,1013.7,90,,0.25,0
Lagos,05/07/2006,29.1,24.9,26.5,89,3,100,4.17,rain,63,256.3,1013.6,89.1,,0.32,0
Lagos,06/07/2006,26.2,24.1,24.9,95.8,6.1,100,4.17,rain,31.3,274.2,1015.4,90,,0.35,0
Lagos,09/07/2006,29.1,25.1,26.7,88.1,22.1,100,4.17,rain,25.9,268,1014.2,90,,0.45,0
Lagos,11/07/2006,30.1,24.2,28,80.9,270.8,100,4.17,rain,33.5,264.7,1013.3,90,,0.5,0
Lagos,13/07/2006,27.1,23.2,25.9,92.1,270.6,100,8.33,rain,25.9,249.4,1011.9,90,,0.58,0
Lagos,14/07/2006,27.1,25.7,26.5,87.6,180.6,100,4.17,rain,24.1,248.8,1012.8,90,,0.62,0
Lagos,15/07/2006,26.1,25.1,25.5,95.7,10.9,100,4.17,rain,25.9,259.4,1013.9,83.3,,0.65,0
Lagos,18/07/2006,27.1,24.1,25.7,92.6,5.1,100,4.17,rain,35.3,238,1012.8,90,,0.76,0
Lagos,21/07/2006,25.4,23.6,24.7,94.6,0.8,100,4.17,rain,25.9,262.4,1014.1,90,,0.87,0
Lagos,02/08/2006,26.2,23.9,25.1,92.4,5.6,100,8.33,rain,33.5,263.3,1012.7,90,,0.25,0
Lagos,03/08/2006,26.1,23.9,24.5,94.9,23.1,100,8.33,rain,27.7,266.1,1013.1,90,,0.3,0
Lagos,04/08/2006,27.1,23.1,25.4,90,22.9,100,8.33,rain,40.7,261.9,1013.5,91.4,,0.34,0
Lagos,05/08/2006,29.1,23.4,26.4,84.2,247.7,100,4.17,rain,35.3,255.9,1013.3,90,,0.37,0
Lagos,08/08/2006,28.1,22.6,26,84.5,1,100,4.17,rain,35.3,237.1,1014.1,90,,0.47,0
Lagos,05/09/2006,25.4,24.6,25,93.4,2,100,4.17,rain,22.3,245.7,,90,,0.42,0
Lagos,08/09/2006,25.7,23.1,24.4,94.3,36.1,100,4.17,rain,25.9,225,,90,,0.52,0
Lagos,09/09/2006,26.9,26.9,26.9,84.7,3,100,4.17,rain,37.1,240,,90,,0.56,0
Lagos,17/09/2006,26.1,25.2,25.7,92.3,2,100,4.17,rain,25.9,270,,90,,0.83,0
Lagos,23/09/2006,28.1,24.7,26.2,88.2,1,100,4.17,rain,20.5,263.7,1013.9,90,,0.03,0
Lagos,25/09/2006,28.1,24.1,26.2,89,8.9,100,8.33,rain,33.5,240.3,1013.7,90,,0.1,0
Lagos,27/09/2006,24.4,22.1,23,97.6,30,100,4.17,rain,14.8,240,1013.9,90,,0.17,0
Lagos,29/09/2006,29.4,26.6,28.1,82.7,230.8,100,4.17,rain,37.1,259.6,1012.9,90,,0.24,0
Lagos,30/09/2006,27.1,24.1,25.7,92.2,7.9,100,4.17,rain,31.3,258.1,1012.9,91,,0.25,0
Lagos,03/10/2006,28.9,25.1,26.9,89.2,3,100,4.17,rain,27.7,251.1,1012.1,90,,0.37,0
Lagos,04/10/2006,27.9,23.1,26.1,86.5,6.1,100,4.17,rain,22.3,314,1013.3,90,,0.41,0
Lagos,05/10/2006,29.6,25.7,27.4,82.5,7.9,100,4.17,rain,27.7,256.2,1010.8,90,,0.44,0
Lagos,06/10/2006,30.2,24.2,27.6,83.5,1,100,4.17,rain,25.9,244.7,1010.8,88.8,,0.48,0
Lagos,09/10/2006,30.6,25.2,27.7,87.9,0.5,100,4.17,rain,33.5,233.1,1013,90,,0.58,0
Lagos,11/10/2006,25.9,22.7,24.1,97.1,31,100,8.33,rain,35.3,107,1010,92.5,,0.64,0
Lagos,13/10/2006,29.1,23.1,25.1,91.4,27.9,100,4.17,rain,18.4,190,1012.2,91.1,,0.71,0
Lagos,24/10/2006,31.2,23.1,28.4,77.3,130.9,100,4.17,rain,27.7,238.7,1012.7,90,,0.08,0
Lagos,25/10/2006,31.1,24.1,27.9,83.4,142.7,100,8.33,rain,28.8,246.9,1012.9,87.1,,0.11,0
Lagos,26/10/2006,29.1,26.6,27.8,86.2,41.9,100,4.17,rain,35.3,265.5,1011.4,90,,0.15,0
Lagos,27/10/2006,29.7,24.4,27.3,86.6,9.2,100,8.33,rain,27.7,226,1010.2,90,,0.18,0
Lagos,01/11/2006,32.1,26.1,28.3,84.1,0.5,100,4.17,rain,20.5,151.6,1010.7,90,,0.36,0
Lagos,06/11/2006,30.1,23.9,25.3,92.8,17,100,4.17,rain,22.3,240,1009.5,78.9,,0.53,0
Lagos,08/11/2006,32.1,22.1,26.8,85.7,36.1,100,4.17,rain,22.3,12.4,1010.6,81.8,,0.59,0
Lagos,09/11/2006,34.1,24.1,28.5,77.1,39.9,100,4.17,rain,27.7,75.6,1010.8,47.5,,0.63,0
Lagos,01/12/2006,32.4,24.7,27.3,88,5.1,100,4.17,rain,25.9,242.4,1010.5,61.4,,0.37,0
Lagos,25/12/2006,33.1,25.1,28.5,81.4,53.3,100,4.17,rain,22.3,255.4,1011,60,,0.17,0
Lagos,11/02/2007,35.1,25.4,28.5,80.8,210.5,100,4.17,rain,55.4,251.5,1011,43.3,,0.8,0
Lagos,03/03/2007,36.1,26.1,30,73.4,100.7,100,4.17,rain,28.1,239.1,1009.4,52.9,,0.48,0
Lagos,24/03/2007,33.1,26.1,29.4,80.6,8.9,100,4.17,rain,33.5,258.8,1009.2,80.5,,0.18,0
Lagos,25/03/2007,33.1,23.1,28.2,81.8,15,100,4.17,rain,37.1,236.8,1010.4,63.8,,0.25,0
Lagos,01/04/2007,33.1,24.1,27.8,83.9,5.1,100,4.17,rain,64.8,243.9,1007.6,79.4,,0.46,0
Lagos,14/04/2007,33.1,27.1,29.3,83.7,5.1,100,4.17,rain,44.3,256.6,1009.9,70,,0.9,0
Lagos,18/04/2007,33.1,24.1,28.9,74,37.1,100,4.17,rain,37.1,242.4,1010.6,56.5,,0.03,0
Lagos,26/04/2007,33.2,25.1,28.1,85.1,0.8,100,4.17,rain,42.5,259.4,1009.2,65.8,,0.3,0
Lagos,27/04/2007,28.1,24.1,26.6,90.6,8.1,100,8.33,rain,24.1,256.2,1011.6,74.1,,0.33,0
Lagos,29/04/2007,33.1,23.4,27,89.6,11.9,100,4.17,rain,22.3,237.4,1011.4,67.5,,0.4,0
Lagos,02/05/2007,27.4,23.1,24.6,89.8,2,100,4.17,rain,27.7,29.1,1010.8,66.7,,0.5,0
Lagos,08/05/2007,33.7,24.7,27.9,86,21.1,100,4.17,rain,29.5,168.5,1009.6,64.4,,0.71,0
Lagos,11/05/2007,26.7,22.9,25.1,95.4,94,100,8.33,rain,44.3,106.6,1010.5,54.7,,0.81,0
Lagos,14/05/2007,30.6,22.1,27,84.3,55.1,100,8.33,rain,37.1,142.7,1012.9,64,,0.92,0
Lagos,21/05/2007,30.1,23.1,26.7,88.1,30,100,8.33,rain,37.1,248.9,1009.6,61,,0.15,0
Lagos,22/05/2007,30.1,24.2,26.2,89.5,4.1,100,4.17,rain,51.8,214,1009.6,58.6,,0.19,0
Lagos,25/05/2007,31.1,24.1,27.4,87.5,41.9,100,4.17,rain,37.1,233.3,1011.8,60.4,,0.28,0
Lagos,27/05/2007,28.1,24.1,25.8,90.9,9.9,100,4.17,rain,59.4,315.8,1011.3,52.9,,0.35,0
Lagos,02/06/2007,28.1,22.1,24.5,95,38.1,100,8.33,rain,27.7,124.7,1011.7,74.7,,0.55,0
Lagos,03/06/2007,30.1,23.9,25.8,92.6,8.9,100,4.17,rain,37.1,250.2,1012,79.5,,0.59,0
Lagos,04/06/2007,29.1,24.1,25.9,89.3,3,100,4.17,rain,29.5,288,1013.1,71.8,,0.62,0
Lagos,07/06/2007,27.1,23.1,24.6,94.2,35.1,100,8.33,rain,31.3,269,1012.5,80.5,,0.73,0
Lagos,10/06/2007,29.9,22.1,24.6,94.5,23.1,100,4.17,rain,74.2,333.3,1012.2,63.7,,0.83,0
Lagos,11/06/2007,30.1,22.1,25.5,89.2,27.9,100,8.33,rain,40.7,264.5,1012.9,65,,0.87,0
Lagos,13/06/2007,28.1,23.1,25,93.8,15,100,4.17,rain,83.2,353.5,1011.8,64.3,,0.94,0
Lagos,18/06/2007,28.6,25.1,26.7,88.6,14,100,4.17,rain,33.5,259.5,1012.2,62,,0.11,0
Lagos,20/06/2007,26.1,23.7,25.1,96.5,4.1,100,4.17,rain,40.7,242.2,1012.7,53.6,,0.17,0
Lagos,24/06/2007,28.9,24.1,25.7,91.4,21.1,100,8.33,rain,37.1,266.5,1012.8,68.5,,0.3,0
Lagos,27/06/2007,28.2,24.1,26.2,90.3,3,100,4.17,rain,37.1,262.3,1012.5,71,,0.4,0
Lagos,28/06/2007,26.1,23.1,24.6,96.5,42.9,100,8.33,rain,22.3,273.4,1013.4,71.4,,0.43,0
Lagos,29/06/2007,26.1,23.6,24.7,97.7,81,100,8.33,rain,9.4,240,1013.5,70,,0.46,0
Lagos,01/07/2007,26.1,24.1,24.9,94.1,43.9,100,8.33,rain,35.3,266.4,1014.1,82,,0.53,0
Lagos,07/07/2007,25.9,24.1,24.6,97.4,10.1,100,8.33,rain,33.5,252.4,1013.5,78,,0.75,0
Lagos,17/07/2007,30.2,22.4,26.1,84,3,100,4.17,rain,37.1,252.7,1012.6,64.7,,0.1,0
Lagos,18/07/2007,28.2,24.9,26.2,89.3,2,100,4.17,rain,33.5,252.9,1012.2,77.3,,0.13,0
Lagos,20/07/2007,28.2,24.1,25.8,92.5,1,100,4.17,rain,37.1,267.7,1012.3,67,,0.19,0
Lagos,22/07/2007,29.1,24.1,26.5,86,1,100,4.17,rain,33.5,260,1012.1,74.7,,0.25,0
Lagos,25/07/2007,25.1,22.1,24.4,94.3,50,100,8.33,rain,22.3,258,1012.1,55.9,,0.35,1
Lagos,26/07/2007,26.1,22.9,24.2,95.7,64.1,100,8.33,rain,43.2,225,1011.6,74.7,,0.38,1
Lagos,27/07/2007,27.1,24.1,25.1,93.8,16,100,8.33,rain,35.3,254.1,1013.1,86.3,,0.42,0
Lagos,05/10/2007,30.1,24.1,25.8,89.3,5.1,100,4.17,rain,25.9,181.9,1012.1,61.6,,0.8,0
Lagos,13/10/2007,27.1,24.7,25.8,95.5,4.1,100,4.17,rain,22.3,259.3,1010.8,64.3,,0.08,0
Lagos,19/10/2007,25.4,22.1,24.7,91.9,51.1,100,4.17,rain,29.5,125.2,1011.6,54,,0.25,0
Lagos,27/10/2007,27.1,22.1,24.4,90.3,29,100,4.17,rain,59,108,1012,52.7,,0.54,0
Lagos,05/11/2007,32.1,23.1,26.7,85.1,16,100,4.17,rain,27.7,261.4,1010.9,65.7,,0.85,0
Lagos,01/01/2008,33.1,24.4,27.2,80,1,100,4.17,rain,20.5,305.9,1010.2,54.8,,0.77,0
Lagos,06/05/2008,31.6,24.1,27.3,83,7.9,100,4.17,rain,77.8,87.7,1011.5,77.5,,0.03,0
Lagos,07/05/2008,32.1,23.1,26.7,80.1,23.1,100,8.33,rain,22.3,215.9,1011.8,52.5,,0.07,0
Lagos,08/05/2008,32.1,25.1,27.9,82.5,7.1,100,4.17,rain,40.7,204.6,1010.6,71.4,,0.1,0
Lagos,11/05/2008,27.1,23.1,25.7,89.5,46,100,4.17,rain,22.3,136.5,1010.8,54.7,,0.2,0
Lagos,13/05/2008,31.2,25.1,27.4,85.3,1,100,4.17,rain,33.5,250.9,1011.8,61,,0.27,0
Lagos,14/05/2008,32.1,24.1,27.6,80.7,1,100,4.17,rain,22.3,353.9,1012.3,49,,0.31,0
Lagos,16/05/2008,30.1,23.1,26.9,82.9,10.9,100,8.33,rain,25.9,212.7,1011.9,61.9,,0.38,0
Lagos,21/05/2008,32.1,23.1,26.5,80.7,2,100,4.17,rain,83.2,134.1,1009.9,68.3,,0.55,0
Lagos,24/05/2008,30.2,23.1,26.6,84.9,14,100,4.17,rain,33.5,230.5,1010.6,73.6,,0.65,0
Lagos,25/05/2008,31.1,24.1,27,82.8,11.9,100,4.17,rain,22.3,227.4,1011.4,63.3,,0.68,0
Lagos,03/06/2008,27.1,23.1,25.5,91.3,48,100,8.33,rain,27.7,207.7,1012.3,75.6,,0,0
Lagos,04/06/2008,29.6,23.1,26,85.9,1,100,4.17,rain,14.8,6.4,1013.5,71.1,,0.02,0
Lagos,06/06/2008,27.2,22.1,25.6,89.9,25.9,100,4.17,rain,33.5,193.5,1012.1,67.1,,0.09,0
Lagos,07/06/2008,30.2,24.1,26.3,85.6,2,100,8.33,rain,37.1,227.1,1013.1,72.7,,0.12,0
Lagos,08/06/2008,25.1,22.1,24,93.2,67.1,100,4.17,rain,51.8,293.8,1013.1,66,,0.16,0
Lagos,09/06/2008,30.2,21.1,25.3,83,73.9,100,4.17,rain,29.5,239.4,1012.8,54.3,,0.19,0
Lagos,13/06/2008,30.1,21.1,25.9,86.1,22.1,100,4.17,rain,50,203.6,1011.5,78.2,,0.32,0
Lagos,14/06/2008,27.9,22.1,25,89.2,11.9,100,4.17,rain,24.1,256.9,1012.8,63,,0.36,0
Lagos,15/06/2008,30.1,23.1,25.9,85.2,4.1,100,4.17,rain,27.7,246.2,1012.5,67.3,,0.39,0
Lagos,16/06/2008,29.6,23.1,26.3,85.5,19.1,100,4.17,rain,37.1,219.6,1011.7,70.9,,0.42,0
Lagos,17/06/2008,28.6,24.1,25.6,91.9,2,100,4.17,rain,11.2,224.6,1012.9,62.3,,0.46,0
Lagos,22/06/2008,27.2,24.1,25.4,90,2,100,4.17,rain,25.9,243.6,1012.4,66.7,,0.63,0
Lagos,24/06/2008,26.1,24.1,25,93.3,4.1,100,4.17,rain,33.5,223.9,1012.7,74.3,,0.7,0
Lagos,25/06/2008,25.7,23.1,24.3,94.4,9.9,100,4.17,rain,14.8,310,1013.8,75,,0.73,0
Lagos,29/06/2008,30.1,23.1,26.2,87.7,7.9,100,4.17,rain,18.4,236.6,1013.5,63,,0.87,0
Lagos,01/07/2008,30.7,23.4,25.9,81.2,5.1,100,4.17,rain,35.3,14.1,1014.5,71.5,,0.94,0
Lagos,07/07/2008,27.1,23.4,25.1,90.2,50,100,8.33,rain,55.4,232.6,1013,90,,0.14,0
Lagos,08/07/2008,26.1,23.1,24.6,90.8,2,100,4.17,rain,18.4,267.6,1014.7,63.3,,0.18,0
Lagos,12/07/2008,28.4,23.9,25.4,88.2,3,100,4.17,rain,25.9,220.7,1013.1,71.8,,0.31,0
Lagos,18/07/2008,27.1,23.7,24.7,92.9,30,100,4.17,rain,11.2,236,1014.2,69.5,,0.5,0
Lagos,19/07/2008,29.2,21.1,24.7,87.9,1,100,4.17,rain,24.1,212,1013.5,74.8,,0.54,0
Lagos,20/07/2008,29.4,24.1,26.3,85.1,31,100,4.17,rain,27.7,189.1,1014.2,68.9,,0.58,0
Lagos,22/07/2008,28.6,22.1,24.7,88.9,67.1,100,4.17,rain,18.4,223.7,1013.7,70,,0.65,0
Lagos,23/07/2008,27.2,23.1,24.4,92.6,3,100,4.17,rain,20.5,213.6,1014.2,63,,0.68,0
Lagos,24/07/2008,29.1,23.1,24.7,91,5.4,100,8.33,rain,27.7,245.9,1014.7,66.7,,0.72,0
Lagos,25/07/2008,29.1,22.1,25.7,87.3,3,100,4.17,rain,24.1,241.4,1014.3,69.1,,0.75,0
Lagos,26/07/2008,27.1,24.9,25.8,88.6,24.9,100,4.17,rain,51.8,222.9,1013.8,80.4,,0.79,0
Lagos,27/07/2008,27.7,24.6,25.6,90.1,17,100,4.17,rain,33.5,208.9,1015.3,81.9,,0.82,0
Lagos,29/07/2008,29.2,24.1,25.3,91,22.1,100,4.17,rain,24.1,230.9,1013.7,71.1,,0.89,0
Lagos,30/07/2008,26.1,23.1,24.6,91.7,23.1,100,4.17,rain,24.1,237.9,1013.2,82.9,,0.93,0
Lagos,31/07/2008,27.1,23.9,24.6,93.5,3.8,100,4.17,rain,5.4,300,1013.6,78.6,,0.97,0
Lagos,02/08/2008,28.1,23.4,25.4,88.7,20.9,100,12.5,rain,33.5,212.2,1012.8,77.8,,0.03,0
Lagos,03/08/2008,26.9,24.1,25.2,88.6,4,100,8.33,rain,27.7,225,1012.5,78.6,,0.07,0
Lagos,08/08/2008,25.1,23.1,24.2,92.8,41.9,100,4.17,rain,27.7,221.7,1013.6,78.6,,0.25,0
Lagos,16/08/2008,27.1,24.1,25.3,84.7,1,100,4.17,rain,37.1,233.4,1011.5,74.3,,0.5,0
Lagos,23/08/2008,30.1,23.1,25.8,84.4,5.1,100,4.17,rain,35.3,215.6,1013.7,63.6,,0.74,0
Lagos,28/08/2008,29.1,23.9,25.8,87.1,6.1,100,4.17,rain,37.1,236.9,1011,75.5,,0.91,0
Lagos,29/08/2008,28.9,23.9,25.7,86.9,3.8,100,8.33,rain,27.7,219.8,1011.6,78.9,,0.95,0
Lagos,30/08/2008,27.1,24.1,25,90,19.1,100,4.17,rain,18.4,242.5,1012.5,70,,0,0
Lagos,31/08/2008,26.6,24.1,25.1,89.4,2,100,4.17,rain,27.7,235.7,1011.7,66.2,,0.02,0
Lagos,02/09/2008,25.1,24.1,24.5,95.9,9.9,100,4.17,rain,13,247.3,1012.2,83.3,,0.08,0
Lagos,03/09/2008,27.1,23.7,24.8,93.8,7.2,100,8.33,rain,22.3,236.8,1012.5,69.1,,0.12,0
Lagos,04/09/2008,25.1,22.1,23.7,93.5,16,100,4.17,rain,22.3,276.2,1012.3,74,,0.15,0
Lagos,05/09/2008,26.6,23.9,25,91.2,19.1,100,8.33,rain,33.5,206.8,1014.2,74.2,,0.18,1
Lagos,08/09/2008,29.4,24.1,26.3,85.3,11.9,100,4.17,rain,33.5,216.8,1013.2,70,,0.28,1
Lagos,11/10/2008,28.1,23.1,25.4,89.7,18,100,8.33,rain,14.8,192.6,1013.5,76.7,,0.39,1
Lagos,16/10/2008,32.4,22.9,28.5,77,6.1,100,4.17,rain,13,240.5,1012.9,59.4,,0.56,0
Lagos,18/10/2008,30.1,23.1,25.3,87.3,30,100,4.17,rain,9.4,217.8,1012.3,62.6,,0.63,0
Lagos,21/10/2008,31.4,22.1,27.3,82.8,7.1,100,4.17,rain,25.9,228.5,1012.3,71.2,,0.75,0
Lagos,22/10/2008,27.4,23.1,25.2,91.6,3,100,4.17,rain,18.4,211.6,1013.1,67.1,,0.77,0
Lagos,26/10/2008,27.7,26.6,27.2,89.7,1,100,4.17,rain,11.2,206.5,,90,,0.91,0
Lagos,01/11/2008,32.9,23.1,27.7,79.7,1,100,4.17,rain,9.4,201,1011,68.3,,0.11,0
Lagos,03/11/2008,28.2,25.1,26.8,90.7,3,100,4.17,rain,18.4,286.7,1011.8,71.4,,0.18,0
Lagos,07/11/2008,31.1,24.1,27.2,85.9,50,100,4.17,rain,40.7,251.2,1010.3,78,,0.31,0
Lagos,10/11/2008,31.2,24.1,27,82.3,13,100,4.17,rain,20.5,234.6,1011.6,58.3,,0.41,0
Lagos,11/11/2008,31.2,22.9,26.8,82.1,0.5,100,4.17,rain,22.3,179.7,1012.2,67.6,,0.44,0
Lagos,21/11/2008,31.1,25.1,27.9,84.3,1,100,4.17,rain,22.3,226,1012.9,52.5,,0.78,0
Lagos,25/11/2008,32.1,25.1,27.8,86.8,0.3,100,4.17,rain,24.1,249.2,1011.6,57.1,,0.92,0
Lagos,05/12/2008,30.1,24.1,26.2,88.3,10.9,100,4.17,rain,18.4,321.8,1010.8,67.8,,0.25,0
Lagos,06/12/2008,30.1,22.7,26.2,84.4,37.1,100,4.17,rain,14.8,21.9,1012.8,56.1,,0.29,0
Lagos,08/03/2009,33.1,24.6,28.8,81.4,7.1,100,4.17,rain,35.3,207,1009.7,75,,0.41,0
Lagos,11/03/2009,32.1,23.1,27.4,83.3,5.1,100,4.17,rain,22.1,201.6,1009.1,74.2,,0.5,0
Lagos,12/03/2009,33.3,24.1,28.3,80.8,7.9,100,4.17,rain,18.4,230.1,1008.7,64.2,,0.54,0
Lagos,13/03/2009,30.1,24.1,26.4,85.3,7.9,100,4.17,rain,33.5,147.1,1010.1,65.2,,0.58,0
Lagos,29/03/2009,33.1,23.1,27.3,81.2,4.1,100,4.17,rain,46.4,233.9,1008,75,,0.1,0
Lagos,08/04/2009,29.1,22.1,25.9,86.5,49,100,8.33,rain,22.3,247.8,1011.9,66.3,,0.46,0
Lagos,13/04/2009,27.2,22.8,25.6,87.6,3,100,4.17,rain,40.7,24.2,1011.7,56.8,,0.62,0
Lagos,18/04/2009,32.1,23.1,27.5,81.3,15,100,4.17,rain,55.4,161.4,1011.5,67.5,,0.78,0
Lagos,24/04/2009,30.6,22.1,26.2,88.3,7.1,100,4.17,rain,42.5,331.7,1009.8,53.2,,0.98,0
Lagos,27/04/2009,31.1,22.1,26.6,83.5,26.9,100,4.17,rain,20.6,222,1011.3,51.8,,0.08,0
Lagos,03/05/2009,31.7,23.5,27.2,81.6,2,100,4.17,rain,18.4,113,1010.3,64.6,,0.3,0
Lagos,05/05/2009,29.1,22.4,25.8,88.5,11.9,100,8.33,rain,24.1,141.6,1011.2,77.3,,0.37,0
Lagos,06/05/2009,28.1,23.1,25.2,93.6,13,100,8.33,rain,51.8,19.6,1012.1,66.4,,0.4,0
Lagos,07/05/2009,32.1,23,26.5,85.1,13,100,4.17,rain,16.6,302,1011.6,65,,0.44,0
Lagos,08/05/2009,30.1,24,27,83.1,3,100,4.17,rain,70.2,227.7,1011.9,74.8,,0.47,0
Lagos,09/05/2009,29.1,23.4,26.4,87.9,3,100,8.33,rain,31.3,234.1,1012.2,80.4,,0.5,0
Lagos,10/05/2009,30.1,23.1,25.2,89.6,1,100,4.17,rain,18.4,76.9,1011.7,67.8,,0.54,0
Lagos,24/05/2009,32,25.1,27.7,84.6,7.1,100,4.17,rain,20.5,226.9,1011.8,47,,0,0
Lagos,25/05/2009,28.1,22.1,25.9,89.4,42.2,100,8.33,rain,92.5,79.2,1012.1,71.7,,0.03,0
Lagos,26/05/2009,32.1,24.1,27.8,79.6,4.1,100,4.17,rain,18.4,130.5,1011.4,50.7,,0.07,0
Lagos,30/05/2009,29.5,22.8,25.5,86.6,49,100,8.33,rain,14.8,219.1,1012.3,80.8,,0.21,0
Lagos,04/06/2009,31.1,25,27.9,81.1,7.9,100,4.17,rain,24.1,181.6,1013.6,78.7,,0.38,0
Lagos,05/06/2009,31.1,23.1,26.5,86.6,15,100,4.17,rain,92.5,90.5,1014.2,61.3,,0.42,0
Lagos,06/06/2009,32.1,22.7,26.7,83.6,38.1,100,8.33,rain,14.8,212.9,1013.7,61.8,,0.45,0
Lagos,11/06/2009,27.1,24.1,25.2,91.7,9.9,100,8.33,rain,13,303.9,1012.9,68.2,,0.62,0
Lagos,13/06/2009,30.2,23.1,26.1,87,19.1,100,8.33,rain,14.8,219.5,1013.8,59.1,,0.69,0
Lagos,15/06/2009,30.2,22.1,26.2,87.8,55.9,100,4.17,rain,27.7,188.9,1013.2,66.7,,0.75,0
Lagos,16/06/2009,27.1,22.7,25,89.3,5.1,100,4.17,rain,14.8,311.7,1013.5,57.9,,0.79,0
Lagos,17/06/2009,28.6,24.1,25.6,90,3,100,4.17,rain,11.4,232.5,1013.7,56.7,,0.82,0
Lagos,20/06/2009,29.1,23.7,26.1,85.6,2,100,4.17,rain,14.8,150.3,1013.3,57.5,,0.92,0
Lagos,21/06/2009,29.1,23.9,25.5,91.9,36.1,100,12.5,rain,13,282,1014,73.5,,0.95,0
Lagos,22/06/2009,31.4,22.7,26.5,83.4,29,100,4.17,rain,16.6,285.5,1014.5,54.6,,0,0
Lagos,24/06/2009,29.2,23.1,26.5,83.7,3,100,4.17,rain,44.3,166,1013.1,68.2,,0.06,0
Lagos,25/06/2009,27.1,24.1,25.8,91.9,7.1,100,12.5,rain,25.9,226.3,1013.6,79.5,,0.09,0
Lagos,26/06/2009,26.1,22.7,24.1,92.7,149.1,100,8.33,rain,46.4,288.2,1013.8,71.8,,0.12,0
Lagos,27/06/2009,28.1,22.1,24.2,89.9,9.9,100,4.17,rain,13,250.9,1014.7,51.3,,0.16,0
Lagos,28/06/2009,29.1,21.1,25.5,84.7,38.1,100,4.17,rain,20.5,321.5,1014.7,61.4,,0.19,0
Lagos,30/06/2009,26.1,22.8,24,92.7,39.9,100,8.33,rain,55.4,118.7,1014.7,72.1,,0.26,0
Lagos,06/07/2009,29.1,24.1,25.9,90.1,10.9,100,4.17,rain,16.6,242.6,1012.1,74.2,,0.47,0
Lagos,08/07/2009,27.1,22.1,24.6,90,26.9,100,8.33,rain,13,296.6,1012.8,80.9,,0.54,0
Lagos,10/07/2009,27.1,23.1,24.8,92.4,5.1,100,4.17,rain,18.4,247.6,1013.9,76.1,,0.6,0
Lagos,11/07/2009,26.1,23.1,24.5,92.6,36.8,100,12.5,rain,9.4,274.7,1015.1,80.5,,0.64,0
Lagos,12/07/2009,26.7,23.1,24.6,91.9,2,100,4.17,rain,14.8,259.4,1015.6,78.3,,0.67,0
Lagos,13/07/2009,27.7,23.1,24.6,90.3,99.1,100,4.17,rain,14.1,262.1,1014.9,52.5,,0.71,0
Lagos,14/07/2009,27.9,23.1,25,90.7,3,100,4.17,rain,27.7,235.2,1014.9,81.7,,0.74,0
Lagos,16/07/2009,29.5,24.1,25.8,88,17,100,4.17,rain,18.4,239.6,1015.4,59.6,,0.81,0
Lagos,19/08/2009,28.9,23.1,25.2,85.8,99.1,100,4.17,rain,20.5,233,1013.1,73,,0.97,0
Lagos,20/08/2009,28.1,23.1,24.8,88,10.9,100,4.17,rain,14.8,228.1,1013.2,71.4,,0,0
Lagos,28/08/2009,28.1,23.6,25.2,87.3,0.3,100,4.17,rain,25.9,233.5,1012.8,69.6,,0.26,0
Lagos,02/09/2009,30.1,22.1,25.2,86,3,100,4.17,rain,13,229.4,1014.9,72.2,,0.43,0
Lagos,03/09/2009,28.1,23.7,25.2,88.7,4.1,100,4.17,rain,11.2,241.8,1014.7,65.8,,0.46,0
Lagos,04/09/2009,28.9,23.1,25.7,87,4.1,100,4.17,rain,17.6,238.8,1014.7,69.3,,0.5,0
Lagos,05/09/2009,26.3,24.1,24.8,92.2,23.9,100,4.17,rain,18.4,229,1014.7,82.3,,0.53,0
Lagos,06/09/2009,28.1,24.1,25.2,90.2,18,100,8.33,rain,14.8,225.7,1015.7,80.5,,0.56,0
Lagos,08/09/2009,29.4,23.1,25.5,86.3,14,100,4.17,rain,17.1,223.7,1013.5,73.9,,0.63,0
Lagos,12/09/2009,28.6,24.1,25.3,89.5,6.1,100,4.17,rain,14.8,240.4,1013.5,70,,0.75,0
Lagos,13/09/2009,29.1,23.1,25.3,89,6.1,100,8.33,rain,11.2,267.4,1014.5,67.4,,0.81,0
Lagos,25/09/2009,32.1,22.1,25.4,84.6,6.1,100,4.17,rain,50,211.3,1012.8,54.2,,0.22,0
Lagos,03/10/2009,30.7,24.6,26.3,87,4.1,100,4.17,rain,16.6,215.6,1013.4,75.5,,0.47,0
Lagos,04/10/2009,29.2,22.6,26,84.7,16,100,8.33,rain,11.2,233.7,1012.9,62.6,,0.5,0
Lagos,05/10/2009,27.1,24.1,25.2,92.1,2,100,4.17,rain,13,223.2,1012.9,75,,0.54,0
Lagos,08/10/2009,27.7,22.1,24.9,91.8,21.9,100,8.33,rain,16.6,178.6,1013.9,77,,0.65,0
Lagos,12/10/2009,29.1,22.1,25.8,88.7,18,100,8.33,rain,25.9,239.2,1011.6,76.3,,0.79,0
Lagos,13/10/2009,29.1,24.1,26.2,88.3,3,100,4.17,rain,16.6,244.1,1011.5,75.8,,0.83,1
Lagos,14/10/2009,27.2,23.1,25,91.3,106.9,100,4.17,rain,13,240.7,1011.8,79.6,,0.86,1
Lagos,22/10/2009,30.4,23.1,26.2,86.2,81,100,4.17,rain,13,234.1,1012.2,68.3,,0.14,0
Lagos,24/10/2009,28.7,22.1,25.1,87.7,9.9,100,8.33,rain,68.4,352.6,1012.5,75,,0.2,0
Lagos,25/10/2009,29.5,23.1,25.9,85,1,100,4.17,rain,20.5,126,1011.2,53.8,,0.23,0
Lagos,26/10/2009,30.1,23.1,25.1,92.2,65,100,8.33,rain,20.5,259.9,1010.7,60,,0.25,0
Lagos,27/10/2009,31.1,22.1,25.5,89.6,4.1,100,4.17,rain,59.4,182.4,1012,66.7,,0.3,0
Lagos,29/10/2009,27,23.1,24.4,93,8.9,100,4.17,rain,9.4,103.4,1011.3,73.9,,0.36,0
Lagos,03/11/2009,32.4,25.1,27.8,85.3,107.2,100,4.17,rain,14.8,236.7,1010.3,63.5,,0.52,0
Lagos,05/11/2009,31.5,24.1,26.2,90.7,9.9,100,4.17,rain,20.5,267.1,1012.9,63.4,,0.59,0
Lagos,09/11/2009,30.6,22.7,26.4,88.3,7.1,100,4.17,rain,11.2,236.5,1012.7,65,,0.75,0
Lagos,10/11/2009,31.1,22.5,25.6,84.8,5.9,100,4.17,rain,13,336.1,1011.9,64.4,,0.77,0
Lagos,15/11/2009,31.1,23.1,26.2,88.2,10.9,100,4.17,rain,13,252.6,1011.1,60.4,,0.95,0
Lagos,04/01/2010,33,24,27.4,85,22.1,100,4.17,rain,14.8,242.6,1011.5,53.6,,0.63,0
Lagos,12/01/2010,34.1,26,28.5,83.1,0.1,100,4.17,rain,33.5,254.5,1011.1,56.4,,0.9,0
Lagos,13/01/2010,34,25,28.7,81.8,0.5,100,16.67,rain,24.1,234.5,1011.3,56,,0.94,0
Lagos,14/01/2010,32.2,26,28.4,83.6,3,100,4.17,rain,29.5,252.2,1012.3,55.3,,0.97,0
Lagos,15/01/2010,28.3,23.1,25.4,91.7,11.9,100,4.17,rain,42.5,205,1013.7,67.5,,0,0
Lagos,11/02/2010,32.1,24,27.3,83.9,7.1,100,4.17,rain,39.8,217,1009.6,58.3,,0.91,0
Lagos,12/02/2010,33,24,27.9,83.4,0.3,100,4.17,rain,25.9,208.3,1009.5,56.8,,0.94,0
Lagos,13/02/2010,35,25.1,28.6,80.3,13,100,4.17,rain,44.3,164,1010.6,56.3,,0.98,0
Lagos,14/02/2010,34.1,24,27.7,74.6,10.9,100,4.17,rain,22.3,221.8,1010,45.9,,0,0
Lagos,25/02/2010,34.3,28,30.3,77.4,0.1,100,4.17,rain,24.5,211.5,1009.5,76.2,,0.39,0
Lagos,26/02/2010,35.1,28,30.5,76.3,0.1,100,4.17,rain,29.5,216.7,1009.7,52.7,,0.42,0
Lagos,27/02/2010,35.1,28,30.4,76.7,0.1,100,4.17,rain,30.9,217.2,1010.4,57.8,,0.46,0
Lagos,01/03/2010,34,25,28.6,82.1,9.9,100,4.17,rain,14.8,209.1,1011.9,56.4,,0.53,0
Lagos,05/03/2010,34.6,27,30.1,80,0.5,100,4.17,rain,22.3,213.4,1010.4,62.3,,0.66,0
Lagos,06/03/2010,33.6,24,28.9,78.3,2,100,4.17,rain,31.3,199.9,1010.6,45.2,,0.69,0
Lagos,09/03/2010,33,23.6,29.1,80.6,3,100,4.17,rain,38.9,203.7,1010.5,70.7,,0.79,0
Lagos,10/03/2010,33,23,27.6,78.8,3,100,4.17,rain,14.8,209.5,1010.5,48.1,,0.82,0
Lagos,11/03/2010,34,26,28.8,83,19.1,100,4.17,rain,16.6,221.1,1011.3,60,,0.85,0
Lagos,12/03/2010,32,26.8,29.2,77.5,0.1,100,4.17,rain,16.6,200.3,1011.2,51.9,,0.89,0
Lagos,13/03/2010,33.1,27.1,30.1,77.2,1.4,100,37.5,rain,35.3,211.3,1010.8,67.5,,0.92,0
Lagos,19/03/2010,34,24.3,28.6,79.1,4.1,100,4.17,rain,51.8,196.7,1012.1,64.5,,0.13,0
Lagos,20/03/2010,32,24,27.9,79.2,0.1,100,4.17,rain,13,270.8,1012,55.1,,0.16,0
Lagos,27/03/2010,34.3,27.7,30.3,76.8,0.3,100,4.17,rain,14.8,201.3,1011.2,50.1,,0.41,0
Lagos,28/03/2010,32.1,23.9,29.1,80.7,32,100,4.17,rain,20.5,226.6,1011.3,39.5,,0.44,0
Lagos,29/03/2010,32.2,26.1,29,82.3,2,100,4.17,rain,19.1,213.6,1010.9,55.6,,0.48,0
Lagos,30/03/2010,33.3,27,29.1,81.7,3,100,4.17,rain,22.3,223,1011,65.1,,0.5,0
Lagos,31/03/2010,34,26,29.4,80.9,0.2,100,8.33,rain,14.8,211.6,1010.2,49.2,,0.54,0
Lagos,01/04/2010,34,23.1,29.8,79.1,0.2,100,4.17,rain,55.4,197.1,1009.6,54.2,,0.58,0
Lagos,02/04/2010,34,23,28.3,77.7,17,100,4.17,rain,18.7,219.3,1008.9,48.8,,0.61,0
Lagos,05/04/2010,34.1,27.2,30,79.6,0.2,100,4.17,rain,20.5,203.9,1009.6,57.7,,0.71,0
Lagos,06/04/2010,35,25.2,29.7,71,1,100,4.17,rain,18.4,231.9,1009.5,48.7,,0.75,0
Lagos,08/04/2010,33.4,23.1,28.2,80.1,2,100,4.17,rain,18.4,192.2,1009.4,46.4,,0.8,0
Lagos,13/04/2010,34,28,30.2,78.1,0.1,100,4.17,rain,22.2,203.2,1009.7,58.1,,0.97,0
Lagos,15/04/2010,33,27,28.8,82.7,230.1,100,4.17,rain,18.4,227.6,1010.2,56.7,,0.03,0
Lagos,17/04/2010,32.3,23,27.7,84.7,38.1,100,4.17,rain,58.5,196.1,1011.5,55.2,,0.1,0
Lagos,21/04/2010,32.5,28,29.7,79.6,0.2,100,4.17,rain,33.5,246.6,1011,62.5,,0.25,0
Lagos,22/04/2010,33.1,26,28.6,82.1,0.3,100,4.17,rain,37.1,238.1,1011.7,58.2,,0.28,0
Lagos,23/04/2010,32.7,25.8,29.3,79.4,0.4,100,4.17,rain,27.7,227.1,1011.9,63.2,,0.32,0
Lagos,24/04/2010,28.1,22.2,25.5,89.5,32,100,4.17,rain,43.7,6.8,1012.6,55.5,,0.36,0
Lagos,26/04/2010,32.7,23,27.8,83.8,0.1,100,4.17,rain,55.4,159.8,1010.6,63.2,,0.43,0
Lagos,27/04/2010,32.9,23.7,27.3,84.1,3,100,4.17,rain,16.6,301.3,1010.9,74.2,,0.46,0
Lagos,30/04/2010,33,26.8,29.2,79.1,0.1,100,4.17,rain,20.5,194.8,1011.1,63.7,,0.56,0
Lagos,01/05/2010,32.1,26,28.9,81.2,3,100,4.17,rain,27.5,243.5,1011.4,56.6,,0.59,0
Lagos,02/05/2010,28.1,23,25.2,93.3,57.1,100,8.33,rain,51.8,80.5,1012.3,44.4,,0.63,0
Lagos,04/05/2010,33,25.8,28.8,80.6,0.4,100,4.17,rain,27.7,237.4,1010.9,58.6,,0.69,0
Lagos,07/05/2010,32,25.9,28,80.6,1.2,100,4.17,rain,16.6,323.7,1011.6,62.8,,0.79,0
Lagos,10/05/2010,33.1,26,28.9,80.8,2,100,4.17,rain,22.3,171.2,1011.5,62.8,,0.88,0
Lagos,14/05/2010,32.3,26,28.6,82.1,0.5,100,4.17,rain,25.9,203.2,1012.5,72.1,,0,0
Lagos,16/05/2010,33,27,29.3,79.6,7.1,100,4.17,rain,18.3,200.1,1012.1,56.1,,0.09,0
Lagos,17/05/2010,30,23,26.9,87.2,2,100,4.17,rain,22.3,173.3,1011.5,66.4,,0.12,0
Lagos,20/05/2010,32,24,27.1,85.8,4.1,100,4.17,rain,64.8,93.8,1010.8,76,,0.23,0
Lagos,21/05/2010,30,23.7,26.6,84.2,0.1,100,4.17,rain,9.4,294.6,1012.2,59.8,,0.25,0
Lagos,23/05/2010,32.2,26.1,28.5,83.3,0.1,100,4.17,rain,16.6,217.6,1011.7,61.6,,0.34,0
Lagos,24/05/2010,33.1,26.1,29.2,79.6,0.1,100,4.17,rain,16.6,218.4,1011.1,55.9,,0.37,0
Lagos,25/05/2010,32.9,26.8,29.1,81.5,0.1,100,4.17,rain,14.8,199.7,1010.8,56.1,,0.41,0
Lagos,29/05/2010,31,24,27.1,82.5,2,100,4.17,rain,51.8,115.2,1012.2,63.9,,0.55,0
Lagos,31/05/2010,30,23.5,26.6,87.6,5.1,100,4.17,rain,27.7,207.3,1013.6,67.5,,0.61,0
Lagos,01/06/2010,32,23,26.7,85.6,60.9,100,8.33,rain,11.2,230.1,1014.1,60.6,,0.64,0
Lagos,02/06/2010,29.1,24,26.5,89.7,0.7,100,4.17,rain,16.6,169.1,1014.7,45.8,,0.68,0
Lagos,03/06/2010,29.3,23.9,26.2,89.3,59.9,100,12.5,rain,15.5,202,1014.6,70.8,,0.71,0
Lagos,04/06/2010,27.5,23.8,24.8,95,59,100,8.33,rain,25.9,215.3,1015.3,62.2,,0.75,0
Lagos,06/06/2010,31.7,25,27.2,86.9,0.3,100,12.5,rain,13.3,212.2,1015.3,64.8,,0.81,0
Lagos,07/06/2010,31.1,27.2,28,81.4,2.4,100,83.33,rain,22.3,193.3,1013.9,81.4,,0.84,0
Lagos,08/06/2010,28.6,25.1,27.9,83.4,2.4,100,75,rain,18.7,203.3,1013.1,62.7,,0.87,0
Lagos,09/06/2010,28.3,24.7,27.3,85.3,3.4,100,66.67,rain,20.9,220.2,1014.9,76.9,,0.9,0
Lagos,10/06/2010,30.7,23.8,26.5,86.5,2,100,4.17,rain,15.1,265.8,1014.5,65.5,,0.94,0
Lagos,11/06/2010,31.1,24.1,27.3,86.3,2.8,100,41.67,rain,13,255.2,1015.1,62.4,,0.97,0
Lagos,12/06/2010,31.9,25,28,84.3,1.8,100,37.5,rain,22.3,213.6,1013.6,64,,0,0
Lagos,13/06/2010,30.9,26.1,27.9,86.6,3.1,100,54.17,rain,23.4,204.8,1013,86.7,,0.04,0
Lagos,14/06/2010,28.2,25.1,27.1,89.3,16,100,4.17,rain,23.4,219.6,1013.5,72.3,,0.07,0
Lagos,15/06/2010,27.8,25.1,26.7,89.3,4.7,100,50,rain,21.2,240.2,1014.3,65.8,,0.11,0
Lagos,16/06/2010,28.1,24,26.6,87.1,5.1,100,62.5,rain,24.8,228.4,1014.9,76.5,,0.14,0
Lagos,17/06/2010,30.1,24.1,27.5,84.9,2.8,100,45.83,rain,22.7,236.8,1014.3,72.8,,0.18,0
Lagos,18/06/2010,30.6,25,27.8,83.2,4.1,100,54.17,rain,25.9,224.1,1013,72.5,,0.21,0
Lagos,19/06/2010,30.1,25.1,27.2,87.3,1.6,100,41.67,rain,27.7,218.6,1011.8,72.8,,0.25,0
Lagos,20/06/2010,27.7,26,27.3,84,6.2,100,79.17,rain,19.8,202.4,1012,79.1,,0.29,1
Lagos,21/06/2010,27.6,27.1,27.3,85.9,17.1,100,100,rain,18.7,224.1,,87.9,,0.32,0
Lagos,22/06/2010,28.2,27.5,27.9,83.3,13.6,100,100,rain,18.4,243,,82.7,,0.36,0
Lagos,23/06/2010,30.1,23.7,27.4,87.5,2,100,4.17,rain,33.5,226.1,1011.5,81.1,,0.39,0
Lagos,24/06/2010,30.9,22.1,26.9,85.3,28.4,100,70.83,rain,25.6,225.2,1012.3,67.4,,0.43,0
Lagos,25/06/2010,28.1,24.1,26.5,86.4,12.6,100,75,rain,24.5,245.6,1013.4,80.5,,0.46,0
Lagos,26/06/2010,27.2,23.7,26.5,85,6.1,100,62.5,rain,28.1,256,1013.4,83.5,,0.5,0
Lagos,27/06/2010,28.1,25,26.9,83.9,1,100,25,rain,17.3,240.5,1015.7,71.3,,0.53,0
Lagos,28/06/2010,28,26,27.1,81.6,0.6,100,25,rain,18.4,235.8,1015,67.1,,0.56,0
Lagos,29/06/2010,31,26,28,80.7,1.1,100,29.17,rain,33.5,245.3,1013.3,65,,0.6,0
Lagos,01/07/2010,28.1,22,25.4,89.5,18,100,4.17,rain,27.7,255.4,1013.3,55,,0.66,0
Lagos,02/07/2010,30.1,22.9,25.7,83.4,2,100,4.17,rain,29.1,252.7,1013.8,66.7,,0.69,0
Lagos,03/07/2010,31,24,26.7,83,0.3,100,8.33,rain,25.9,247.5,1013.4,58.3,,0.73,0
Lagos,04/07/2010,29.1,22,25.7,86.4,18,100,4.17,rain,44.3,290.7,1014.1,63.2,,0.75,0
Lagos,05/07/2010,30,24,26.4,85.4,6.1,100,4.17,rain,27.4,254.4,1013.9,55.3,,0.79,0
Lagos,06/07/2010,30,24,26.4,87.2,5.1,100,4.17,rain,34.8,250.3,1013,66.9,,0.83,0
Lagos,07/07/2010,26.2,24,24.6,94.2,18.3,100,12.5,rain,22.3,274.7,1013.6,68.3,,0.86,0
Lagos,08/07/2010,30.1,23,26.1,89.6,7.9,100,4.17,rain,26.9,244.5,1014.4,60.1,,0.89,0
Lagos,10/07/2010,28,23,25.4,90.5,51.8,100,8.33,rain,35.3,255.1,1014,65.1,,0.96,0
Lagos,11/07/2010,30,24,26.2,86.9,0.5,100,4.17,rain,18.4,253.4,1014.5,66,,0,0
Lagos,12/07/2010,30,24,26.3,85.8,0.3,100,12.5,rain,27.7,246.8,1014,53.3,,0.02,0
Lagos,13/07/2010,28.3,24,25.8,86.6,0.7,100,16.67,rain,25.9,249.4,1013.1,67.6,,0.06,0
Lagos,14/07/2010,29,23.1,25.9,86.8,1.1,100,8.33,rain,33.5,251.3,1013.2,63.8,,0.09,0
Lagos,15/07/2010,47,22.2,25.5,88.1,7.9,100,4.17,rain,27.7,246.2,1013.1,56.1,,0.13,0
Lagos,16/07/2010,28,22.2,25,90.1,5.1,100,8.33,rain,33.5,248.1,1013,76.4,,0.16,0
Lagos,27/07/2010,28,24,25.6,86.1,0.1,100,4.17,rain,34.8,247.3,1015,66.9,,0.55,0
Lagos,28/07/2010,30,24,26.3,84.2,0.1,100,4.17,rain,33.5,249,1016.1,70.4,,0.58,0
Lagos,29/07/2010,28.9,23,25.6,83.2,0.1,100,4.17,rain,33.5,255.2,1014.7,64.4,,0.61,0
Lagos,07/08/2010,26.6,24,25.3,89.9,24.1,100,8.33,rain,25.9,253.3,1014.6,79.9,,0.91,0
Lagos,08/08/2010,26.2,24,25,93.4,29,100,8.33,rain,31.3,254.6,1014.9,75.4,,0.94,0
Lagos,09/08/2010,27.1,23.7,25.4,89,0.5,100,4.17,rain,18.4,275.1,1015.3,71.8,,0.98,0
Lagos,10/08/2010,28,24,25.7,87.3,0.1,100,4.17,rain,27.7,256.6,1014,62.1,,0,0
Lagos,11/08/2010,27.5,24.8,25.6,89.2,2,100,4.17,rain,37.1,249.4,1013.9,73,,0.05,0
Lagos,12/08/2010,27.3,23.9,25.2,91.1,7.9,100,8.33,rain,27.7,246.2,1015.1,85.6,,0.08,0
Lagos,13/08/2010,27.8,23.5,25.2,87.4,4.6,100,8.33,rain,31.3,265.8,1014.6,71.8,,0.11,0
Lagos,14/08/2010,27,24,25.1,88.9,27.9,100,8.33,rain,27.7,246.3,1014.3,67.9,,0.15,0
Lagos,17/08/2010,27.4,22,24.6,87.3,24.1,100,8.33,rain,27.7,245.8,1014,65.2,,0.25,0
Lagos,20/08/2010,27,24,24.8,91.2,59.9,100,8.33,rain,33.5,256,1013.8,72,,0.35,0
Lagos,22/08/2010,28,24,25.3,88.9,2,100,4.17,rain,33.1,256.3,1015.2,68.9,,0.42,0
Lagos,24/08/2010,27.8,24,25.6,86.9,0.4,100,4.17,rain,33.1,265,1014.3,66.9,,0.5,0
Lagos,25/08/2010,26.3,24,25,91.9,1,100,4.17,rain,26.6,253.7,1015,72.2,,0.53,0
Lagos,31/08/2010,29,24,26.2,86.6,0.1,100,4.17,rain,33.3,247.3,1013.3,82.5,,0.73,0
Lagos,04/09/2010,27,23.9,25.1,90.9,18,100,12.5,rain,24.1,248.6,1012.8,72.8,,0.86,0
Lagos,05/09/2010,28,24.7,26,87,0.8,100,4.17,rain,38.9,258.8,1013.3,75.6,,0.9,0
Lagos,07/09/2010,29,23.1,25.4,89,2,100,4.17,rain,27.7,265.4,1014.3,69.2,,0.97,0
Lagos,08/09/2010,28,22,24.8,89.8,105.2,100,8.33,rain,27.7,258.4,1014.2,74.1,,0,0
Lagos,09/09/2010,28,24,26,86.1,1,100,4.17,rain,27.7,255.5,1014.7,70.1,,0.03,0
Lagos,10/09/2010,29,24,25.5,89,41.9,100,8.33,rain,32.8,266.1,1014.1,62.7,,0.07,0
Lagos,11/09/2010,29.6,23,25.4,89.4,1,100,4.17,rain,37.1,255,1013.2,71,,0.1,0
Lagos,14/09/2010,29.5,24,25.9,87.5,7.1,100,8.33,rain,35.3,247.1,1012.8,69.7,,0.2,0
Lagos,16/09/2010,29.1,23,25.2,88.8,2,100,4.17,rain,20.5,243.5,1012.9,59,,0.27,0
Lagos,17/09/2010,30,23.5,26.1,85.9,5.1,100,8.33,rain,33,251,1012.7,66.6,,0.3,0
Lagos,18/09/2010,28.2,23.1,25.6,88,1,100,4.17,rain,27.5,254.3,1013.7,73.5,,0.34,0
Lagos,19/09/2010,30.4,22.7,25.6,86.7,5.1,100,4.17,rain,33.5,260.5,1013.4,65.5,,0.37,0
Lagos,20/09/2010,29,23,25.8,85.6,2.8,100,4.17,rain,35.3,253.4,1012,65.4,,0.4,0
Lagos,21/09/2010,31.1,23,26.4,83.8,0.2,100,4.17,rain,29.5,250.3,1011.5,57,,0.44,0
Lagos,22/09/2010,29,24,26.4,87.3,4,100,8.33,rain,33.5,249.3,1011.7,68.1,,0.47,0
Lagos,23/09/2010,29,21,25.8,89.8,33.8,100,12.5,rain,37.1,259,1012.3,79.3,,0.5,0
Lagos,24/09/2010,29,22.1,25.5,86.6,46,100,4.17,rain,27.7,241,1013,71.4,,0.54,0
Lagos,25/09/2010,29.5,23,26,86.8,29,100,4.17,rain,20.5,227.6,1013.8,68.8,,0.57,0
Lagos,26/09/2010,29.8,24,26.6,84,0.8,100,12.5,rain,33.5,248,1012.5,74.1,,0.61,0
Lagos,27/09/2010,30.4,22,25.3,87.2,23.1,100,4.17,rain,27.7,246.7,1011.7,73.7,,0.64,0
Lagos,28/09/2010,30.5,24,26.4,85.1,4.1,100,4.17,rain,25.9,211.4,1011.7,68.1,,0.68,0
Lagos,29/09/2010,31,23,26.6,84.4,1,100,41.67,rain,27.4,237.3,1011.6,58.7,,0.71,0
Lagos,30/09/2010,26.9,26.6,26.8,88,7.3,100,100,rain,15.1,237.5,,76.3,,0.75,0
Lagos,01/10/2010,30.2,25.8,27.5,82.4,4.2,100,41.67,rain,24.1,247.9,1010.1,69.3,,0.75,0
Lagos,03/10/2010,31.8,24,26.5,88.7,1,100,4.17,rain,22.3,248.8,1011.2,61.8,,0.85,0
Lagos,04/10/2010,29.3,23,26,87,3.1,100,4.17,rain,46.4,210.2,1012,67.2,,0.88,0
Lagos,05/10/2010,28,24.1,25.8,90.1,0.4,100,4.17,rain,25.9,235.9,1013,56,,0.92,0
Lagos,07/10/2010,30.1,23.4,26.6,85.4,0.8,100,4.17,rain,33.5,267.5,1014.4,64.5,,0,0
Lagos,08/10/2010,31,23,27.1,83,1,100,8.33,rain,29.5,251,1014.3,51,,0.02,0
Lagos,09/10/2010,30,25,27,86.8,7.1,100,4.17,rain,31.3,243.7,1013.9,52.9,,0.05,0
Lagos,10/10/2010,29,22,24.9,92.4,13,100,4.17,rain,37.1,188.5,1012.8,59.9,,0.09,0
Lagos,12/10/2010,31.1,22,25.6,87,0.8,100,4.17,rain,27.7,179.2,1012.9,63,,0.15,0
Lagos,14/10/2010,29.2,22.5,26.4,88.3,3,100,4.17,rain,24.1,242.4,1013.5,61.2,,0.25,0
Lagos,17/10/2010,30.8,24,27.2,84.9,0.1,100,4.17,rain,31.3,239.7,1011.4,67.3,,0.32,0
Lagos,21/10/2010,30.4,22,25.4,84.2,28.1,100,12.5,rain,27.4,267.8,1012.2,69,,0.45,0
Lagos,24/10/2010,30.1,22,24.6,90.9,50,100,8.33,rain,46.4,302.1,1011,62.2,,0.55,0
Lagos,26/10/2010,30.7,22,26.3,85.4,0.3,100,8.33,rain,27.7,241.5,1011.3,49.3,,0.62,0
Lagos,27/10/2010,29,23.1,25.3,89.8,3,100,4.17,rain,51,232,1011.7,65.7,,0.66,0
Lagos,31/10/2010,31.1,24,26.7,87,11.9,100,4.17,rain,27.7,240.9,1012.4,67,,0.8,0
Lagos,01/11/2010,30.4,23,25.9,86.4,0.3,100,4.17,rain,44.3,49,1012,64.9,,0.83,0
Lagos,02/11/2010,31.7,22,25.9,85.6,10.9,100,4.17,rain,22.3,250.8,1010.9,46.4,,0.87,0
Lagos,03/11/2010,31.3,22,26.5,81.2,0.2,100,4.17,rain,27.7,256.2,1010.1,51.3,,0.9,0
Lagos,05/11/2010,31.6,24,26.5,87.3,8.9,100,4.17,rain,29.5,179.2,1011.6,68.4,,0.97,0
Lagos,06/11/2010,30.1,23,25.8,86.9,17,100,8.33,rain,0.3,358.1,1011.9,56.2,,0,0
Lagos,07/11/2010,30.5,24,26.8,84.4,0.1,100,4.17,rain,33.5,255.8,1011.8,59.2,,0.04,0
Lagos,10/11/2010,31.9,24,27.7,83.5,0.2,100,8.33,rain,30.6,240.3,1011.4,61.3,,0.14,0
Lagos,11/11/2010,32.1,24,27.2,86,7.9,100,4.17,rain,22.3,251.8,1013,68,,0.17,0
Lagos,13/11/2010,32.9,21,27.3,84.5,7.9,100,4.17,rain,42.5,236.8,1009,74.9,,0.25,0
Lagos,14/11/2010,31.1,23.8,27.6,82.8,1.5,100,25,rain,27.4,231.8,1010.9,66.5,,0.27,0
Lagos,15/11/2010,31.4,23,26.9,83.3,0.3,100,4.17,rain,22.3,242.5,1011.9,66.9,,0.3,0
Lagos,16/11/2010,32,23,26.5,86.2,34,100,4.17,rain,20.5,240.6,1012.3,69.8,,0.33,0
Lagos,17/11/2010,33,23.4,27.3,83.2,0.2,100,4.17,rain,31.3,234.8,1011.1,61.5,,0.36,0
Lagos,18/11/2010,31.9,24.6,27.7,83.9,7.9,100,4.17,rain,29.5,237.4,1010.5,69.3,,0.39,0
Lagos,21/11/2010,32,22,25.4,85.7,10.2,100,8.33,rain,27.7,269.8,1009.6,59.7,,0.5,0
Lagos,22/11/2010,31,22,25.9,85.5,2,100,4.17,rain,20.5,170.6,1009.2,42.7,,0.53,0
Lagos,03/12/2010,32,23,26.4,86.9,7.1,100,4.17,rain,22.3,248,1010.3,53.9,,0.92,0
Lagos,04/12/2010,33.2,24,27.5,85.1,0.3,100,4.17,rain,22.3,246.9,1010.3,45.2,,0.95,0
Lagos,06/12/2010,32.6,24.6,27.2,85.7,7.9,100,4.17,rain,25.9,237.4,1010.8,56.5,,0.02,0
Lagos,07/12/2010,30.5,23,25.2,91.4,18,100,4.17,rain,40.7,203.6,1010.8,70.9,,0.06,0
Lagos,22/12/2010,32.1,25,26.9,88.4,24.9,100,4.17,rain,40.7,178.7,1010.5,53.8,,0.54,0
Lagos,23/12/2010,32,24,26.5,85.8,19.1,100,4.17,rain,18.2,248.4,1010.3,50.4,,0.58,0
Lagos,26/12/2010,32,20,27.1,84.1,0.3,100,8.33,rain,22.3,250.7,1010.5,51.1,,0.68,0
Lagos,02/02/2011,32,26,28.5,84.1,0.1,100,4.17,rain,25.9,222.1,1011.2,59.4,,0.98,0
Lagos,03/02/2011,33,24,27.7,81.4,0.3,100,12.5,rain,15.5,206.2,1010.6,51.7,,0,0
Lagos,09/02/2011,34,25,27.9,83.1,4.1,100,4.17,rain,20.2,215.2,1009.3,56.9,,0.21,0
Lagos,10/02/2011,33.1,22,26.6,84.8,0.7,100,4.17,rain,59.4,221,1010.4,62.3,,0.24,0
Lagos,11/02/2011,33.1,22.3,26.8,78.8,16,100,8.33,rain,13,269.8,1010.9,44.8,,0.25,0
Lagos,12/02/2011,33.4,24,27.7,82.5,0.1,100,4.17,rain,16.6,186.6,1011,58.2,,0.31,0
Lagos,13/02/2011,32.7,24.6,28.3,81.3,0.3,100,8.33,rain,18.4,208.2,1011.4,53.4,,0.34,0
Lagos,14/02/2011,34,25.6,29,76.5,1.2,100,16.67,rain,20.9,241.6,1011.1,54.4,,0.37,0
Lagos,15/02/2011,35.1,24.8,28.4,76.9,0.2,100,4.17,rain,22.3,239.5,1009.9,55.8,,0.4,0
Lagos,16/02/2011,33.4,25,28.4,81.6,0.1,100,4.17,rain,16.7,198.5,1009.2,59.7,,0.44,0
Lagos,18/02/2011,33.2,23,27.2,80.5,3,100,4.17,rain,31.3,199.2,1009.8,55.2,,0.5,0
Lagos,19/02/2011,33.1,22,27.3,69.5,19.1,100,8.33,rain,26.6,249.4,1010,53.9,,0.54,0
Lagos,20/02/2011,33.6,23.8,28,81.5,0.1,100,4.17,rain,27.7,190.6,1010.4,57.8,,0.57,0
Lagos,22/02/2011,32,24.8,28.1,81.4,0.2,100,8.33,rain,20.9,223.1,1010.3,59.1,,0.64,0
Lagos,25/02/2011,31,22.1,26.3,86.8,42.9,100,4.17,rain,14.8,196.3,1009.4,48.7,,0.75,0
Lagos,26/02/2011,33.2,23,27,83.2,1.2,100,12.5,rain,20.4,207.8,1008.4,55.6,,0.78,0
Lagos,17/03/2011,34.1,24,28.5,82.7,0.2,100,8.33,rain,46.4,226.6,1009.4,67.2,,0.42,0
Lagos,18/03/2011,33.1,26.5,29.1,80.3,10.9,100,4.17,rain,22.3,214.7,1010.2,53.6,,0.46,0
Lagos,19/03/2011,33,26.1,28.9,79.7,0.2,100,8.33,rain,33.5,225.9,1009.6,52.3,,0.5,0
Lagos,23/03/2011,31.4,25,27.9,77.1,0.1,100,4.17,rain,13,215,1010.8,48.9,,0.62,0
Lagos,27/03/2011,32.5,24,28,81.1,9.9,100,4.17,rain,14.8,211.9,1011.4,54.7,,0.76,0
Lagos,04/04/2011,28,23.1,25.2,88.6,36.1,100,12.5,rain,14.8,98,1011.2,52.7,,0.03,0
Lagos,05/04/2011,33,24,27.8,80.7,0.2,100,4.17,rain,14.9,223.7,1011.3,46.3,,0.06,0
Lagos,08/04/2011,33.5,25,29.4,77.1,0.2,100,8.33,rain,23,201,1010.4,54.1,,0.17,0
Lagos,09/04/2011,33.3,24.1,28.3,81.2,1,100,4.17,rain,29.5,178.6,1011.6,66.1,,0.2,0
Lagos,10/04/2011,32.3,23.8,27.5,81.6,2,100,4.17,rain,14.8,250.1,1011.1,51.6,,0.24,0
Lagos,17/04/2011,32.1,23.1,25.6,87,7.1,100,4.17,rain,55.4,152.2,1008.9,69.4,,0.48,0
Lagos,18/04/2011,31.5,23,26.1,84.8,0.2,100,4.17,rain,16.6,211.7,1010.1,54.5,,0.5,0
Lagos,19/04/2011,33.6,23,27.6,78.8,0.3,100,4.17,rain,19.4,211.7,1009.1,41.8,,0.54,0
Lagos,20/04/2011,33,25,29.1,75.9,0.1,100,4.17,rain,23,211.7,1009,51,,0.58,0
Lagos,28/04/2011,32.1,21.1,27.5,82.2,26.9,100,4.17,rain,40.7,215.6,1010.9,60.9,,0.84,0
Lagos,30/04/2011,29,24,26.4,82.7,2,100,4.17,rain,20.5,158,1010.1,47.7,,0.91,0
Lagos,02/05/2011,32.7,26,28.9,81.5,0.4,100,8.33,rain,15.1,198.1,1011.7,62.9,,0.97,0
Lagos,03/05/2011,33.1,24,28,83.9,10.9,100,4.17,rain,18.4,200.5,1012.6,68.3,,0,0
Lagos,04/05/2011,31.6,22.8,26.6,82,2,100,4.17,rain,14.8,221.2,1011.6,36.9,,0.04,0
Lagos,05/05/2011,33.8,24,28.6,81.2,0.3,100,4.17,rain,24,196.5,1010.9,48,,0.08,0
Lagos,07/05/2011,33.2,26.2,29.5,78.5,0.2,100,8.33,rain,24.1,196.8,1010,59,,0.15,0
Lagos,08/05/2011,32.1,25,27.5,87.2,7.1,100,4.17,rain,11.2,232.7,1009.2,50.7,,0.18,0
Lagos,09/05/2011,30.1,22,26,86,25.9,100,8.33,rain,53.6,88.2,1009.9,63.1,,0.22,0
Lagos,14/05/2011,29,22.9,26,86.1,37.8,100,8.33,rain,64.8,76.2,1010.2,51.4,,0.39,0
Lagos,18/05/2011,32.8,27,28.8,82.9,0.3,100,4.17,rain,37.1,201.4,1010.8,67,,0.53,0
Lagos,19/05/2011,33,25.1,28.1,82.1,1,100,4.17,rain,16.6,163.2,1011.2,51.6,,0.56,0
Lagos,22/05/2011,30.6,24.8,27.6,82.1,1,100,4.17,rain,27.7,221.4,1011.9,60.9,,0.66,0
Lagos,24/05/2011,31.4,25.8,28.3,78.7,0.1,100,4.17,rain,17.6,204,1013.4,68,,0.75,0
Lagos,25/05/2011,31,23,27.6,83.1,0.3,100,8.33,rain,58.4,185.8,1013.4,82,,0.76,0
Lagos,26/05/2011,31.6,23,26.9,83.5,299,100,4.17,rain,22.3,205.4,1013.3,58.8,,0.79,0
Lagos,27/05/2011,28,24,26,90.2,18,100,4.17,rain,18.4,179.5,1013.3,60.1,,0.82,0
Lagos,28/05/2011,30,24,26.8,87.1,4.1,100,4.17,rain,11.3,273,1013.3,55.4,,0.86,0
Lagos,30/05/2011,26.3,22,25,92,43.9,100,4.17,rain,46.4,288,1013.7,52.2,,0.92,0
Lagos,31/05/2011,31,22,26.5,85.1,43.9,100,4.17,rain,14.8,199.5,1013.4,42.1,,0.95,0
Lagos,01/06/2011,30,25,26.6,86.4,1,100,4.17,rain,27.7,171.3,1012.3,58,,0,0
Lagos,03/06/2011,30,25.9,26.9,90.2,10.9,100,8.33,rain,14.8,214.8,1011.4,61,,0.06,0
Lagos,04/06/2011,30.1,24.1,26.2,89,3,100,4.17,rain,22.3,215.5,1011.9,61.2,,0.09,0
Lagos,09/06/2011,29,23,25.3,89.1,4,100,8.33,rain,54.2,223.4,1015.2,47.6,,0.25,0
Lagos,11/06/2011,28,23,25.3,91.6,13,100,8.33,rain,48.2,201.3,1014.4,66.1,,0.34,0
Lagos,12/06/2011,29.9,24,26.1,88.3,33,100,8.33,rain,17.3,208.4,1015.4,66.9,,0.38,0
Lagos,13/06/2011,31.2,24.1,26.7,86.6,1,100,4.17,rain,13,215.8,1015.4,60.1,,0.41,0
Lagos,15/06/2011,30,24.8,27,85.1,0.2,100,4.17,rain,37.1,224.3,1013,66.2,,0.5,0
Lagos,16/06/2011,30.5,24.9,27.4,84.4,4,100,8.33,rain,20.9,210,1012.8,68.9,,0.52,0
Lagos,17/06/2011,28.1,23,25.7,91.2,38.1,100,8.33,rain,31.3,282.7,1013.6,81.2,,0.55,0
Lagos,18/06/2011,30,23,26.1,87.8,8.1,100,8.33,rain,13,269.2,1013.3,69.5,,0.58,0
Lagos,19/06/2011,30,25,26.9,87.7,2,100,4.17,rain,18.4,206,1012.9,57.9,,0.62,0
Lagos,21/06/2011,28.3,25,26.5,88.5,0.8,100,4.17,rain,14.8,215.8,1013.4,67.8,,0.68,0
Lagos,22/06/2011,26.3,23,24.7,94.7,62,100,8.33,rain,46.4,207,1014.2,71.7,,0.71,0
Lagos,23/06/2011,28,23,25.4,90.5,0.8,100,8.33,rain,13,186.2,1013,53.3,,0.75,0
Lagos,24/06/2011,25.3,22,23.6,96.9,26.9,100,8.33,rain,32.3,203.6,1013.3,61.3,,0.78,0
Lagos,25/06/2011,33,22,25.6,89.9,27.2,100,8.33,rain,22.1,246,1014.2,74.7,,0.81,0
Lagos,28/06/2011,31,24.8,26.8,87.5,0.3,100,8.33,rain,33.5,251.2,1013.7,64.3,,0.91,0
Lagos,29/06/2011,29,24.7,26.1,89.8,2,100,8.33,rain,40.4,257.7,1013.7,60.7,,0.94,0
Lagos,30/06/2011,27.9,24.8,26.1,90.2,11.9,100,4.17,rain,22.3,242.6,1013.6,67.9,,0.97,0
Lagos,01/07/2011,27.1,24.8,25.6,92.5,7.1,100,8.33,rain,20.2,258.7,1014.3,63.5,,0,0
Lagos,02/07/2011,29.2,24,26.3,90.1,0.5,100,12.5,rain,27.3,241.3,1013.2,56.7,,0.04,0
Lagos,03/07/2011,29.1,22,25.5,88.8,39.1,100,4.17,rain,42.5,243.2,1013,65.4,,0.08,0
Lagos,05/07/2011,30,24,26,89.1,0.7,100,20.83,rain,42.5,244,1015.2,67.1,,0.15,0
Lagos,06/07/2011,30.1,23.1,26.7,86.9,8.9,100,4.17,rain,31.3,258.8,1013.7,79.9,,0.18,0
Lagos,07/07/2011,29,22.8,25.8,90.2,0.4,100,8.33,rain,37.1,245.4,1013.1,78.8,,0.22,0
Lagos,08/07/2011,30.1,22,25.7,87.9,18,100,4.17,rain,29.5,251.8,1012.8,68.3,,0.25,0
Lagos,10/07/2011,26,22,24.2,95,1,100,4.17,rain,29.5,229.9,1014.2,76.7,,0.33,1
Lagos,11/07/2011,26,22.1,24,94.5,0.3,100,4.17,rain,14.8,216.1,1014.6,65.6,,0.36,1
Lagos,12/07/2011,28,24,25.5,87.1,1.1,100,4.17,rain,25.9,258.2,1013.7,64.4,,0.4,1
Lagos,14/07/2011,26,22.7,24.3,93.8,102.1,100,12.5,rain,24.1,269.9,1013.4,69.6,,0.47,1
Lagos,15/07/2011,29.3,22.9,24.9,90.9,2,100,4.17,rain,31,241.1,1014,71.6,,0.5,0
Lagos,17/07/2011,28.2,22.9,24.8,92.4,0.5,100,4.17,rain,28.8,257.6,1014.1,75,,0.57,0
Lagos,18/07/2011,29,22.2,25.5,88,66,100,8.33,rain,31.3,253.7,1014.3,63.1,,0.6,0
Lagos,21/07/2011,27.7,24.9,25.5,88.6,1.2,100,4.17,rain,33.5,257.4,1014.6,67.8,,0.7,0
Lagos,22/07/2011,29,23,25.7,88.6,0.6,100,4.17,rain,35.3,253.2,1015,55.7,,0.73,0
Lagos,23/07/2011,30.1,22.9,26,86.6,0.3,100,8.33,rain,27.7,254.9,1015.6,48.2,,0.75,0
Lagos,24/07/2011,28,24,25.6,87,0.1,100,4.17,rain,37.1,258.4,1015.8,55.6,,0.8,0
Lagos,31/07/2011,29,23,25.2,86,0.7,100,8.33,rain,32.6,255,1013.5,61.3,,0.02,0
Lagos,03/08/2011,28,22.8,24.7,91.5,17,100,4.17,rain,39.1,246.3,1014.1,71.8,,0.13,0
Lagos,05/08/2011,27,24,24.6,92.2,0.3,100,4.17,rain,35.3,257.6,1015.3,78.2,,0.2,0
Lagos,06/08/2011,26,23.8,24.5,93.1,0.1,100,4.17,rain,29.5,261,1014.9,72.8,,0.25,0
Lagos,07/08/2011,28,23,25.2,89.1,0.2,100,4.17,rain,37.1,258.5,1014.7,78.4,,0.27,0
Lagos,11/08/2011,30,24,26.2,84.3,0.1,100,4.17,rain,25.9,256,1014,60.7,,0.42,0
Lagos,12/08/2011,28,23.9,25.4,88.8,1,100,4.17,rain,29.5,256.4,1013.5,64.7,,0.45,0
Lagos,13/08/2011,29,23,25.1,90,0.2,100,4.17,rain,46.4,254.4,1013,72.7,,0.5,0
Lagos,15/08/2011,27,24,25,89.8,0.5,100,4.17,rain,27.7,258,1013.7,66.6,,0.55,0
Lagos,23/08/2011,29,24,25.7,88.1,0.1,100,4.17,rain,29.5,250.4,1014.9,64.7,,0.82,0
Lagos,24/08/2011,29,24,26,84.5,0.1,100,4.17,rain,27.7,259.6,1015.8,53.6,,0.85,0
Lagos,25/08/2011,30.1,24,26.2,82.6,0.3,100,4.17,rain,28.8,260.7,1015.9,53.9,,0.88,0
Lagos,27/08/2011,29,22,25.1,87.1,6.1,100,4.17,rain,27.7,237.8,1016,79.2,,0.95,0
Lagos,29/08/2011,27,23.8,24.9,89.6,0.7,100,4.17,rain,22.3,246.4,1015.6,60.1,,0,0
Lagos,30/08/2011,29,23,25.4,88,6.1,100,4.17,rain,17.6,237.2,1015.5,64.9,,0.05,0
Lagos,31/08/2011,26,23.8,24.6,94.3,9.9,100,12.5,rain,20.5,225.9,1015.9,84.6,,0.08,0
Lagos,01/09/2011,26.1,23,24.3,95.1,9.9,100,8.33,rain,11.2,224.6,1017.2,66.6,,0.12,0
Lagos,08/09/2011,29,22,26,83.9,0.3,100,4.17,rain,18.4,229.2,1014.5,63.2,,0.36,0
Lagos,09/09/2011,27,23,24.9,91,8.9,100,4.17,rain,14.8,219.5,1013.9,72.8,,0.4,0
Lagos,10/09/2011,30,23,25.8,86.6,0.1,100,4.17,rain,16.9,203.9,1014.6,67.8,,0.43,0
Lagos,12/09/2011,30,24.3,26.6,83.1,0.2,100,4.17,rain,16.6,222.7,1014.3,60.7,,0.5,0
Lagos,13/09/2011,30.2,25,26.5,84.2,0.1,100,4.17,rain,27.7,217.7,1014.1,61.2,,0.54,0
Lagos,14/09/2011,30,25,26.7,83.3,0.1,100,4.17,rain,20.5,219.9,1014.5,63.9,,0.57,0
Lagos,15/09/2011,28.1,24.7,26.2,84.1,0.2,100,4.17,rain,13,244.8,1015,64,,0.6,0
Lagos,16/09/2011,29,24,26,86.3,0.2,100,8.33,rain,22.3,227.7,1014.2,69.1,,0.63,0
Lagos,17/09/2011,27.1,24,25.2,91.8,0.3,100,12.5,rain,23.4,216.7,1013.9,65.4,,0.67,0
Lagos,18/09/2011,28,24,25.1,91.1,4.1,100,4.17,rain,19.4,204.7,1014.5,67.5,,0.7,0
Lagos,19/09/2011,29.1,23,25.6,89.6,3,100,4.17,rain,15.1,215.6,1014.1,80.5,,0.73,0
Lagos,20/09/2011,28.1,23,25,92.2,24.9,100,4.17,rain,19.8,197.6,1013.4,70.5,,0.75,0
Lagos,21/09/2011,29.4,23,25.6,89.8,11.9,100,4.17,rain,16.6,201.1,1014.3,63.6,,0.8,0
Lagos,22/09/2011,30,24,25.9,87.8,0.3,100,4.17,rain,16.9,223.9,1014.4,53.6,,0.83,0
Lagos,23/09/2011,30,24,26.5,87.4,5.1,100,4.17,rain,15.6,225.6,1013.9,61.6,,0.87,0
Lagos,24/09/2011,30,24,26.9,84.9,0.3,100,4.17,rain,17.3,207,1014,58.7,,0.9,0
Lagos,27/09/2011,30,24.6,26.1,89.7,5.1,100,4.17,rain,13,219.5,1014.8,69.8,,0,0
Lagos,28/09/2011,30,24,26.2,88.8,1,100,4.17,rain,13,229.3,1014.3,65.5,,0.03,0
Lagos,29/09/2011,31,22,26,88,6.1,100,4.17,rain,40.7,257.2,1014.2,59.8,,0.07,0
Lagos,30/09/2011,30,22,25.4,88.7,7.8,100,8.33,rain,19.1,234.2,1013.3,56.8,,0.1,0
Lagos,01/10/2011,26.1,23,24.5,92.9,31,100,12.5,rain,25.9,204.9,1013.6,65.3,,0.14,0
Lagos,02/10/2011,31,22,26.3,84.5,0.2,100,4.17,rain,16.6,214.6,1013.7,62.6,,0.17,0
Lagos,03/10/2011,26.6,23,25.4,91.3,0.8,100,29.17,rain,15.8,224.7,1013.1,60.3,,0.2,0
Lagos,04/10/2011,31,23,26.5,86.4,0.2,100,8.33,rain,13.7,215.2,1012.8,62.9,,0.25,0
Lagos,05/10/2011,30.1,24,26.9,85.6,1,100,4.17,rain,19.8,217.3,1012.3,60.4,,0.27,0
Lagos,06/10/2011,30,24,26.5,86.9,0.6,100,4.17,rain,34.4,223.6,1012.5,65.8,,0.31,0
Lagos,07/10/2011,29,24,26,90.1,1.3,100,8.33,rain,17.3,232.3,1012.9,78.6,,0.34,0
Lagos,08/10/2011,30,23.8,26,89.8,23.9,100,8.33,rain,18.7,232.8,1011.7,74.7,,0.38,0
Lagos,09/10/2011,30.3,24,26.5,88.2,0.3,100,4.17,rain,15.8,202.1,1011.3,66.5,,0.41,0
Lagos,10/10/2011,28,23,25.3,93,8.9,100,4.17,rain,40.7,229.1,1011.9,71.3,,0.44,0
Lagos,11/10/2011,30,23,26.3,86.4,10.9,100,4.17,rain,38.5,244.4,1012,63.8,,0.48,0
Lagos,12/10/2011,30,22.8,26.2,86,2,100,4.17,rain,13,230.3,1010.8,67.7,,0.5,0
Lagos,13/10/2011,31.1,23,26.7,85.1,2,100,4.17,rain,16.4,210.4,1010.4,68.5,,0.55,0
Lagos,14/10/2011,30,23,25.5,88,0.6,100,4.17,rain,18.4,194.7,1010.5,68.9,,0.58,0
Lagos,15/10/2011,30.1,22,24.4,92.2,47,100,8.33,rain,37.1,357.6,1011.4,66.2,,0.61,0
Lagos,17/10/2011,31,23,27.1,85.1,0.6,100,8.33,rain,13,221.6,1010.1,56.9,,0.68,0
Lagos,18/10/2011,29,22,25.4,92.7,32,100,12.5,rain,40.7,174.9,1010.3,68.9,,0.72,0
Lagos,19/10/2011,31.6,21.8,25.9,86,0.5,100,4.17,rain,14.8,213.7,1011.1,52.8,,0.75,0
Lagos,20/10/2011,29.1,24,26.3,88.5,0.3,100,8.33,rain,37.1,220.3,1010.3,57.4,,0.75,0
Lagos,21/10/2011,31,22,26.4,85.6,0.4,100,4.17,rain,15.5,203.3,1009.7,55.5,,0.82,0
Lagos,22/10/2011,28.1,22,24.5,91.1,36.1,100,8.33,rain,48.2,325.1,1010.8,82.3,,0.85,0
Lagos,23/10/2011,30.2,22.6,25.6,85.6,0.2,100,4.17,rain,16.2,163.2,1011.7,65.6,,0.89,0
Lagos,24/10/2011,31.3,23,26.4,83.9,6.1,100,4.17,rain,46.4,184.5,1011.6,54.2,,0.92,0
Lagos,25/10/2011,29.1,22,25.4,86.1,12.9,100,8.33,rain,20.5,167.3,1012.2,61.9,,0.95,0
Lagos,26/10/2011,31,23,26.4,83.6,4.1,100,4.17,rain,46.4,225.8,1012,69.5,,0,0
Lagos,27/10/2011,30,22.1,25.9,86.1,2,100,4.17,rain,17.3,209.1,1012.1,59.6,,0.02,0
Lagos,28/10/2011,30.1,23,26.5,85.3,0.4,100,4.17,rain,14.8,200,1011.9,63.4,,0.05,0
Lagos,29/10/2011,30.1,23,26.6,85,1.8,100,20.83,rain,13.7,209.5,1011.6,57.4,,0.09,0
Lagos,30/10/2011,30,23,26.7,85,21.1,100,4.17,rain,40.7,222.1,1010.9,68.5,,0.12,0
Lagos,31/10/2011,31.1,22,26.2,85.2,23.1,100,8.33,rain,15.5,201.1,1011.3,54.1,,0.15,0
Lagos,01/11/2011,31,23,26.9,85.3,0.9,100,12.5,rain,15.1,204.1,1012,61,,0.19,0
Lagos,02/11/2011,31,23,26.1,88.9,3,100,4.17,rain,46.4,246.9,1013.2,67.7,,0.25,0
Lagos,03/11/2011,30.7,23,25.5,90.2,0.3,100,4.17,rain,20.5,255.4,1012.3,61.9,,0.25,0
Lagos,04/11/2011,31.2,24,26.5,88.9,50,100,4.17,rain,18,244.9,1012.4,60.5,,0.29,0
Lagos,05/11/2011,31,23,26.1,89.2,0.7,100,8.33,rain,12.8,216.3,1012.8,55.2,,0.32,0
Lagos,06/11/2011,31,24,27.4,82.9,5.2,100,37.5,rain,18.7,222.7,1012.4,47.1,,0.35,0
Lagos,07/11/2011,31.2,24,26.5,89.1,0.1,100,4.17,rain,9.4,220.2,1012.6,55.8,,0.39,0
Lagos,08/11/2011,31,23,26.8,87.9,24.9,100,4.17,rain,11.2,227,1012.4,60.3,,0.42,0
Lagos,09/11/2011,31.2,23,27.1,85.4,0.2,100,8.33,rain,16.6,218.3,1011.3,59.6,,0.45,0
Lagos,11/11/2011,31.1,24,26.7,87.7,17,100,4.17,rain,16.6,222.3,1009.8,65.4,,0.52,0
Lagos,12/11/2011,31.2,25,27.6,84.7,7.1,100,4.17,rain,19.4,224.8,1011.3,48.3,,0.56,0
Lagos,17/11/2011,31,22,25.8,89.2,38.1,100,4.17,rain,20.5,237.6,1011,60.3,,0.73,0
Lagos,18/11/2011,32,23,26.8,87.8,0.6,100,16.67,rain,14.8,233.6,1011.5,55.9,,0.75,0
Lagos,19/11/2011,31.1,24,27.4,86.4,0.1,100,4.17,rain,11.2,215.1,1011.3,58.5,,0.8,0
Lagos,20/11/2011,32,24,27.5,86.1,0.1,100,4.17,rain,13,214.3,1010.9,56.4,,0.83,0
Lagos,21/11/2011,32,24,27.6,84.6,0.7,100,8.33,rain,13,234,1011.3,57.8,,0.87,0
Lagos,22/11/2011,32,25,27.3,86.9,0.3,100,12.5,rain,14,255.4,1012.2,57.8,,0.9,0
Lagos,25/11/2011,32,23,26.4,88.5,10.9,100,4.17,rain,13,221.9,1011.7,53.7,,0,0
Lagos,14/12/2011,33,19.1,25.5,69.9,199.9,100,4.17,rain,11.2,286.7,1012.3,22.8,,0.64,0
Lagos,29/01/2012,32,24.5,27.8,83,10.9,100,4.17,rain,,,1010.4,45.9,,,0
Lagos,02/02/2012,31,25.6,27.4,86.3,1,100,4.17,rain,,,1011.6,62.7,,,0
Lagos,03/02/2012,31.5,24,27.7,83.1,19.1,100,4.17,rain,,,1012.1,68.4,,,0
Lagos,06/02/2012,32,22.8,26.8,82.6,27.9,100,4.17,rain,,,1010.2,55.4,,,0
Lagos,21/02/2012,33.7,22.2,26.8,81.4,15,100,4.17,rain,,,1011.5,58.7,,,0
Lagos,02/03/2012,31,23,26.3,81.1,2,100,4.17,rain,,,1012,59.9,,,0
Lagos,04/03/2012,32.9,23.8,26.8,85,9.9,100,4.17,rain,,,1011.2,60,,,0
Lagos,06/03/2012,31.2,23,26.7,84.4,3,100,4.17,rain,,,1011.5,55.2,,,0
Lagos,07/03/2012,31.1,24.7,28.1,81.3,3,100,4.17,rain,,,1011.2,62.2,,,0
Lagos,08/03/2012,32.1,26,28.7,79.9,3,100,4.17,rain,,,1011.3,53.6,,,0
Lagos,10/03/2012,32,25,27.5,85.6,7.9,100,4.17,rain,,,1012.2,56.1,,,0
Lagos,24/03/2012,33.3,25,28.9,82.2,9.9,100,4.17,rain,,,1010,60.3,,,0
Lagos,25/03/2012,29,23,26.7,87.7,9.9,100,4.17,rain,,,1010.6,37.6,,,0
Lagos,26/03/2012,31.5,24,27.4,83.9,9.9,100,4.17,rain,,,1010.6,47.9,,,0
Lagos,29/03/2012,33,26.4,29.3,82.6,7.9,100,4.17,rain,,,1011.6,57.4,,,0
Lagos,30/03/2012,31,22,27.3,82.5,23.9,100,4.17,rain,,,1012.6,49.7,,,0
Lagos,01/04/2012,33,25,28.7,80.2,1,100,4.17,rain,,,1012.1,62.3,,,0
Lagos,03/04/2012,33,24,28.2,82.2,99.1,100,4.17,rain,,,1010.9,59.6,,,0
Lagos,04/04/2012,32,24,27.1,82.8,9.9,100,8.33,rain,,,1011.5,51.7,,,0
Lagos,09/04/2012,32,25.9,28.8,83,100.1,100,8.33,rain,,,1008.6,66.2,,,0
Lagos,16/04/2012,32,24.2,28.5,79.1,7.9,100,4.17,rain,,,1011.9,80.5,,,0
Lagos,17/04/2012,31,22,26.1,80.6,50.3,100,8.33,rain,,,1012.8,55.1,,,0
Lagos,19/04/2012,29,23,25.2,92.5,46,100,8.33,rain,,,1011.9,54.5,,,0
Lagos,23/04/2012,31.2,22.3,27,84.4,21.8,100,8.33,rain,,,1012.3,55.1,,,0
Lagos,25/04/2012,29,23,26.4,86.3,3,100,4.17,rain,,,1012.7,57.4,,,0
Lagos,05/05/2012,31.1,23.1,26.7,84.2,1,100,4.17,rain,,,1012.2,58.6,,,0
Lagos,07/05/2012,31.6,26,27.9,82.5,4.1,100,4.17,rain,,,1012.4,63.7,,,0
Lagos,08/05/2012,32.1,23.1,26.3,86,3,100,4.17,rain,,,1011.5,57.7,,,0
Lagos,09/05/2012,30.2,22.1,25.9,81.9,1,100,4.17,rain,,,1011.3,53.9,,,0
Lagos,12/05/2012,29.1,24,26.4,88.7,5.1,100,4.17,rain,,,1012.9,55.1,,,0
Lagos,13/05/2012,27.1,24,25.3,93.6,1,100,4.17,rain,,,1012.4,65.2,,,0
Lagos,16/05/2012,31.5,25,27.7,82.6,99.1,100,4.17,rain,,,1013.3,58.5,,,0
Lagos,19/05/2012,28,22,25,91.7,125,100,8.33,rain,,,1012,60.9,,,0
Lagos,21/05/2012,26.1,22,24,91.7,11.9,100,4.17,rain,,,1013.4,59,,,0
Lagos,25/05/2012,30.7,23,26.2,88.1,8.1,100,8.33,rain,,,1013.5,64.3,,,0
Lagos,29/05/2012,29,25,26.4,88.4,2,100,4.17,rain,,,1013.9,67.8,,,0
Lagos,30/05/2012,29.1,24,26.5,86.1,1,100,4.17,rain,,,1014.5,70.7,,,0
Lagos,31/05/2012,30,23.8,25.6,88.8,34,100,4.17,rain,,,1015.3,58.9,,,0
Lagos,01/06/2012,31,26,28.3,77.8,13,100,4.17,rain,,,1014.2,71.8,,,0
Lagos,02/06/2012,26,22.4,24.6,95.2,14,100,4.17,rain,,,1013.8,70.4,,,0
Lagos,03/06/2012,31,22,26.6,81.9,9.1,100,4.17,rain,,,1014.1,58.8,,,0
Lagos,12/06/2012,26,24.8,25.3,92.9,8.9,100,4.17,rain,,,1013.2,42.7,,,0
Lagos,16/06/2012,30,24,26,87.6,1,100,4.17,rain,,,1013.8,59.1,,,0
Lagos,17/06/2012,26.6,24,24.8,92.8,5.1,100,4.17,rain,,,1014.6,59.6,,,0
Lagos,20/06/2012,28,24,25.5,92.5,21.1,100,12.5,rain,,,1014.8,66.5,,,0
Lagos,21/06/2012,30.4,23.1,25.4,90.6,37.1,100,8.33,rain,,,1014,67.1,,,0
Lagos,22/06/2012,27.1,23,24.8,94.5,25.1,100,8.33,rain,,,1014.5,72.9,,,0
Lagos,25/06/2012,27.1,24,25.6,89.8,1,100,4.17,rain,,,1014.6,66.3,,,0
Lagos,26/06/2012,29,23,25.3,90.9,10.4,100,8.33,rain,,,1015.5,65.1,,,0
Lagos,27/06/2012,29.8,23.7,25.5,89.8,1,100,4.17,rain,,,1015.5,74.8,,,1
Lagos,30/06/2012,26.2,23.8,24.5,95.9,24.9,100,4.17,rain,,,1014.4,76,,,1
Lagos,01/07/2012,28,21.9,24.9,92.5,42.2,100,8.33,rain,,,1013.8,77.2,,,1
Lagos,02/07/2012,25.6,22.3,23.8,96.1,55.1,100,8.33,rain,,,1013.5,86.7,,,1
Lagos,03/07/2012,29.3,22.9,25.7,87.8,1,100,4.17,rain,,,1014.3,68.2,,,1
Lagos,04/07/2012,28,23.9,25.4,89.3,11.9,100,4.17,rain,,,1013.4,85.4,,,0
Lagos,05/07/2012,29.2,23.1,25.8,86.5,11.9,100,4.17,rain,,,1013.5,65.3,,,0
Lagos,07/07/2012,28.1,23.8,25.6,86.6,99.1,100,4.17,rain,,,1014.3,74,,,0
Lagos,08/07/2012,28,24.1,25.6,86.6,5.1,100,4.17,rain,,,1014.1,65.8,,,0
Lagos,15/07/2012,27,24,25.3,87.5,9.1,100,8.33,rain,,,1013.1,82.7,,,0
Lagos,16/07/2012,29,23.8,25.9,82.7,81,100,4.17,rain,,,1015.2,69.7,,,0
Lagos,22/07/2012,26,23.8,24.8,91.4,28,100,12.5,rain,,,1016,82.5,,,0
Lagos,24/07/2012,27,23.8,24.9,90.4,7.1,100,12.5,rain,,,1014.8,64.3,,,0
Lagos,29/07/2012,27,23.7,24.8,89.3,3,100,8.33,rain,,,1013.7,72.2,,,0
Lagos,31/07/2012,27,23.7,24.6,88.2,3,100,4.17,rain,,,1014.2,72.3,,,0
Lagos,01/08/2012,26,23,24.6,88,0.3,100,4.17,rain,,,1014.3,70.4,,,0
Lagos,04/08/2012,27,24,25.3,84.2,1,100,4.17,rain,,,1014.8,83.5,,,0
Lagos,09/08/2012,28,23,24.8,84,2,100,4.17,rain,,,1015.1,61.4,,,0
Lagos,22/08/2012,27,23.9,24.7,89.3,25.9,100,4.17,rain,,,1015.3,82.5,,,0
Lagos,23/08/2012,27.3,23.8,25,88.1,25.9,100,4.17,rain,,,1014.8,72.2,,,0
Lagos,26/08/2012,26.4,23,24.5,91.1,2,100,4.17,rain,,,1016.1,70.1,,,0
Lagos,28/08/2012,28,24,25.1,88.3,4.1,100,4.17,rain,,,1015,70.2,,,0
Lagos,07/09/2012,30.3,23,25.8,86.6,8.9,100,4.17,rain,,,1015.4,62.5,,,0
Lagos,11/09/2012,27,24,25.1,89.5,11.9,100,4.17,rain,,,1014.2,79.4,,,0
Lagos,12/09/2012,28,23,25.4,88.2,3.4,100,8.33,rain,,,1015.3,60.7,,,0
Lagos,16/09/2012,28.7,23.9,26,83.5,1,100,4.17,rain,,,1014.2,70.9,,,0
Lagos,19/09/2012,29,23.8,26.1,85.1,1,100,8.33,rain,,,1013.6,72.6,,,0
Lagos,20/09/2012,28,23,25.4,87.8,56.9,100,4.17,rain,,,1013.6,69.9,,,0
Lagos,21/09/2012,30,23,26.4,85.4,7.1,100,4.17,rain,,,1014.3,61.9,,,0
Lagos,22/09/2012,29.1,23,25.6,89.5,4.1,100,4.17,rain,,,1014.2,66.2,,,0
Lagos,26/09/2012,29,21.9,25.4,88,45,100,4.17,rain,,,1013.4,56.3,,,0
Lagos,27/09/2012,26.7,22.4,24.8,93.5,51.1,100,12.5,rain,,,1014.8,77.4,,,0
Lagos,29/09/2012,26.3,22,24.3,90.3,22.1,100,8.33,rain,,,1014.6,55.4,,,0
Lagos,30/09/2012,29.1,21.7,24.5,89.7,2,100,4.17,rain,,,1013.5,59.7,,,0
Lagos,02/10/2012,30.1,23,25.3,89.3,6.1,100,4.17,rain,,,1014.4,65.5,,,0
Lagos,03/10/2012,30,22,25.8,88.3,6.1,100,4.17,rain,,,1014,58.4,,,0
Lagos,04/10/2012,30.1,22,25.3,90.7,42.9,100,8.33,rain,,,1013.1,61.5,,,0
Lagos,05/10/2012,30,23.7,26.4,88.9,5.1,100,4.17,rain,,,1012.2,68.1,,,0
Lagos,06/10/2012,29,23,25,92.9,16,100,4.17,rain,,,1012.7,56.7,,,0
Lagos,11/10/2012,30,24,26.2,91.5,99.1,100,8.33,rain,,,1013,69.2,,,0
Lagos,15/10/2012,28.1,23,24.5,89.4,1.5,100,8.33,rain,,,1011.6,63.4,,,0
Lagos,18/10/2012,28,22,24.9,91,15,100,8.33,rain,,,1011.9,69.4,,,0
Lagos,19/10/2012,29.5,22,23.8,92.9,23.1,100,4.17,rain,,,1011.8,57.9,,,0
Lagos,24/10/2012,28,22.9,24.9,90.7,23.9,100,4.17,rain,,,1012.9,66.9,,,0
Lagos,27/10/2012,28.3,24,25.5,88.5,2,100,4.17,rain,,,1012.1,66.9,,,0
Lagos,31/10/2012,31,24.1,27,86.2,3,100,4.17,rain,,,1012.4,61.4,,,0
Lagos,06/11/2012,33,23,27,83.2,8.9,100,4.17,rain,,,1012.6,65,,,0
Lagos,07/11/2012,32,24.8,27.7,84.1,8.9,100,8.33,rain,,,1012.8,58.4,,,0
Lagos,09/11/2012,26.1,22,24.2,89.7,2,100,4.17,rain,,,1011,61.8,,,0
Lagos,18/11/2012,31,24.4,27.4,87.4,5.1,100,4.17,rain,,,1011.6,57.4,,,0
Lagos,19/11/2012,31.3,25.6,27.2,88.6,4.1,100,4.17,rain,,,1012.2,55.5,,,0
Lagos,20/11/2012,31.6,24.8,27.6,88.2,4.1,100,4.17,rain,,,1011.8,54.6,,,0
Lagos,21/11/2012,31.4,25,27.9,87.4,39.8,100,8.33,rain,,,1011.6,61.3,,,0
Lagos,23/11/2012,32.1,24.1,26.9,89,55.1,100,4.17,rain,,,1010.4,56.3,,,0
Lagos,24/11/2012,30.2,23.8,25.9,91.2,6.1,100,4.17,rain,,,1011,52.7,,,0
Lagos,07/12/2012,30.6,25.1,27.2,89.6,99.1,100,4.17,rain,,,1012.3,53.9,,,0
Lagos,12/12/2012,31.7,23.8,26.3,88.6,16,100,4.17,rain,,,1010.8,55.4,,,0
lagos,18/01/2013,34.1,26,28.6,84.2,0.3,100,12.5,rain,18.4,228.4,1011.8,58.1,,0.22,0
lagos,19/01/2013,34.1,26,29,84.2,0.3,100,12.5,rain,35,218.1,1011.3,55.4,,0.25,0
lagos,20/01/2013,31.4,26,28.4,85.2,0.5,100,4.17,rain,18.7,224.5,1011.2,60.8,,0.28,0
lagos,21/01/2013,32.2,25.1,28.3,86.6,24.9,100,4.17,rain,17.3,226,1011,63.3,,0.31,0
lagos,22/01/2013,31.5,24.1,27,88.8,99.1,100,4.17,rain,48.2,239.8,1011.4,68,,0.35,0
lagos,23/01/2013,34,24.2,28.4,85.1,42.9,100,4.17,rain,27.7,212.2,1011.7,55.1,,0.38,0
lagos,24/01/2013,29,23,26.6,86.5,0.3,100,8.33,rain,46.4,135.8,1012.3,64.2,,0.41,0
lagos,26/01/2013,32.9,24.7,28.3,83.8,0.2,100,4.17,rain,22.7,216.4,1011.9,49.4,,0.48,0
lagos,27/01/2013,30,23.4,26.3,87.2,0.3,100,4.17,rain,16.6,240.8,1012.8,68.2,,0.5,0
lagos,28/01/2013,29.1,23,26.1,88.1,40.9,100,4.17,rain,20.5,278,1013.1,51.5,,0.54,0
lagos,30/01/2013,32.2,24,27.6,84.6,0.1,100,4.17,rain,11.2,224.9,1012.7,53.9,,0.62,0
lagos,15/02/2013,32.8,26,28.6,84.2,0.2,100,8.33,rain,16.6,214.7,1010.4,61.3,,0.17,0
lagos,16/02/2013,36.2,25.1,29.5,76.8,0.6,100,12.5,rain,20.2,195.9,1009.9,54.8,,0.2,0
lagos,17/02/2013,33.5,23.9,29.1,79.7,2,100,4.17,rain,27.7,224.2,1010.3,72.2,,0.25,0
lagos,18/02/2013,32.1,22.1,26.9,80.1,15,100,4.17,rain,74.2,117.6,1010.4,60.5,,0.26,0
lagos,20/02/2013,32.4,24,28,82.2,0.1,100,4.17,rain,16.6,199.3,1012.1,57.3,,0.33,0
lagos,27/02/2013,32.6,26.2,29.2,80.6,0.1,100,4.17,rain,25.9,209.3,1011.6,59.9,,0.56,0
lagos,03/03/2013,32.9,22.9,27.8,82,18,100,4.17,rain,22.3,220.5,1010.8,57.4,,0.7,0
lagos,04/03/2013,33.1,26.5,29.3,79.9,0.5,100,20.83,rain,37.1,215,1011.6,71,,0.75,0
lagos,05/03/2013,33.1,24.9,29.1,82,1.3,100,41.67,rain,23,228.3,1011.7,58.1,,0.77,0
lagos,08/03/2013,33.1,26.7,28.8,83.4,1.6,100,29.17,rain,25.9,226.9,1011.6,70.2,,0.88,0
lagos,09/03/2013,32.2,27.1,28.7,85.2,6.4,100,87.5,rain,26.3,217.9,1012.2,69.3,,0.92,0
lagos,10/03/2013,34.5,25.2,29,81.1,2.4,100,70.83,rain,22.3,225.2,1013.5,78.7,,0.95,0
lagos,11/03/2013,31.1,27,28.9,81,3.1,100,62.5,rain,19.1,217.5,1011.3,58.7,,0,0
lagos,12/03/2013,34,26.1,29.5,79.5,0.4,100,12.5,rain,28.7,210.1,1010.7,61,,0.02,0
lagos,13/03/2013,33.1,26.9,29,80,1,100,20.83,rain,31.3,203.4,1010.1,61.1,,0.05,0
lagos,14/03/2013,33,26.2,29,79.4,0.5,100,16.67,rain,29.5,215.6,1009.9,55.8,,0.08,0
lagos,15/03/2013,34.6,27,29.7,77.3,0.2,100,4.17,rain,22.3,220.7,1009.6,59,,0.12,0
lagos,16/03/2013,34.2,27,29.4,76.9,0.9,100,16.67,rain,23.4,219.6,1010.6,64.7,,0.15,0
lagos,17/03/2013,32.1,22,27.5,77.9,50,100,4.17,rain,51.8,226.6,1011.7,60.8,,0.18,0
lagos,18/03/2013,32.5,26,28.8,81.6,0.2,100,8.33,rain,14.8,199.5,1010.7,59.3,,0.21,0
lagos,19/03/2013,31.1,26.9,28.3,80.8,0.7,100,29.17,rain,15.1,222.3,1010,64.6,,0.25,0
lagos,20/03/2013,34.2,27,29.1,81.9,0.4,100,16.67,rain,18.4,211.4,1009.4,65.9,,0.28,0
lagos,21/03/2013,32.7,27,29,79,0.3,100,12.5,rain,20.9,194.5,1009.8,54.1,,0.31,0
lagos,22/03/2013,32.8,26.7,29.1,80.8,0.3,100,12.5,rain,23.4,217.9,1009.5,63.9,,0.34,0
lagos,23/03/2013,33.1,26.4,29.2,80.7,0.2,100,4.17,rain,23.8,215.5,1009.8,64,,0.37,0
lagos,26/03/2013,32.1,25.5,28.5,81.8,4.1,100,4.17,rain,18.7,210.7,1011.2,60.8,,0.47,0
lagos,27/03/2013,34.1,24,28.2,81.8,1.1,100,29.17,rain,25.9,221.2,1011.5,62.9,,0.5,0
lagos,28/03/2013,27.3,23.9,25.5,83.8,5.1,100,4.17,rain,16.6,318.3,1012.8,62.8,,0.54,0
lagos,29/03/2013,33,24,27.8,80.9,0.2,100,8.33,rain,27.6,209.6,1013,48.8,,0.57,0
lagos,30/03/2013,32.4,25.1,28.3,81.6,0.2,100,8.33,rain,16.6,200.3,1013.1,61.9,,0.61,0
lagos,31/03/2013,33.2,25.9,28.8,79,0.2,100,8.33,rain,14.8,187.9,1012.1,49.4,,0.65,0
lagos,02/04/2013,29.1,23.3,25.9,82.8,3,100,4.17,rain,29.5,31.1,1013,54.4,,0.72,0
lagos,03/04/2013,32.2,23,27.3,82.6,0.2,100,4.17,rain,18.4,192.5,1012,51,,0.75,0
lagos,04/04/2013,32.1,25,28.1,82.2,2,100,4.17,rain,20.5,221.6,1011.5,58.2,,0.79,0
lagos,05/04/2013,33.7,26,29.4,78.6,0.4,100,16.67,rain,27.7,211.5,1012.1,57.8,,0.82,0
lagos,06/04/2013,34.4,26.8,29.4,80.4,0.6,100,12.5,rain,21.6,226.7,1011.8,57.7,,0.86,0
lagos,07/04/2013,34,26,29.4,77.1,0.5,100,12.5,rain,29.5,205,1011.2,64.5,,0.89,0
lagos,08/04/2013,33.5,24.9,28.8,74.4,0.6,100,8.33,rain,22.3,216.1,1011.9,51.4,,0.93,0
lagos,09/04/2013,28.1,22.8,26.2,84.5,50,100,4.17,rain,18.7,209.8,1012.5,53.6,,0.97,0
lagos,10/04/2013,32.1,23,27.2,82.8,0.1,100,4.17,rain,16.6,188.3,1013,54.7,,0,0
lagos,13/04/2013,33.3,25,29.3,78.9,0.2,100,8.33,rain,27.7,241.3,1010.9,60.7,,0.1,0
lagos,14/04/2013,33.7,23,28.5,84.3,0.7,100,8.33,rain,42.5,270.3,1012,64.6,,0.13,0
lagos,15/04/2013,31.1,23,26.8,86.9,0.4,100,16.67,rain,21.9,182.3,1011.9,51.5,,0.16,0
lagos,16/04/2013,33,24,28.3,81.8,0.4,100,8.33,rain,27.7,249.9,1011.1,63.4,,0.2,0
lagos,17/04/2013,31.2,25,27.4,87.8,7.1,100,4.17,rain,27.7,247.5,1011.6,57.3,,0.23,0
lagos,18/04/2013,32.2,25,27.8,88,0.3,100,4.17,rain,25.8,246.6,1010.7,61.4,,0.25,0
lagos,19/04/2013,34.1,25.2,28.5,83,0.2,100,4.17,rain,30.6,251.7,1010.4,59.9,,0.29,0
lagos,20/04/2013,30.1,26,27.8,86.7,0.5,100,4.17,rain,19.4,292.3,1010.8,55.4,,0.33,0
lagos,22/04/2013,32.1,23.6,26.6,86.8,27.9,100,8.33,rain,29.5,68.1,1011.2,47.3,,0.39,0
lagos,23/04/2013,31.4,25,28.2,85.3,0.4,100,8.33,rain,20.5,276.1,1010.5,56.4,,0.42,0
lagos,24/04/2013,31,25.2,28,84.8,24.9,100,8.33,rain,18.5,212.2,1012.1,57.4,,0.46,0
lagos,25/04/2013,33,24,28.6,81.6,1,100,12.5,rain,22.3,238.3,1012.5,49.1,,0.5,0
lagos,26/04/2013,30.2,23.6,26.7,87.6,37.1,100,8.33,rain,22.3,249,1013.3,67.2,,0.52,0
lagos,27/04/2013,32.1,24,27.7,83.5,1.3,100,12.5,rain,18.4,245,1011.3,58.1,,0.56,0
lagos,28/04/2013,33,25.1,28.2,83.4,0.5,100,8.33,rain,18.4,216.7,1011.1,50.6,,0.59,0
lagos,29/04/2013,33.1,24.9,28.7,82.7,0.3,100,4.17,rain,27.5,250.6,1011.1,47.5,,0.63,0
lagos,30/04/2013,33.1,25.9,29.1,82,0.3,100,4.17,rain,31.8,244.6,1011.9,59.2,,0.66,0
lagos,01/05/2013,28.1,23.9,25.8,92.2,24,100,8.33,rain,25.9,234.2,1013.2,75.2,,0.7,0
lagos,03/05/2013,31,25.7,28,84.7,1.6,100,50,rain,20.5,222,1010.9,58.3,,0.77,0
lagos,04/05/2013,32.5,26,28.9,81.5,0.3,100,4.17,rain,23.6,212.3,1011.2,58,,0.8,0
lagos,05/05/2013,32.1,25,28.8,84.6,23,100,4.17,rain,25.9,218.1,1012.2,56.4,,0.84,0
lagos,06/05/2013,28.7,25,26.8,87.3,0.8,100,12.5,rain,13.3,314,1013.3,61.2,,0.87,0
lagos,07/05/2013,32.9,24,28.1,85,0.7,100,8.33,rain,18.4,199.9,1013.3,61.3,,0.91,0
lagos,08/05/2013,30.1,24,27.6,79.8,4,100,4.17,rain,55.4,162.7,1013.7,76.8,,0.94,0
lagos,09/05/2013,28.6,28.4,28.5,79.6,5,100,100,rain,18.7,210.4,,63.4,,0.98,0
lagos,10/05/2013,28.4,24.7,27.9,84.4,16,100,95.83,rain,27,212.3,1013,79,,0,0
lagos,11/05/2013,28.2,23.1,26.6,85.8,18,100,58.33,rain,18,246.3,1013.3,75,,0.05,0
lagos,12/05/2013,30.9,23.7,26.6,90,7,100,4.17,rain,13,199.4,1013.8,50.2,,0.08,0
lagos,13/05/2013,31.3,22.9,26.5,86.3,23.5,100,12.5,rain,21.5,111.4,1014.4,62.1,,0.11,0
lagos,14/05/2013,30.1,22.1,25.9,89.8,0.7,100,4.17,rain,16.2,290.8,1013.5,60.8,,0.15,0
lagos,15/05/2013,29.8,22.6,26,86.2,0.7,100,4.17,rain,25.9,204.9,1012,58.8,,0.18,0
lagos,16/05/2013,32.2,24,27.8,82.4,6,100,4.17,rain,16.6,237.3,1011.4,59.6,,0.21,0
lagos,17/05/2013,30,25,27.2,87,0.9,100,20.83,rain,18.4,239.3,1012.3,64.8,,0.25,0
lagos,18/05/2013,31,23.1,27.4,87,0.3,100,4.17,rain,46.4,192.7,1013.1,69.1,,0.25,0
lagos,19/05/2013,31.6,23,26.8,83.6,32,100,4.17,rain,16.9,211.1,1013.1,48.6,,0.31,0
lagos,20/05/2013,32.7,24.1,28.1,82.3,1,100,8.33,rain,18.4,205.5,1012.7,57.2,,0.34,0
lagos,22/05/2013,33.1,22,26.6,83.1,29,100,4.17,rain,46.4,241,1013,62.4,,0.41,0
lagos,25/05/2013,32.4,23,28.3,83.1,0.3,100,4.17,rain,55.4,214.3,1012.4,63.1,,0.5,0
lagos,26/05/2013,31.1,23,26.2,86.3,24,100,4.17,rain,27.7,170.2,1012.7,64.7,,0.54,0
lagos,27/05/2013,31.5,22.9,26.7,83.1,25,100,4.17,rain,18.7,252.7,1012.8,54.8,,0.58,0
lagos,28/05/2013,31.2,22.1,26,84.3,41,100,4.17,rain,18.4,248.9,1013.3,47.1,,0.61,0
lagos,30/05/2013,30.1,24,27,86.6,4.4,100,20.83,rain,25.9,248.7,1013.2,60.4,,0.68,0
lagos,31/05/2013,31.7,24.1,27.2,85.5,0.4,100,16.67,rain,15.8,221,1012.8,61,,0.75,0
lagos,01/06/2013,29.3,23,25.5,87.4,8,100,4.17,rain,20.5,224.5,1011.7,55.5,,0.75,0
lagos,02/06/2013,26.1,23.6,24.6,94.3,7,100,4.17,rain,18.4,302.3,1013.2,52.9,,0.79,0
lagos,05/06/2013,31.9,22.6,27.2,84.4,1.9,100,12.5,rain,25.9,225.7,1013.7,63.1,,0.89,0
lagos,06/06/2013,29.1,21.9,25.2,88.1,37,100,4.17,rain,21.6,215,1014.8,62.9,,0.92,0
lagos,07/06/2013,30.4,24,26.9,87.4,0.3,100,4.17,rain,22.3,208,1015.1,56.7,,0.96,0
lagos,08/06/2013,30,24.9,26.4,86.3,2,100,4.17,rain,14.8,229.6,1013.9,60.4,,0,0
lagos,09/06/2013,27.9,24,25.3,90.5,2,100,4.17,rain,20.5,211.3,1013.6,61,,0.03,0
lagos,10/06/2013,31.2,23.1,26.5,88,0.4,100,8.33,rain,16.6,231.1,1014,55.3,,0.06,0
lagos,11/06/2013,29.2,24,25.6,88.8,3,100,4.17,rain,42.5,337.1,1014.7,66,,0.09,0
lagos,12/06/2013,31.1,22.7,27,87,2.3,100,33.33,rain,27.4,225.6,1014.4,63.7,,0.13,0
lagos,13/06/2013,31.5,25.1,27.3,84.8,1.6,100,29.17,rain,22,217,1014.1,70.5,,0.16,0
lagos,14/06/2013,31.4,24.6,27.8,83.9,0.8,100,16.67,rain,31.9,235.3,1013.4,73.6,,0.2,0
lagos,15/06/2013,30.4,23.9,26.6,84.7,0.1,100,4.17,rain,20.5,200.6,1013.6,54.3,,0.23,0
lagos,16/06/2013,28.1,23.9,25.9,88.9,0.3,100,12.5,rain,20.9,220.4,1014.1,62.2,,0.25,0
lagos,17/06/2013,30.7,23.1,27,87,0.3,100,12.5,rain,31.5,217.1,1014.2,68,,0.3,0
lagos,18/06/2013,30.6,25,27.1,85.3,0.2,100,8.33,rain,33.5,245.6,1013.2,58.5,,0.33,0
lagos,19/06/2013,30.1,24.1,27.2,86.3,7,100,4.17,rain,35.3,243.4,1012.9,75.4,,0.36,0
lagos,20/06/2013,29,25,26.4,89.1,0.5,100,4.17,rain,25.6,229.2,1013.3,55.3,,0.4,0
lagos,21/06/2013,28,25,26.2,90.9,1.1,100,8.33,rain,22,215.3,1014,56.3,,0.43,0
lagos,22/06/2013,30.1,25,27.2,88.7,0.1,100,4.17,rain,29.5,220,1014.3,61.2,,0.47,0
lagos,27/06/2013,28.1,24.5,26.3,85.6,1.2,100,20.83,rain,29.5,237.5,1014.2,73.2,,0.63,0
lagos,28/06/2013,28.1,24,25.9,90,6,100,4.17,rain,23.8,226.9,1014.2,63.5,,0.67,0
lagos,30/06/2013,27,22.8,24.8,94.5,25,100,8.33,rain,20.5,236,1014.6,66.4,,0.75,0
lagos,01/07/2013,30.1,23.7,26,88,5,100,4.17,rain,24.1,251.4,1015.2,59.6,,0.77,0
lagos,02/07/2013,29,24.1,26,88,0.4,100,8.33,rain,29.5,221.1,1014.7,69.9,,0.8,0
lagos,03/07/2013,28.4,24,26,86.5,0.9,100,4.17,rain,33,240.5,1014,64.8,,0.84,0
lagos,04/07/2013,27.5,21,24.3,91,8,100,4.17,rain,55.4,265.4,1013.7,54.1,,0.87,0
lagos,05/07/2013,26.1,21,23.7,93.1,75,100,8.33,rain,18.4,235.6,1013.8,53.7,,0.9,0
lagos,06/07/2013,27.2,23,25,91.5,0.3,100,4.17,rain,25.9,234.2,1014.7,54.8,,0.94,0
lagos,07/07/2013,28.6,23.9,25.5,91.2,5.3,100,25,rain,22.3,245,1014.8,73.2,,0.97,0
lagos,08/07/2013,25.6,23.8,24.4,94.1,38,100,4.17,rain,22.3,256.3,1015.7,71,,0,0
lagos,09/07/2013,28.9,23,25.5,87.4,40,100,4.17,rain,25.5,263.2,1015.9,48,,0.04,0
lagos,11/07/2013,26.1,23.7,24.9,91.7,1,100,4.17,rain,24.1,240.6,1014.3,74.6,,0.11,0
lagos,12/07/2013,28.4,22.7,25.1,92.1,69,100,8.33,rain,27.7,256.4,1015.1,70.3,,0.14,0
lagos,14/07/2013,27.6,24,25.3,91.7,4,100,4.17,rain,27.7,245.3,1014.8,68.2,,0.21,0
lagos,15/07/2013,28.1,24,25.6,91.6,0.1,100,4.17,rain,14.8,230.2,1015,63.6,,0.25,0
lagos,16/07/2013,27.1,23.8,25.3,91.3,4,100,4.17,rain,13,234.9,1016.2,62.4,,0.25,0
lagos,17/07/2013,28.3,23.6,25.7,90.5,4,100,4.17,rain,35.3,229.2,1016.1,62.3,,0.32,0
lagos,18/07/2013,27.7,24,25.4,88.7,0.6,100,25,rain,22.3,236.5,1015.4,61.2,,0.35,0
lagos,19/07/2013,25.6,23.7,25,87.7,0.9,100,37.5,rain,23.8,217.9,1015.5,55.8,,0.39,0
lagos,20/07/2013,25.6,25,25.3,86.4,4.8,100,58.33,rain,22,225.8,1015.8,72.8,,0.42,0
lagos,21/07/2013,25.5,21.9,24.4,88.5,6,100,4.17,rain,22.7,224.5,1014.7,63.1,,0.45,0
lagos,22/07/2013,25.3,24.9,25.2,83.8,1.9,100,58.33,rain,20.9,227.5,,46.4,,0.5,0
lagos,23/07/2013,28,24,25.8,89.4,0.5,100,8.33,rain,25.9,253.3,1012.1,64.8,,0.52,0
lagos,24/07/2013,26,21,24,92.8,42,100,8.33,rain,31.8,257.8,1013.8,74.8,,0.56,0
lagos,25/07/2013,26.2,23.7,24.8,92.2,1,100,4.17,rain,20.5,255.6,1016.3,63.3,,0.59,0
lagos,27/07/2013,28.1,24,25.5,89.5,0.2,100,4.17,rain,27.7,248.8,1014.1,67.7,,0.66,0
lagos,28/07/2013,28.4,24,25.4,89.4,0.7,100,8.33,rain,29.5,249.3,1014,61,,0.69,0
lagos,07/08/2013,27.1,23.8,25.1,84.9,0.1,100,4.17,rain,29.5,254.1,1011.9,70.1,,0.02,0
lagos,26/08/2013,27.1,23.9,25,88.6,2.3,100,33.33,rain,20.5,213.4,1012.4,58.6,,0.67,0
lagos,28/08/2013,28,24,25.6,87.8,1.4,100,20.83,rain,27.7,242.7,1014.4,71.2,,0.75,1
lagos,29/08/2013,29,23.7,25.3,89.5,4,100,4.17,rain,24.1,262.3,1014.3,55.4,,0.77,1
lagos,30/08/2013,29.1,24,25.9,86.9,4,100,4.17,rain,31.2,249.7,1014.4,69,,0.8,0
lagos,31/08/2013,28,24,25.1,89,0.2,100,8.33,rain,31.7,254.4,1013.4,64.1,,0.84,0
lagos,01/09/2013,27.1,24,25.2,89.4,7,100,4.17,rain,27.4,252.8,1012.8,69.7,,0.87,0
lagos,02/09/2013,28.4,24,25.9,87.4,0.8,100,25,rain,25.9,221.9,1013.9,60.8,,0.9,0
lagos,05/09/2013,27.2,24,25.3,91.3,3,100,8.33,rain,33.5,243.7,1013.7,59.1,,0,0
lagos,06/09/2013,29.4,24,25.9,87.6,1,100,4.17,rain,29.5,230.1,1013.6,63,,0.03,0
lagos,08/09/2013,28.1,23.7,25.3,90.4,13,100,4.17,rain,27.7,263.5,1013.6,71.9,,0.11,0
lagos,09/09/2013,26.2,23.8,25,92.7,6,100,4.17,rain,24.8,233.1,1013.6,66.4,,0.14,0
lagos,13/09/2013,28.1,23.7,25.8,86.2,0.2,100,8.33,rain,33.5,259.9,1014,70.9,,0.29,0
lagos,14/09/2013,29.2,21,25.4,89.7,9,100,4.17,rain,25.9,232.3,1014.6,55.3,,0.32,0
lagos,20/09/2013,30.5,23.2,26.3,87.5,5,100,4.17,rain,29.5,231.1,1012,60.9,,0.53,0
lagos,21/09/2013,29,23,25.5,89.6,0.2,100,4.17,rain,27.7,252.1,1012.5,60.6,,0.56,0
lagos,22/09/2013,27.3,24.8,25.7,91.6,27,100,12.5,rain,27.7,258.3,1012.6,60.6,,0.6,0
lagos,23/09/2013,27,24,25.1,94.3,10,100,4.17,rain,33.5,253,1012.9,73.9,,0.63,0
lagos,24/09/2013,28.5,23.7,25.7,89.6,1.3,100,8.33,rain,33.5,219.1,1014.4,61.2,,0.66,0
lagos,25/09/2013,28.7,23.6,25.6,87,0.4,100,16.67,rain,24.1,232.3,1014.5,42.8,,0.69,0
lagos,26/09/2013,28.6,23,25.5,89.6,0.7,100,12.5,rain,23.8,238.8,1013.9,52.2,,0.72,0
lagos,27/09/2013,27,22.7,25,91.5,16,100,8.33,rain,22.3,219.9,1013.5,57.2,,0.75,0
lagos,28/09/2013,27,23.8,24.7,93.9,2,100,4.17,rain,24.1,189.6,1014.2,65.8,,0.79,0
lagos,02/10/2013,29,24.8,26.2,87.1,0.2,100,8.33,rain,22.3,238,1012.2,57,,0.92,0
lagos,03/10/2013,28,24.8,25.9,87.1,0.3,100,12.5,rain,25.9,207.7,1012.2,68.8,,0.95,0
lagos,04/10/2013,25.4,23.9,24.8,91,3,100,4.17,rain,20.5,253.1,1014,76.3,,0.98,0
lagos,05/10/2013,29,25,26.1,87.7,1.5,100,37.5,rain,27.7,232,1011.8,78.6,,0,0
lagos,06/10/2013,26.3,22,25.4,88.8,0.3,100,12.5,rain,19.1,229.2,1014.3,57.9,,0.05,0
lagos,07/10/2013,28.6,20.9,24.5,86.9,20,100,4.17,rain,14.8,216.3,1013.8,40.6,,0.09,0
lagos,08/10/2013,29,22,25.4,88.4,0.3,100,12.5,rain,18,242.4,1013.1,64.5,,0.12,0
lagos,09/10/2013,30,24,26.6,87.4,1,100,25,rain,22.3,221.4,1012.9,68,,0.16,0
lagos,10/10/2013,30,24,26.2,87.9,6,100,4.17,rain,29.5,241,1012.9,56.1,,0.19,0
lagos,11/10/2013,30,23,26,88.5,10,100,4.17,rain,22,244.6,1013.1,51.1,,0.23,0
lagos,13/10/2013,30,24,26.7,84.8,0.2,100,8.33,rain,29.5,217.6,1012.4,65.8,,0.3,0
lagos,14/10/2013,29.4,22,26.1,85.8,30,100,4.17,rain,18.4,213.5,1011.9,54.8,,0.34,0
lagos,15/10/2013,28,23,25.7,89.2,10,100,8.33,rain,25.9,184.4,1013,62.7,,0.37,0
lagos,16/10/2013,30.5,23.5,26.8,87.8,0.1,100,4.17,rain,15.1,222.9,1012.9,42.9,,0.41,0
lagos,18/10/2013,31,24,27,83.7,0.3,100,8.33,rain,20.5,205.8,1012.3,53.3,,0.48,0
lagos,19/10/2013,31,24.7,27.3,84.1,0.3,100,4.17,rain,18.4,228,1012.2,53.1,,0.5,0
lagos,20/10/2013,30.8,24.4,27.4,84,0.1,100,4.17,rain,27.7,212.4,1012,55.9,,0.55,0
lagos,21/10/2013,29.6,22,25.6,86.8,12,100,8.33,rain,16.6,196.3,1012.5,52.5,,0.58,0
lagos,22/10/2013,29.5,23,25.8,85.5,2,100,4.17,rain,20.5,187.3,1012.5,54.4,,0.61,0
lagos,23/10/2013,31.4,22.6,26.7,83.5,9,100,4.17,rain,15.5,220.7,1012.6,52.3,,0.64,0
lagos,28/10/2013,31.4,25.5,27.1,86.3,5,100,4.17,rain,20.5,213.2,1012.8,72.5,,0.8,0
lagos,29/10/2013,29.2,24.2,26.6,88,3.2,100,54.17,rain,17.3,199.3,1012.5,85.4,,0.84,0
lagos,30/10/2013,30.8,24.9,27.4,84.5,1,100,33.33,rain,27.7,194,1010.5,67.1,,0.87,0
lagos,31/10/2013,31,24.8,26.7,88.1,0.7,100,29.17,rain,22.3,236.4,1010.8,59.1,,0.9,0
lagos,01/11/2013,28.1,24,26.1,88.1,2.2,100,41.67,rain,18.7,226.5,1010.3,62.3,,0.93,0
lagos,02/11/2013,30.2,25,27.1,86.4,8,100,4.17,rain,19.4,227.5,1009.5,66.4,,0.97,0
lagos,03/11/2013,31,21.6,25.9,86.4,24,100,4.17,rain,18.4,257.5,1010.3,52.6,,0,0
lagos,04/11/2013,32,23.9,25.6,89.5,56,100,4.17,rain,31.5,200.7,1011.1,50.5,,0.03,0
lagos,05/11/2013,29.6,24,25.8,88.5,49,100,4.17,rain,15.5,226,1012.9,49.8,,0.07,0
lagos,06/11/2013,30,23,25.9,88.3,2.3,100,37.5,rain,16.6,226.7,1012.6,55.6,,0.1,0
lagos,07/11/2013,27.5,26.9,27.1,85.9,0.3,100,4.17,rain,17.3,213.9,,41.6,,0.14,0
lagos,22/11/2013,31.5,25,27.6,83.4,0.4,100,16.67,rain,25.5,209.9,1009.6,61,,0.66,0
lagos,23/11/2013,29,24.9,26.7,85.4,0.1,100,4.17,rain,23,223.8,1010.8,61.4,,0.69,0
lagos,25/11/2013,30.6,24.5,27.1,84.6,0.1,100,4.17,rain,17.3,210.1,1009.9,51.2,,0.75,0
lagos,26/11/2013,30.4,24.2,27.1,83.8,0.3,100,12.5,rain,14.8,206.7,1009.2,59.2,,0.79,0
lagos,02/12/2013,29.4,25,27,85.3,35,100,4.17,rain,18.1,212.6,1011.5,52.6,,0.98,0
lagos,03/12/2013,28,24.8,26.5,88.6,0.2,100,8.33,rain,14.8,237,1012.4,47.6,,0,0
lagos,04/12/2013,32,24.9,27.2,87,0.1,100,4.17,rain,29.1,212.4,1012.5,56.7,,0.05,0
lagos,05/12/2013,31.4,24,27.3,85.7,0.2,100,4.17,rain,18.7,219.7,1011.7,55.4,,0.08,0
lagos,06/12/2013,30,24,26.6,84.7,0.2,100,8.33,rain,19.4,230.5,1011.1,54,,0.12,0
lagos,07/12/2013,29,24,25.3,87,4,100,4.17,rain,21.8,224.1,1011.1,53.3,,0.15,0
lagos,08/12/2013,32,23,26.2,85.2,3,100,4.17,rain,18.4,261.9,1011.5,52.7,,0.19,0
lagos,09/12/2013,33,23.9,27.3,84.2,7,100,4.17,rain,20.5,197.1,1011.1,52.2,,0.25,0
lagos,11/12/2013,30.8,25,27.5,84.9,0.2,100,8.33,rain,25.2,224.5,1012.6,57.1,,0.29,0
lagos,12/12/2013,32,24,27.3,87,0.1,100,4.17,rain,27.7,214,1012.7,53.3,,0.33,0
lagos,28/12/2013,27.9,27.1,27.5,85.8,0.3,100,12.5,rain,15.8,231.6,,78.4,,0.87,0
lagos,29/12/2013,28.1,27.1,27.5,85.1,0.7,100,29.17,rain,20.5,232.3,,95,,0.9,0
lagos,30/12/2013,27.7,27,27.3,85.9,0.4,100,16.67,rain,20.9,224.7,,94.3,,0.93,0
Lagos,01/01/2014,32,23,27.9,76,0.5,100,20.83,rain,29.5,197,1011.2,40.7,,0,0
Lagos,02/01/2014,30.5,23.8,26.1,79.3,12,100,4.17,rain,16.6,215.7,1010.7,43.1,,0.03,0
Lagos,04/01/2014,32.5,23,26.7,81.9,0.1,100,4.17,rain,16.6,258.8,1011.4,51.2,,0.1,0
Lagos,06/01/2014,31.7,23,26.5,84.9,0.3,100,8.33,rain,18.4,259.9,1010.5,31.7,,0.17,0
Lagos,07/01/2014,31.8,24,26.5,79.9,1,100,33.33,rain,22.3,235.4,1011.3,32,,0.2,0
Lagos,08/01/2014,27.7,26.5,27,83.5,3.6,100,66.67,rain,15.8,187.6,,1.2,,0.25,0
Lagos,09/01/2014,31,26,27.4,82.2,2.4,100,54.17,rain,16.2,199.5,1010.4,20.9,,0.27,0
Lagos,10/01/2014,28.1,26.8,27.3,83,7.2,100,91.67,rain,14,206.6,,83,,0.31,0
Lagos,11/01/2014,27.9,26.8,27.2,84.7,0.1,100,4.17,rain,14.4,194.3,,93.2,,0.34,0
Lagos,16/01/2014,32.9,27,27.8,84.4,0.3,100,12.5,rain,16.9,207.2,1010.8,51.2,,0.5,0
Lagos,17/01/2014,31.7,25.4,27.5,86.8,13,100,4.17,rain,18.4,224.9,1011.9,81.9,,0.54,0
Lagos,18/01/2014,32.2,24.6,27.6,86.6,1,100,41.67,rain,25.9,239.3,1011.6,75.4,,0.58,0
Lagos,19/01/2014,35.4,24.4,28,83.5,1.1,100,45.83,rain,25.9,254.3,1011.6,80.9,,0.61,0
Lagos,20/01/2014,32.6,25.6,27.6,83.2,0.6,100,25,rain,25.9,245.1,1011.8,65.1,,0.64,0
Lagos,21/01/2014,32.8,24,27.2,85.5,0.6,100,8.33,rain,29.5,250.9,1011.4,59.2,,0.68,0
Lagos,22/01/2014,30.5,25,26.9,87.9,0.4,100,4.17,rain,25.9,255.8,1010.7,50.3,,0.71,0
Lagos,24/01/2014,31.3,24,27.1,86.5,1,100,8.33,rain,27.7,256.8,1009.9,50.1,,0.75,0
Lagos,25/01/2014,33.2,21,26.6,83.4,46,100,8.33,rain,40.7,230.6,1010.1,51.9,,0.81,0
Lagos,10/02/2014,32,25,27.6,85.1,0.6,100,20.83,rain,31.1,205.1,1011,67.6,,0.35,0
Lagos,11/02/2014,32,25,27.3,87,18,100,4.17,rain,64.8,205.8,1010.9,45.6,,0.38,0
Lagos,12/02/2014,30,25.1,27.1,85.6,18,100,4.17,rain,13,197.2,1010,52.8,,0.42,0
Lagos,13/02/2014,28.1,27.5,27.8,84.4,2.6,100,100,rain,15.5,210.5,,75,,0.45,0
Lagos,14/02/2014,28.3,27.3,27.7,85.1,4.8,100,100,rain,18.4,217.7,,65.1,,0.48,0
Lagos,15/02/2014,27.8,27.4,27.6,85,1.6,100,58.33,rain,16.6,221.9,,76.6,,0.5,0
Lagos,16/02/2014,27.9,27.2,27.6,84.5,1.1,100,45.83,rain,20.5,225.9,,72.1,,0.55,0
Lagos,17/02/2014,28.2,24,27.7,80.1,0.4,100,16.67,rain,14.4,204.7,1011,63.9,,0.59,0
Lagos,20/02/2014,32.9,27.3,27.9,84.4,0.9,100,37.5,rain,19.8,218.5,1010.7,77.3,,0.69,0
Lagos,21/02/2014,31,26.1,28,85.7,0.5,100,20.83,rain,19.8,220.6,1010.6,89.7,,0.73,0
Lagos,22/02/2014,35.4,27.6,28.3,85.5,1.9,100,70.83,rain,21.6,227.9,,86.1,,0.75,0
Lagos,23/02/2014,29.6,26.6,28.1,88.2,2.5,100,83.33,rain,22,224.7,1008.8,83.8,,0.8,0
Lagos,24/02/2014,32,27.6,28.1,83.7,3.7,100,95.83,rain,28.4,231,1008,73.5,,0.83,0
Lagos,25/02/2014,28.3,27.2,27.8,80.8,3.5,100,100,rain,27,207.8,,69.1,,0.86,0
Lagos,26/02/2014,27.8,26.9,27.5,86.4,1.9,100,75,rain,19.1,213.3,,63.3,,0.9,0
Lagos,27/02/2014,28.2,27.7,28,83.3,2.4,100,79.17,rain,20.9,223.3,,69.4,,0.93,0
Lagos,28/02/2014,28.1,27.7,27.9,85.7,3.8,100,100,rain,23.4,227.4,,83,,0.97,0
Lagos,01/03/2014,28,27.2,27.6,86.1,2.5,100,70.83,rain,19.4,234.4,,75.1,,0,0
Lagos,02/03/2014,31,27.9,28.2,79.8,1.2,100,50,rain,20.5,206.7,1012,74.5,,0.04,0
Lagos,03/03/2014,32,26.7,27.9,82.5,1,100,41.67,rain,18.4,198.8,1008,77.8,,0.07,0
Lagos,04/03/2014,33,27.4,28.8,79.7,1.3,100,54.17,rain,24.1,199.6,1008.1,49.4,,0.1,0
Lagos,05/03/2014,29,26,28,84.1,2.7,100,91.67,rain,27.7,210.4,1011,84.3,,0.13,0
Lagos,06/03/2014,31.2,24,27.2,86.1,5,100,4.17,rain,16.2,202.9,1011.5,89.8,,0.17,0
Lagos,11/03/2014,30,26.2,28.2,84.1,10,100,4.17,rain,24.1,210.6,1010.6,72.1,,0.33,0
Lagos,12/03/2014,32,26,28.6,81.4,261,100,4.17,rain,16.6,208.8,1012,47.2,,0.36,0
Lagos,16/03/2014,32.6,28,28.5,84.8,1.9,100,79.17,rain,27.7,223.5,1008.8,68.1,,0.5,0
Lagos,17/03/2014,29.7,27.7,28.1,86.3,2.5,100,62.5,rain,22.3,221.9,1009.1,65.5,,0.53,0
Lagos,18/03/2014,33.2,26.1,28.5,83.4,2.1,100,70.83,rain,22.3,229,1012,79,,0.56,0
Lagos,19/03/2014,33.4,27,28.7,83.4,1.1,100,45.83,rain,23.2,220.6,1009.9,64.7,,0.6,0
Lagos,20/03/2014,32.2,27,28.5,84,1.1,100,41.67,rain,25.6,208.8,1010.9,63.8,,0.63,0
Lagos,21/03/2014,33,25.9,28.6,83.1,2.9,100,95.83,rain,21.6,233.1,1010,72.8,,0.67,0
Lagos,22/03/2014,28.9,28.3,28.6,83.8,5,100,100,rain,22,230.7,,59.8,,0.7,0
Lagos,23/03/2014,32.9,28.2,28.8,83.3,6.7,100,91.67,rain,29.4,228,1009.8,83.1,,0.74,0
Lagos,24/03/2014,29.2,24,27.5,83.2,3.7,100,62.5,rain,29.5,186.7,1013,81.7,,0.75,0
Lagos,25/03/2014,31,24.7,27.9,82.6,1.9,100,75,rain,20.2,221.1,1011.8,63.4,,0.81,0
Lagos,26/03/2014,28.6,27,28.2,82.4,3.8,100,91.67,rain,24.5,229.5,1011.5,77.4,,0.85,0
Lagos,27/03/2014,28.2,27.6,27.9,85.7,9.9,100,100,rain,30.2,231.3,,84.8,,0.88,0
Lagos,28/03/2014,31.6,26,27.7,81.3,2.1,100,54.17,rain,29.5,222.7,1011.2,72.3,,0.92,0
Lagos,29/03/2014,32,27,28.5,81.9,7.8,100,70.83,rain,33.5,212.9,1011.2,67.1,,0.95,0
Lagos,30/03/2014,32,27,28.6,82.8,3.9,100,70.83,rain,21.2,217.3,1011.2,70.9,,0,0
Lagos,31/03/2014,28.7,28.2,28.5,82.3,6.1,100,100,rain,19.1,217.4,,73.1,,0.02,0
Lagos,01/04/2014,33,28,29.6,78.6,0.1,100,4.17,rain,22.3,214.2,1011.6,57.9,,0.05,0
Lagos,06/04/2014,28.8,28.4,28.5,83.7,3.9,100,95.83,rain,21.2,233.7,,71.6,,0.21,0
Lagos,07/04/2014,28.7,28,28.4,85.4,4.2,100,100,rain,19.8,219.7,,72.7,,0.25,0
Lagos,08/04/2014,28.6,28.2,28.3,84.3,5.2,100,100,rain,19.8,236,,65.3,,0.28,0
Lagos,09/04/2014,32,28,29,79.6,5.3,100,54.17,rain,20.5,217.5,1011.9,66.8,,0.31,0
Lagos,10/04/2014,34,23,28.2,79.4,3.4,100,25,rain,46.4,243.6,1011,47.5,,0.34,0
Lagos,11/04/2014,31,26,28,83.6,0.2,100,4.17,rain,21.6,213.4,1011.7,42.4,,0.38,0
Lagos,13/04/2014,29,22,26.8,86.2,0.3,100,8.33,rain,27.7,218.6,1011.8,53.9,,0.44,0
Lagos,15/04/2014,33,25,28.9,80.4,0.2,100,8.33,rain,18.4,196.9,1011.6,57.9,,0.5,0
Lagos,16/04/2014,33,25,28.9,80.7,0.3,100,8.33,rain,25.9,219.3,1010.6,43.5,,0.54,0
Lagos,18/04/2014,30.2,24,26.8,87.2,24,100,8.33,rain,40.7,205.2,1010.1,54.9,,0.61,0
Lagos,19/04/2014,33,23,28.2,82.5,0.9,100,4.17,rain,16.6,247.6,1011,49,,0.65,0
Lagos,20/04/2014,32,23,26.7,89.3,47,100,4.17,rain,24.1,242.1,1010.1,52.2,,0.68,1
Lagos,21/04/2014,33,22.9,27.9,83.1,4.3,100,29.17,rain,19.8,219.9,1009.7,55.4,,0.72,0
Lagos,22/04/2014,30,23,27.3,91.4,18,100,4.17,rain,40.7,236.5,1010.7,52,,0.75,0
Lagos,23/04/2014,33,25.1,28.7,84.1,1,100,12.5,rain,29.5,220.1,1010.6,59.8,,0.79,0
Lagos,24/04/2014,32,23,27.7,88.1,34,100,4.17,rain,25.6,230.6,1009.9,51.1,,0.83,0
Lagos,01/05/2014,32,24,27.9,81.2,0.5,100,4.17,rain,27.7,267.6,1010.5,45.6,,0.07,0
Lagos,02/05/2014,30,25,27.1,85.5,0.2,100,8.33,rain,46.4,122.4,1011.2,53.6,,0.1,0
Lagos,03/05/2014,33,24.9,28.4,83.1,0.2,100,4.17,rain,18.4,182.5,1010.5,51.1,,0.14,0
Lagos,04/05/2014,33,25,28.8,82.9,0.1,100,4.17,rain,18.4,212.9,1009.4,52.3,,0.17,0
Lagos,05/05/2014,34,26,28.1,87.9,17,100,4.17,rain,42.5,240.9,1009.5,69,,0.2,0
Lagos,06/05/2014,31,24,27.1,88.8,1.9,100,8.33,rain,51.8,307.6,1011.5,60.8,,0.23,0
Lagos,07/05/2014,30,24.2,27.1,88.6,5.1,100,8.33,rain,15.5,228.4,1011.9,62.4,,0.25,0
Lagos,08/05/2014,30,25.4,27.5,87.8,2,100,12.5,rain,22.3,140.4,1012,48.6,,0.3,0
Lagos,09/05/2014,31,26,28,81.6,4.9,100,29.17,rain,20.5,175.5,1011.9,59.9,,0.33,0
Lagos,10/05/2014,33,25,28.5,82,1.5,100,12.5,rain,12.2,209.6,1011.4,52.6,,0.36,0
Lagos,11/05/2014,30,23,26.6,86.1,83,100,8.33,rain,18.4,285.1,1010.5,51.4,,0.39,0
Lagos,12/05/2014,33,25,28.5,84.9,0.1,100,4.17,rain,25.9,193.5,1010.4,50.1,,0.42,0
Lagos,13/05/2014,30,25.8,27.7,86.8,3.2,100,37.5,rain,22.3,186.5,1010.9,58,,0.46,0
Lagos,14/05/2014,30,24,27.2,87.6,18,100,8.33,rain,22.3,203.1,1013,66.4,,0.5,0
Lagos,15/05/2014,32,23.1,27.1,84.7,66,100,4.17,rain,27.7,47.7,1011.7,40.2,,0.52,0
Lagos,16/05/2014,32,25.7,27.8,84.3,3.2,100,29.17,rain,16.2,209.8,1009.9,41.2,,0.56,0
Lagos,17/05/2014,33,25,28.2,84.9,0.1,100,4.17,rain,18.4,190.3,1010.2,47.4,,0.6,0
Lagos,19/05/2014,32.2,23.8,28.3,83.1,39,100,4.17,rain,18.4,249.4,1012,70.1,,0.67,0
Lagos,20/05/2014,29,23,26.1,89.4,34,100,4.17,rain,14.8,27.3,1011.9,34.4,,0.7,0
Lagos,26/05/2014,31.9,26,28.2,85.8,2,100,4.17,rain,20.5,207.9,1012,57.5,,0.92,0
Lagos,27/05/2014,28.1,22.1,25.8,89.1,51,100,8.33,rain,98.3,34.6,1011.7,61.8,,0.95,0
Lagos,28/05/2014,31.8,25,27.8,83.2,1.4,100,4.17,rain,25.9,196,1011.3,54.1,,0,0
Lagos,29/05/2014,31,24,26.7,89.5,145,100,8.33,rain,15.8,211.3,1012.3,66.7,,0.02,0
Lagos,30/05/2014,32,25,27.6,83.2,2.2,100,8.33,rain,16.6,203.6,1012,46.4,,0.05,0
Lagos,31/05/2014,33,24.9,28.6,81.2,0.2,100,4.17,rain,25.9,225.7,1011.4,45.1,,0.09,0
Lagos,01/06/2014,31,23,25.7,92.6,21,100,8.33,rain,20.5,262,1010.9,48.7,,0.12,0
Lagos,02/06/2014,31,22.9,26.3,86.7,0.1,100,4.17,rain,20.5,216.2,1011.3,37.9,,0.15,0
Lagos,03/06/2014,32,24,27.2,81.8,0.1,100,4.17,rain,18.4,208.4,1010.8,44.5,,0.18,0
Lagos,04/06/2014,32,25.8,28.2,81.7,0.8,100,4.17,rain,20.5,221.7,1009.8,58.1,,0.22,0
Lagos,05/06/2014,31,23.9,26.8,88.9,48,100,8.33,rain,22.3,209.5,1010.8,68.5,,0.25,0
Lagos,06/06/2014,27.2,23,25.1,93.1,38,100,8.33,rain,25.9,291.2,1011.8,64.9,,0.28,0
Lagos,07/06/2014,28.8,23,25.7,87.2,1.6,100,8.33,rain,17.3,268.6,1012.3,46.8,,0.31,0
Lagos,09/06/2014,33,24.8,28,82.9,0.3,100,4.17,rain,24.1,193.4,1011.8,54.1,,0.38,0
Lagos,10/06/2014,30,25.8,27.2,88.4,7,100,4.17,rain,24.1,242,1012.4,61.9,,0.41,0
Lagos,11/06/2014,32,23,27.4,80.6,0.5,100,8.33,rain,22.3,257,1013.1,55.3,,0.44,0
Lagos,12/06/2014,27.2,22.9,25.1,93.8,42,100,4.17,rain,37.1,212.8,1013.9,53.1,,0.48,0
Lagos,13/06/2014,30.8,23,26.7,86.7,0.4,100,8.33,rain,18.4,246.1,1013.4,52.1,,0.5,0
Lagos,14/06/2014,32,25,27.4,86.8,0.4,100,8.33,rain,29.5,225.2,1013.7,54.5,,0.55,0
Lagos,15/06/2014,31,25,27.7,86,0.9,100,12.5,rain,24.1,215.6,1014.1,64.1,,0.58,0
Lagos,16/06/2014,31,23,26.8,89,0.3,100,8.33,rain,25.9,221.3,1013.7,60.2,,0.62,0
Lagos,17/06/2014,30,22,25.8,88.3,14,100,8.33,rain,25.9,247,1014.1,46.4,,0.65,0
Lagos,18/06/2014,29,25.1,26.6,88.2,4.7,100,79.17,rain,18.7,225.1,1015,77.6,,0.69,0
Lagos,19/06/2014,30.2,25,27.3,88.1,11,100,4.17,rain,22.3,218,1014.7,67.2,,0.75,0
Lagos,20/06/2014,29,24.2,27.1,88.7,1,100,4.17,rain,25.7,233.5,1013.7,61.4,,0.76,0
Lagos,21/06/2014,31,24.9,27.7,86.4,0.2,100,4.17,rain,24.1,218.8,1013.8,57.2,,0.79,0
Lagos,22/06/2014,27,23.9,25.7,90.9,6,100,12.5,rain,27.7,208.4,1014.3,52.9,,0.83,0
Lagos,23/06/2014,29.1,24,26.1,88.5,0.7,100,29.17,rain,22.3,234.8,1016,50.7,,0.86,0
Lagos,25/06/2014,30,24,26.1,90.4,8,100,8.33,rain,24.1,227.9,1014.2,51.1,,0.93,0
Lagos,30/06/2014,31,25,26.8,86.5,6.8,100,50,rain,25.9,218.6,1013.4,61.4,,0.1,1
Lagos,01/07/2014,27.2,21,26.4,88.1,79,100,4.17,rain,16.6,214.4,1012.7,74,,0.14,1
Lagos,02/07/2014,28,24,25.8,92.7,61,100,4.17,rain,23,206.2,1014.7,68.7,,0.17,0
Lagos,03/07/2014,28,24,25.9,91.4,4.3,100,37.5,rain,23.4,249.1,1015.5,60.9,,0.2,0
Lagos,04/07/2014,29,22,25.8,89.4,6.2,100,62.5,rain,27.7,204.1,1014.9,77.5,,0.24,0
Lagos,05/07/2014,26.6,26.1,26.4,87.9,1.4,100,45.83,rain,23.8,216.3,,81.9,,0.25,0
Lagos,06/07/2014,26.4,26,26.2,86.4,0.4,100,16.67,rain,23.8,225.4,,78.5,,0.3,0
Lagos,13/07/2014,30,24,26.4,87.2,3,100,4.17,rain,22.3,220.6,1014.9,59.9,,0.53,0
Lagos,14/07/2014,29,24.9,26.6,88.4,3,100,4.17,rain,22.2,233.8,1014.4,56.8,,0.57,0
Lagos,15/07/2014,30.4,24.9,26.5,89.1,1.6,100,33.33,rain,24.8,229.4,1014.1,60.7,,0.6,0
Lagos,16/07/2014,28,23,25.7,89.2,15,100,4.17,rain,25.9,215.5,1014.6,75.3,,0.64,0
Lagos,17/07/2014,27,24,25.7,89.2,16,100,8.33,rain,32.4,240,1015.6,70.8,,0.67,0
Lagos,18/07/2014,27,23.9,25.1,92,0.8,100,20.83,rain,20.5,257.7,1016.5,54.2,,0.71,0
Lagos,20/07/2014,27,24,25.5,90.3,6,100,4.17,rain,25.9,217,1015.8,65.8,,0.78,0
Lagos,21/07/2014,28,24.2,25.8,89.7,4,100,4.17,rain,24.1,202.9,1016.1,72,,0.81,0
Lagos,23/07/2014,28,23.5,25.8,85.4,0.7,100,29.17,rain,24.1,232.2,1015.8,74.3,,0.88,0
Lagos,24/07/2014,27.8,23.1,25.4,89.7,4,100,4.17,rain,31.5,224.2,1015.7,66.3,,0.91,0
Lagos,25/07/2014,28,24,25.4,91.1,16,100,4.17,rain,22.3,217.1,1015.2,60.7,,0.95,0
Lagos,26/07/2014,27,24,25.3,93.2,0.1,100,4.17,rain,20.2,245.8,1014.8,57.7,,0,0
Lagos,27/07/2014,27,24,24.9,95,1.7,100,12.5,rain,24.1,220.5,1014,52.9,,0.02,0
Lagos,28/07/2014,26,23.1,24.7,93.9,11,100,8.33,rain,25.2,212.2,1014.7,65.5,,0.05,0
Lagos,29/07/2014,27.6,22.9,25.2,90.2,9,100,4.17,rain,22.3,235.1,1013.8,70.7,,0.08,0
Lagos,30/07/2014,28,24,25.5,90.6,0.5,100,12.5,rain,23.7,237,1014.3,63.4,,0.12,0
Lagos,31/07/2014,28,24,25.2,91.7,2,100,4.17,rain,25.9,239.5,1015.3,64.8,,0.15,0
Lagos,01/08/2014,27,24,25.1,93.4,8,100,4.17,rain,25.9,236.8,1015.6,64.9,,0.19,0
Lagos,02/08/2014,27.6,24,25.2,89.5,0.7,100,29.17,rain,24.5,226.8,1014.6,57.9,,0.22,0
Lagos,03/08/2014,27,23.7,25.4,89.4,0.6,100,12.5,rain,25.9,231.9,1015.3,60.1,,0.25,0
Lagos,04/08/2014,27.2,23.8,25,91.4,2,100,37.5,rain,25.9,233.3,1015.1,67.1,,0.25,0
Lagos,05/08/2014,26,23,24.7,91.7,22,100,4.17,rain,29.5,242.8,1014.6,61.6,,0.32,0
Lagos,06/08/2014,27,23,24.6,92.6,21,100,8.33,rain,25.8,230.8,1014.5,79.3,,0.35,0
Lagos,07/08/2014,29,23.8,25.5,89.4,5,100,8.33,rain,22.3,228.9,1014.3,70.7,,0.39,0
Lagos,08/08/2014,28,24,25.5,87.7,0.1,100,4.17,rain,29.2,227.6,1014.3,58.1,,0.42,0
Lagos,14/08/2014,27,22.4,24.8,84.4,0.1,100,4.17,rain,20.3,233.6,1015.2,58.8,,0.62,0
Lagos,15/08/2014,30,22,25.1,85.3,0.4,100,16.67,rain,29.5,234.6,1015.5,61.7,,0.66,0
Lagos,16/08/2014,26.7,23,25,85.7,0.1,100,4.17,rain,25.9,213.3,1014.3,73.5,,0.69,0
Lagos,18/08/2014,28,24,25.1,87.6,2.1,100,37.5,rain,20.9,243.7,1015.8,75,,0.76,0
Lagos,19/08/2014,24.7,22,24.5,91.6,6.5,100,91.67,rain,22.7,224.2,1015,85.3,,0.79,0
Lagos,20/08/2014,29,23,25.3,88.8,3.1,100,62.5,rain,20.5,214,1013.8,73.4,,0.83,0
Lagos,21/08/2014,25.2,22.4,24.6,91.9,23,100,4.17,rain,19.8,233.9,1016.1,76.7,,0.86,0
Lagos,22/08/2014,25,23,24.5,91.2,6.9,100,66.67,rain,24.8,239.9,1015,55.6,,0.89,0
Lagos,23/08/2014,27,24,25,88.7,3.4,100,45.83,rain,22.7,230,1014.6,68,,0.93,0
Lagos,24/08/2014,27,21.9,24.8,90.5,1.5,100,37.5,rain,18.4,228.6,1015,57.4,,0.96,0
Lagos,25/08/2014,29,23,25.5,88,7,100,50,rain,25.5,232,1013.6,75.7,,0,0
Lagos,26/08/2014,27,22,24.9,90.7,0.2,100,4.17,rain,35.6,216.8,1013.7,78.8,,0.03,0
Lagos,27/08/2014,29.6,23,25.2,88.9,2.4,100,25,rain,27.2,205.4,1014.8,57.7,,0.06,0
Lagos,28/08/2014,28,23,24.8,91,1,100,37.5,rain,20.5,248.6,1013.4,70.3,,0.1,0
Lagos,29/08/2014,25.4,22,24.6,92.3,31,100,4.17,rain,28.1,232.2,1012.4,69.8,,0.13,0
Lagos,30/08/2014,26.9,23,24.8,91.4,1.8,100,41.67,rain,25.9,222.9,1013.3,62.4,,0.17,0
Lagos,31/08/2014,29.1,24,25.5,87.7,1.2,100,37.5,rain,24.5,231.6,1012.6,77.6,,0.2,0
Lagos,01/09/2014,26.6,23.9,25,89,3,100,58.33,rain,27.4,233.3,1013.1,74.6,,0.24,0
Lagos,02/09/2014,28,24,25.4,86.4,0.8,100,33.33,rain,27.6,228.9,1014.6,73.4,,0.25,0
Lagos,04/09/2014,26.6,24,24.6,91.7,0.4,100,16.67,rain,25.2,237.1,1013.6,49.2,,0.34,0
Lagos,05/09/2014,27.9,24.5,25,90.5,0.3,100,4.17,rain,26.6,227.4,1011.9,70.3,,0.38,0
Lagos,06/09/2014,25.6,24.5,24.8,91,0.7,100,29.17,rain,22.3,203.3,1011.2,82.8,,0.41,0
Lagos,08/09/2014,25.6,23.9,24.9,91,2.2,100,66.67,rain,23,236.7,1014.9,57.9,,0.48,0
Lagos,09/09/2014,25.6,23.6,25.1,90,4.6,100,62.5,rain,25.6,219.9,1013.3,78.8,,0.5,0
Lagos,10/09/2014,28,24,25.3,89.9,2,100,4.17,rain,19.4,226.9,1012.9,63.1,,0.55,0
Lagos,11/09/2014,29,23,25.7,88,2.1,100,33.33,rain,26.3,237,1013.7,68,,0.58,0
Lagos,12/09/2014,28,21.1,24.8,90.9,14,100,4.17,rain,25.2,214.3,1013,51,,0.61,0
Lagos,14/09/2014,30,23.2,26,88.5,1.7,100,50,rain,19.4,229.1,1013.8,71.7,,0.68,0
Lagos,15/09/2014,30,24.1,26.2,88.4,3.8,100,54.17,rain,22.7,235.8,1013.2,72.1,,0.71,0
Lagos,16/09/2014,27.4,25,25.5,90.5,9.2,100,75,rain,22.7,235.1,1012.6,88.8,,0.75,0
Lagos,17/09/2014,28.7,24.2,25.4,91.3,11,100,4.17,rain,19.4,239.9,1013.4,83.3,,0.78,0
Lagos,18/09/2014,30,23,25.7,89.6,1.7,100,29.17,rain,22.3,222.6,1014,66.8,,0.81,0
Lagos,19/09/2014,28,25,25.7,89.6,1.8,100,50,rain,19.8,231.7,1015.1,66,,0.84,0
Lagos,20/09/2014,27.9,23,25.1,92.5,13,100,4.17,rain,21.2,218.2,1014.4,69.3,,0.87,0
Lagos,21/09/2014,27.1,23,25.6,89.3,8,100,8.33,rain,21.6,222.8,1014.4,64.7,,0.91,0
Lagos,22/09/2014,31,23.7,26.4,86.5,1.7,100,37.5,rain,24.1,230.8,1012.9,66.7,,0.94,0
Lagos,23/09/2014,28.1,25,25.8,89.2,5.9,100,58.33,rain,21.2,227.8,1013.5,77.3,,0.97,0
Lagos,24/09/2014,28,24,25.5,90.9,4,100,4.17,rain,19.4,230.8,1013.5,61.6,,0,0
Lagos,25/09/2014,30,25.1,26.4,86.6,15.2,100,58.33,rain,20.5,242.5,1013.8,70.6,,0.04,0
Lagos,26/09/2014,25.9,22,25.2,90,32,100,4.17,rain,20.9,233.5,1011.9,72.5,,0.08,0
Lagos,27/09/2014,28,21.9,25.3,85.3,30.2,100,79.17,rain,16.6,217.8,1012.7,61.6,,0.11,0
Lagos,28/09/2014,29.2,21.9,25.1,91.5,60,100,4.17,rain,18.4,220.3,1013.4,53.1,,0.15,0
Lagos,29/09/2014,29.6,22,25.5,89.8,8.3,100,70.83,rain,22,242.7,1013.3,60.9,,0.18,0
Lagos,30/09/2014,28.1,22.7,25.3,91.6,10.5,100,58.33,rain,24.1,229.5,1012.7,73.7,,0.22,0
Lagos,01/10/2014,26.3,22.7,25.5,88.9,8,100,4.17,rain,17.6,220.7,1013.1,73.2,,0.25,0
Lagos,02/10/2014,26.3,24.1,26,85.8,6.5,100,100,rain,18,238.8,,87.4,,0.29,0
Lagos,03/10/2014,26.2,23.9,26,87.8,20.6,100,87.5,rain,24.1,232,1013.7,76.8,,0.32,0
Lagos,04/10/2014,26.9,25.8,26.1,87.8,4.9,100,83.33,rain,20.2,196.9,,33.2,,0.36,0
Lagos,05/10/2014,29.2,25.4,26.7,83.8,4,100,62.5,rain,13.7,204.3,1010.9,57.6,,0.39,0
Lagos,06/10/2014,26.5,24.4,26.2,88.4,9.1,100,91.67,rain,18,239.6,1012,39.6,,0.43,0
Lagos,07/10/2014,26.9,26.1,26.4,87.9,14.4,100,95.83,rain,21.8,227.5,1010.5,43.9,,0.47,0
Lagos,08/10/2014,31,26.1,27.1,85,6.6,100,62.5,rain,17.6,227.2,1011.1,66.3,,0.5,0
Lagos,09/10/2014,31,25,27,85.7,1.2,100,25,rain,19.8,228.1,1011,66.8,,0.53,0
Lagos,10/10/2014,27,24,26.4,89.5,7.5,100,83.33,rain,21.6,227.6,1010.4,77.2,,0.56,0
Lagos,11/10/2014,26.6,22.9,25.8,90.7,45,100,8.33,rain,25.6,236.2,1011.8,77.8,,0.6,0
Lagos,12/10/2014,30.6,25.7,26.5,87.4,5.3,100,87.5,rain,19.1,235.4,1013,82.2,,0.63,0
Lagos,13/10/2014,31,24.4,26.7,86.6,9.3,100,66.67,rain,19.8,236.8,1013.7,89.2,,0.66,0
Lagos,14/10/2014,30.1,23.6,26.7,86.5,8.9,100,62.5,rain,20.5,240.7,1014.4,79.9,,0.69,0
Lagos,15/10/2014,31,24.8,27.1,85.9,3.6,100,58.33,rain,20.4,236.2,1013.4,73.7,,0.75,0
Lagos,16/10/2014,29,25,26.9,88.1,4,100,75,rain,22.3,241.7,1012.2,84.8,,0.76,0
Lagos,17/10/2014,31,25.5,27.4,87.1,2,100,4.17,rain,24.1,241.2,1010.4,90,,0.79,0
Lagos,18/10/2014,29.1,22.4,25.6,90.6,35,100,4.17,rain,55.4,241.1,1012.3,88,,0.82,0
Lagos,19/10/2014,30.1,21.9,25.7,87.8,7,100,4.17,rain,18.3,150.2,1011.8,84.9,,0.86,0
Lagos,20/10/2014,27.5,23.2,26.2,83.8,2,100,50,rain,14.8,205.8,1012.4,89,,0.89,0
Lagos,21/10/2014,27.2,26.3,26.7,86.9,1.5,100,45.83,rain,20.2,237.7,,39.8,,0.92,0
Lagos,22/10/2014,27.2,24.7,26.8,86.8,1.8,100,50,rain,19.8,228.4,1011.2,40.5,,0.95,0
Lagos,23/10/2014,27.1,26.7,26.9,85.4,5.1,100,75,rain,17.6,222.4,,48.7,,0,0
Lagos,24/10/2014,27.3,26.8,27,84.9,7.2,100,91.67,rain,17.3,240.6,1010,71.7,,0.02,0
Lagos,25/10/2014,26.8,26.2,26.4,84.6,11.7,100,79.17,rain,14.4,220,,82.6,,0.06,0
Lagos,26/10/2014,30,26.2,26.7,86.1,5.4,100,91.67,rain,20.9,202.6,1012.5,82.8,,0.09,0
Lagos,27/10/2014,32,26.5,27.6,83.5,7,100,83.33,rain,18.4,240.2,1011.3,84.9,,0.13,0
Lagos,28/10/2014,27,21.7,26.4,89.3,6.6,100,75,rain,21.2,233.5,1010.1,77.9,,0.16,0
Lagos,29/10/2014,29.6,26.3,26.9,85,3.6,100,62.5,rain,14,211.5,,80.3,,0.2,0
Lagos,30/10/2014,29.7,26.7,27.3,84.6,4.2,100,66.67,rain,24.1,228.1,,72.7,,0.23,0
Lagos,31/10/2014,27.1,26.9,27,84.5,4.7,100,95.83,rain,17.6,233.9,,82.5,,0.25,0
Lagos,01/11/2014,27.2,24.6,26.8,87.7,5.8,100,100,rain,19.8,237.7,,74.3,,0.3,0
Lagos,02/11/2014,31.6,26.5,27.2,86.8,2.7,100,79.17,rain,20.2,229.5,1008.9,59.2,,0.34,0
Lagos,03/11/2014,27.3,26.8,27.1,86.1,4.7,100,100,rain,15.5,232.1,,56.6,,0.38,0
Lagos,04/11/2014,27.3,22.6,26.8,87.6,25,100,4.17,rain,18,261.8,1011,86,,0.41,0
Lagos,05/11/2014,26.9,26.1,26.7,86.2,24.2,100,95.83,rain,20.9,256,,91.1,,0.45,0
Lagos,06/11/2014,30,24.9,26.6,83.6,6.9,100,50,rain,14.8,217.5,1014.2,73.5,,0.5,0
Lagos,07/11/2014,28.1,23.1,26.4,87.1,0.4,100,16.67,rain,12.2,185.1,1012.7,73.9,,0.52,0
Lagos,08/11/2014,27.6,24.4,26.9,87.4,0.8,100,33.33,rain,15.5,200.6,1011,69.7,,0.55,0
Lagos,09/11/2014,28,25,27.3,87.3,2.9,100,91.67,rain,20.9,227.9,1011.5,46.3,,0.58,0
Lagos,10/11/2014,31,26,27.9,85.8,3.9,100,50,rain,19.4,226.1,1010.5,67.1,,0.61,0
Lagos,11/11/2014,31,24,26.9,87.6,9,100,4.17,rain,20.2,223,1010.9,68.3,,0.65,0
Lagos,12/11/2014,34,24,27.3,83.9,0.2,100,8.33,rain,27.7,219.4,1010.5,67.2,,0.68,0
Lagos,14/11/2014,32,26,28,83.6,0.2,100,8.33,rain,24.1,209.9,1010.1,60.1,,0.75,0
Lagos,15/11/2014,31,24.1,27.2,87.9,0.2,100,8.33,rain,15.1,229.5,1010.9,53.7,,0.77,0
Lagos,16/11/2014,29,24.8,27.1,87.7,0.3,100,12.5,rain,19.8,236.5,1010.3,77.1,,0.81,0
Lagos,17/11/2014,30,25.1,27.9,85.9,4.2,100,54.17,rain,24.1,226.1,1009.9,78.4,,0.84,0
Lagos,18/11/2014,32,24,27.9,83.2,36,100,4.17,rain,25.2,211,1011.6,79.3,,0.87,0
Lagos,19/11/2014,31.4,24,27.3,85.2,3.1,100,41.67,rain,25.9,199.1,1012.3,68.8,,0.9,0
Lagos,20/11/2014,31,22,26,88.3,13,100,4.17,rain,14.8,218.1,1012,63.3,,0.93,0
Lagos,21/11/2014,32.1,26,27.7,84.3,4.2,100,54.17,rain,11.2,200,1011.8,71.3,,0.97,0
Lagos,27/11/2014,31,23,27,85.8,0.2,100,8.33,rain,12.6,236.4,1011.7,65.3,,0.18,0
Lagos,28/11/2014,28,24.4,26.7,89.2,5,100,4.17,rain,16.9,221.9,1011.4,73.2,,0.21,0
Lagos,01/12/2014,33,23,27.5,83.9,0.2,100,8.33,rain,18,233.3,1011.1,46.1,,0.32,0
Lagos,10/12/2014,33,24.8,27.6,86.8,1,100,4.17,rain,18.7,236.3,1010.5,64.4,,0.63,0
Lagos,11/12/2014,32,27,28.4,84.8,2,100,4.17,rain,19.8,227.6,1010.7,67.5,,0.66,0
Lagos,12/12/2014,34,26,28.4,83.7,99,100,4.17,rain,15.5,229.9,1010.4,52.1,,0.69,0
Lagos,30/01/2015,31.7,25.9,27.6,86.6,1,100,4.17,rain,24.1,232.5,1011.4,47.2,,0.34,0
Lagos,10/02/2015,34.4,26.1,28.6,83.6,1,100,20.83,rain,25.9,212.5,1009.9,61,,0.72,0
Lagos,11/02/2015,34,23.1,27.8,84.9,70,100,4.17,rain,20.9,222.8,1010,61.3,,0.75,0
Lagos,12/02/2015,33,26,29,80.3,4.6,100,50,rain,28.8,218.9,1011.3,73.4,,0.75,0
Lagos,13/02/2015,33,27.5,29.3,79.4,0.9,100,37.5,rain,28.8,231.9,1012.4,68,,0.82,0
Lagos,14/02/2015,34,26.9,29,83.1,0.4,100,12.5,rain,25.9,211.6,1012.1,66.5,,0.85,0
Lagos,16/02/2015,28.2,27,27.8,84.7,0.7,100,29.17,rain,19.4,232.1,1010.8,64.9,,0.92,0
Lagos,17/02/2015,34,27.6,29.4,78.1,1.1,100,45.83,rain,23.4,217.8,1009.9,63,,0.95,0
Lagos,18/02/2015,29,27,27.5,87.3,3.5,100,37.5,rain,25.6,197.8,1009.4,65.7,,0.98,0
Lagos,22/02/2015,28.2,27.4,27.8,83.9,1.1,100,45.83,rain,25.9,251.6,1009.9,82.6,,0.12,0
Lagos,23/02/2015,27.9,27.4,27.6,87.2,1.3,100,54.17,rain,19.1,231.5,1010.9,80.9,,0.15,0
Lagos,02/03/2015,28.7,27.6,28,83.7,0.3,100,12.5,rain,19.8,227.1,1009.5,87.9,,0.39,0
Lagos,07/03/2015,27.9,27.4,27.6,86.6,2,100,70.83,rain,19.8,215.7,1009.5,58.1,,0.56,0
Lagos,08/03/2015,28.3,27.5,27.9,86.3,3,100,87.5,rain,22,223.2,1009,69.9,,0.59,0
Lagos,09/03/2015,33.6,27.9,28.6,83.9,4.6,100,87.5,rain,21.6,217.2,1009.4,70.7,,0.63,0
Lagos,10/03/2015,28.6,27.8,28.2,86.5,2.7,100,87.5,rain,20.2,220.6,1009.9,78.1,,0.66,0
Lagos,11/03/2015,28.6,28.2,28.3,85.2,3.2,100,100,rain,22.3,211.3,1010.5,85.2,,0.69,0
Lagos,12/03/2015,28.7,28.1,28.3,84,5.1,100,100,rain,19.1,190.1,1008.7,35.6,,0.73,0
Lagos,13/03/2015,28.6,27.8,28.2,87.5,4.2,100,100,rain,21.2,205,1008.1,36.1,,0.75,0
Lagos,14/03/2015,28.8,28.1,28.4,85.4,3.8,100,100,rain,19.4,228.4,1007.4,33.8,,0.8,0
Lagos,15/03/2015,28.9,28.2,28.5,87.2,8.2,100,100,rain,25.9,228.8,1007.8,51.5,,0.83,0
Lagos,16/03/2015,28.2,27.5,27.9,85.3,7.3,100,100,rain,32.8,216.8,1009,81.1,,0.87,0
Lagos,17/03/2015,28,27.7,27.8,88.1,19,100,100,rain,21.2,200.6,1009.5,88.5,,0.9,0
Lagos,18/03/2015,28.3,27.6,27.9,84.8,12.6,100,100,rain,20.9,247.7,1008.4,86.5,,0.93,0
Lagos,19/03/2015,32.4,27.5,28.2,85.5,6.8,100,87.5,rain,18,225,1007.3,90.6,,0.97,0
Lagos,20/03/2015,33.6,26.1,28.6,84.6,12.8,100,70.83,rain,22,214.6,1007.4,91.9,,0,0
Lagos,21/03/2015,30.4,27.3,28.3,86.4,29.7,100,83.33,rain,22.3,220.2,1008.7,87.4,,0.04,0
Lagos,22/03/2015,28.2,27.2,27.8,85.8,12.5,100,95.83,rain,19.4,210.3,1009.3,72.5,,0.07,0
Lagos,23/03/2015,28.5,23.2,28.1,83.6,2.2,100,91.67,rain,17.6,234.6,1009,79,,0.1,0
Lagos,24/03/2015,34,26,29.2,82.7,2,100,20.83,rain,25.9,222.3,1008.7,59.7,,0.13,0
Lagos,25/03/2015,31,26.9,28.4,82.7,3.4,100,16.67,rain,20.5,241.7,1009.6,56.2,,0.17,0
Lagos,26/03/2015,28.5,27.9,28.2,81.2,4.4,100,58.33,rain,21.6,231.3,1011.1,80.3,,0.2,0
Lagos,27/03/2015,28.9,28.4,28.7,82.6,0.8,100,20.83,rain,24.5,245.1,1012.5,82.8,,0.25,0
Lagos,29/03/2015,28.5,28.1,28.3,86.5,0.1,100,4.17,rain,25.2,225.6,1010.7,75,,0.3,0
Lagos,30/03/2015,28.6,27.7,28.2,85.4,0.7,100,29.17,rain,20.9,221.3,1010.3,60.2,,0.33,0
Lagos,01/04/2015,27.7,27,27.4,78.3,5.1,100,58.33,rain,14,203.5,1011.5,93.5,,0.4,0
Lagos,02/04/2015,28.5,27.5,27.9,78.9,0.2,100,8.33,rain,16.6,230.1,1010.9,92.1,,0.43,0
Lagos,03/04/2015,28.2,27.5,27.9,87.5,3.3,100,100,rain,18.4,211.6,1009.7,80.5,,0.47,0
Lagos,04/04/2015,28.2,27.6,27.8,88.1,4.9,100,95.83,rain,18.4,222.4,1009.1,84,,0.5,0
Lagos,05/04/2015,32.9,26.8,28,86.8,7.3,100,66.67,rain,23.4,215.6,1009.4,63.7,,0.53,0
Lagos,06/04/2015,33,23.3,28,83.3,1.1,100,33.33,rain,19.8,222.5,1009.6,66.5,,0.57,0
Lagos,07/04/2015,28.1,27.8,27.9,85.8,1.4,100,58.33,rain,16.6,218.3,1010.4,81.6,,0.6,0
Lagos,08/04/2015,32.2,27,29.3,80.2,0.5,100,20.83,rain,18,202.7,1010.1,70.2,,0.64,0
Lagos,09/04/2015,32,23,28.7,81.5,1.1,100,29.17,rain,25.6,216.7,1010.2,58.8,,0.67,0
Lagos,10/04/2015,32,26.9,28.1,85.8,0.5,100,20.83,rain,17.3,206,1010.2,71.1,,0.71,0
Lagos,11/04/2015,32,25.8,28.4,82.1,1.9,100,54.17,rain,16.6,195.2,1010.7,75.8,,0.74,0
Lagos,12/04/2015,32,25,28.7,81.4,2.1,100,41.67,rain,16.6,207.8,1011.9,63,,0.75,0
Lagos,15/04/2015,34,26.1,28.9,84.5,2,100,4.17,rain,24.1,231.5,1010,54.2,,0.88,0
Lagos,16/04/2015,33,26,28.9,83,0.1,100,4.17,rain,21.2,219.3,1011,55.5,,0.92,0
Lagos,21/04/2015,34,27,29.4,78.6,2.7,100,50,rain,22,201.1,1010,54.9,,0.09,0
Lagos,22/04/2015,34.1,27,29.9,79.2,0.3,100,4.17,rain,14.8,200.4,1010.2,50.4,,0.12,0
Lagos,23/04/2015,33,23,28.6,83.1,5,100,4.17,rain,23,212.5,1010.4,59,,0.15,0
Lagos,24/04/2015,34,21.9,27.7,85,41,100,4.17,rain,27.6,213.5,1010.8,56.7,,0.18,0
Lagos,25/04/2015,33,23,27.7,84.8,0.6,100,8.33,rain,27.7,213.3,1011.6,46.7,,0.22,0
Lagos,27/04/2015,32.2,24.9,28.2,81.8,0.3,100,12.5,rain,14.4,197.7,1010.6,56.2,,0.28,0
Lagos,29/04/2015,32.3,23.8,28.1,83.7,3,100,4.17,rain,24.1,214.7,1010.3,56.1,,0.35,0
Lagos,03/05/2015,33,26.8,29.7,80,4.4,100,20.83,rain,21.2,197.4,1009.7,56.7,,0.48,0
Lagos,04/05/2015,33,25.8,29.1,81.1,6,100,4.17,rain,22.3,202.5,1009.3,50.6,,0.5,0
Lagos,05/05/2015,31.3,22.9,25.4,90.7,93,100,12.5,rain,24.1,295.4,1011.4,58.6,,0.55,0
Lagos,07/05/2015,34,25,29,81.8,0.1,100,4.17,rain,20.9,216.1,1010.6,48.2,,0.62,0
Lagos,09/05/2015,32,26,28.8,84.3,10,100,4.17,rain,18.6,219.8,1011.6,48.1,,0.69,0
Lagos,10/05/2015,32,25.8,28.8,84.3,0.1,100,4.17,rain,19.1,228.4,1011.1,62,,0.72,0
Lagos,11/05/2015,33,24.7,28.9,81.9,1.5,100,37.5,rain,18.4,230,1010.9,63.2,,0.75,0
Lagos,12/05/2015,33,25.9,28.5,82.3,1.3,100,20.83,rain,16.2,201.7,1011.1,53.5,,0.8,0
Lagos,13/05/2015,34,23,29,82.3,0.1,100,4.17,rain,18.4,212,1010.3,53.4,,0.83,0
Lagos,14/05/2015,29.1,24,26.5,87.9,0.1,100,4.17,rain,18.4,109.4,1010,39.3,,0.87,0
Lagos,15/05/2015,33,24.9,28.7,79.2,0.1,100,4.17,rain,16.8,186.4,1010.6,45.7,,0.9,0
Lagos,16/05/2015,34.5,24.8,28.2,81.4,0.1,100,4.17,rain,16.6,197.7,1010.9,42.6,,0.94,0
Lagos,21/05/2015,34,25,29.1,80.7,0.2,100,8.33,rain,15.8,195.9,1012,46.5,,0.11,0
Lagos,23/05/2015,28.2,23,25.6,92.9,42,100,8.33,rain,18.4,214.2,1012,49.1,,0.17,0
Lagos,27/05/2015,32,25.9,27.7,88.5,2.4,100,58.33,rain,23.8,205.4,1011,76.3,,0.3,0
Lagos,28/05/2015,32,25.8,27.9,86.8,13,100,8.33,rain,21.6,214.3,1010.2,61.1,,0.33,0
Lagos,29/05/2015,32,22.8,26.9,85.4,25,100,4.17,rain,40.7,155.3,1010,52.2,,0.36,0
Lagos,30/05/2015,32,24.9,28,81.9,0.6,100,25,rain,22.3,212.9,1010.6,64.5,,0.4,0
Lagos,31/05/2015,31,24.6,27.8,84.4,2,100,4.17,rain,22.7,180.8,1011.1,60.7,,0.43,0
Lagos,02/06/2015,28.1,21,25.8,92.8,30,100,8.33,rain,25.2,204,1010.5,63.1,,0.5,0
Lagos,03/06/2015,29,24,26.2,91.2,1,100,4.17,rain,20.2,238.1,1011.9,71.4,,0.53,0
Lagos,04/06/2015,30,25,27.1,88,1.4,100,29.17,rain,20.5,225.9,1012.1,66,,0.56,0
Lagos,05/06/2015,27.5,22,24.7,93.6,5,100,4.17,rain,51.8,322.9,1010.9,55.7,,0.6,0
Lagos,06/06/2015,31,23,26.5,86.1,1,100,12.5,rain,23.8,214.6,1011.4,58,,0.64,0
Lagos,07/06/2015,28.1,24.1,26.5,88.3,1.8,100,37.5,rain,22.3,218.4,1011.4,69.5,,0.67,0
Lagos,08/06/2015,30.2,25,26.9,86.5,0.4,100,8.33,rain,19.1,196.1,1011.6,66.6,,0.71,0
Lagos,09/06/2015,27.4,24,25.9,93.1,17,100,4.17,rain,19.1,223.2,1011.7,61.8,,0.75,0
Lagos,10/06/2015,30,23,26.2,90,31,100,4.17,rain,20.5,233.1,1012.1,60.8,,0.78,0
Lagos,11/06/2015,32,24,27.3,86.3,7,100,4.17,rain,17.6,228.4,1012.3,57.3,,0.82,0
Lagos,12/06/2015,30,24.9,26.7,85.9,0.4,100,8.33,rain,22.3,177.9,1012.2,52,,0.85,0
Lagos,14/06/2015,26,24,25,96.5,32,100,4.17,rain,14.8,186.9,1012,53,,0.92,0
Lagos,18/06/2015,30,25,26.9,87.7,0.1,100,4.17,rain,25.2,232.6,1010.6,55.6,,0.06,0
Lagos,19/06/2015,31,24.1,27.6,82.8,0.5,100,20.83,rain,23.8,227.6,1011.8,64,,0.09,1
Lagos,20/06/2015,27,22,24.7,93.8,1.6,100,16.67,rain,24.8,260.1,1012.7,61.6,,0.12,1
Lagos,21/06/2015,26.4,21.1,24,93.4,77,100,8.33,rain,24.1,206.6,1014.1,54.5,,0.16,0
Lagos,22/06/2015,28,22.9,24.9,93.2,14,100,4.17,rain,19.4,229.6,1014.6,59,,0.19,0
Lagos,23/06/2015,29.7,24,26.4,86.1,0.4,100,8.33,rain,20.5,224.6,1014.4,56.3,,0.22,0
Lagos,24/06/2015,31,24,26.8,83.9,0.1,100,4.17,rain,22.3,228.9,1014.6,57.6,,0.25,0
Lagos,25/06/2015,30,25,26.6,84.8,0.3,100,8.33,rain,25.2,225.1,1015.6,52.7,,0.29,0
Lagos,26/06/2015,29,25,26.9,85.3,0.5,100,16.67,rain,29.5,237.8,1014.8,64.1,,0.32,0
Lagos,27/06/2015,31,24.8,27.1,84.1,0.8,100,8.33,rain,20.5,230.7,1013.4,63.8,,0.35,0
Lagos,28/06/2015,26.4,24.4,25.8,90.7,9,100,8.33,rain,25.9,224.5,1014.2,74.5,,0.38,0
Lagos,29/06/2015,30.1,24,25.9,88.8,78,100,4.17,rain,25.2,223.2,1014.2,51.4,,0.41,0
Lagos,30/06/2015,28.9,24,26.1,88.8,2,100,4.17,rain,31.7,238.6,1013.3,62.3,,0.45,0
Lagos,02/07/2015,28,23,25.3,91.9,17,100,8.33,rain,26.6,245.7,1012.1,65.6,,0.5,0
Lagos,03/07/2015,28,24,25.5,91.3,4,100,4.17,rain,22,227.2,1012.5,68.6,,0.55,0
Lagos,04/07/2015,29,24,26.2,89.4,5,100,4.17,rain,20.4,238.7,1012.7,74.2,,0.58,0
Lagos,07/07/2015,31,24,26.9,87.5,0.9,100,4.17,rain,12.2,208.6,1010.9,61.4,,0.69,0
Lagos,09/07/2015,31.1,24,27.2,86.5,0.2,100,8.33,rain,16.6,237.3,1011.3,44,,0.76,0
Lagos,10/07/2015,26.2,22.9,25.1,93.1,4.9,100,29.17,rain,25.6,254.9,1012.5,60,,0.8,0
Lagos,11/07/2015,32,22.8,26.1,84.8,41,100,4.17,rain,18.4,238,1013,42.2,,0.84,0
Lagos,13/07/2015,31,24,26.9,84.2,0.3,100,12.5,rain,22.3,220.5,1011.5,54.5,,0.91,0
Lagos,15/07/2015,32,24.9,27.2,85.6,0.7,100,12.5,rain,25.9,223.3,1011.3,68.1,,0.98,0
Lagos,16/07/2015,26,24,25.3,91.9,14,100,4.17,rain,21.6,225.1,1012.6,65.2,,0,0
Lagos,18/07/2015,30.1,24.9,26.9,83.3,0.4,100,16.67,rain,23,219.8,1012.3,66.5,,0.08,0
Lagos,19/07/2015,29.7,25,26.6,86.1,0.3,100,12.5,rain,24.1,224,1011.7,67.5,,0.11,0
Lagos,25/07/2015,30,24,26.4,82.1,0.1,100,4.17,rain,27.7,238,1012.5,47.8,,0.31,0
Lagos,04/08/2015,28.2,24,25.9,85.9,2,100,4.17,rain,20.5,223.6,1011.7,68.8,,0.64,0
Lagos,08/08/2015,29.2,24.1,25.8,89.4,224,100,8.33,rain,21.5,234.2,1011.4,67.1,,0.78,0
Lagos,10/08/2015,26.5,23.9,25,90.2,3,100,4.17,rain,23.6,219.1,1010.3,67.6,,0.85,0
Lagos,15/08/2015,29,24,25.5,89.6,2,100,4.17,rain,22.3,218.6,1013.7,65.1,,0.03,0
Lagos,18/08/2015,28,24,25.7,88.5,0.1,100,4.17,rain,22.7,223.1,1012.9,64.8,,0.13,0
Lagos,20/08/2015,27,23.8,24.9,94.3,4,100,8.33,rain,13,219.2,1012.4,66.3,,0.19,0
Lagos,21/08/2015,29,24,25.2,91.2,5,100,4.17,rain,19.1,221.5,1012.3,67.1,,0.23,0
Lagos,23/08/2015,27.8,23,25,91.5,16,100,4.17,rain,23.8,229.9,1012,61.3,,0.29,0
Lagos,25/08/2015,29.8,23,25.7,86.7,7,100,4.17,rain,21.6,221.3,1013.8,62.8,,0.36,0
Lagos,26/08/2015,30,23.7,26.1,84.5,0.1,100,4.17,rain,24.3,228.4,1014.6,46.4,,0.39,0
Lagos,27/08/2015,27.1,24.8,25.4,88.6,0.9,100,25,rain,23.8,220,1013,61.7,,0.42,0
Lagos,28/08/2015,27.6,23.6,25.4,88.2,2,100,58.33,rain,27.7,223.2,1012.7,69.3,,0.46,0
Lagos,29/08/2015,29.4,24.7,25.7,86.4,1.2,100,50,rain,27.7,224.6,1014.6,70.6,,0.5,0
Lagos,31/08/2015,26.5,24,25.2,89.6,1.5,100,45.83,rain,28.4,241.7,1014.6,60,,0.56,0
Lagos,01/09/2015,29.9,23.9,25.7,86,0.8,100,33.33,rain,27,229.8,1014.1,69.3,,0.59,0
Lagos,02/09/2015,31,24.6,26.5,82.4,0.1,100,4.17,rain,23,225.4,1014.7,82.2,,0.63,0
Lagos,03/09/2015,27,24,25.4,86.7,0.5,100,20.83,rain,16.2,223.3,1014.8,39.2,,0.66,0
Lagos,04/09/2015,29.8,24,25.8,85.4,0.4,100,16.67,rain,19.8,229.7,1013.7,69.3,,0.7,0
Lagos,05/09/2015,25.9,25.5,25.6,88.7,3.4,100,87.5,rain,24.8,230.6,1013.3,84.1,,0.75,0
Lagos,06/09/2015,25.7,25.2,25.4,89.9,11.8,100,79.17,rain,24.1,221.7,1014.5,84.3,,0.76,0
Lagos,07/09/2015,29,25,25.8,86.6,2.1,100,66.67,rain,21.6,231,1014.3,72.9,,0.8,0
Lagos,08/09/2015,28,22.8,24.9,92,17,100,4.17,rain,27.3,224.7,1013.1,66.2,,0.83,0
Lagos,11/09/2015,27.8,22,24.4,94.2,12,100,4.17,rain,21.2,269.9,1013.8,52.2,,0.94,0
Lagos,13/09/2015,29,24.8,26.4,85.9,1,100,4.17,rain,24.1,220.7,1013.6,62.3,,0,0
Lagos,14/09/2015,28.1,24.8,25.7,89,0.1,100,4.17,rain,19.4,225.8,1014.7,61.9,,0.04,0
Lagos,15/09/2015,29.1,24,26,86.8,0.5,100,4.17,rain,26.8,233.8,1014.6,70.5,,0.07,0
Lagos,16/09/2015,28,24,25.7,86.6,0.3,100,8.33,rain,26.3,244.6,1014,66.1,,0.11,0
Lagos,17/09/2015,29,24.9,26.1,86.6,0.4,100,12.5,rain,27.2,233.3,1012.8,63.3,,0.14,0
Lagos,18/09/2015,28.8,25,26,87.7,0.1,100,4.17,rain,22.4,229.5,1012.8,58.5,,0.17,0
Lagos,19/09/2015,29,24.8,26.1,85.7,0.2,100,8.33,rain,18.7,232,1014.6,48.6,,0.21,0
Lagos,20/09/2015,28.2,24.2,25.9,88.2,54,100,8.33,rain,19.9,225.3,1015.4,56.3,,0.24,0
Lagos,21/09/2015,27,24,24.9,95,8,100,4.17,rain,19.1,229,1014.7,59.8,,0.25,0
Lagos,22/09/2015,29,23.7,26.2,87.7,3.4,100,37.5,rain,23,231.6,1013.7,71.5,,0.31,0
Lagos,23/09/2015,30,23.9,26.2,87,1,100,4.17,rain,22.3,244.9,1013.9,55.3,,0.34,0
Lagos,24/09/2015,28,22,25.2,93.7,15,100,4.17,rain,25.2,247.1,1013.8,61.3,,0.38,0
Lagos,25/09/2015,28,22,24.5,91.4,4,100,4.17,rain,16.6,261.6,1014.3,42.9,,0.41,0
Lagos,26/09/2015,30,24,26.5,85.8,0.2,100,8.33,rain,19.4,236,1013,60.4,,0.44,0
Lagos,27/09/2015,31,24.7,27.2,84.3,0.3,100,12.5,rain,22.3,254.4,1011.5,73.3,,0.48,0
Lagos,28/09/2015,28.3,25,26.3,89.7,3,100,4.17,rain,21.6,260.6,1012,55.9,,0.5,0
Lagos,29/09/2015,30,22.8,26.1,86.6,0.8,100,8.33,rain,24.1,247.7,1012.4,49.8,,0.54,0
Lagos,30/09/2015,29.7,24.8,26.4,86.9,3,100,4.17,rain,13,217.5,1012.8,50.4,,0.58,0
Lagos,02/10/2015,30,22,25.9,87.5,0.2,100,8.33,rain,27.7,227.9,1011.8,63.3,,0.65,0
Lagos,03/10/2015,30,22,25.6,87,28,100,4.17,rain,20.5,222.7,1012.9,40.7,,0.68,0
Lagos,04/10/2015,31,24.9,26.3,88.8,8,100,4.17,rain,18.4,229.8,1013.8,46,,0.75,0
Lagos,05/10/2015,29,24.9,26.5,88.8,1,100,4.17,rain,19.4,228.7,1014.1,57.6,,0.75,0
Lagos,06/10/2015,27,22.1,25.7,91.1,4,100,4.17,rain,18.4,225,1013.3,65.8,,0.78,0
Lagos,07/10/2015,30,25.9,26.8,87.3,8.3,100,50,rain,21.2,225.9,1012.9,70.6,,0.81,0
Lagos,08/10/2015,30,23.9,25.2,94.5,57,100,12.5,rain,13.3,226.6,1014.1,60.2,,0.85,0
Lagos,09/10/2015,32,22,26.3,87.7,4,100,4.17,rain,15.5,216,1013.8,49.1,,0.88,0
Lagos,10/10/2015,31.5,22,25.5,86.7,24,100,4.17,rain,11.2,214.4,1013.8,43,,0.91,0
Lagos,11/10/2015,31,23.9,27,85.1,1.9,100,25,rain,24.1,223.7,1013.7,52.1,,0.95,0
Lagos,13/10/2015,32,24,27.3,86.1,0.2,100,8.33,rain,23.9,204.9,1013.4,52.4,,0,0
Lagos,14/10/2015,35,23.1,26.2,88,1,100,4.17,rain,48.2,192.7,1012.6,55.3,,0.05,0
Lagos,15/10/2015,33,23.8,27.3,83.4,0.1,100,4.17,rain,13,194.8,1012.7,44.4,,0.08,0
Lagos,16/10/2015,31.2,25,28,84.8,0.1,100,4.17,rain,19.4,219.7,1012.4,58.8,,0.12,0
Lagos,17/10/2015,32,25.7,28.2,84.3,5,100,4.17,rain,20.5,218.1,1013,63.1,,0.15,0
Lagos,18/10/2015,31,25,27.2,88.8,8,100,4.17,rain,23.5,222.4,1014,58.5,,0.19,0
Lagos,19/10/2015,32,24.9,27.7,86.1,0.4,100,4.17,rain,20.2,231.2,1013.9,55.4,,0.22,0
Lagos,20/10/2015,31,22,26.4,87.6,202,100,4.17,rain,18.7,246.2,1013.1,54.7,,0.25,0
Lagos,21/10/2015,29.4,24.8,26.5,90.1,8,100,4.17,rain,27.4,230.2,1012,81.2,,0.29,0
Lagos,22/10/2015,30.1,25,27.2,86.4,1.1,100,20.83,rain,23,211.2,1012.9,70.4,,0.33,0
Lagos,23/10/2015,32,24,27.5,85.7,0.1,100,4.17,rain,18.4,229.2,1013.4,56.7,,0.36,0
Lagos,24/10/2015,32,26,28.1,85.2,0.1,100,4.17,rain,16.1,208.1,1013.1,58.9,,0.39,0
Lagos,25/10/2015,32,25.1,28.3,82.9,0.1,100,4.17,rain,19.1,216.8,1013.4,56.6,,0.43,0
Lagos,26/10/2015,31.8,25,28,83.5,0.2,100,8.33,rain,15.5,222.2,1013.2,51.7,,0.46,0
Lagos,27/10/2015,27.6,22,24.9,92.2,1.5,100,8.33,rain,44.6,70.4,1013.6,46.4,,0.5,0
Lagos,28/10/2015,32,23,26.7,83.7,0.2,100,8.33,rain,20.5,211.3,1012.4,54,,0.53,0
Lagos,29/10/2015,29.3,25,26.9,88.9,1,100,4.17,rain,12.2,211.7,1012.2,54.1,,0.56,0
Lagos,31/10/2015,32,24,27.3,85.5,1.5,100,16.67,rain,29.8,198.3,1011.8,59.3,,0.63,0
Lagos,01/11/2015,31,22,26.5,85.3,8,100,4.17,rain,14,229.6,1012.7,56.6,,0.66,0
Lagos,02/11/2015,27,24,25.4,95,5,100,4.17,rain,16.6,108.3,1013.3,54.5,,0.7,0
Lagos,04/11/2015,32.2,24,27.7,84.4,0.1,100,4.17,rain,16.6,191.6,1012.5,51.7,,0.76,0
Lagos,05/11/2015,32.1,25,27.9,84.3,0.3,100,4.17,rain,14.8,219.3,1013,51.2,,0.79,0
Lagos,06/11/2015,31,25,27.1,86.6,2.2,100,41.67,rain,55.4,173.3,1012.4,59.7,,0.83,0
Lagos,07/11/2015,31.7,22.7,27.1,84.3,11,100,4.17,rain,25.2,205.6,1011.7,51.3,,0.86,0
Lagos,08/11/2015,32.8,22,26.4,89.1,43,100,4.17,rain,11.9,238.9,1013.5,57.6,,0.89,0
Lagos,09/11/2015,32,24,27.3,86.1,0.7,100,12.5,rain,12.6,192.6,1014.3,56.1,,0.93,0
Lagos,10/11/2015,32,24,27.7,86,0.5,100,8.33,rain,18.4,203.2,1013.8,57.4,,0.96,0
Lagos,11/11/2015,35,25,28.8,81.3,0.9,100,16.67,rain,18,197.7,1011.9,56.4,,0,0
Lagos,24/11/2015,33,25,28.5,83.8,0.4,100,12.5,rain,16.9,209.6,1012.2,56.6,,0.45,0
Lagos,25/11/2015,33.4,25.6,28.2,83.7,0.8,100,33.33,rain,16.6,190.5,1010.7,87.2,,0.5,0
Lagos,26/11/2015,32,25.9,28.4,85.1,1,100,4.17,rain,18.4,208.3,1010.5,64.7,,0.52,0
Lagos,27/11/2015,34,25,28.4,85.6,15,100,4.17,rain,20.5,213.2,1011.3,60.6,,0.55,0
Lagos,29/11/2015,33,25.8,28.9,82.4,0.3,100,8.33,rain,17.3,223.9,1013,59.6,,0.61,0
Lagos,30/11/2015,33,25,27.6,84,14,100,4.17,rain,18.4,224.3,1013.6,59,,0.65,0
Lagos,02/12/2015,33,25.8,28,84.1,0.1,100,4.17,rain,20.5,171.6,1013.3,58.5,,0.71,0
Lagos,07/01/2016,36.1,21,27.8,57.5,30,100,4.17,rain,14.8,46.5,1012.4,22.6,,0.92,0
Lagos,19/01/2016,31,24,27.2,85.7,28,100,4.17,rain,13,221.5,1011.4,39.4,,0.34,0
Lagos,20/01/2016,34.1,24,27.9,81.3,24,100,4.17,rain,13.1,210.9,1011.1,43.2,,0.37,0
Lagos,18/02/2016,34,27,29,83.3,0.8,100,29.17,rain,16.7,228.3,1010.7,44.9,,0.35,0
Lagos,01/03/2016,32,26,28.6,81,1.4,100,4.17,rain,13.3,226,1012.6,45.1,,0.75,0
Lagos,05/03/2016,28.1,24.9,27.1,88.3,20,100,4.17,rain,18.4,205.2,1011.6,55.3,,0.88,0
Lagos,08/03/2016,33,23,27.8,80.9,14,100,8.33,rain,63,164.8,1010.7,40.1,,0.98,0
Lagos,18/03/2016,32,24,27.3,82.9,2,100,4.17,rain,24.1,153,1012.8,49.2,,0.33,0
Lagos,21/03/2016,32,24,28,84.7,3,100,4.17,rain,14.8,186.7,1013.2,46.4,,0.43,0
Lagos,25/03/2016,34,24.2,28.7,81.6,32,100,4.17,rain,18.6,235.9,1012.7,49,,0.57,0
Lagos,05/04/2016,34,27.2,29.9,80.8,0.1,100,4.17,rain,16.7,239.1,1010.7,60.1,,0.93,0
Lagos,07/04/2016,35,27,30,76.1,0.1,100,4.17,rain,23.1,209.4,1011.4,57.4,,0,0
Lagos,09/04/2016,34,24,28.9,82.7,3,100,4.17,rain,40.5,329,1012.3,67.1,,0.07,0
Lagos,10/04/2016,35,23,28.3,76.5,37,100,8.33,rain,18.4,144,1011.4,37.5,,0.1,0
Lagos,12/04/2016,30,25,28,82.8,2,100,4.17,rain,44.6,165.7,1011.8,46.7,,0.17,0
Lagos,15/04/2016,32.1,23,28.2,81.9,15,100,4.17,rain,33.5,199.9,1010.7,56.1,,0.27,0
Lagos,26/04/2016,37.4,28,30.6,78.6,2.6,100,8.33,rain,22.3,221.9,1009.4,60.1,,0.65,0
Lagos,28/04/2016,29,23,26.2,87.6,4,100,4.17,rain,20.5,118.2,1010.8,51.6,,0.71,0
Lagos,05/05/2016,34,26.6,29.5,79.8,0.5,100,20.83,rain,17.3,218.1,1011.4,92.3,,0.95,0
Lagos,06/05/2016,31,26.6,28.3,84.2,11,100,62.5,rain,16.6,229.8,1011,76.6,,0,0
Lagos,08/05/2016,33,22.2,28.1,83.4,41,100,4.17,rain,13,216.3,1012.9,54.4,,0.05,0
Lagos,11/05/2016,33,24.7,28.8,78.3,28,100,4.17,rain,16.6,219.4,1012.4,39.9,,0.15,0
Lagos,12/05/2016,30,23,26.8,85.5,107,100,8.33,rain,72.4,146,1011.9,43.4,,0.19,0
Lagos,14/05/2016,33,26,28.7,83.8,1.6,100,20.83,rain,19.4,226.7,1012.7,66.4,,0.25,0
Lagos,15/05/2016,32,23.8,27.2,86.3,40,100,4.17,rain,27.7,206.5,1014.2,54.2,,0.29,0
Lagos,17/05/2016,29.8,24,27,90.7,22,100,4.17,rain,17.3,217,1014.1,70.4,,0.35,0
Lagos,18/05/2016,32,25.8,28.2,85.4,5.2,100,37.5,rain,13,234.3,1013.7,77.5,,0.39,0
Lagos,21/05/2016,31.8,22.2,26.9,89,50,100,4.17,rain,27.7,231.9,1012.4,63.2,,0.5,0
Lagos,23/05/2016,28,24.9,26,94.1,5,100,8.33,rain,11.2,259.4,1016.1,56.2,,0.56,0
Lagos,24/05/2016,32,24,26.9,89.4,1.6,100,20.83,rain,13,193.9,1015.5,56.8,,0.59,0
Lagos,25/05/2016,33,24,27.3,85.7,0.2,100,4.17,rain,25.9,262.9,1014.7,57.7,,0.63,0
Lagos,26/05/2016,32,23,27.3,86.5,0.9,100,4.17,rain,11.2,211.8,1013.2,47.6,,0.66,0
Lagos,29/05/2016,32,25.8,28,86.4,1,100,4.17,rain,29.5,212.4,1013.7,57.9,,0.75,0
Lagos,30/05/2016,31,23.9,27.1,85.3,30,100,8.33,rain,18.4,169.8,1013.3,50.4,,0.8,0
Lagos,02/06/2016,28,24,26.3,89.5,2,100,4.17,rain,39.8,124.1,1014.2,47.2,,0.91,0
Lagos,04/06/2016,33,24.9,28.7,81.4,1.1,100,4.17,rain,12.2,201.6,1013.5,49,,0.98,0
Lagos,05/06/2016,33,25.9,28.4,81,0.2,100,4.17,rain,22.3,308.8,1013.5,45.6,,0,0
Lagos,07/06/2016,28,24.2,26.4,86.4,4,100,4.17,rain,42.5,45.9,1013.8,43,,0.08,0
Lagos,08/06/2016,33,24,28.2,81.5,2.2,100,16.67,rain,16.6,161.1,1013.6,68.9,,0.11,0
Lagos,09/06/2016,29.9,22,25.4,91.7,105,100,8.33,rain,31.7,180.4,1013.3,58.2,,0.14,0
Lagos,10/06/2016,31.8,23.9,27.2,83.3,18,100,8.33,rain,14.8,218.8,1013.7,65.7,,0.17,0
Lagos,12/06/2016,28,22.2,25.3,93.2,49,100,12.5,rain,11.2,256.8,1015.8,63.9,,0.25,0
Lagos,15/06/2016,26.1,24,25.5,92.4,5,100,4.17,rain,16.6,242,1016.9,52.6,,0.34,0
Lagos,17/06/2016,30,24,26.6,87.2,0.4,100,4.17,rain,13.7,245.5,1015.6,67.5,,0.4,0
Lagos,18/06/2016,32,24.9,28,83.7,4,100,4.17,rain,13,233.7,1015.1,58.9,,0.43,0
Lagos,19/06/2016,31,23,26.6,87.1,2,100,4.17,rain,27.7,213.8,1014.6,51.4,,0.47,0
Lagos,20/06/2016,26.1,23,25.1,91.7,0.6,100,4.17,rain,14.8,210.6,1015.3,51,,0.5,0
Lagos,21/06/2016,28,23,25.5,90.9,10,100,8.33,rain,15.1,204.2,1015.3,55.1,,0.54,0
Lagos,22/06/2016,30,22.7,25.8,87.1,10,100,4.17,rain,16.6,233.8,1014.5,60.7,,0.57,1
Lagos,23/06/2016,30.4,23.1,26.6,83.6,0.6,100,20.83,rain,18,231.1,1014.1,65.1,,0.61,1
Lagos,25/06/2016,30,24,26.2,84.6,0.2,100,4.17,rain,16.6,225.5,1014.4,64.2,,0.68,0
Lagos,27/06/2016,28,24,25.4,91.9,6,100,8.33,rain,11.2,216.6,1015.3,54.8,,0.75,0
Lagos,28/06/2016,30,24,26.6,84.9,0.7,100,8.33,rain,16.6,218.6,1016,63.5,,0.79,0
Lagos,29/06/2016,29,24.9,26.6,81.7,99,100,4.17,rain,22.3,225.5,1015.5,53.3,,0.82,0
Lagos,09/07/2016,29.9,25,26.8,86.1,1.1,100,8.33,rain,16.6,215.2,1014.4,74.6,,0.16,0
Lagos,10/07/2016,29.8,25,26.5,89,13,100,8.33,rain,18.4,213.7,1014.6,81.2,,0.19,0
Lagos,11/07/2016,30,24,26.5,85.3,99,100,4.17,rain,18.4,212.6,1015.3,63.4,,0.23,0
Lagos,14/07/2016,27.1,24.9,25.7,86.8,1,100,4.17,rain,14.8,222.6,1013.8,60.9,,0.32,0
Lagos,16/07/2016,30,24,26.7,83.7,0.1,100,4.17,rain,18.4,225.3,1012.7,60.1,,0.39,0
Lagos,17/07/2016,28.7,24.2,26.5,86.5,5,100,8.33,rain,16.6,200.9,1013.6,69,,0.42,1
Lagos,18/07/2016,30.2,24,26.2,86.2,18,100,4.17,rain,13,218,1015.1,63.8,,0.45,0
Lagos,19/07/2016,29,24,25.8,86.4,0.2,100,4.17,rain,15.5,242.3,1014.3,51,,0.5,0
Lagos,20/07/2016,29,24,25.9,87.9,0.6,100,4.17,rain,16.9,224.2,1013.8,61.7,,0.52,0
Lagos,21/07/2016,28.8,24,26,86.1,160.3,100,4.17,rain,15.5,226.5,1014.2,55.5,,0.55,0
Lagos,23/07/2016,28,24,25.2,90.5,76,100,4.17,rain,16.9,244.8,1014.2,77.3,,0.63,0
Lagos,25/07/2016,30,23.9,25.9,85.7,0.1,100,4.17,rain,20.5,232.4,1013.4,61.2,,0.7,0
Lagos,28/07/2016,30,24,25.8,88.4,4,100,4.17,rain,14.8,217.1,1014.3,67.1,,0.81,0
Lagos,31/07/2016,27,24,25.5,89.7,0.5,100,4.17,rain,17.3,215.5,1014.2,59.7,,0.91,0
Lagos,01/08/2016,29,24.2,26.2,84.9,4.5,100,4.17,rain,18.4,221.4,1015.1,61,,0.95,0
Lagos,08/08/2016,28,24,25.8,85.2,0.1,100,4.17,rain,15.1,206.6,1015.5,66.1,,0.18,0
Lagos,09/08/2016,27,23.8,24.9,90.1,5,100,4.17,rain,16.6,200.6,1015.1,54.9,,0.21,0
Lagos,15/08/2016,29,24.9,26,85.2,0.8,100,4.17,rain,23.4,219.1,1013.9,56.2,,0.41,0
Lagos,20/08/2016,28.2,23,25.1,89.6,11,100,4.17,rain,16.6,203,1013.9,61,,0.57,0
Lagos,21/08/2016,27,24,25.6,88.1,99,100,4.17,rain,11.2,228,1014.5,50.9,,0.61,0
Lagos,22/08/2016,29,24.8,26,87.8,1,100,4.17,rain,13,227.7,1014.3,63,,0.65,0
Lagos,25/08/2016,30,24,26.2,82.8,6,100,4.17,rain,19.1,218.1,1013.7,56.3,,0.75,0
Lagos,28/08/2016,25,23,24,95.4,35,100,8.33,rain,17.6,203,1014.8,70,,0.86,0
Lagos,29/08/2016,30,23,25.5,88.6,14,100,8.33,rain,15.1,218.4,1015.3,69.6,,0.9,0
Lagos,31/08/2016,31,23.8,26.8,82.9,0.1,100,4.17,rain,14.8,206.3,1014.5,70.6,,0.97,0
Lagos,01/09/2016,26.2,24,25.4,92.5,4,100,4.17,rain,7.6,239.8,1015.2,58,,0,0
Lagos,02/09/2016,29.8,24,26.1,87.4,0.1,100,4.17,rain,20.5,206,1013.4,69.4,,0.04,0
Lagos,03/09/2016,29,24,26.5,85.6,0.9,100,4.17,rain,16.6,215.2,1012.9,61.9,,0.07,0
Lagos,04/09/2016,28,24,26.1,86.8,0.8,100,4.17,rain,11.2,220.6,1013.8,57.7,,0.1,0
Lagos,05/09/2016,26,25,25.2,93.7,33,100,4.17,rain,11.2,218.9,1014.7,57.8,,0.13,0
Lagos,06/09/2016,26,23.9,24.6,96,30,100,8.33,rain,11.9,232.4,1015.3,64.9,,0.16,0
Lagos,07/09/2016,28,24,25.7,91.8,30,100,8.33,rain,13.7,236.3,1014.5,61,,0.2,0
Lagos,08/09/2016,30,24.4,26.5,85.5,3.8,100,41.67,rain,16.6,224.9,1014,76.9,,0.23,0
Lagos,09/09/2016,30,24.9,26.5,87.3,0.2,100,4.17,rain,20.5,214.8,1015.1,64.7,,0.25,0
Lagos,10/09/2016,26,24,24.9,93.2,14,100,8.33,rain,13,252.1,1015.1,49.9,,0.29,0
Lagos,11/09/2016,29,24,26,88.3,0.9,100,4.17,rain,14.8,235.7,1014.2,69.2,,0.33,0
Lagos,12/09/2016,29,25,26.1,87.3,0.7,100,16.67,rain,20.1,227.6,1013.3,74,,0.36,0
Lagos,15/09/2016,28,24,25.5,88.7,66,100,8.33,rain,20.5,214.3,1014.7,66.2,,0.46,0
Lagos,16/09/2016,29,24,26.3,87.8,0.7,100,4.17,rain,13,225.7,1014.8,63.4,,0.5,0
Lagos,17/09/2016,30,23,25.9,84.5,16,100,4.17,rain,14.8,180.5,1014.3,44.4,,0.52,0
Lagos,19/09/2016,29,24,26.1,90.6,13,100,4.17,rain,11.2,217.8,1014.1,56.8,,0.59,0
Lagos,20/09/2016,28,23.1,25.4,90.1,16,100,4.17,rain,11.2,207.9,1013,47.9,,0.63,0
Lagos,21/09/2016,29.7,24,26.4,87.6,1,100,4.17,rain,11.2,211.9,1013.3,66,,0.66,0
Lagos,22/09/2016,30,25,26.7,86.6,0.3,100,4.17,rain,16.6,203.2,1014,61.2,,0.7,0
Lagos,25/09/2016,29,24,25.4,90.6,5,100,4.17,rain,11.2,214.2,1012.9,75.9,,0.8,0
Lagos,27/09/2016,30,24,26.5,87.2,2,100,4.17,rain,13,213.9,1013.5,63.4,,0.88,0
Lagos,29/09/2016,30.1,24,26.7,88,8,100,4.17,rain,11.2,223.1,1013,51.8,,0.95,0
Lagos,01/10/2016,27,22.9,24.8,91.5,25,100,8.33,rain,22.3,249,1012.4,55.8,,0,0
Lagos,05/10/2016,31.2,25.7,27.9,84.9,0.3,100,8.33,rain,14.8,199.9,1011.2,65.2,,0.15,0
Lagos,07/10/2016,30,25,27,89.7,34,100,8.33,rain,42.5,178.9,1010.6,64.1,,0.21,0
Lagos,08/10/2016,28.4,24,25.8,90.6,69,100,8.33,rain,11.2,211.7,1012,51.9,,0.25,0
Lagos,09/10/2016,26.2,22,25,93.2,61,100,8.33,rain,9.4,212.9,1013,56.6,,0.25,0
Lagos,10/10/2016,30,23,26.5,87.9,0.6,100,4.17,rain,16.9,221.2,1012.8,53,,0.31,0
Lagos,11/10/2016,31,24.1,26.9,87.4,0.1,100,4.17,rain,11.2,216.8,1012.8,58.1,,0.34,0
Lagos,13/10/2016,31,24,27.3,85.5,0.1,100,4.17,rain,14.8,231.5,1012.1,66.5,,0.41,0
Lagos,14/10/2016,30,23.1,26.5,87.7,14,100,4.17,rain,14.8,216.2,1012,58.6,,0.44,0
Lagos,15/10/2016,33,24,27.9,81.9,0.5,100,4.17,rain,18.4,206.8,1012,60.4,,0.48,0
Lagos,16/10/2016,32,22.7,27.3,82.3,10,100,4.17,rain,18.4,40.6,1012.6,47.1,,0.5,0
Lagos,17/10/2016,31,24.2,27.2,84,1.3,100,16.67,rain,16.6,203.1,1012.3,45.4,,0.54,0
Lagos,19/10/2016,32,22.8,26.4,86,63,100,8.33,rain,14.8,153.5,1013,48.1,,0.61,0
Lagos,22/10/2016,32,23,26.9,85.8,7.8,100,25,rain,18.4,205.1,1013.2,69.5,,0.75,0
Lagos,27/10/2016,32,25,27.8,86,14,100,4.17,rain,13,210.9,1010.6,46.3,,0.89,0
Lagos,28/10/2016,30,25,26.8,87.9,2,100,4.17,rain,10.4,215.9,1011.9,51,,0.92,0
Lagos,29/10/2016,31,24,27.4,86,0.5,100,4.17,rain,9.7,252.5,1011.8,51,,0.96,0
Lagos,31/10/2016,32,23.8,26.7,84.8,4,100,4.17,rain,9.4,271.2,1012.3,48,,0.02,0
Lagos,01/11/2016,30,24,26.7,85.4,2,100,4.17,rain,14.8,200.9,1013.2,45.2,,0.06,0
Lagos,04/11/2016,32,23,27.3,82.1,2,100,4.17,rain,14.8,181.4,1014.3,52.8,,0.16,0
Lagos,05/11/2016,32,25.7,28.1,82.7,0.2,100,4.17,rain,10.1,221.1,1014.1,54.4,,0.19,0
Lagos,11/11/2016,32.8,22.9,27,85.1,46,100,4.17,rain,24.1,233.9,1011.1,54.8,,0.39,0
Lagos,12/11/2016,32,24,27.5,84.3,0.4,100,4.17,rain,14.8,208.5,1011,39.4,,0.43,0
Lagos,16/11/2016,32,26.5,28.5,84.4,1.2,100,25,rain,13.7,224.9,1009.1,48,,0.56,0
Lagos,17/11/2016,33,25,28.7,84.1,1.3,100,12.5,rain,14.9,212.5,1009.4,55,,0.6,0
Lagos,20/11/2016,32.1,24,28,84.7,0.6,100,4.17,rain,17.3,197.5,1009.6,62.3,,0.7,0
Lagos,21/11/2016,32,25,28,86.8,4,100,4.17,rain,13,211.9,1010.4,50.3,,0.75,0
Lagos,23/11/2016,31,25.9,27.9,87.8,1,100,4.17,rain,34.9,174.9,1012.2,48.5,,0.8,0
Lagos,27/11/2016,34,25,28.4,81.7,0.4,100,16.67,rain,16.6,204.1,1010,41.6,,0.93,0
Lagos,28/11/2016,33.8,22,27.3,87.9,44,100,4.17,rain,14.8,221.6,1010.5,52.6,,0.96,0
Lagos,01/12/2016,33,26,29.1,83.2,0.4,100,8.33,rain,14.8,196.3,1012.2,46.4,,0.07,0
Lagos,05/12/2016,34,25.9,28.3,84.3,0.4,100,4.17,rain,9.4,201.9,1012.7,40.4,,0.21,0
Lagos,07/12/2016,34,25,28.9,82.3,0.2,100,4.17,rain,11.2,202.4,1011.7,52.9,,0.25,0
Lagos,12/12/2016,34,24,28.2,81.5,0.1,100,4.17,rain,13,215.3,1011,46.4,,0.45,0
Lagos,13/12/2016,33.6,26.5,29.1,81.8,0.3,100,12.5,rain,14.8,217.4,1010.4,52,,0.48,0
Lagos,15/12/2016,34,25,28.6,80.8,0.2,100,4.17,rain,13,202.9,1012.4,45.8,,0.55,0
Lagos,22/12/2016,35.1,25,29.1,82.7,0.1,100,4.17,rain,11.2,255.2,1009.2,46.3,,0.78,0
Lagos,24/12/2016,34,26,29.4,80.8,0.3,100,12.5,rain,11.4,236.3,1009.7,56.7,,0.84,0
Lagos,07/01/2017,33,25,28.5,83.9,0.1,100,4.17,rain,13,185.4,1012,37.8,,0.32,0
Lagos,13/01/2017,33,26,28.8,82.7,0.2,100,4.17,rain,11.2,239.6,1011.2,46.5,,0.53,0
Lagos,18/01/2017,34,25,28.8,81,0.1,100,4.17,rain,13,213.5,1010.5,42.3,,0.69,0
Lagos,21/01/2017,34,26,28.9,83.2,0.3,100,4.17,rain,20.3,208.4,1010.2,47.8,,0.79,0
Lagos,30/01/2017,34,26,28.9,82.2,1,100,4.17,rain,14.8,205.9,1011.9,56.2,,0.09,0
Lagos,31/01/2017,33,25,28.3,81.5,0.2,100,4.17,rain,14.8,231.1,1011.6,57.3,,0.12,0
Lagos,01/02/2017,32,26,28,82.5,0.3,100,4.17,rain,14.8,208.1,1011.3,46.7,,0.16,0
Lagos,02/02/2017,34.2,25,29,78.4,0.1,100,4.17,rain,14,230.3,1011.9,62.4,,0.19,0
Lagos,05/02/2017,34,25.9,29.2,81.8,0.2,100,8.33,rain,16.6,210.1,1010.7,47,,0.3,0
Lagos,08/02/2017,33.1,26.8,29.2,81.1,1,100,4.17,rain,11.2,194.2,1009.7,51.2,,0.41,0
Lagos,09/02/2017,32,26,28.6,83.3,8,100,4.17,rain,11.2,208.6,1010,49.6,,0.44,0
Lagos,12/02/2017,32.8,26.9,29,84.1,3,100,4.17,rain,18.2,176.4,1008.9,47.9,,0.55,0
Lagos,13/02/2017,36,26.9,29.4,79.9,4,100,4.17,rain,14.8,249.2,1009.5,46.7,,0.58,0
Lagos,15/02/2017,35,26,29.4,81.3,0.1,100,4.17,rain,12.6,194.4,1011.4,49.6,,0.64,0
Lagos,20/02/2017,30.7,25.7,28.1,78.2,0.2,100,4.17,rain,16.6,195.3,1011.1,68.2,,0.8,0
Lagos,22/02/2017,30.5,26.7,28.4,83.2,0.5,100,12.5,rain,17.6,219,1009.7,77.2,,0.87,0
Lagos,23/02/2017,30.6,26.6,28.4,84.6,1.3,100,33.33,rain,18.7,224.8,1009.5,82.1,,0.9,0
Lagos,24/02/2017,30.8,26.8,28.5,85.8,2.4,100,45.83,rain,19.4,224.7,1009,47.1,,0.93,0
Lagos,25/02/2017,30.6,26.7,28.7,85.9,1.4,100,50,rain,16.9,212.6,1009.5,85.3,,0.96,0
Lagos,26/02/2017,29.3,26.6,27.8,86.3,2.9,100,54.17,rain,18,211.8,1009.3,97.2,,0,0
Lagos,27/02/2017,30.2,26.4,28,83.5,4.1,100,45.83,rain,16.2,228.3,1008.3,95.6,,0.03,0
Lagos,28/02/2017,31.3,27,28.6,84.5,1.4,100,25,rain,20.2,224.7,1008.1,69.1,,0.07,0
Lagos,01/03/2017,30.8,26.2,28,85.8,3.7,100,50,rain,20.2,209.5,1009.3,87.1,,0.1,0
Lagos,02/03/2017,30.7,26.2,28.2,84.5,0.7,100,25,rain,18,217.7,1009.9,41.7,,0.14,0
Lagos,03/03/2017,30.8,27,28.2,86.4,2,100,41.67,rain,20.9,218.3,1008.7,49.2,,0.17,0
Lagos,04/03/2017,30.4,26.7,28.2,86,1.1,100,37.5,rain,18.4,214.8,1007.3,80.5,,0.21,0
Lagos,05/03/2017,31.3,26.6,28.3,84.6,1.6,100,45.83,rain,19.1,217.2,1007.7,25.5,,0.25,0
Lagos,06/03/2017,30.2,26.7,27.9,86.2,5.6,100,62.5,rain,18,224.1,1009,75.7,,0.28,0
Lagos,07/03/2017,31.1,26.3,28.3,83.6,1.4,100,37.5,rain,22,232.9,1008.4,69.7,,0.32,0
Lagos,08/03/2017,30.6,26.4,28.5,85.1,1.3,100,37.5,rain,18.4,224.6,1008.1,64,,0.35,0
Lagos,09/03/2017,30.6,26.8,28,86.6,6.6,100,54.17,rain,18.4,222,1008.3,70.5,,0.39,0
Lagos,10/03/2017,30.1,26.8,28.4,83.2,1.8,100,37.5,rain,15.8,203.2,1008.3,64,,0.42,0
Lagos,11/03/2017,29.9,26.9,28.1,84,5.6,100,37.5,rain,17.3,220.1,1007.5,55.8,,0.46,0
Lagos,12/03/2017,30,26.3,27.9,84.3,6,100,45.83,rain,15.1,211.6,1008.4,95.9,,0.5,0
Lagos,13/03/2017,30.3,26.2,28.2,83.6,2,100,41.67,rain,15.8,204.9,1008.8,67.4,,0.53,0
Lagos,14/03/2017,30.4,26.5,28.2,85,5.9,100,66.67,rain,14.8,202.8,1010.5,79,,0.56,0
Lagos,15/03/2017,30,27,28.3,85.6,4.2,100,20.83,rain,14.4,205.1,1010,94.3,,0.59,0
Lagos,16/03/2017,31.5,27.2,29.1,83.1,0.4,100,16.67,rain,19.8,232.9,1007.9,52.1,,0.62,0
Lagos,17/03/2017,31.3,27.3,28.8,83.7,1.6,100,54.17,rain,16.9,221.1,1008,81.3,,0.66,0
Lagos,18/03/2017,32,27,28.8,82.4,0.9,100,29.17,rain,18.4,216.3,1008.7,67.4,,0.69,0
Lagos,19/03/2017,30.6,27.2,28.1,86.1,6.2,100,50,rain,19.1,216.8,1009.1,72.4,,0.72,0
Lagos,20/03/2017,30.2,27.1,28.4,84.2,4.5,100,58.33,rain,20.5,232.3,1010.3,70.4,,0.75,0
Lagos,21/03/2017,30.7,26.9,28.1,85.4,2.5,100,37.5,rain,23,235.7,1009.5,98.9,,0.79,0
Lagos,22/03/2017,30,26.6,27.9,85.4,7.6,100,66.67,rain,22.7,220.8,1010.3,95.5,,0.82,0
Lagos,23/03/2017,30,26.5,27.7,84.1,8.2,100,33.33,rain,18,213.2,1011,83.7,,0.85,0
Lagos,24/03/2017,29.7,25.7,27.8,82.9,1.7,100,33.33,rain,16.9,228.7,1011,82.8,,0.88,0
Lagos,25/03/2017,30.4,26.4,28.3,82.9,0.6,100,16.67,rain,16.9,212,1010.3,79.2,,0.91,0
Lagos,27/03/2017,30.4,27,28.1,85.6,2.5,100,20.83,rain,16.6,212.5,1009.8,82.9,,0.98,0
Lagos,28/03/2017,30.6,27.3,28.6,85.4,0.9,100,29.17,rain,14.8,210,1009.3,82.8,,0,0
Lagos,30/03/2017,30.4,27.3,28.6,86.3,4.3,100,50,rain,19.1,209,1009.4,81.3,,0.08,0
Lagos,31/03/2017,30.6,27,28.1,86.5,2.5,100,54.17,rain,22.3,207.9,1010.4,84.3,,0.12,0
Lagos,01/04/2017,30.4,26.5,28.2,83.7,0.7,100,25,rain,19.1,205.8,1009.7,88.8,,0.15,0
Lagos,02/04/2017,30.9,27.2,28.8,81.5,0.6,100,20.83,rain,14.8,211.3,1009.2,80.5,,0.19,0
Lagos,03/04/2017,35,27.1,29.6,77.9,0.1,100,4.17,rain,14.8,222.7,1009.9,66.4,,0.25,0
Lagos,04/04/2017,34.1,26.9,29.2,79.6,1.4,100,16.67,rain,16.6,228.1,1010,64.9,,0.26,0
Lagos,05/04/2017,30.5,27.2,28.4,85.4,6.1,100,41.67,rain,17.6,223.1,1009.8,64.8,,0.29,0
Lagos,06/04/2017,32,26,28.1,85.5,2.3,100,37.5,rain,18.4,218,1009.8,65.3,,0.33,0
Lagos,08/04/2017,32.7,25,28,88.1,20,100,4.17,rain,14.8,218.4,1008.5,51.5,,0.4,0
Lagos,10/04/2017,33,22,27.9,83,0.2,100,8.33,rain,16.6,202.3,1009.4,59,,0.47,0
Lagos,11/04/2017,30.2,26.6,28.5,86.1,5.5,100,33.33,rain,17.6,226.9,1008.6,71.3,,0.5,0
Lagos,13/04/2017,33,26,28.4,86.7,7,100,20.83,rain,19.8,215.8,1009.2,80.7,,0.57,0
Lagos,14/04/2017,32,26.6,28.5,82.5,5,100,4.17,rain,18.4,191.1,1010.3,70.2,,0.6,0
Lagos,15/04/2017,32,25,27.9,85,9.4,100,25,rain,19.1,180.2,1010.4,68.9,,0.64,0
Lagos,16/04/2017,34,25.4,28.3,80.5,2.9,100,25,rain,18.4,119.2,1010.4,80.7,,0.67,0
Lagos,17/04/2017,34,27.3,29.6,79.8,0.1,100,4.17,rain,16.6,200.1,1009.9,49.6,,0.7,0
Lagos,18/04/2017,33.1,27,29.7,79.9,0.1,100,4.17,rain,18.4,195.2,1010.2,60,,0.74,0
Lagos,20/04/2017,30,24,25.7,91.5,9,100,8.33,rain,22.3,192.1,1009.7,55,,0.8,0
Lagos,21/04/2017,33,23.1,27.8,83.6,23,100,8.33,rain,20.5,177.8,1010.4,58.6,,0.83,0
Lagos,22/04/2017,29.8,26.8,28.3,83.1,0.4,100,12.5,rain,15.8,234.9,1010,90.5,,0.87,0
Lagos,23/04/2017,29.9,27,28.3,83.1,0.1,100,4.17,rain,16.6,226,1010.6,73.1,,0.9,0
Lagos,24/04/2017,30.6,27,28.3,83.1,0.2,100,4.17,rain,16.2,221.6,1010.9,87.8,,0.93,0
Lagos,25/04/2017,32,27,28.9,81.6,0.5,100,8.33,rain,25.9,183.9,1011.2,66.2,,0.97,0
Lagos,01/05/2017,29,23,26.2,90.2,14,100,4.17,rain,13,297.6,1011.6,46.5,,0.17,0
Lagos,03/05/2017,34,25,28.7,82.3,0.2,100,8.33,rain,19.1,200.8,1010.1,66.4,,0.25,0
Lagos,04/05/2017,32,24,28.1,80.8,1.6,100,12.5,rain,16.7,162.8,1011,59.2,,0.28,0
Lagos,05/05/2017,32.2,21.6,27.1,81.9,57,100,8.33,rain,48.2,336.9,1011.6,55.8,,0.31,0
Lagos,07/05/2017,32,22,27,84.5,16,100,4.17,rain,18.4,175.1,1010.9,50.4,,0.38,0
Lagos,10/05/2017,33.8,25,29.1,77.9,0.2,100,8.33,rain,18.4,176.3,1010.7,51.9,,0.5,0
Lagos,11/05/2017,29.9,24,25.7,92.5,54,100,4.17,rain,18.4,290.6,1012.2,53.6,,0.52,0
Lagos,13/05/2017,34,25,29.1,80.6,0.1,100,4.17,rain,18.4,253.4,1012,45.7,,0.59,0
Lagos,14/05/2017,33,26,29.4,82.9,0.5,100,8.33,rain,20.5,225.6,1011.4,61.8,,0.62,0
Lagos,16/05/2017,30,25.2,27,89.9,2,100,4.17,rain,22.3,239.5,1013.5,71.5,,0.69,0
Lagos,17/05/2017,32.9,24,27.8,82.2,2,100,4.17,rain,14.8,256.8,1012.6,47.6,,0.72,0
Lagos,18/05/2017,33,24.8,28.1,84,1,100,4.17,rain,21.8,239.2,1011.7,55,,0.75,0
Lagos,20/05/2017,29.9,22,25.9,91.1,47,100,4.17,rain,18.4,157.9,1013.3,55.5,,0.82,0
Lagos,22/05/2017,34,25,29.2,79.8,0.2,100,4.17,rain,20.5,259.6,1011,60.6,,0.89,0
Lagos,23/05/2017,32,26.2,29.2,83.2,1,100,4.17,rain,20.3,249.1,1011,57.8,,0.92,0
Lagos,24/05/2017,33,26.9,29.4,79.9,0.1,100,4.17,rain,25.9,252.7,1012,59.9,,0.95,0
Lagos,25/05/2017,28,22.6,26.3,87.7,10,100,4.17,rain,25.9,130.2,1013.1,58.2,,0,0
Lagos,26/05/2017,32,25,27,85,5,100,4.17,rain,11.2,263.5,1014,51.4,,0.02,0
Lagos,27/05/2017,32.3,25.8,28.3,82.4,0.8,100,12.5,rain,14.8,240.3,1014,55,,0.06,0
Lagos,28/05/2017,32,26,28.4,83.6,0.8,100,4.17,rain,25.9,244.1,1014.3,55.7,,0.09,0
Lagos,29/05/2017,33,26.1,29,81.9,0.2,100,8.33,rain,18.4,237,1013.4,54.4,,0.12,0
Lagos,30/05/2017,31,24.9,27.8,84.9,0.4,100,4.17,rain,44.6,263.9,1013.5,59.2,,0.16,0
Lagos,31/05/2017,28,24.2,26,89.9,8,100,4.17,rain,18.4,238.9,1015.2,47.5,,0.19,0
Lagos,03/06/2017,30,24,26.8,89.8,11,100,8.33,rain,13,230.7,1013.5,67.5,,0.29,0
Lagos,04/06/2017,28,21,25.2,90.3,63,100,4.17,rain,51.8,348.2,1013.5,64.8,,0.33,0
Lagos,05/06/2017,30.1,23,26.1,90.3,7,100,4.17,rain,18.3,265.4,1013,65.7,,0.36,0
Lagos,06/06/2017,30,24.8,26.5,89.7,5,100,4.17,rain,14.8,255.4,1013.5,55.1,,0.4,0
Lagos,07/06/2017,32,24.1,27.2,87.7,0.9,100,8.33,rain,11.2,234,1013.6,61.6,,0.43,0
Lagos,08/06/2017,32,25.4,28,85.2,2,100,4.17,rain,14.8,219.7,1011.8,62.7,,0.46,0
Lagos,09/06/2017,31.4,27,28.4,86.1,3.7,100,16.67,rain,20.5,244.1,1010.6,58,,0.5,0
Lagos,10/06/2017,30.9,26,27.5,89.8,5,100,4.17,rain,22.3,238.6,1011.6,66.4,,0.53,0
Lagos,12/06/2017,27,23,25.3,92.1,49,100,4.17,rain,15.5,238.3,1011.8,82.2,,0.6,0
Lagos,13/06/2017,27.7,24.8,26,88.6,16.7,100,95.83,rain,19.1,241,1012.1,97.1,,0.63,0
Lagos,14/06/2017,28,25,26.1,90,19.1,100,58.33,rain,13,257.4,1013.3,88.4,,0.67,0
Lagos,15/06/2017,30,24,26.5,90.3,0.5,100,4.17,rain,16.6,250,1013,61.6,,0.7,0
Lagos,16/06/2017,30,22,26.8,85.7,12.5,100,4.17,rain,22.3,263.9,1013.2,62.9,,0.74,0
Lagos,17/06/2017,29,22,25.4,86.7,1.8,100,12.5,rain,20.5,230.5,1012.9,51.1,,0.75,0
Lagos,18/06/2017,29.2,24.1,26.9,85.3,0.1,100,4.17,rain,18.4,242.7,1011.6,60.8,,0.81,0
Lagos,19/06/2017,31,24,27.2,84.7,0.3,100,8.33,rain,27.7,252.7,1012.1,72.2,,0.84,0
Lagos,20/06/2017,28,23.9,25.6,90.9,29,100,8.33,rain,16.6,259.5,1013.9,60.6,,0.87,0
Lagos,21/06/2017,29.3,24.4,26.6,85.7,4.3,100,70.83,rain,13,291.2,1012.6,74.4,,0.91,0
Lagos,22/06/2017,31,25.1,27.8,85.1,99,100,8.33,rain,18.4,260.1,1012.6,61.1,,0.94,0
Lagos,23/06/2017,30,26,27.1,88.4,2,100,4.17,rain,20.5,238.8,1012.4,58.9,,0.98,0
Lagos,24/06/2017,30,24.9,27,84.3,10,100,4.17,rain,14.8,240.4,1012.4,67.7,,0,0
Lagos,25/06/2017,30,24.9,26.6,88.9,16,100,8.33,rain,14.8,272.2,1013.4,63,,0.04,0
Lagos,26/06/2017,32,23.9,26.6,84.8,2.5,100,12.5,rain,22.3,302.8,1013.1,55.2,,0.08,0
Lagos,27/06/2017,30,24,27.3,84.8,0.1,100,4.17,rain,13,251.6,1013.5,65.6,,0.11,0
Lagos,28/06/2017,30,24.9,27,87.3,22,100,4.17,rain,14.8,252.5,1014.4,55.8,,0.14,0
Lagos,29/06/2017,28.4,25,26.2,91.5,11,100,8.33,rain,20.5,234.3,1014.5,68.5,,0.18,0
Lagos,30/06/2017,30,24,26.3,88,0.3,100,4.17,rain,16.6,258.6,1015.3,61,,0.21,0
Lagos,01/07/2017,29,24,25.9,90.7,20,100,8.33,rain,16.6,251.1,1014.7,73.1,,0.25,0
Lagos,02/07/2017,30,24.9,27,86,2.2,100,25,rain,13.1,232.7,1014.2,85.2,,0.28,0
Lagos,03/07/2017,29,24,26.8,87,5.8,100,8.33,rain,22.3,240.9,1014.4,74.4,,0.31,0
Lagos,04/07/2017,28.2,25.1,26.6,88.3,1.4,100,8.33,rain,22.3,256.5,1014.5,62.1,,0.34,0
Lagos,05/07/2017,27.8,24,25.5,92.8,10,100,8.33,rain,24.1,257.5,1015.3,70.7,,0.38,0
Lagos,06/07/2017,25.2,23,24.2,95.7,66,100,12.5,rain,18.4,264,1015.8,65.8,,0.41,0
Lagos,07/07/2017,27.9,23.8,25.3,92.2,0.9,100,4.17,rain,13,253.6,1015.3,79.9,,0.44,1
Lagos,08/07/2017,25.1,24,24.6,95.5,18.1,100,8.33,rain,14.8,247.9,1015.2,71.5,,0.48,1
Lagos,09/07/2017,27,23,24.9,92.6,15,100,8.33,rain,22.3,244,1015.6,66.7,,0.5,0
Lagos,10/07/2017,29.1,22,25.8,83,0.9,100,16.67,rain,22.3,235.3,1015.7,64.9,,0.55,0
Lagos,11/07/2017,30,21.8,25.7,81,0.1,100,4.17,rain,20.5,250.3,1016.9,55.3,,0.58,0
Lagos,12/07/2017,30,23,26,82.2,0.1,100,4.17,rain,14.8,255.2,1016.6,57.9,,0.62,0
Lagos,13/07/2017,29.9,23.8,25.9,85.2,0.1,100,4.17,rain,17.6,244,1015.6,69.9,,0.65,0
Lagos,14/07/2017,29.1,24.3,26.3,82.8,1.5,100,45.83,rain,18.4,250.5,1014.6,67.1,,0.69,0
Lagos,15/07/2017,30,23.9,26.6,84.2,0.1,100,4.17,rain,20.5,267.7,1014.9,56.8,,0.72,0
Lagos,16/07/2017,27.3,24.2,25.8,88.3,7.4,100,45.83,rain,22.3,251.8,1014.5,73.7,,0.75,1
Lagos,17/07/2017,26,25,25.6,91.5,8,100,8.33,rain,22.3,255.9,1014.3,62.9,,0.79,0
Lagos,18/07/2017,28,23.8,25.4,91.9,5,100,8.33,rain,20.5,245.6,1015.2,66.4,,0.83,0
Lagos,19/07/2017,27,25.3,26,87.9,2.4,100,66.67,rain,16.6,221.3,1015.6,79,,0.86,0
Lagos,20/07/2017,27.8,24.6,26,88.2,1.7,100,45.83,rain,18.4,238.9,1014.1,50.9,,0.9,0
Lagos,21/07/2017,27.4,24.8,25.9,87.7,4.2,100,54.17,rain,17.3,245.2,1013.2,71.3,,0.93,0
Lagos,22/07/2017,26.3,24.7,25.4,90.3,38.9,100,87.5,rain,29.9,246.8,1012.8,100,,0.97,0
Lagos,23/07/2017,28,23.6,25.5,89.8,23,100,8.33,rain,31.7,255.5,1015.3,84.9,,0,0
Lagos,24/07/2017,27,24,25.3,88.9,6,100,12.5,rain,23.8,245.1,1015.5,63,,0.03,0
Lagos,25/07/2017,26,24.2,25.2,88.6,5,100,8.33,rain,31.7,248.6,1015.6,84,,0.07,0
Lagos,26/07/2017,29,24,25.5,87.9,0.9,100,20.83,rain,18.4,236.5,1014.4,64,,0.1,0
Lagos,27/07/2017,27.4,24.3,25.5,87.6,1.1,100,37.5,rain,13.3,239.8,1013.1,62.7,,0.13,0
Lagos,29/07/2017,28,24.8,25.9,87.6,0.1,100,4.17,rain,22.3,250,1015,73.4,,0.2,0
Lagos,30/07/2017,29,24.2,26,84.8,0.5,100,16.67,rain,25.9,253,1014.3,75.2,,0.25,0
Lagos,31/07/2017,28,24.8,25.9,85.3,0.1,100,4.17,rain,27.7,249.6,1014.6,66.4,,0.26,0
Lagos,01/08/2017,28,24.4,25.5,87.8,2.3,100,29.17,rain,24.1,260.5,1014.8,81.9,,0.29,0
Lagos,02/08/2017,26.4,23.9,25.2,92.4,9,100,8.33,rain,22.3,249.5,1015.5,73.8,,0.33,0
Lagos,03/08/2017,25.1,23.9,24.3,93,8,100,4.17,rain,24.1,260.9,1016.3,72.2,,0.36,0
Lagos,04/08/2017,26.9,22.4,24.6,90.2,4,100,4.17,rain,22.3,256.5,1014.4,94,,0.39,0
Lagos,05/08/2017,26.6,22.1,24.6,90.7,7,100,4.17,rain,22.3,251.3,1014.1,91.6,,0.43,0
Lagos,07/08/2017,28.8,23,25.4,85.6,0.6,100,12.5,rain,25.9,262.1,1015.2,70.3,,0.5,0
Lagos,08/08/2017,28,23,25,88.2,0.3,100,8.33,rain,18.4,239,1015.1,61.7,,0.53,0
Lagos,09/08/2017,27,23.7,25,90.5,0.6,100,12.5,rain,20.5,236.3,1015.5,69.2,,0.56,0
Lagos,10/08/2017,28.7,24,25.8,87.5,0.2,100,8.33,rain,22.3,247.9,1015,66.3,,0.6,0
Lagos,14/08/2017,27.8,24.8,25.7,88,2,100,16.67,rain,24.1,249,1012.7,80.6,,0.74,0
Lagos,15/08/2017,29.6,24.8,25.9,87,1.6,100,41.67,rain,27.7,233.9,1013.2,90.6,,0.75,0
Lagos,16/08/2017,28,24,25.6,88.2,0.7,100,16.67,rain,22.3,256.4,1013.1,81.1,,0.81,0
Lagos,17/08/2017,26,23,24.7,90.2,17,100,4.17,rain,25.2,254.3,1012.1,74.5,,0.85,0
Lagos,18/08/2017,28,24,25.5,86.3,0.1,100,4.17,rain,20.5,231.3,1012.1,82.4,,0.88,0
Lagos,19/08/2017,29.1,22.9,25.2,84.8,0.8,100,29.17,rain,14.4,218.7,1013.2,58.3,,0.92,0
Lagos,20/08/2017,29.1,23,25.3,84.6,0.2,100,8.33,rain,20.5,227.2,1014,61.3,,0.95,0
Lagos,21/08/2017,27,24,25.1,85.1,0.8,100,20.83,rain,25.9,246.6,1013.8,66.9,,0,0
Lagos,25/08/2017,25,21.9,23.6,91.9,39,100,4.17,rain,20.5,255.7,1013,56.6,,0.12,0
Lagos,26/08/2017,28,22,24.6,88.9,4,100,4.17,rain,18.4,268,1013.8,58,,0.15,0
Lagos,27/08/2017,27,23,25,89.2,0.8,100,12.5,rain,22.3,257.1,1014.6,64.8,,0.18,0
Lagos,30/08/2017,28,24,25.2,88.1,3,100,4.17,rain,27.7,249.3,1014.2,69.3,,0.28,0
Lagos,31/08/2017,28,24,25.2,87.7,0.2,100,8.33,rain,25.9,256.8,1014.5,71.8,,0.31,0
Lagos,07/09/2017,26,23,24.3,92.4,11,100,8.33,rain,20.5,265.1,1013.5,69.1,,0.54,0
Lagos,08/09/2017,27,23.6,24.8,91.2,25,100,8.33,rain,20.5,259.4,1013.8,81.3,,0.58,0
Lagos,11/09/2017,27,21,24.7,89.2,290,100,8.33,rain,22.3,245.7,1012.9,80,,0.69,0
Lagos,15/09/2017,28,24.9,26.2,86.5,0.3,100,12.5,rain,25.9,256.7,1013.4,59.9,,0.83,0
Lagos,16/09/2017,30,24.6,26.2,85.8,2,100,4.17,rain,24.1,262.8,1013.7,67.2,,0.86,0
Lagos,18/09/2017,30.1,23.8,26,86.2,0.7,100,20.83,rain,18.4,258.4,1014.6,60.6,,0.94,0
Lagos,19/09/2017,30,25,26.4,86.3,0.6,100,12.5,rain,24.1,249.7,1013.4,71.7,,0.97,0
Lagos,20/09/2017,27.7,24.9,26.1,87.1,0.8,100,33.33,rain,18,228.3,1012.2,52.9,,0,0
Lagos,21/09/2017,28,25.1,26.1,86.7,3.1,100,50,rain,24.1,236.9,1011.9,77.4,,0.04,0
Lagos,22/09/2017,30,24.8,26.9,80.1,0.6,100,16.67,rain,22.3,250.7,1013.5,65.4,,0.07,0
Lagos,24/09/2017,29,21.8,25.3,87.5,49,100,8.33,rain,27.7,261.9,1014.5,52,,0.14,0
Lagos,25/09/2017,31,23.2,26.7,85.6,0.1,100,4.17,rain,24.1,262.7,1013,60.5,,0.17,0
Lagos,26/09/2017,25,22.8,24.1,95.1,4,100,4.17,rain,27.7,275.6,1012.1,52.4,,0.2,0
Lagos,28/09/2017,29,22,25.5,88.5,0.2,100,4.17,rain,20.5,265,1013.5,51.3,,0.25,0
Lagos,29/09/2017,29,24.2,26.2,88.5,1,100,4.17,rain,137.2,246.6,1013.2,63.4,,0.3,0
Lagos,30/09/2017,32,22,26.6,82.8,6,100,4.17,rain,27.7,237.3,1012.2,55.9,,0.33,0
Lagos,02/10/2017,29,23.9,26,86.7,5,100,4.17,rain,18.4,260.9,1011.8,53.4,,0.39,0
Lagos,04/10/2017,30.1,22.8,26.4,87.2,25,100,4.17,rain,25.9,261.7,1012.3,60.9,,0.46,0
Lagos,05/10/2017,30,24,26.2,87.4,1,100,4.17,rain,25.9,255.9,1012.1,63.7,,0.5,0
Lagos,06/10/2017,31,23.9,26.9,85.8,0.2,100,8.33,rain,27.7,269.6,1011.7,60.5,,0.52,0
Lagos,07/10/2017,30,23.9,25.8,90.5,27,100,4.17,rain,22.3,266.3,1011.7,68.4,,0.56,0
Lagos,08/10/2017,28,23.8,25.8,89.2,0.7,100,4.17,rain,18.4,269.5,1012.5,66.9,,0.6,0
Lagos,09/10/2017,32,24.9,27.4,85.5,0.1,100,4.17,rain,24.1,255.8,1012,53.1,,0.63,0
Lagos,10/10/2017,31,21.9,26.5,87,35,100,4.17,rain,25.9,263.7,1011.8,64.2,,0.67,0
Lagos,12/10/2017,28,22,24.9,92.6,17,100,4.17,rain,20.5,259.5,1013.4,58.3,,0.75,0
Lagos,15/10/2017,31,24.9,27.4,84.8,0.1,100,4.17,rain,22.3,252.4,1012.9,55.7,,0.85,0
Lagos,16/10/2017,31,25,27.3,86.7,0.2,100,4.17,rain,20.5,268,1014,61.5,,0.88,0
Lagos,17/10/2017,32.1,25,27.8,86.5,2,100,4.17,rain,24.1,267.5,1014.2,58.1,,0.92,0
Lagos,20/10/2017,31,24.9,27.6,84.2,0.1,100,4.17,rain,20.5,257,1013.3,65.9,,0.02,0
Lagos,21/10/2017,32,24,27.8,83.9,0.1,100,4.17,rain,27.7,262.4,1013.5,57.4,,0.05,0
Lagos,22/10/2017,30.8,24,27.1,87.6,11,100,4.17,rain,25.9,268.7,1013.5,54.5,,0.09,0
Lagos,23/10/2017,31,25.8,27.5,86.8,5,100,4.17,rain,27.7,257.6,1012.5,60.4,,0.12,0
Lagos,27/10/2017,31.4,24,26.3,93.1,32,100,8.33,rain,18.4,264.3,1011.8,55.9,,0.25,0
Lagos,28/10/2017,30,25,27.1,87.9,0.6,100,8.33,rain,20.5,255.2,1011.1,60.3,,0.28,0
Lagos,31/10/2017,31,25.9,27.7,86,0.2,100,4.17,rain,20.5,245,1011.6,50.3,,0.38,0
Lagos,04/11/2017,31,23,26.4,90,12,100,8.33,rain,55.4,231.9,1012.4,56.9,,0.5,0
Lagos,05/11/2017,29.5,23.9,26.3,89.3,1.7,100,29.17,rain,11.9,227.2,1011.6,63.8,,0.54,0
Lagos,06/11/2017,28.6,25.2,26.8,85.5,2.3,100,54.17,rain,14,214.5,1010,71.9,,0.58,0
Lagos,07/11/2017,29.6,25.7,27.6,84.2,1.3,100,37.5,rain,11.9,227,1009.5,71.5,,0.61,0
Lagos,08/11/2017,29.5,25.9,27.6,85,1.1,100,29.17,rain,14.4,224.6,1009.7,46.2,,0.65,0
Lagos,09/11/2017,29.3,26.1,27.6,84.6,1.6,100,45.83,rain,15.1,221.7,1010.2,93.6,,0.68,0
Lagos,10/11/2017,29.9,25.4,27.6,85.1,2.3,100,41.67,rain,16.2,228.1,1010.1,63.6,,0.75,0
Lagos,11/11/2017,29.6,25.9,27.4,86.3,2,100,50,rain,14.8,227.3,1009.9,64.1,,0.75,0
Lagos,12/11/2017,28.7,26,27.2,86.8,4.8,100,37.5,rain,12.2,209.5,1009.5,57.2,,0.79,0
Lagos,13/11/2017,29.7,25.9,27.6,84.9,6.8,100,41.67,rain,12.2,208.5,1009,46.4,,0.82,0
Lagos,14/11/2017,29,26,27.4,86.4,7.7,100,41.67,rain,15.5,214.1,1008.6,46.4,,0.86,0
Lagos,15/11/2017,29.6,26.3,27.4,86.2,9.3,100,50,rain,14.4,232.3,1009,82.3,,0.89,0
Lagos,16/11/2017,28.5,26.2,27.3,87.4,5.6,100,50,rain,15.1,236,1009.6,98.1,,0.93,0
Lagos,17/11/2017,29,26.1,27.3,86,2.9,100,58.33,rain,15.1,228.7,1009,72.9,,0.96,0
Lagos,18/11/2017,28.8,25.8,27,87.8,3.4,100,62.5,rain,16.2,228.8,1009.5,83.5,,0,0
Lagos,19/11/2017,28.1,25.9,26.8,86.9,5.4,100,70.83,rain,14.4,205,1009.8,85.1,,0.03,0
Lagos,20/11/2017,28.8,25.4,26.9,86.7,5.7,100,50,rain,11.9,203.5,1010.5,82.7,,0.06,0
Lagos,21/11/2017,29.1,25,26.9,86.3,3.7,100,37.5,rain,11.2,231.3,1009.9,66.1,,0.1,0
Lagos,22/11/2017,28,25.5,26.7,87.7,9,100,58.33,rain,13.7,207.6,1009.9,69.3,,0.13,0
Lagos,23/11/2017,28.9,25.4,26.7,87.3,4.7,100,62.5,rain,11.9,204.8,1010.6,75.8,,0.16,0
Lagos,24/11/2017,31.7,25.9,27.4,84.3,1.3,100,50,rain,11.9,226,1011.1,64,,0.2,0
Lagos,25/11/2017,28.4,25.3,26.9,86.4,1.4,100,45.83,rain,11.9,225.7,1011.5,76.8,,0.23,0
Lagos,26/11/2017,29.6,25.2,27.2,83.2,0.1,100,4.17,rain,13,225.4,1011.7,32.8,,0.25,0
Lagos,27/11/2017,33,25.2,28.1,81,0.2,100,8.33,rain,14.8,234.9,1012.9,43.8,,0.3,0
Lagos,05/12/2017,33,25.8,28.7,82.3,0.1,100,4.17,rain,22.3,242.5,1011.7,43.7,,0.56,0
Lagos,08/12/2017,31,24.8,27.1,87.1,18,100,4.17,rain,14.8,230.7,1010.7,44.1,,0.66,0
Lagos,09/12/2017,27,24,25.3,92.3,1,100,4.17,rain,13,275.4,1011.7,65.5,,0.7,0
Lagos,19/12/2017,31,26,28.1,86.3,5,100,4.17,rain,14.8,198.3,1011.4,54.4,,0.04,0
Lagos,20/12/2017,32,25.1,28.1,85.7,4,100,4.17,rain,13,217.3,1011.4,47.6,,0.07,0
lagos,09/01/2018,35,24,28,79.5,54.4,100,4.17,rain,17.3,197,1013.2,32.6,,0.75,0
lagos,12/01/2018,35,25,28.3,81.4,0.1,100,4.17,rain,13,235,1012.5,43,,0.85,0
lagos,05/02/2018,35,26.7,29.6,79.2,0.1,100,4.17,rain,16.2,210,1009.1,49.1,,0.66,0
lagos,10/02/2018,34,23.8,28.6,83.9,15,100,4.17,rain,18.4,200.2,1008.9,56.2,,0.82,0
lagos,11/02/2018,29,24,26.6,89.9,7,100,4.17,rain,13,218.4,1010,52.9,,0.86,0
lagos,15/02/2018,34,26,29.1,84.5,0.1,100,4.17,rain,14.8,203.3,1011,58.5,,0,0
lagos,18/02/2018,31,24,27.8,82.8,0.3,100,8.33,rain,16.6,194.8,1010.7,55.2,,0.09,0
lagos,20/02/2018,30,22.9,26.9,84.5,2,100,4.17,rain,18.4,218.4,1009.8,55.9,,0.16,0
lagos,24/02/2018,30.9,22,25.9,84.9,10,100,4.17,rain,22.3,333.9,1011.1,58.1,,0.3,0
lagos,25/02/2018,34,24.2,28.3,83.7,0.4,100,4.17,rain,18.4,200,1011.2,52.5,,0.34,0
lagos,26/02/2018,28,23,25.6,89.8,9,100,4.17,rain,14.8,236.7,1011.8,61.1,,0.37,0
lagos,27/02/2018,32,23,27,82.7,9,100,4.17,rain,22.3,161.6,1012.4,53.8,,0.41,0
lagos,02/03/2018,32,25.1,28.4,82.8,0.5,100,12.5,rain,18,211.8,1012.2,49.3,,0.5,0
lagos,08/03/2018,34,25.8,28.6,79.3,0.3,100,8.33,rain,21.6,218.7,1012.3,48.3,,0.71,0
lagos,09/03/2018,33.1,26,29.2,76.3,0.2,100,4.17,rain,20.5,200.2,1012.3,61.2,,0.75,0
lagos,12/03/2018,35,26.8,29.7,76.4,0.1,100,4.17,rain,25.9,193.1,1012.9,55.6,,0.84,0
lagos,13/03/2018,35,26,29.7,77.8,0.1,100,4.17,rain,20.5,196.7,1012.5,58.9,,0.87,0
lagos,15/03/2018,34,26.9,29.4,81.7,0.1,100,4.17,rain,25.9,192.8,1011.2,48.7,,0.93,0
lagos,16/03/2018,35,26,29.7,79,0.2,100,4.17,rain,22.3,211.1,1010.5,55.9,,0.96,0
lagos,19/03/2018,35,26.1,29.5,80.1,0.2,100,8.33,rain,25.7,219,1009.9,55.4,,0.07,0
lagos,21/03/2018,33,26.9,28.7,82.1,3.7,100,8.33,rain,18.7,222.4,1011.6,54.2,,0.14,0
lagos,22/03/2018,32,27,28.7,81.4,0.1,100,4.17,rain,18.4,235.1,1011.9,52.5,,0.18,0
lagos,23/03/2018,34,24,28.5,82,0.1,100,4.17,rain,27.7,248.4,1011.7,72.4,,0.21,0
lagos,24/03/2018,33,24,27.4,81.9,0.2,100,8.33,rain,17.5,203.1,1010.4,53.3,,0.25,0
lagos,25/03/2018,29.8,26.3,27.7,82.7,6.2,100,29.17,rain,12.2,230.3,1009,94.2,,0.28,0
lagos,26/03/2018,34.1,26.9,29.6,78,0.1,100,4.17,rain,18.4,204.2,1010.4,68.4,,0.32,0
lagos,28/03/2018,33,26.8,28.7,84,0.6,100,8.33,rain,20.5,212.1,1010.4,72.1,,0.39,0
lagos,29/03/2018,35,26.6,28.4,83.6,3.5,100,25,rain,18.4,206.6,1009.8,78.4,,0.43,0
lagos,02/04/2018,32,27,29.3,83,0.4,100,12.5,rain,19.4,215.6,1008.2,55.4,,0.56,0
lagos,03/04/2018,33,27,29.3,83.2,0.6,100,12.5,rain,18.4,208.2,1008.5,59.9,,0.59,0
lagos,04/04/2018,33,27,29.4,82.3,0.1,100,4.17,rain,22.1,192.1,1009.7,52.7,,0.63,0
lagos,05/04/2018,32,26,28.1,86.4,2.9,100,25,rain,18.4,216.4,1008.8,65.6,,0.66,0
lagos,06/04/2018,33,26.2,28,86.3,4.2,100,25,rain,17.3,207.5,1007.7,57.4,,0.69,0
lagos,07/04/2018,33,25.6,28.4,81.8,0.7,100,12.5,rain,16.6,216.7,1008.7,70.7,,0.72,0
lagos,08/04/2018,32,22,27.3,85.1,19,100,4.17,rain,37.1,172.9,1011,54.1,,0.75,0
lagos,11/04/2018,32,24,27.8,83.7,0.1,100,4.17,rain,14.8,189.4,1011.1,54.8,,0.85,0
lagos,12/04/2018,33,24.9,28.8,80.6,0.3,100,4.17,rain,24.1,194.4,1011.5,54.5,,0.88,0
lagos,13/04/2018,33,25.2,28.3,83.4,1,100,12.5,rain,22.3,210.7,1012.1,54.1,,0.92,0
lagos,14/04/2018,33,26.1,29.3,78.2,0.6,100,4.17,rain,25,211.6,1013,58.4,,0.95,0
lagos,18/04/2018,34,27,29.7,77.5,0.1,100,4.17,rain,18.4,195.2,1013.5,62,,0.09,0
lagos,20/04/2018,28,23,26.3,88.8,8,100,4.17,rain,33.5,208.6,1012.2,56.7,,0.16,0
lagos,24/04/2018,34,27,29.7,80.5,0.1,100,4.17,rain,24.1,202.7,1012.2,54.2,,0.3,0
lagos,25/04/2018,31,25.9,27.6,85.9,1,100,4.17,rain,13,191.8,1012.5,56.3,,0.34,0
lagos,26/04/2018,33,24.8,28.2,78.9,0.1,100,4.17,rain,16.6,200.4,1012,47.1,,0.37,0
lagos,28/04/2018,33,25.8,29,81.3,0.1,100,4.17,rain,22.3,217.5,1012.4,53.3,,0.44,0
lagos,29/04/2018,34.1,26.8,29.9,77.3,0.1,100,4.17,rain,24.1,191.4,1012.4,51,,0.48,0
lagos,30/04/2018,33,27,29.2,80.2,0.2,100,4.17,rain,18,196.3,1012.5,62.9,,0.5,0
lagos,01/05/2018,34,26,29.4,78.7,0.1,100,4.17,rain,21.2,196.2,1012.5,52.3,,0.55,0
lagos,02/05/2018,35,26.8,29.9,77.9,0.5,100,4.17,rain,21.5,187.7,1011.6,62,,0.58,0
lagos,03/05/2018,32.1,23,27.5,82,3,100,4.17,rain,27.1,156.6,1011.6,56,,0.61,0
lagos,04/05/2018,31,22.8,26.5,85.2,16,100,4.17,rain,33.5,225.9,1011.7,56.9,,0.64,0
lagos,05/05/2018,31,25.8,27.4,85.7,2.5,100,33.33,rain,16.6,204.8,1011.4,69.3,,0.68,0
lagos,06/05/2018,32.1,25,27.9,83.4,2,100,20.83,rain,16.6,203.4,1012.6,67.7,,0.71,0
lagos,07/05/2018,33.1,25,28.8,80.8,0.1,100,4.17,rain,20.5,185.2,1013.2,57.8,,0.74,0
lagos,08/05/2018,29,22,26.4,87.3,26,100,4.17,rain,92.5,136,1011.4,42.9,,0.75,0
lagos,12/05/2018,31.8,24.8,26.7,87.8,5,100,4.17,rain,11.2,238.2,1013.4,62,,0.9,0
lagos,13/05/2018,31,23.1,27,85.5,50,100,4.17,rain,21.2,247.6,1012.4,45.3,,0.93,0
lagos,17/05/2018,29,23,26.6,86.8,25,100,8.33,rain,44.6,180.7,1012.3,55.8,,0.07,0
lagos,21/05/2018,32.1,26,28.7,82.4,0.1,100,4.17,rain,23.4,199.5,1012.2,60.3,,0.21,0
lagos,22/05/2018,31,23,27.2,86.5,35,100,4.17,rain,18.4,173.5,1013,56.2,,0.25,0
lagos,25/05/2018,30,22,26.1,89.5,41,100,4.17,rain,16.9,215.1,1011.7,53.9,,0.35,0
lagos,27/05/2018,31,25,26.8,91.1,4,100,4.17,rain,13,215.1,1013.8,57.8,,0.42,0
lagos,28/05/2018,30.9,25,28.1,82.7,13,100,4.17,rain,19.7,231.8,1014,52.2,,0.46,0
lagos,29/05/2018,29,25,26.3,88.9,5,100,4.17,rain,23.3,151.5,1014.2,50,,0.5,0
lagos,30/05/2018,30,24,26.3,88.2,12.6,100,37.5,rain,16.6,204.8,1013.7,58,,0.53,0
lagos,31/05/2018,30,25,27.3,86.8,13,100,8.33,rain,16.6,221.8,1013.6,54.2,,0.56,0
lagos,02/06/2018,29.2,22,26.2,88.5,13,100,8.33,rain,16.6,213.6,1013.6,56.8,,0.63,0
lagos,04/06/2018,32,25.8,28.4,82.6,0.9,100,8.33,rain,20.5,178.8,1014.3,61.8,,0.69,0
lagos,06/06/2018,30,24.8,26.5,86.9,1,100,4.17,rain,27.7,219.1,1013.5,49,,0.75,0
lagos,08/06/2018,33,24,28.1,85.1,16,100,4.17,rain,24.1,211.9,1014.2,58.4,,0.82,0
lagos,10/06/2018,30.8,24,25.8,89.2,2,100,4.17,rain,20.5,179.1,1014.5,63.7,,0.89,0
lagos,12/06/2018,31,25.1,27.8,86.1,22,100,4.17,rain,18.4,216.4,1015.2,56.7,,0.96,0
lagos,13/06/2018,31,25,27.6,88.5,0.2,100,4.17,rain,16.6,206.9,1015,54.4,,0,0
lagos,14/06/2018,32,25,27.8,85.2,3,100,4.17,rain,14.8,214.2,1015,51.7,,0.02,0
lagos,15/06/2018,33,25,27.7,85.4,0.4,100,4.17,rain,14.8,237.7,1014.3,60.3,,0.06,1
lagos,16/06/2018,28,25,26.2,88.4,0.3,100,12.5,rain,20.5,196,1014.5,70.1,,0.09,1
lagos,17/06/2018,28.4,24.8,26.5,87.9,9.2,100,83.33,rain,19.1,225.7,1013.5,92.6,,0.13,0
lagos,21/06/2018,27,23,24.9,88.9,26,100,4.17,rain,20.5,223.5,1016.1,58.7,,0.27,0
lagos,22/06/2018,29.1,23,26,86.2,2,100,4.17,rain,20.5,197.6,1016,69.9,,0.3,0
lagos,23/06/2018,25,23,24.5,94.2,40,100,8.33,rain,11.2,223.9,1015.5,50.4,,0.34,0
lagos,26/06/2018,30,24,26.5,83.5,8,100,4.17,rain,14.8,224.1,1013.5,61.9,,0.44,0
lagos,28/06/2018,31,24,26.6,84.3,1,100,4.17,rain,16.6,212.3,1013.9,50.7,,0.5,0
lagos,29/06/2018,31,25,26.5,86.5,2,100,8.33,rain,18.4,217.5,1013.2,47.1,,0.54,0
lagos,30/06/2018,28.6,23.2,25.6,91,9,100,8.33,rain,31.7,238.6,1011.9,69.2,,0.58,0
lagos,01/07/2018,25,23,23.9,96.6,9,100,4.17,rain,13,230.9,1013.3,50.1,,0.61,0
lagos,02/07/2018,28,23,25.4,90.3,0.5,100,8.33,rain,13.3,244.6,1013.1,55.2,,0.64,0
lagos,03/07/2018,29,24,25.9,89.6,1.2,100,25,rain,14.8,218.4,1012.8,58.6,,0.68,0
lagos,05/07/2018,30,24.1,26.1,87.6,2,100,4.17,rain,14.8,228.7,1015,61.3,,0.74,0
lagos,06/07/2018,31,24.3,26.7,85.7,0.1,100,4.17,rain,18.4,227.8,1014.7,58.7,,0.75,0
lagos,07/07/2018,29,22,25.1,91.5,34,100,4.17,rain,20.5,233.7,1015.1,75.9,,0.81,0
lagos,10/07/2018,31.2,24,26.3,88,31,100,4.17,rain,29.5,237.1,1016,56.5,,0.91,0
lagos,11/07/2018,31,24.1,26.7,85.9,0.2,100,4.17,rain,18.4,204.5,1015.8,50.4,,0.94,0
lagos,12/07/2018,31,24.8,26.5,85.6,0.1,100,4.17,rain,22.3,214.9,1015.7,58.5,,0.98,0
lagos,13/07/2018,30,24,26.1,88.5,0.5,100,8.33,rain,18.4,228.9,1015.1,70.6,,0,0
lagos,15/07/2018,28.8,23,26.4,84.5,20,100,8.33,rain,24.1,227.3,1014.7,70.4,,0.08,0
lagos,16/07/2018,29,24,26,86.3,5,100,4.17,rain,25.9,235.2,1015.8,67.3,,0.11,0
lagos,17/07/2018,29,24.8,26.1,88.5,0.5,100,4.17,rain,18.4,205.1,1015.7,73.5,,0.15,0
lagos,18/07/2018,29,24.8,26,87.9,4,100,8.33,rain,18.4,215.6,1015.9,60.7,,0.18,0
lagos,19/07/2018,27,24.8,25.5,88.5,1.9,100,20.83,rain,16.2,224.8,1015,61,,0.25,0
lagos,20/07/2018,26,24,25,94.1,41,100,4.17,rain,16.6,215.3,1014,70.4,,0.25,0
lagos,21/07/2018,26,24,24.6,96.3,25,100,8.33,rain,92.9,219.3,1014.6,62.4,,0.28,0
lagos,22/07/2018,29.2,23,25.6,90.1,10,100,4.17,rain,14.4,221.8,1014.6,63.2,,0.32,0
lagos,25/07/2018,28.1,24.7,26.3,87.8,2,100,4.17,rain,22.3,212.1,1015.2,75.6,,0.42,0
lagos,27/07/2018,30,24.8,26.4,87.6,0.1,100,4.17,rain,14.8,219.8,1016.3,66.7,,0.5,0
lagos,29/07/2018,27,24.9,25.4,89.1,3,100,4.17,rain,24.1,207,1015.7,57.8,,0.56,0
lagos,31/07/2018,27,24,25.3,83,0.1,100,4.17,rain,16.6,217.7,1016.1,62.2,,0.62,0
lagos,01/08/2018,29,22.8,25.3,85,0.1,100,4.17,rain,21.8,200.9,1015,59.9,,0.66,0
lagos,02/08/2018,29,24,26,85.4,0.7,100,4.17,rain,18.4,191,1014.9,62.9,,0.69,0
lagos,03/08/2018,29,24,25.7,86.1,2,100,4.17,rain,18.4,207.9,1015.5,69.1,,0.73,0
lagos,10/08/2018,28,24,25.4,89.1,1,100,4.17,rain,20.8,218.4,1015.9,81.4,,0.97,0
lagos,13/08/2018,25.3,23.1,24.6,92,41,100,4.17,rain,22.3,220.7,1014.9,81.6,,0.07,0
lagos,17/08/2018,28.5,24.4,25.9,87.1,5.6,100,33.33,rain,17.6,241.5,1014.2,89.3,,0.2,0
lagos,18/08/2018,29,24.5,25.9,88.1,7,100,4.17,rain,22.3,230.7,1013.7,84,,0.25,0
lagos,20/08/2018,28.6,23,25,89.7,11,100,12.5,rain,28.7,222.7,1015.1,71,,0.3,0
lagos,21/08/2018,27.1,23,25.2,89.7,12.9,100,41.67,rain,24.8,233,1013.5,80,,0.33,0
lagos,22/08/2018,25.5,24.4,24.9,91.1,13,100,62.5,rain,18,227.9,1014.1,91.4,,0.37,0
lagos,23/08/2018,29,24,25.8,89.5,1.5,100,20.83,rain,24.1,202.3,1014.5,88.5,,0.4,0
lagos,24/08/2018,28,23.8,25.3,89.7,2,100,4.17,rain,20.5,225.8,1014,72.1,,0.43,0
lagos,25/08/2018,26,23.9,24.8,93,17,100,12.5,rain,16.6,188.7,1014.1,80.3,,0.47,0
lagos,26/08/2018,29,24,25.9,88,10,100,8.33,rain,20.5,184.1,1015.8,63.5,,0.5,0
lagos,28/08/2018,29,23.8,25.9,86.8,2,100,4.17,rain,13.3,221.7,1014.1,67.8,,0.57,0
lagos,31/08/2018,28.1,25,25.9,88.7,2.9,100,20.83,rain,23.5,214.2,1011.9,66.9,,0.67,0
lagos,02/09/2018,29,24.8,26.4,87.3,1,100,4.17,rain,13,208.7,1013.9,55.8,,0.74,0
lagos,03/09/2018,28,24.9,26,89.4,0.3,100,12.5,rain,16.6,228.5,1012.5,59.3,,0.75,0
lagos,04/09/2018,28,24.8,26,90,2,100,4.17,rain,14.8,201.7,1012.7,69,,0.81,0
lagos,05/09/2018,29.2,24,26.6,86.2,3,100,4.17,rain,14.8,226.4,1013.9,67.2,,0.85,0
lagos,06/09/2018,28,24,25.2,92.9,8,100,8.33,rain,16.6,243,1012.9,69.8,,0.88,0
lagos,07/09/2018,26.2,22.8,24.6,93.7,92,100,8.33,rain,20.7,238.9,1012.3,81.5,,0.92,0
lagos,08/09/2018,26.1,24,24.7,95.7,11,100,4.17,rain,14.6,225.7,1013.6,62.9,,0.95,0
lagos,09/09/2018,29,23.3,25.2,92.4,3,100,8.33,rain,12.2,208.6,1014.2,65.1,,0,0
lagos,10/09/2018,28,24,25,95.5,24,100,4.17,rain,13,200,1014.8,69,,0.02,0
lagos,11/09/2018,29,23,25.7,91.8,1,100,4.17,rain,13,215.9,1014.8,74.6,,0.06,0
lagos,12/09/2018,29,24,26.3,87.7,2,100,4.17,rain,14.8,203.5,1014.7,47.2,,0.09,0
lagos,13/09/2018,30,23.2,26,86.8,0.6,100,8.33,rain,51.8,148.2,1013.5,61.9,,0.12,0
lagos,14/09/2018,31,22.8,26.4,81.7,0.1,100,4.17,rain,18.4,206,1013.2,52.2,,0.15,0
lagos,16/09/2018,29.4,24,25.9,90.6,2,100,4.17,rain,12.2,212.2,1013.6,58.6,,0.22,0
lagos,18/09/2018,29,22,25.1,92.5,5,100,4.17,rain,24.1,249.1,1012.7,52.6,,0.28,0
lagos,19/09/2018,34,23,27.2,82.5,0.2,100,8.33,rain,14.8,206.5,1012.5,66.7,,0.32,0
lagos,20/09/2018,29.1,24.6,26.8,86.7,3,100,4.17,rain,13,234.4,1010.8,84.5,,0.35,0
lagos,21/09/2018,30.6,23.1,26.2,87.4,8.7,100,12.5,rain,16.6,233.3,1011.1,91,,0.38,0
lagos,22/09/2018,28.4,24,25.4,92.4,8.9,100,8.33,rain,18.4,219.6,1012.3,74.6,,0.41,0
lagos,23/09/2018,29,23,25.1,90.3,59,100,4.17,rain,13,220,1012.9,73.2,,0.45,0
lagos,25/09/2018,31,24.9,26.9,87.2,2.6,100,8.33,rain,16.6,220.3,1012.5,64.1,,0.5,0
lagos,26/09/2018,28,24.8,25.9,91.9,16,100,8.33,rain,14.8,197.7,1013,67.9,,0.55,0
lagos,27/09/2018,31,24,26.4,88.3,0.3,100,12.5,rain,15.1,225.7,1012.1,61.7,,0.58,0
lagos,28/09/2018,28,24.9,25.9,91,3,100,4.17,rain,9.4,229.4,1012.6,55.7,,0.62,0
lagos,30/09/2018,30,25.2,27.2,85.9,1.6,100,12.5,rain,20.5,223.8,1011.7,64.6,,0.69,0
lagos,01/10/2018,27,23,25,91,6,100,4.17,rain,27.7,295.9,1012.7,56.1,,0.73,0
lagos,05/10/2018,30,24.2,26.5,90.1,5,100,4.17,rain,16.6,215.5,1013.1,59.7,,0.87,0
lagos,06/10/2018,30.1,24.1,26.7,87.9,10,100,4.17,rain,18.4,201,1014,59.4,,0.9,0
lagos,08/10/2018,32,23,27,84.8,9,100,4.17,rain,18.4,181.4,1012,58.4,,0.98,0
lagos,09/10/2018,29,25.2,26.6,88.8,5.4,100,45.83,rain,13.3,225.8,1011.1,84.1,,0,0
lagos,10/10/2018,29,21,25.7,90.6,31,100,4.17,rain,22.3,184.2,1012.5,61.3,,0.04,0
lagos,11/10/2018,31,24,26.7,87.3,1.5,100,12.5,rain,13,224.1,1013.2,62.2,,0.07,0
lagos,12/10/2018,27.2,24.9,25.8,89.8,4,100,4.17,rain,13.3,199.2,1012.8,73.8,,0.11,0
lagos,13/10/2018,28.4,24.3,26.4,86.2,2.8,100,37.5,rain,14,238.2,1012.3,90.8,,0.14,0
lagos,14/10/2018,31,23.9,26.9,88.3,0.1,100,4.17,rain,14.8,211.9,1012.7,51.8,,0.17,0
lagos,16/10/2018,29.1,22.7,25.5,89.7,11,100,4.17,rain,24.1,45,1014.5,51.7,,0.25,0
lagos,21/10/2018,33,25,28.2,85.4,0.1,100,4.17,rain,22.3,188.7,1010.7,56.5,,0.4,0
lagos,23/10/2018,33,25.3,27.7,85.3,1.6,100,33.33,rain,16.6,225.4,1011.7,83.2,,0.46,0
lagos,24/10/2018,29,25,26.6,90.3,1,100,4.17,rain,14.8,191.6,1012.7,53.8,,0.5,0
lagos,27/10/2018,31,24.1,26.9,89.5,4,100,4.17,rain,16.6,142.8,1013.5,48,,0.6,0
lagos,28/10/2018,33,23.9,26.9,87.3,5.5,100,8.33,rain,18.4,262,1012.8,57.8,,0.63,0
lagos,29/10/2018,29,23,25.4,91.6,61,100,12.5,rain,42.5,1.2,1013.2,70.4,,0.67,0
lagos,30/10/2018,33,24.1,28,83.4,1.5,100,16.67,rain,13,233.7,1012.1,58.9,,0.71,0
lagos,31/10/2018,32.5,25.1,28.1,84.1,2.6,100,12.5,rain,16.8,237.3,1010.6,66.9,,0.75,0
lagos,01/11/2018,29.6,26.2,27.6,85.6,2,100,4.17,rain,16.9,232.3,1010.2,82.9,,0.78,0
lagos,02/11/2018,30,25,27.2,86.9,26,100,4.17,rain,18.4,203.9,1011.6,60.1,,0.81,0
lagos,04/11/2018,33,24,27.6,85.9,1,100,4.17,rain,14.8,199,1011.2,63.6,,0.89,0
lagos,05/11/2018,33,25,27.9,84.4,0.8,100,12.5,rain,18.4,227.8,1011,51.9,,0.92,0
lagos,06/11/2018,29,25,26.6,89.6,3.5,100,12.5,rain,20.5,211.7,1011.2,49.7,,0.96,0
lagos,07/11/2018,31,25,27.1,88.8,0.9,100,12.5,rain,25.9,145.8,1012.5,56.6,,0,0
lagos,08/11/2018,32,24.7,27.7,86.6,0.1,100,4.17,rain,13.3,183.1,1013.1,47.1,,0.03,0
lagos,09/11/2018,32,22.8,27,86,7,100,4.17,rain,22.3,197.9,1012.3,61.5,,0.06,0
lagos,10/11/2018,31.1,24,27.4,86.5,7,100,4.17,rain,14.8,195.8,1011.4,58.6,,0.09,0
lagos,11/11/2018,32,25.8,28.3,84.7,0.5,100,8.33,rain,13,208.9,1010.7,54.5,,0.12,0
lagos,12/11/2018,29.7,26.4,27.7,85.4,1.1,100,20.83,rain,15.1,238.1,1009,34.1,,0.15,0
lagos,13/11/2018,34,26.2,29.5,82.4,0.9,100,16.67,rain,14.8,226.2,1009.6,54.6,,0.19,0
lagos,17/11/2018,33,26.5,28.7,84.1,0.4,100,12.5,rain,13,197.2,1013,54.7,,0.31,0
lagos,18/11/2018,33,25,28,88.4,99,100,4.17,rain,9.6,216.3,1012.3,49.5,,0.35,0
lagos,22/11/2018,32,25,28.2,85.7,1,100,4.17,rain,13,240.5,1011.9,51.2,,0.48,0
lagos,24/11/2018,34,24.9,28.8,82.7,0.1,100,4.17,rain,11.2,225.9,1011.9,47.2,,0.54,0
lagos,26/11/2018,33,25.2,28.9,83.9,0.1,100,4.17,rain,16.6,215.4,1011.2,57.4,,0.61,0
lagos,03/12/2018,33.8,25.2,28.5,82.2,0.2,100,8.33,rain,11.2,210.1,1010.6,46.3,,0.86,0
lagos,08/12/2018,33.9,23,27.4,81.3,0.8,100,20.83,rain,13.7,215.9,1012.7,64.5,,0.04,0
lagos,11/12/2018,34,24.7,28.3,82,4,100,12.5,rain,13,250.1,1014,45.1,,0.13,0
lagos,12/12/2018,34,25.9,28.2,85.4,11,100,4.17,rain,13,251.7,1014.3,45.8,,0.17,0
lagos,29/12/2018,33.6,25.1,27.8,81,0.1,100,4.17,rain,13,225.1,1010.7,32.5,,0.75,0
Lagos,01/07/2019,32,24,27.9,79.2,0.2,100,4.17,rain,42.5,257.7,1012.4,31,,0.05,0
Lagos,1/17/2019,35,25.9,29.4,81.4,0.1,100,4.17,rain,16.6,208.5,1011.9,46.3,,0.38,0
Lagos,1/20/2019,32,23,27.5,87.5,35,100,4.17,rain,22.3,245.5,1013.9,52,,0.47,0
Lagos,1/22/2019,34,24.6,28.7,83.6,0.3,100,4.17,rain,14.8,201.3,1012.5,56,,0.54,0
Lagos,1/24/2019,28,24,26.4,91.8,1,100,4.17,rain,13.7,209.1,1012,59.3,,0.61,0
Lagos,1/26/2019,33,25.9,28.8,85.6,0.1,100,4.17,rain,19.1,223.2,1012.3,60.8,,0.68,0
Lagos,1/27/2019,33,25.8,28.7,84.7,1.6,100,8.33,rain,18.4,197.8,1012,60,,0.75,0
Lagos,1/28/2019,30,25.8,27.5,90.6,51,100,4.17,rain,18.4,218.3,1011.8,58.1,,0.75,0
Lagos,1/29/2019,30,25,27.1,90.1,0.4,100,4.17,rain,12.5,208.1,1011.3,58.8,,0.78,0
Lagos,1/30/2019,32,23,27.1,85.6,43,100,4.17,rain,18.4,176.4,1011.9,47.2,,0.82,0
Lagos,02/02/2019,29.2,26,27.6,90.3,9,100,4.17,rain,16.2,219.5,1011.5,51.3,,0.92,0
Lagos,02/03/2019,33,25,28.5,85.9,8,100,4.17,rain,13,277.2,1011.4,45.7,,0.95,0
Lagos,02/05/2019,34,26,28.8,85.2,0.1,100,4.17,rain,33.5,239.4,1011.8,54.2,,0.02,0
Lagos,02/08/2019,29,25,27.3,89.9,8,100,4.17,rain,12.2,228.9,1010.1,65.1,,0.12,0
Lagos,02/09/2019,32.6,24.9,28.2,83.2,0.3,100,12.5,rain,16.3,234.7,1009.2,56,,0.15,0
Lagos,2/15/2019,33,26.8,29.2,79.1,0.3,100,4.17,rain,20.1,320.9,1013.4,37.6,,0.36,0
Lagos,2/18/2019,33,27,29.4,83.9,0.1,100,4.17,rain,13,211.7,1011.6,38.3,,0.46,0
Lagos,2/19/2019,33,26.8,29,85.5,0.4,100,8.33,rain,16.6,219.5,1009.9,49.3,,0.5,0
Lagos,2/20/2019,34,26.8,29.8,81.9,0.3,100,8.33,rain,14.8,236.6,1010.5,56.2,,0.53,0
Lagos,2/21/2019,35,27.2,30,82.5,0.1,100,4.17,rain,18,246.4,1012.5,48,,0.56,0
Lagos,2/23/2019,34.4,27.8,29.2,84.6,20,100,4.17,rain,18.4,237,1011.4,58.3,,0.63,0
Lagos,2/24/2019,29,22,25.3,94.1,49,100,4.17,rain,24.1,208.1,1010.4,58.3,,0.66,0
Lagos,2/25/2019,32,23,26.4,88.9,1.3,100,4.17,rain,16.6,280.2,1009.9,45.9,,0.69,0
Lagos,2/26/2019,31,25,26,92.1,7,100,4.17,rain,29.5,130.9,1011.5,55.7,,0.75,0
Lagos,2/27/2019,33.1,24,27.1,87.6,3.5,100,29.17,rain,14.8,139.4,1011.4,64.5,,0.76,0
Lagos,2/28/2019,33,25,28.1,86.1,3,100,4.17,rain,14.8,225,1012.6,57.5,,0.79,0
Lagos,03/01/2019,33.1,22,26.9,84.3,1,100,4.17,rain,14.8,250.5,1013.9,56.8,,0.83,0
Lagos,03/02/2019,33,24.1,28.5,76.3,3.3,100,8.33,rain,20.5,229.8,1013.2,40.1,,0.86,0
Lagos,03/04/2019,33,27.3,29.4,82,0.6,100,16.67,rain,18.4,233.3,1012.3,56.5,,0.93,0
Lagos,03/05/2019,32,26.2,28.5,85.3,0.7,100,25,rain,14.8,228.6,1011.6,45.6,,0.96,0
Lagos,03/06/2019,31,23.8,26.9,91.9,38,100,4.17,rain,42.5,197.8,1013.1,62.6,,0,0
Lagos,03/08/2019,32.6,25.7,28.5,84.6,0.1,100,4.17,rain,16.9,217.9,1010.6,72.8,,0.06,0
Lagos,03/09/2019,33.1,24.7,28.6,82.6,3.4,100,29.17,rain,16.9,239.8,1011.2,84,,0.1,0
Lagos,03/10/2019,33.7,24.9,28.6,85.2,2.9,100,29.17,rain,16.2,220.2,1012.1,73.5,,0.13,0
Lagos,03/11/2019,30.6,26.1,28.5,85.4,0.8,100,20.83,rain,17.3,228.5,1011.2,51.7,,0.17,0
Lagos,03/12/2019,33.1,27.1,29.2,83.7,0.8,100,25,rain,16.6,218.8,1010.6,67.4,,0.2,0
Lagos,3/13/2019,34,26.8,29.6,80.6,1.7,100,16.67,rain,22.3,223.2,1010.3,61.4,,0.24,0
Lagos,3/14/2019,34,27.1,29.3,82.2,0.1,100,4.17,rain,16.6,222.1,1009.5,57,,0.25,0
Lagos,3/16/2019,33,26,28.8,84.4,4,100,4.17,rain,22.3,206,1010.9,77.2,,0.34,0
Lagos,3/17/2019,29.7,26,27.7,84.9,1.1,100,25,rain,15.5,235.3,1010,78.1,,0.37,0
Lagos,3/19/2019,34,26.9,29.5,82.6,0.2,100,8.33,rain,22.3,226.4,1009.5,42.2,,0.44,0
Lagos,3/21/2019,35,27,29.8,82,0.1,100,4.17,rain,25.9,224.5,1009.2,45.9,,0.5,0
Lagos,3/22/2019,34,23.9,27.8,80.9,3,100,8.33,rain,19.8,233.1,1009.5,75,,0.55,0
Lagos,3/25/2019,34,26,29.2,79.9,0.3,100,4.17,rain,24.1,217.2,1012.1,57.3,,0.64,0
Lagos,3/28/2019,34.6,27.4,29.7,83.4,0.6,100,16.67,rain,18.7,226.9,1011.2,74.1,,0.75,0
Lagos,3/29/2019,35,27.9,30.4,81.3,1.4,100,4.17,rain,20.5,214.3,1011.9,52.3,,0.77,0
Lagos,3/30/2019,35,27.7,30.7,80.1,0.5,100,8.33,rain,27.7,234.2,1011.4,61.4,,0.81,0
Lagos,04/03/2019,35,27,30.3,81.5,0.2,100,4.17,rain,24.1,214.7,1009.7,51.6,,0.94,0
Lagos,04/05/2019,34,23,28.8,82.8,30,100,4.17,rain,29.5,244.4,1009.8,56.9,,0,0
Lagos,04/06/2019,34,27.1,30,83.7,0.7,100,8.33,rain,25.9,242.3,1010.7,58.7,,0.04,0
Lagos,04/07/2019,33,23,27.5,88.9,37,100,8.33,rain,33.5,226.3,1011.9,61.1,,0.07,0
Lagos,04/08/2019,33,24,28.4,81.5,0.1,100,4.17,rain,25.9,212.2,1011.9,49.7,,0.11,0
Lagos,04/11/2019,30,25,27.4,90.3,8,100,8.33,rain,20.5,187.1,1010.7,55.5,,0.22,0
Lagos,4/13/2019,32,23,26.6,86.1,18,100,4.17,rain,27.7,236.5,1011.5,62.3,,0.29,0
Lagos,4/14/2019,29.4,24,26.9,88.3,20,100,8.33,rain,29.5,169.6,1012.2,70.8,,0.32,0
Lagos,4/16/2019,30.4,25,27.8,83.3,0.2,100,8.33,rain,13.3,176.5,1011.3,42.6,,0.39,0
Lagos,4/19/2019,32,27.6,29,83.4,0.6,100,25,rain,20.5,206.3,1010.3,80.9,,0.5,0
Lagos,4/20/2019,34,26,29.7,79.9,0.1,100,4.17,rain,22.3,223.3,1011.6,56.2,,0.53,0
Lagos,4/21/2019,33.8,27,29.8,83.6,0.5,100,4.17,rain,16.6,223.3,1010.3,64.2,,0.56,0
Lagos,4/23/2019,30,24.9,27.9,87,4.4,100,37.5,rain,22.3,209.7,1010.3,84.8,,0.63,0
Lagos,4/24/2019,30.8,24.7,27.9,85.5,2,100,4.17,rain,10.4,194.2,1011.1,95.7,,0.66,0
Lagos,4/25/2019,33.2,26.8,29.3,84.6,3.1,100,20.83,rain,15.5,220.7,1012.3,74.5,,0.69,0
Lagos,4/26/2019,31.2,27,29,85.2,0.9,100,20.83,rain,16.6,211.8,1011.7,59,,0.75,0
Lagos,4/30/2019,33.9,26.8,30,82.3,2,100,4.17,rain,25.9,224.6,1012.6,57.5,,0.85,0
Lagos,05/01/2019,34.1,27,30.3,78,0.1,100,4.17,rain,18.4,224.5,1012.2,55.2,,0.89,0
Lagos,05/03/2019,33.3,25,29.5,81.8,0.3,100,12.5,rain,27.7,222.9,1011.3,48.7,,0.95,0
Lagos,05/04/2019,32,23,27.1,86.1,28,100,4.17,rain,24.1,205,1011.5,60.3,,0,0
Lagos,05/07/2019,33.8,27.1,29.9,81.7,0.4,100,12.5,rain,18.4,220.1,1012.3,70.5,,0.09,0
Lagos,05/08/2019,30.9,26.4,28.8,83.4,1.3,100,41.67,rain,15.5,215,1010.1,68.2,,0.13,0
Lagos,05/09/2019,29,23,25.9,93.5,73,100,4.17,rain,41.6,200.5,1010.7,53.3,,0.16,0
Lagos,05/11/2019,32,25.9,28,84.4,52.2,100,4.17,rain,13,272.1,1011.4,52.6,,0.23,0
Lagos,5/13/2019,27.8,23.8,26.2,89,13,100,4.17,rain,42.5,336.3,1010.6,84.8,,0.31,0
Lagos,5/14/2019,30.4,26.4,27.9,84.8,5.5,100,41.67,rain,18.4,181.8,1010.1,73.1,,0.34,0
Lagos,5/15/2019,33,24.1,28,83.9,11,100,4.17,rain,22.3,217.2,1012.4,63.5,,0.38,0
Lagos,5/16/2019,33,23.1,27.6,82.3,19,100,4.17,rain,20.4,244.6,1012.9,70.7,,0.41,0
Lagos,5/20/2019,29,23,26.4,92.6,32,100,8.33,rain,16.6,253,1013,49.9,,0.55,0
Lagos,5/21/2019,31,24.1,27.2,86.3,0.1,100,4.17,rain,18.4,251.7,1013.2,42.7,,0.58,0
Lagos,5/25/2019,33,23.7,27.8,83.8,0.1,100,4.17,rain,16.7,222.1,1012.5,49.2,,0.71,0
Lagos,5/26/2019,31.7,25,27.2,90.1,14,100,8.33,rain,29.5,234.2,1012.6,57.4,,0.75,0
Lagos,5/27/2019,32.8,23.8,27,82.7,6,100,4.17,rain,29.5,186.9,1012.6,53,,0.78,0
Lagos,5/29/2019,29,25,26.7,89.7,6,100,4.17,rain,20.5,346.1,1012,60.6,,0.84,0
Lagos,5/30/2019,30,24,26.7,88.1,6,100,4.17,rain,25.9,213.3,1012.8,62.4,,0.87,0
Lagos,5/31/2019,28,26,26.6,91.4,2,100,4.17,rain,18.4,217.2,1012.7,58.3,,0.9,0
Lagos,06/01/2019,30,23,26.4,87.5,33,100,8.33,rain,12.2,271.8,1013.3,53.5,,0.94,0
Lagos,06/03/2019,32.1,24.9,28.2,82.3,0.4,100,12.5,rain,14.8,252.3,1014,54.4,,0,0
Lagos,06/05/2019,30,25,27.5,85.5,1,100,4.17,rain,18.4,255.8,1013.5,61.2,,0.07,0
Lagos,06/06/2019,30.1,22.9,26.7,88.3,2,100,4.17,rain,21.6,240.9,1013,78,,0.11,0
Lagos,06/07/2019,30.1,22.9,25.8,87.3,1.4,100,16.67,rain,22,225.7,1013,77.4,,0.14,0
Lagos,06/08/2019,32,24,27.6,84.1,0.1,100,4.17,rain,18.4,256.9,1014.8,55.7,,0.18,0
Lagos,06/10/2019,29,24.7,26.2,91.7,9,100,4.17,rain,16.6,230.5,1014.6,64.2,,0.25,0
Lagos,06/11/2019,30.2,25,26.9,86,0.5,100,12.5,rain,18,254.3,1013.9,50.6,,0.29,0
Lagos,06/12/2019,31,24.6,27,85.5,1.1,100,16.67,rain,16.6,245,1014.6,57.4,,0.32,0
Lagos,6/13/2019,31,25,27.4,84.4,2,100,4.17,rain,16.6,256,1014.6,66.3,,0.36,0
Lagos,6/14/2019,28,23,25.7,91.9,18,100,8.33,rain,22.3,261,1015.3,55.7,,0.4,0
Lagos,6/15/2019,27.2,24,25.1,94.3,19,100,8.33,rain,11.2,270.7,1015.4,50.4,,0.43,0
Lagos,6/16/2019,31,23,26.6,87.9,0.1,100,4.17,rain,18.4,246.1,1015.6,54.7,,0.47,0
Lagos,6/18/2019,29,25,26.8,89.6,0.5,100,16.67,rain,14.8,240.5,1015.6,45.7,,0.54,0
Lagos,6/19/2019,32,25,27.9,85.3,0.4,100,12.5,rain,16.6,257.9,1014.6,43.8,,0.57,0
Lagos,6/20/2019,29,23,25.5,91.2,2,100,4.17,rain,16.6,229.3,1015.6,61.4,,0.6,0
Lagos,6/21/2019,29.1,23.9,26.1,88.9,1.9,100,20.83,rain,13.7,246.9,1015.8,71.2,,0.63,0
Lagos,6/22/2019,28.2,25.2,26.3,90,28,100,4.17,rain,17.6,241.6,1014.2,89.1,,0.67,0
Lagos,6/23/2019,30.4,23.2,26,88.6,8,100,8.33,rain,20.2,226.2,1013.2,84.8,,0.7,0
Lagos,6/24/2019,30,22,25.2,90.7,60,100,8.33,rain,18.4,288,1014.1,70.7,,0.73,0
Lagos,6/25/2019,29,23,24.9,93.8,21,100,4.17,rain,16.9,216.5,1013.9,80.1,,0.75,1
Lagos,6/26/2019,26.3,22.1,25.1,92.3,5.4,100,58.33,rain,13.3,225.9,1014.7,91.8,,0.79,1
Lagos,6/27/2019,28.1,22.9,25.7,88.4,24.5,100,8.33,rain,16.2,250.6,1014,95.6,,0.83,1
Lagos,6/28/2019,26,23,24.8,93.5,74,100,8.33,rain,18.4,242.4,1014.6,67.3,,0.86,0
Lagos,6/30/2019,30,24.8,26.7,87.7,0.2,100,4.17,rain,22.3,242.3,1015.9,63.7,,0.92,0
Lagos,07/01/2019,27.5,25,25.7,92.3,26,100,4.17,rain,16.9,225.9,1014.3,58.3,,0.96,0
Lagos,07/03/2019,30,24.8,26.9,88,0.7,100,12.5,rain,18.4,220.5,1012.5,54.8,,0.02,0
Lagos,07/04/2019,27.3,25,25.8,95.2,8,100,4.17,rain,14.8,237.6,1013.5,61,,0.06,0
Lagos,07/05/2019,28,25,25.8,94.3,3,100,4.17,rain,16.6,246.8,1014.6,64.6,,0.09,0
Lagos,07/07/2019,30,25,26.9,86.1,0.4,100,4.17,rain,18.7,242.2,1013.7,70.6,,0.17,0
Lagos,07/08/2019,29,23,25.9,85.5,4,100,4.17,rain,24.1,225,1015.2,56.5,,0.2,0
Lagos,07/11/2019,29,24,25.7,89,6,100,4.17,rain,24.1,246.2,1014.6,67.7,,0.31,0
Lagos,07/12/2019,26,23,24.6,94.3,4,100,8.33,rain,14.8,257,1015.4,66,,0.34,0
Lagos,7/13/2019,30,23,25.9,86.9,3,100,4.17,rain,16.6,225.9,1015.8,56.6,,0.38,0
Lagos,7/15/2019,28.8,23.9,25.7,87.1,0.8,100,4.17,rain,16.6,272.7,1013.7,62,,0.45,0
Lagos,7/16/2019,26,22.5,24.2,93.8,33,100,4.17,rain,18.4,267.4,1014.4,53.4,,0.5,0
Lagos,7/18/2019,27,24,25.5,87.6,1,100,4.17,rain,13,267.8,1014.1,60.1,,0.55,0
Lagos,7/19/2019,28,24,25.8,87.7,0.1,100,4.17,rain,16.6,247.1,1014.8,69.3,,0.58,0
Lagos,7/20/2019,28.6,23.1,25.4,88.6,6.7,100,41.67,rain,20.5,248.3,1014.6,88.6,,0.62,0
Lagos,7/22/2019,31,18.9,26.3,83,1,100,4.17,rain,31.7,254.5,1014.8,55.5,,0.68,0
Lagos,7/23/2019,26,24,24.8,93.5,41,100,8.33,rain,16.6,263.2,1014.5,67.8,,0.72,0
Lagos,7/24/2019,29,23,25.6,89,0.2,100,4.17,rain,16.6,253.4,1014,54.8,,0.75,0
Lagos,7/26/2019,28,24,25.7,88.8,2.4,100,20.83,rain,19.4,252.2,1014.2,66.1,,0.81,0
Lagos,7/27/2019,27.2,24,25.4,92.8,1,100,4.17,rain,13,239.4,1014.3,74.9,,0.85,0
Lagos,7/28/2019,27,24,25.2,92.4,49,100,8.33,rain,22.3,261.3,1013.6,71.4,,0.88,0
Lagos,7/29/2019,28,24.9,26.1,87.2,0.4,100,16.67,rain,18.4,254.3,1014.2,75.9,,0.91,0
Lagos,7/31/2019,29,24.1,26.2,86.2,8.2,100,8.33,rain,18.4,264.3,1014.4,64.4,,0.98,0
Lagos,08/02/2019,30,24,26.3,84.2,11,100,4.17,rain,20.5,263.6,1014.2,66.7,,0.05,0
Lagos,08/03/2019,27.1,24.5,25.7,86.5,0.5,100,4.17,rain,24.1,246.9,1015,68.1,,0.08,0
Lagos,08/09/2019,27,23.9,25.5,87.8,1.1,100,4.17,rain,21.3,253.6,1016.8,68.5,,0.29,0
Lagos,08/10/2019,29,23,25.5,88,4,100,8.33,rain,24.1,251.2,1017.2,57.9,,0.32,0
Lagos,08/11/2019,30,24,26.3,82.5,0.1,100,4.17,rain,18.4,260.4,1015.9,60.5,,0.36,0
Lagos,08/12/2019,29,23.1,25.7,84.4,0.3,100,12.5,rain,17.6,247.6,1014.4,56.1,,0.39,0
Lagos,8/13/2019,28,24,25.2,89.9,29,100,4.17,rain,17.3,241.6,1013.9,62,,0.43,0
Lagos,8/14/2019,30,24,26.4,83.2,0.6,100,16.67,rain,20.5,234.9,1015,60.5,,0.46,0
Lagos,8/16/2019,28,15,25.1,87.1,0.3,100,8.33,rain,38.9,235.7,1014.8,59.1,,0.53,0
Lagos,8/19/2019,30,22,26.5,80.8,0.1,100,4.17,rain,22.3,244.9,1013.7,61.6,,0.63,0
Lagos,8/20/2019,29,24.5,25.9,88.2,7,100,8.33,rain,21.8,246.4,1014,66.9,,0.67,0
Lagos,8/21/2019,29,23,26,88,0.2,100,8.33,rain,35.3,241.5,1014.8,59.1,,0.7,0
Lagos,8/22/2019,29.1,24.9,26.6,82.9,0.1,100,4.17,rain,24.1,248.2,1014.3,61.9,,0.73,0
Lagos,8/24/2019,31,23.9,26.4,82.8,1.1,100,8.33,rain,26.1,241.8,1015.7,67.7,,0.8,0
Lagos,8/26/2019,30,24,26.2,85.5,0.2,100,4.17,rain,18.4,254.9,1015.8,66.8,,0.87,0
Lagos,8/29/2019,31,24.4,27.1,80.7,0.2,100,4.17,rain,18.4,216.8,1015.1,57.6,,0.97,0
Lagos,8/30/2019,31,23.9,26.4,84,3,100,4.17,rain,27.7,253.6,1014.4,62.2,,0,0
Lagos,09/01/2019,29.2,24,25.5,87.5,2.9,100,33.33,rain,24.1,242.5,1012,82.3,,0.07,0
Lagos,09/02/2019,30,24.7,26.5,85.1,1,100,4.17,rain,20.5,222.7,1013.3,63.2,,0.1,0
Lagos,09/03/2019,28,18,25.4,88,0.9,100,25,rain,27.7,232,1015,63.1,,0.14,0
Lagos,09/04/2019,26.8,17,24.9,89,28.7,100,70.83,rain,44.6,259.1,1014.1,90.5,,0.17,0
Lagos,09/05/2019,27.5,17,25.4,87.8,6.4,100,54.17,rain,55.4,242,1013.5,89.7,,0.2,0
Lagos,09/06/2019,29,22,25.3,90.5,42,100,4.17,rain,18.4,264.1,1014,77.6,,0.25,0
Lagos,09/07/2019,30,23,25.7,88.4,0.4,100,8.33,rain,18,246.1,1014.6,58.1,,0.27,0
Lagos,09/08/2019,30,23.8,26.3,85.5,1,100,4.17,rain,16.6,243.7,1015.6,60.2,,0.31,0
Lagos,09/10/2019,29.1,25,26.4,87,1,100,4.17,rain,19.4,241.8,1014.5,61.9,,0.37,0
Lagos,09/11/2019,27,25,25.7,91.3,1.2,100,4.17,rain,7.6,259.9,1013.4,67.5,,0.41,0
Lagos,09/12/2019,29,24,26,90.6,0.9,100,4.17,rain,24.1,217.2,1013.8,66.4,,0.44,0
Lagos,9/13/2019,31,24.8,26,89.3,7,100,12.5,rain,20.5,236.7,1014.6,65.9,,0.48,0
Lagos,9/14/2019,27,23,24.3,94.4,34,100,8.33,rain,16.6,258.6,1013.9,59.2,,0.5,0
Lagos,9/15/2019,29,22.8,25.3,90.4,1,100,4.17,rain,18.4,240,1013.3,57.1,,0.54,0
Lagos,9/17/2019,30.1,25,26.4,90.1,17,100,4.17,rain,20.5,260,1012.5,64.3,,0.61,0
Lagos,9/18/2019,29.1,24,25.8,91.5,27,100,4.17,rain,20.5,265.9,1012.5,60.6,,0.65,0
Lagos,9/19/2019,28,24,25.4,92.8,15,100,8.33,rain,18.4,211.2,1013,74.1,,0.68,0
Lagos,9/21/2019,30.8,24.9,26.7,88.3,0.5,100,20.83,rain,14.8,242.5,1013.1,64.9,,0.75,0
Lagos,9/22/2019,31.1,21.8,26.3,82.6,3,100,4.17,rain,27.7,230.7,1012.8,50.1,,0.75,0
Lagos,9/27/2019,29,23,25.8,87.9,2,100,4.17,rain,16.6,299.7,1013.2,59.6,,0.96,0
Lagos,9/28/2019,27.2,23,25.3,90.2,8.7,100,8.33,rain,46.4,214.7,1013.4,76,,0,0
Lagos,9/29/2019,30.9,23.8,26.6,85.9,19,100,4.17,rain,16.6,227.6,1013.4,66.2,,0.02,0
Lagos,9/30/2019,29.3,24.2,26.2,89.6,13,100,4.17,rain,16.6,220.6,1012,52.1,,0.06,0
Lagos,10/01/2019,26,23.8,24.5,96.4,28,100,4.17,rain,11.2,197.2,1012.1,74.3,,0.09,0
Lagos,10/02/2019,29,23.9,25.7,89.1,13,100,8.33,rain,16.6,236.2,1012.9,61.8,,0.12,0
Lagos,10/03/2019,30.1,23,25.8,86.1,1,100,4.17,rain,24.1,318.3,1012.2,77.2,,0.16,0
Lagos,10/04/2019,26.8,24,25.1,92.7,48,100,4.17,rain,10.1,217.2,1011.2,73.9,,0.19,0
Lagos,10/05/2019,27,23,25.2,91.7,10,100,4.17,rain,19.1,210.5,1011.5,87.4,,0.25,0
Lagos,10/06/2019,31,23.2,26.4,87.3,0.3,100,12.5,rain,18.4,249.1,1012,76.5,,0.25,0
Lagos,10/07/2019,30,24,26.4,87.7,1,100,4.17,rain,14.8,255.5,1011,62.2,,0.29,0
Lagos,10/08/2019,27,23,25.2,93.5,28,100,12.5,rain,13,263.3,1011.3,76.2,,0.32,0
Lagos,10/09/2019,30,24,26.4,89.2,8,100,8.33,rain,22.3,241.7,1011.1,60.4,,0.35,0
Lagos,10/10/2019,31,25,27.1,87.4,14.3,100,8.33,rain,18.7,217.5,1010.8,59.5,,0.39,0
Lagos,10/11/2019,28,25,25.8,93,20,100,8.33,rain,16.6,228.9,1011.3,70.4,,0.42,0
Lagos,10/12/2019,25,23,24.1,96.2,3.1,100,4.17,rain,9.4,232.4,1012.6,66.9,,0.45,1
Lagos,10/13/2019,30.1,22.7,25.8,88,34,100,4.17,rain,18.4,318.7,1012.7,59.8,,0.5,1
Lagos,10/15/2019,30,24,26.5,85.8,2.5,100,33.33,rain,31.7,204.7,1012.3,60.6,,0.56,0
Lagos,10/17/2019,31,22,26.2,86.7,12,100,4.17,rain,16.6,247.2,1012.6,55.7,,0.63,0
Lagos,10/18/2019,28.2,24.9,25.9,91.6,6,100,4.17,rain,13,223,1012,73.9,,0.66,0
Lagos,10/19/2019,31,23,25.7,88.7,11.5,100,8.33,rain,28.4,200.5,1011.6,65.3,,0.7,0
Lagos,10/20/2019,25,22,24,96.7,86,100,12.5,rain,13,221.4,1013.2,66.8,,0.73,1
Lagos,10/23/2019,28,23,25.5,90.9,22,100,8.33,rain,33.5,234.5,1010.8,66.9,,0.84,1
Lagos,10/24/2019,33,23.8,26.9,85.6,1.1,100,8.33,rain,16.6,335.4,1011.6,55.4,,0.87,0
Lagos,10/25/2019,31,23,25.7,90.2,12,100,4.17,rain,16.6,241.7,1011.8,63.9,,0.91,1
Lagos,10/26/2019,29,23,25.9,89.2,7,100,4.17,rain,13,199.4,1012.2,52,,0.94,0
Lagos,10/27/2019,29,24,26.2,89,0.5,100,4.17,rain,11.2,217.8,1012.4,63.5,,0.98,0
Lagos,10/28/2019,25.1,22,24.1,94.2,8,100,4.17,rain,24.1,5.2,1012,57.4,,0,0
Lagos,10/30/2019,31,24,26.5,88.1,5,100,8.33,rain,16.6,220.7,1012,71.9,,0.07,0
Lagos,11/03/2019,30,23.9,26.4,86.4,0.3,100,4.17,rain,14.8,194.7,1013,51.2,,0.2,0
Lagos,11/05/2019,30.1,26,27.4,87.3,3,100,4.17,rain,16.6,217.7,1013.1,52.5,,0.27,0
Lagos,11/06/2019,31.2,24.9,27.3,87.4,16,100,4.17,rain,13,217.2,1011.5,56.4,,0.3,0
Lagos,11/09/2019,33,25,27.7,88.9,2,100,4.17,rain,14.8,230.7,1010.3,63.1,,0.4,0
Lagos,11/10/2019,29,25,26.4,91,4,100,4.17,rain,20.5,211.9,1010.7,54.6,,0.43,0
Lagos,11/22/2019,33,22,27.5,82.7,4,100,4.17,rain,25.9,203.7,1011.7,50.9,,0.85,0
Lagos,11/24/2019,33,25,28.9,83.3,0.1,100,4.17,rain,20.5,225.7,1011.2,50,,0.92,0
Lagos,11/27/2019,33.8,22,27.2,85.2,30,100,8.33,rain,16.7,226.8,1011.1,48.4,,0.03,0
Lagos,11/28/2019,33,24,28.1,84.3,0.2,100,4.17,rain,18.4,216.2,1011.3,48.9,,0.06,0
Lagos,12/02/2019,33,25,27.6,86,0.4,100,8.33,rain,16.6,258.7,1011.3,51.4,,0.19,0
Lagos,12/03/2019,33,25,28.7,84.5,3,100,4.17,rain,14.8,250.6,1011.1,54.1,,0.22,0
Lagos,12/07/2019,32,25,27.5,87.3,0.3,100,4.17,rain,14.8,244.3,1011.2,50.1,,0.35,0
Lagos,12/10/2019,33.1,26,28.6,84.1,102,100,4.17,rain,14.8,257.8,1010.9,51,,0.44,0
Lagos,12/12/2019,30,23,26.1,92.3,55,100,4.17,rain,13,195.3,1011.6,50,,0.5,0
Lagos,12/15/2019,32,24,27.7,87.1,0.1,100,4.17,rain,16.6,203.5,1011.8,48.8,,0.62,0
Lagos,12/17/2019,33.9,24,28.4,82.4,0.1,100,4.17,rain,13,231.9,1010.1,37.4,,0.69,0
Lagos,12/21/2019,33,25.4,28.6,85.9,4,100,4.17,rain,18.4,235.9,1012.2,52.9,,0.83,0
Lagos,12/22/2019,35,25,28.8,82.4,0.1,100,4.17,rain,13,139.7,1012.2,37.7,,0.87,0
Lagos,11/01/2020,34,26.9,29,84,0.6,100,4.17,rain,20.5,218.5,1013.3,46.9,,0.52,0
Lagos,14/01/2020,35,26,29.4,83.3,1,100,4.17,rain,20.4,273.4,1010.1,52.3,,0.63,0
Lagos,03/03/2020,33,23,27.8,82.8,10,100,8.33,rain,27.7,202.3,1013.2,42.7,,0.29,0
Lagos,06/03/2020,35,24.8,28.6,84.4,3,100,4.17,rain,25.9,259.4,1010.3,59.2,,0.39,0
Lagos,09/03/2020,33,26.6,29.6,81.3,0.4,100,12.5,rain,24.4,223.8,1010.1,43.7,,0.5,0
Lagos,11/03/2020,35,27.8,30.3,81.4,2.1,100,25,rain,31.7,232.2,1009.5,55.1,,0.56,0
Lagos,12/03/2020,35,24.9,28.7,82,6,100,4.17,rain,15.9,222.1,1009.9,55.2,,0.59,0
Lagos,13/03/2020,35,27,29.9,80.2,1.9,100,25,rain,20.1,216.3,1009.9,60.8,,0.63,0
Lagos,14/03/2020,33.1,25.2,28.7,83.5,12,100,4.17,rain,14.8,254,1010.6,50.6,,0.66,0
Lagos,15/03/2020,34,26.2,29.6,81.5,0.1,100,4.17,rain,22.3,232.4,1010.1,47.9,,0.7,0
Lagos,21/03/2020,34.1,27,29.5,82.4,0.1,100,4.17,rain,31.7,224.3,1010.5,63.1,,0.9,0
Lagos,23/03/2020,31,27,28.7,85,1,100,8.33,rain,17.3,256.9,1011,56.1,,0.97,0
Lagos,24/03/2020,29,23,26.1,87.8,14,100,8.33,rain,13,269.8,1012,45.5,,0,0
Lagos,01/04/2020,33,24.8,28,82.8,9,100,4.17,rain,27.7,185.4,1010.8,46.2,,0.25,0
Lagos,04/04/2020,31,20,26.9,85.3,0.1,100,4.17,rain,31.7,206.1,1011.9,48.2,,0.38,0
Lagos,05/04/2020,35,24.9,28.7,83,3.9,100,4.17,rain,24.1,198.7,1011,41.5,,0.41,0
Lagos,08/04/2020,33,26.8,29.1,82.9,0.2,100,4.17,rain,18.1,220.6,1010.9,60.2,,0.5,0
Lagos,14/04/2020,34,27,29.9,78.7,0.1,100,4.17,rain,27.7,224.8,1010.6,49.5,,0.75,0
Lagos,16/04/2020,34.6,27.8,30.1,81.8,0.6,100,16.67,rain,31.7,243.9,1009.9,50.8,,0.78,0
Lagos,17/04/2020,34,28,29.9,79.8,1.3,100,4.17,rain,19.4,218.5,1009.7,71,,0.81,0
Lagos,22/04/2020,33.1,22.9,27.6,83.1,40,100,4.17,rain,46.4,236.6,1010.8,58.8,,0.98,0
Lagos,23/04/2020,33,25,28.3,80.7,3.8,100,16.67,rain,20.5,213.6,1010.5,52.7,,0,0
Lagos,24/04/2020,34,26.8,29.7,80.6,0.1,100,4.17,rain,28.5,234.1,1010.6,43.1,,0.05,0
Lagos,26/04/2020,31,22,26.7,89.2,4,100,4.17,rain,29.5,260.4,1011.6,53.5,,0.12,0
Lagos,28/04/2020,33,22,27.2,82.4,4,100,4.17,rain,16.6,219.4,1012.9,44.4,,0.19,0
Lagos,29/04/2020,32,23,28.4,84,3,100,4.17,rain,27.7,224.4,1013.3,55.7,,0.22,0
Lagos,30/04/2020,31,24,27.1,85.5,3,100,4.17,rain,16.6,209.9,1013.7,56.8,,0.25,0
Lagos,03/05/2020,31,24,27.5,84.2,1,100,4.17,rain,35.3,185.3,1011.7,56.6,,0.36,0
Lagos,04/05/2020,32,24,27.7,80.7,4,100,4.17,rain,24.1,157.1,1012,48.7,,0.4,0
Lagos,07/05/2020,33.1,27,29.6,81.6,0.2,100,8.33,rain,18,219.4,1010.7,52.7,,0.5,0
Lagos,10/05/2020,29,25,27.2,90,15,100,4.17,rain,35.3,141.2,1012.3,54.1,,0.6,0
Lagos,13/05/2020,33,25,28.5,78.8,0.2,100,4.17,rain,24.1,187.6,1013.3,47.9,,0.7,0
Lagos,19/05/2020,30,22,26.6,88.2,11,100,4.17,rain,34.1,238.5,1014.2,46.5,,0.89,0
Lagos,21/05/2020,34,20,29.1,81.4,0.1,100,4.17,rain,40.7,248.5,1013.8,56.3,,0.96,0
Lagos,22/05/2020,31,26.4,28.3,84.3,0.2,100,4.17,rain,17.9,216.6,1014.1,58.5,,0,0
Lagos,25/05/2020,30.1,22,26,90.4,11,100,4.17,rain,24.1,190.4,1013.6,61.7,,0.1,0
Lagos,28/05/2020,28.7,23,25.6,93.9,21,100,8.33,rain,51.8,358.9,1012.8,47.7,,0.2,0
Lagos,29/05/2020,33,23,27.4,85.6,0.4,100,8.33,rain,16.6,207.9,1012,55,,0.24,0
Lagos,30/05/2020,30.8,26,27.7,87.3,1.4,100,16.67,rain,22.3,218.9,1012,56.1,,0.25,0
Lagos,31/05/2020,30,25.5,27.5,86.3,1.6,100,50,rain,18.4,224.2,1012.7,86,,0.31,0
Lagos,01/06/2020,29.2,24,26.9,86.4,1.6,100,29.17,rain,16.6,225.1,1013.7,72.3,,0.35,0
Lagos,02/06/2020,31,22,25.4,87.2,21,100,8.33,rain,22.3,180.4,1013.9,54.6,,0.38,0
Lagos,04/06/2020,31.9,25,27.4,88.3,0.7,100,8.33,rain,14.8,238.8,1013.1,47.1,,0.45,0
Lagos,05/06/2020,33.1,25,28.2,82.6,23,100,4.17,rain,18.4,218.2,1014.1,55.2,,0.5,0
Lagos,06/06/2020,32,25,27.9,85.7,0.1,100,4.17,rain,14.9,213.2,1014.1,68.3,,0.52,1
Lagos,07/06/2020,31,22,26.7,87.6,52,100,8.33,rain,15,248.1,1014.1,60.6,,0.55,0
Lagos,09/06/2020,32.6,23,27.2,79.9,0.5,100,8.33,rain,40,133.8,1013.3,55.2,,0.62,0
Lagos,13/06/2020,31,24,27,84,0.2,100,4.17,rain,14.8,199.8,1013.3,58.7,,0.75,0
Lagos,14/06/2020,29.1,25,26.9,89.2,15,100,4.17,rain,14.8,244.9,1014,68.5,,0.78,0
Lagos,15/06/2020,30,24,27,89.4,15,100,8.33,rain,16.6,232.4,1014.4,59.7,,0.81,0
Lagos,17/06/2020,28,24,26,93.6,45,100,12.5,rain,16.6,223.9,1013,66.9,,0.88,1
Lagos,18/06/2020,25.1,22,23.9,98.3,56,100,12.5,rain,18.4,306.1,1014.5,70.2,,0.91,1
Lagos,21/06/2020,29,22.8,25.6,91.9,37,100,8.33,rain,14.9,225.7,1014.3,61.4,,0,0
Lagos,22/06/2020,28,23,24.6,96.5,22,100,8.33,rain,20.5,215.7,1013.4,66.6,,0.04,0
Lagos,24/06/2020,30,24.8,27,87,221,100,4.17,rain,14.8,240.6,1012.8,57.2,,0.11,0
Lagos,26/06/2020,31,23,27,86.3,0.1,100,4.17,rain,18.7,243.3,1012.4,63.6,,0.19,0
Lagos,27/06/2020,31,23,26.4,86.5,0.9,100,4.17,rain,20.5,228.6,1011.8,67.7,,0.22,0
Lagos,28/06/2020,26.1,24,25.1,94.1,19,100,8.33,rain,9.4,269.2,1012.5,69.7,,0.25,0
Lagos,29/06/2020,29,23.9,25.7,90.9,2,100,4.17,rain,22.3,229.2,1012.9,64.7,,0.29,0
Lagos,30/06/2020,28.1,23,25.2,92,61,100,8.33,rain,13.7,249.2,1013.4,85.6,,0.33,0
Lagos,04/07/2020,27,23,24.8,94.4,71,100,8.33,rain,22.3,250.7,1013.2,80.7,,0.47,0
Lagos,05/07/2020,30,23,25.5,91.5,59,100,8.33,rain,14.3,282.2,1013.3,56,,0.5,0
Lagos,06/07/2020,30.1,24,26.1,90.2,13,100,4.17,rain,15.1,267.2,1012.7,56.4,,0.54,1
Lagos,07/07/2020,27.1,23.8,25.6,92.4,6,100,4.17,rain,14.4,240.2,1012,62.6,,0.57,1
Lagos,08/07/2020,26,24,25,94.2,18,100,4.17,rain,14.8,256,1012,55.7,,0.6,1
Lagos,09/07/2020,27,23.7,25.1,94.2,5,100,4.17,rain,9.4,255.5,1013.2,63.2,,0.64,1
Lagos,12/07/2020,28,24.8,25.8,88.6,1.5,100,8.33,rain,18.4,260.5,1014.6,55.3,,0.73,0
Lagos,13/07/2020,29.1,23.7,25.9,87.3,0.2,100,4.17,rain,20.2,249,1013.1,60.7,,0.75,0
Lagos,14/07/2020,30,23.9,26,85.2,0.1,100,4.17,rain,27.7,263.9,1013.1,54,,0.8,0
Lagos,15/07/2020,28,23.2,25.4,86.7,0.2,100,4.17,rain,19.8,261.8,1013.8,53.7,,0.83,0
Lagos,20/07/2020,30.2,24,26.3,85.1,0.4,100,4.17,rain,25.9,223.2,1013.1,58.1,,0,0
Lagos,21/07/2020,31,24.8,26.8,83.8,0.6,100,4.17,rain,20.5,233.3,1012.9,60.9,,0.03,0
Lagos,22/07/2020,29,24,26.2,86.9,4,100,4.17,rain,18.4,235.7,1013.4,60.3,,0.06,0
Lagos,27/07/2020,28.8,24,26.2,81,0.1,100,4.17,rain,14.8,258.5,1014.1,61,,0.25,0
Lagos,28/07/2020,27,22,25.3,85.2,0.8,100,29.17,rain,35.3,227.7,1013.8,66.2,,0.28,0
Lagos,29/07/2020,31,23,26,83.9,0.1,100,4.17,rain,27.7,236.8,1014.4,50.2,,0.31,0
Lagos,31/07/2020,28,24.2,25.6,84.9,0.6,100,20.83,rain,29.5,244.9,1013.9,82.9,,0.38,0
Lagos,01/08/2020,29,24.2,26,83.5,2,100,4.17,rain,30.4,217.6,1014.9,65.6,,0.42,0
Lagos,02/08/2020,29,23,24.9,88.2,0.1,100,4.17,rain,40.7,269,1015.5,44,,0.46,0
Lagos,03/08/2020,27,23.7,25,86.1,0.4,100,16.67,rain,27.7,253,1016.4,49.9,,0.5,0
Lagos,07/08/2020,28,23,24.7,82.4,1,100,4.17,rain,18.4,247.4,1016.4,59.5,,0.62,0
Lagos,14/08/2020,28,23,25.5,82.5,0.5,100,12.5,rain,22.3,245.7,1012.5,67.6,,0.85,0
Lagos,15/08/2020,30,24,26.3,83.4,0.2,100,4.17,rain,20.5,232.9,1012.5,60.9,,0.88,0
Lagos,17/08/2020,29,22,25.5,84.3,0.1,100,4.17,rain,37.1,275.7,1012.1,61.5,,0.95,0
Lagos,19/08/2020,32,24,27.1,78.4,0.1,100,4.17,rain,18.7,253.2,1011.2,51.4,,0,0
Lagos,20/08/2020,28.1,24,25.7,84.8,0.2,100,8.33,rain,37.1,255.9,1010.8,69.5,,0.05,0
Lagos,22/08/2020,27,24,25.3,87.7,0.2,100,8.33,rain,16.6,244.6,1013.3,78.4,,0.12,0
Lagos,23/08/2020,31,24,26.4,82.7,0.2,100,8.33,rain,18,251.9,1014.1,58.6,,0.15,0
Lagos,24/08/2020,29.9,23,26.3,79.3,0.1,100,4.17,rain,19.1,242.3,1012.9,66.2,,0.19,0
Lagos,25/08/2020,30,23,25.6,83.5,0.1,100,4.17,rain,14.9,237.7,1013.2,59,,0.25,0
Lagos,30/08/2020,29.1,24.8,26.3,83.8,0.9,100,12.5,rain,24.1,243.6,1013.3,71.1,,0.4,0
Lagos,31/08/2020,30,23.9,26.4,82.8,1,100,8.33,rain,19.4,245.2,1013.6,67.9,,0.44,0
Lagos,01/09/2020,28.6,24.7,25.8,87.1,1,100,4.17,rain,14,272.5,1012.8,65.9,,0.47,0
Lagos,02/09/2020,27,24.8,25.6,86.4,1,100,4.17,rain,18.4,238.5,1011.3,75.8,,0.5,0
Lagos,03/09/2020,27.9,24.4,25.5,88,1.8,100,58.33,rain,19.4,226,1012.4,74.2,,0.54,0
Lagos,04/09/2020,28,24.4,25.7,87.2,1.5,100,45.83,rain,18.4,234.6,1014.1,92.1,,0.57,0
Lagos,05/09/2020,26.6,24.8,25.4,88.1,5,100,70.83,rain,23.8,235.5,1012.9,98,,0.61,0
Lagos,06/09/2020,27.4,24,25.8,86.3,1.7,100,70.83,rain,19.4,235.7,1011.3,77.3,,0.64,0
Lagos,07/09/2020,29.9,24.1,26.4,83,0.8,100,25,rain,16.6,229.6,1011.1,65,,0.67,0
Lagos,09/09/2020,27,23,25,89.3,9.6,100,25,rain,20.5,258.4,1013,62.3,,0.74,0
Lagos,10/09/2020,30,23.6,26.5,83.6,1.8,100,33.33,rain,20.7,237.1,1013.1,75.9,,0.75,0
Lagos,12/09/2020,30,22,26,88,1,100,4.17,rain,14.8,234.5,1013.1,74.4,,0.84,0
Lagos,15/09/2020,26,21,23.7,93.6,21,100,8.33,rain,69.2,298.2,1013.1,64.6,,0.93,0
Lagos,16/09/2020,28.6,23,25.1,89.7,2,100,4.17,rain,22.3,245.5,1011.7,75.1,,0.97,0
Lagos,17/09/2020,30,23.9,26.2,85.5,4.2,100,8.33,rain,24.1,233.2,1012.7,70.1,,0,0
Lagos,18/09/2020,30,24.6,26.3,85.1,1,100,29.17,rain,31.7,261.9,1013,76.7,,0.03,0
Lagos,19/09/2020,30.2,22,26.2,85.2,4.2,100,45.83,rain,35.3,243,1012.8,86.8,,0.07,0
Lagos,20/09/2020,27.3,23,25.3,89.7,1.7,100,41.67,rain,33.5,260.9,1013.5,76.5,,0.1,0
Lagos,21/09/2020,30,23,25.9,88,3.3,100,12.5,rain,18.7,249.8,1013.7,74.3,,0.14,0
Lagos,22/09/2020,28.6,24.6,26,89.3,1.3,100,12.5,rain,16.2,269,1013.5,73.3,,0.17,0
Lagos,24/09/2020,29,22,25.6,86.5,8,100,4.17,rain,18.4,249.9,1014.2,65.6,,0.25,0
Lagos,25/09/2020,30.1,23.6,26.4,83.8,0.2,100,8.33,rain,14.8,257.1,1014,65.9,,0.28,0
Lagos,26/09/2020,26.5,21,24.8,90.2,2.3,100,45.83,rain,31.7,272.5,1012.4,79,,0.31,0
Lagos,27/09/2020,29,22,25.5,87.6,1,100,4.17,rain,18.3,251.6,1011.7,77.7,,0.35,0
Lagos,28/09/2020,30,23.8,26.5,86.2,0.7,100,12.5,rain,16.9,247.4,1012.2,71.8,,0.38,0
Lagos,29/09/2020,30.2,22,26.3,84.4,1.1,100,25,rain,29.5,238.2,1013.3,68,,0.42,0
Lagos,30/09/2020,28.1,22,25.4,89.8,8,100,8.33,rain,18.4,248.2,1012.8,75.3,,0.45,0
Lagos,01/10/2020,30.5,21,26.2,85.3,0.3,100,8.33,rain,24.1,230,1012,63.2,,0.5,0
Lagos,02/10/2020,30.8,24,26.9,84.3,0.3,100,12.5,rain,48.2,232.7,1011.6,67.7,,0.52,0
Lagos,03/10/2020,29,24.4,26.4,86.6,2.7,100,50,rain,43.2,240.9,1011.4,84.1,,0.55,0
Lagos,04/10/2020,30,24.1,26.5,85.4,1.3,100,41.67,rain,46.8,210.2,1012.3,82.4,,0.59,0
Lagos,05/10/2020,30,24.6,27,85.8,3,100,8.33,rain,75.6,224.6,1013.4,76,,0.62,0
Lagos,06/10/2020,28.8,22,25.4,89.4,4.4,100,29.17,rain,46.4,248.5,1013.2,76.7,,0.65,0
Lagos,07/10/2020,27,22,25,87.6,16,100,4.17,rain,20.5,174.6,1013.4,74.2,,0.69,0
Lagos,08/10/2020,28.9,24,25.9,89.7,0.5,100,4.17,rain,18.4,228.1,1013,66.1,,0.72,0
Lagos,09/10/2020,29,24.8,26,86.9,6.5,100,50,rain,28.8,234.8,1013.1,68.1,,0.75,0
Lagos,10/10/2020,30,23,26.1,87.7,0.5,100,16.67,rain,14.4,228.1,1013.5,73.4,,0.75,0
Lagos,11/10/2020,29,24.7,26.3,87.4,8.7,100,37.5,rain,14.8,241.5,1013.3,78.8,,0.82,0
Lagos,12/10/2020,29.1,22.9,26.1,87.4,0.6,100,16.67,rain,37.1,266.5,1012.5,49.5,,0.85,0
Lagos,13/10/2020,31,22,26.6,83.8,17,100,4.17,rain,18,240.1,1012.5,59.2,,0.89,0
Lagos,14/10/2020,27,24.4,25.6,90.2,6.7,100,20.83,rain,13,242.8,1012.9,72,,0.92,0
Lagos,15/10/2020,30.3,23.9,26.6,85.7,4.3,100,37.5,rain,50,236.8,1013,54.5,,0.95,0
Lagos,16/10/2020,29.7,25,26.3,88.1,4,100,16.67,rain,13.7,242.4,1011.9,71.3,,0,0
Lagos,17/10/2020,28.2,23.9,25.7,88.1,2.6,100,29.17,rain,11.2,169.7,1012.2,71.5,,0.02,0
Lagos,19/10/2020,31.1,23.5,26.8,85.2,3,100,20.83,rain,25.2,268,1012,54,,0.09,0
Lagos,20/10/2020,32.1,23,26.8,84.2,2,100,4.17,rain,24.1,232.2,1012.2,58.5,,0.12,0
Lagos,21/10/2020,30,25,27.3,85.2,1.1,100,29.17,rain,15.4,235.4,1012.1,43.1,,0.16,0
Lagos,22/10/2020,33.1,25,28,83.6,0.3,100,12.5,rain,18,221.7,1012.5,49.3,,0.19,0
Lagos,23/10/2020,32.6,25,28,84.5,0.4,100,12.5,rain,28.8,234.5,1012.7,57.8,,0.25,0
Lagos,24/10/2020,31,25.3,27.5,86.3,0.4,100,12.5,rain,25.2,240.4,1012,68.3,,0.26,0
Lagos,25/10/2020,30,22,26.5,87.4,29,100,4.17,rain,28.2,199.3,1011.3,69.5,,0.29,0
Lagos,26/10/2020,31,23.9,26.7,88.6,0.4,100,4.17,rain,14.8,230,1010.7,84.5,,0.33,0
Lagos,27/10/2020,32,24,27.4,86.4,0.2,100,4.17,rain,13,216.7,1010.3,75.4,,0.36,0
Lagos,28/10/2020,32.1,24.6,27.5,87.2,2.8,100,4.17,rain,18.4,238.2,1010.9,67.5,,0.39,0
Lagos,29/10/2020,31.2,24.8,27.6,85.8,0.7,100,8.33,rain,14.8,207.4,1011.6,60.6,,0.43,0
Lagos,30/10/2020,31.9,24,27.3,84.3,5,100,4.17,rain,17.4,220.2,1011.7,56.3,,0.46,0
Lagos,31/10/2020,32.2,24.9,28.2,84.3,0.1,100,4.17,rain,14.8,218.4,1011.4,55.8,,0.5,0
Lagos,01/11/2020,33,25,28,86.7,1.1,100,25,rain,22.3,226.6,1010.4,61.6,,0.53,0
Lagos,02/11/2020,32,25.3,27.7,85.4,1.4,100,25,rain,14.4,229.6,1011,84.9,,0.56,0
Lagos,04/11/2020,31,25,27.3,87.9,0.6,100,8.33,rain,14.8,217.8,1012.2,64.3,,0.63,0
Lagos,05/11/2020,29.7,24.9,27.3,90.3,2.7,100,12.5,rain,14.8,217.9,1011.2,72.2,,0.67,0
Lagos,06/11/2020,35,26.7,28.9,81.3,1.5,100,37.5,rain,16.6,234.9,1011.7,62.6,,0.7,0
Lagos,07/11/2020,33.1,25,28,84.3,18,100,4.17,rain,18,240.6,1012.7,64.6,,0.73,0
Lagos,08/11/2020,32.1,25,27.5,85.6,0.4,100,12.5,rain,11.2,237.6,1013.7,59.4,,0.75,0
Lagos,09/11/2020,31,25,27.2,86.9,3,100,4.17,rain,14.8,251.8,1013.5,62.2,,0.8,0
Lagos,10/11/2020,32,25,27.4,84.4,3.6,100,25,rain,50.4,181.9,1012.2,53.1,,0.84,0
Lagos,11/11/2020,29.6,24,26.4,89.3,56,100,8.33,rain,46.3,144.2,1012.1,61.1,,0.87,0
Lagos,14/11/2020,32.8,25.2,28.3,83.2,1.3,100,25,rain,21.6,195.3,1011.7,73.1,,0.97,0
Lagos,15/11/2020,33,24.7,28.3,83,8,100,4.17,rain,36,232.9,1010.3,71.5,,0,0
Lagos,16/11/2020,32.3,24,27.4,83.9,0.9,100,29.17,rain,21.6,219.9,1011.7,56.2,,0.04,0
Lagos,17/11/2020,32.2,24,27.7,83.8,0.2,100,8.33,rain,25.2,210.2,1011.1,58.5,,0.07,0
Lagos,18/11/2020,35,25.2,28.2,84.1,0.5,100,8.33,rain,16.6,232.6,1010.6,51.2,,0.11,0
Lagos,19/11/2020,33,25,28.1,83.1,0.6,100,16.67,rain,16.6,237.8,1010.2,66.8,,0.14,0
Lagos,20/11/2020,38.6,24.2,28.2,82.4,0.3,100,12.5,rain,16.6,237.3,1009.9,61.4,,0.17,0
Lagos,21/11/2020,33.7,25.1,28,82.2,1,100,25,rain,16.6,217.2,1010.4,72.8,,0.21,0
Lagos,22/11/2020,35,24.6,28.7,80.7,0.1,100,4.17,rain,16.6,226.5,1011.1,60.8,,0.25,0
Lagos,23/11/2020,32.9,24,28.4,79.6,0.2,100,8.33,rain,14.8,241.5,1011.9,56.3,,0.27,0
Lagos,24/11/2020,33.1,24.9,27.5,86.8,16,100,4.17,rain,14.8,214.7,1012.1,52.5,,0.3,0
Lagos,25/11/2020,30.1,25,27.1,88.6,2,100,4.17,rain,14.1,218.9,1010.7,59.4,,0.34,0
Lagos,26/11/2020,33,17,27,83.3,1.5,100,20.83,rain,44.6,219.4,1010.5,56.8,,0.37,0
Lagos,27/11/2020,33,19,27.2,81.5,2.8,100,16.67,rain,25.2,234.7,1011.7,70.4,,0.4,0
Lagos,28/11/2020,31.6,20.5,27.3,81.9,1.9,100,8.33,rain,18,225.4,1012.2,59.5,,0.44,0
Lagos,29/11/2020,34.1,25,27.9,81.2,1.2,100,20.83,rain,20.5,243.7,1011.4,58.2,,0.47,0
Lagos,30/11/2020,33,25,28.4,83.4,0.5,100,16.67,rain,35.3,265.8,1011.4,63.8,,0.5,0
Lagos,01/12/2020,34,25.1,28.7,82.6,0.5,100,12.5,rain,16.9,224.4,1011.2,47,,0.54,0
Lagos,02/12/2020,33.1,25.8,28.5,83.3,0.6,100,20.83,rain,18,237.9,1011.5,54.5,,0.57,0
Lagos,03/12/2020,33,24.6,28.3,79.1,0.6,100,16.67,rain,18.4,250,1011.8,55.4,,0.61,0
Lagos,04/12/2020,33,26,28.5,82.2,1.1,100,29.17,rain,50,248.8,1012.5,44.8,,0.64,0
Lagos,05/12/2020,38,25,28.8,82,0.1,100,4.17,rain,22.3,222.5,1012,44.1,,0.68,0
Lagos,06/12/2020,33.1,25.2,28.9,82.4,0.3,100,4.17,rain,17,224.4,1011.4,50.4,,0.71,0
Lagos,07/12/2020,34,23,28.7,82,0.5,100,12.5,rain,25.2,204,1012.4,65.5,,0.75,0
Lagos,08/12/2020,33,24,27.5,83.2,1.8,100,12.5,rain,39.6,236.6,1012.8,62.1,,0.75,0
Lagos,09/12/2020,34.7,24.7,28.6,81.3,0.5,100,12.5,rain,20.5,236.4,1012,60.8,,0.82,0
Lagos,10/12/2020,32,24.6,28.2,83.3,0.1,100,4.17,rain,22.6,228.4,1012.1,54.8,,0.85,0
Lagos,11/12/2020,33,25.9,28.6,83.8,0.8,100,16.67,rain,21.6,231.8,1012.3,48.3,,0.89,0
Lagos,12/12/2020,33,24.2,28.4,83.1,1.4,100,16.67,rain,18,233.5,1011.8,56.4,,0.92,0
Lagos,13/12/2020,32.1,25,27.6,85.4,2.2,100,25,rain,16.6,226.3,1010.6,56.4,,0.96,0
Lagos,14/12/2020,32.1,24,27.5,86.5,5,100,4.17,rain,18,225,1010.4,57.6,,0,0
Lagos,15/12/2020,31,23,27.5,85,5,100,4.17,rain,18.4,215.6,1010.4,62.1,,0.03,0
Lagos,16/12/2020,33,25,27.9,85.7,1.1,100,4.17,rain,16.6,244.9,1010.9,67.5,,0.06,0
Lagos,17/12/2020,33,25,28,84.9,0.4,100,12.5,rain,28.8,278.4,1011.1,64.4,,0.09,0
Lagos,18/12/2020,34,25,28,85.1,2,100,4.17,rain,15.1,230.3,1010.9,59.5,,0.12,0
Lagos,19/12/2020,32.4,25.8,27.7,85.3,4,100,4.17,rain,14.8,230.1,1010.5,52.9,,0.15,0
Lagos,20/12/2020,33.6,25,27.8,86.7,15,100,4.17,rain,14.8,228.3,1010.7,45.7,,0.19,0
Lagos,21/12/2020,31.7,25.2,27.6,86.7,0.8,100,20.83,rain,16.6,235.9,1011.1,64.5,,0.22,0
Lagos,22/12/2020,34.2,25.7,28.3,84.1,0.9,100,25,rain,25.2,238.2,1010.8,63.6,,0.25,0
Lagos,23/12/2020,35.6,25,28.7,82.4,0.3,100,8.33,rain,18,211.8,1010.7,57.1,,0.28,0
Lagos,24/12/2020,32,25.7,27.9,85.9,7,100,4.17,rain,18.4,242.9,1010,64.6,,0.32,0
Lagos,25/12/2020,34,25.2,28.2,85.4,0.3,100,8.33,rain,18.4,225.5,1009.6,52.7,,0.35,0
Lagos,27/12/2020,34,23.4,27.8,77,5,100,4.17,rain,13,246,1009.8,47.7,,0.41,0
Lagos,02/01/2021,34,26,28.9,81.7,0.4,100,16.67,rain,14.8,223.6,1010.6,56.3,,0.62,0
Lagos,03/01/2021,33,25.4,28.5,85,0.3,100,4.17,rain,17.3,217.2,1010.4,43,,0.65,0
Lagos,04/01/2021,34,22,28.5,83.7,0.4,100,12.5,rain,38.9,240.5,1009.9,48.8,,0.69,0
Lagos,05/01/2021,34.1,22.7,28.1,81.7,2,100,4.17,rain,19.1,237.6,1009.4,47.1,,0.72,0
Lagos,06/01/2021,33.4,22,28.2,82.8,0.7,100,20.83,rain,22.3,236.1,1009.9,62.5,,0.75,0
Lagos,07/01/2021,33.3,23,27.4,82.8,0.8,100,29.17,rain,50,199.3,1010.7,75.1,,0.8,0
Lagos,08/01/2021,33,23.1,27.7,86.2,0.8,100,20.83,rain,16.9,246,1010.9,83.4,,0.83,0
Lagos,09/01/2021,33.1,24.9,28.5,79.6,0.2,100,8.33,rain,20.5,234.3,1010.4,55.3,,0.87,0
Lagos,10/01/2021,33,21,28.1,84,0.6,100,12.5,rain,46.8,247.6,1009.8,51.4,,0.9,0
Lagos,12/01/2021,32.6,17,27.4,85.2,0.1,100,4.17,rain,18,265.7,1011.6,55,,0.97,0
Lagos,13/01/2021,34,25.1,28.6,81.1,0.8,100,8.33,rain,31.4,231.9,1011.8,60.2,,0,0
Lagos,14/01/2021,32.9,15,27.7,78.8,0.2,100,8.33,rain,22.3,227.5,1012.2,49.3,,0.04,0
Lagos,15/01/2021,35.9,24.4,28.3,80.8,1.9,100,20.83,rain,16.6,228.4,1009.7,52.9,,0.07,0
Lagos,16/01/2021,31,24.6,27.4,82.5,2.8,100,29.17,rain,15.1,222.5,1009.1,57.2,,0.1,0
Lagos,17/01/2021,33.9,25,28.2,83.3,0.4,100,8.33,rain,14.8,188.6,1009.9,51.7,,0.14,0
Lagos,18/01/2021,36,25,28.1,83.2,1,100,4.17,rain,16.6,221.3,1010.5,51.2,,0.17,0
Lagos,19/01/2021,34,24.9,28.5,79.7,0.6,100,12.5,rain,16.6,225.6,1011.2,53.7,,0.2,0
Lagos,20/01/2021,34.1,25.6,28.8,80.2,0.2,100,8.33,rain,18.4,256.7,1011,50.5,,0.25,0
Lagos,22/01/2021,33.1,22.7,27.7,70.3,0.1,100,4.17,rain,20.5,1,1011.2,42.9,,0.3,0
Lagos,26/01/2021,34,18,28.4,77.8,0.1,100,4.17,rain,24.1,212.7,1011.1,41,,0.42,0
Lagos,28/01/2021,33.4,25.8,28.4,85.7,0.5,100,20.83,rain,15.8,214.1,1010.3,47.8,,0.5,0
Lagos,31/01/2021,34.1,24.6,28.6,81.1,0.5,100,16.67,rain,28.3,238.5,1010,70.7,,0.59,0
Lagos,01/02/2021,34.1,24,29,79.6,1.1,100,25,rain,16.6,220.9,1010.9,54.1,,0.63,0
Lagos,02/02/2021,31,26.6,28.2,84.5,17,100,4.17,rain,20.5,212.5,1011.4,47.8,,0.67,0
Lagos,03/02/2021,34,25.9,29.1,77.9,0.5,100,20.83,rain,22.3,227.2,1011.3,54.1,,0.7,0
Lagos,04/02/2021,34.6,26.4,29.6,80.6,0.2,100,8.33,rain,18.4,237.5,1010.7,55.4,,0.75,0
Lagos,05/02/2021,33.1,26.4,28.8,84.6,0.7,100,12.5,rain,17.3,221.7,1011.1,47.8,,0.77,0
Lagos,06/02/2021,35,25.4,29.1,80.6,0.6,100,16.67,rain,18,232.2,1010.6,51.6,,0.81,0
Lagos,07/02/2021,35,26,29.2,82,0.4,100,12.5,rain,18.4,223.7,1010,57.2,,0.85,0
Lagos,08/02/2021,33.1,26.4,29.3,81.3,0.4,100,16.67,rain,27.7,229.3,1009.2,61.4,,0.88,0
Lagos,10/02/2021,34,26,29.1,83.5,0.3,100,12.5,rain,16.9,219.3,1009.7,48,,0.95,0
Lagos,11/02/2021,30.7,26,28.6,85,2,100,29.17,rain,16.2,228.4,1009.3,38.1,,0,0
Lagos,12/02/2021,30.2,27,28.6,83.5,1.9,100,37.5,rain,18.4,222.9,1009.1,55.3,,0.02,0
Lagos,13/02/2021,34,27,29.4,82.4,0.3,100,12.5,rain,20.5,223.5,1008.5,52,,0.05,0
Lagos,14/02/2021,35,26.9,29.8,79.5,1,100,4.17,rain,18.4,229.7,1008.9,59.1,,0.09,0
Lagos,15/02/2021,33,26.9,29.3,82.6,0.5,100,16.67,rain,15.1,220.6,1009.1,59.8,,0.12,0
Lagos,16/02/2021,33.4,26.1,28.9,81.5,6,100,4.17,rain,24.1,212.3,1009.2,51.7,,0.15,0
Lagos,17/02/2021,30.8,26.9,28.7,82,0.5,100,12.5,rain,16.6,179.5,1009.7,46.5,,0.18,0
Lagos,18/02/2021,35.1,26.4,28.7,79.2,1.1,100,29.17,rain,18.4,223.8,1010.9,82.9,,0.21,0
Lagos,25/02/2021,30.6,27,28.7,79.5,2,100,4.17,rain,16.6,251.7,1010.7,60.9,,0.44,0
Lagos,26/02/2021,34.1,25.1,28.7,78.8,3.2,100,12.5,rain,20.5,215.8,1010.1,59.5,,0.47,0
Lagos,27/02/2021,30.2,25.8,28.1,82,0.5,100,12.5,rain,16.6,215,1009.3,56.3,,0.5,0
Lagos,01/03/2021,34.6,18,29.2,77.5,0.5,100,12.5,rain,50.4,242,1008.6,51,,0.57,0
Lagos,02/03/2021,35,17,29.1,82.1,0.3,100,12.5,rain,33.5,226.9,1009.1,54.1,,0.61,0
Lagos,03/03/2021,34,16,27.9,79.5,0.4,100,16.67,rain,33.5,205.3,1010.6,59.1,,0.65,0
Lagos,04/03/2021,34.1,26.9,29.3,82.8,0.9,100,12.5,rain,18.7,229.7,1008.5,49.7,,0.68,0
Lagos,05/03/2021,35,15,28.8,78.9,2.2,100,33.33,rain,37.1,203.5,1009.3,75.4,,0.72,0
Lagos,07/03/2021,35.4,27.7,30,81.2,0.2,100,8.33,rain,19.8,223.7,1010.6,61.9,,0.79,0
Lagos,08/03/2021,33,26.6,29,82.3,0.7,100,8.33,rain,19.1,223.6,1009.4,51.8,,0.82,0
Lagos,09/03/2021,31.4,14.5,26.5,76.5,3.6,100,29.17,rain,59.4,296.4,1010.9,52.3,,0.86,0
Lagos,10/03/2021,33.7,17,27.1,72.3,2,100,4.17,rain,59.4,308.4,1011.6,68.8,,0.89,0
Lagos,11/03/2021,32,16,26.6,78,1.8,100,20.83,rain,61.2,329.1,1010.5,50.6,,0.93,0
Lagos,12/03/2021,35,19.5,28.6,77.7,0.8,100,16.67,rain,33.5,252.3,1009,60.5,,0.97,0
Lagos,13/03/2021,30.4,23,27.4,83.4,8,100,4.17,rain,22.3,246.5,1009.3,75.5,,0,0
Lagos,14/03/2021,36.1,25,26.8,88.3,4,100,4.17,rain,24.1,233,1010.8,75.7,,0.03,0
Lagos,15/03/2021,33.6,24.6,28.5,80.6,2,100,4.17,rain,25.9,225.2,1009.4,71.7,,0.07,0
Lagos,17/03/2021,28.2,25,27,84.6,3.5,100,16.67,rain,19.1,215.5,1009.8,73,,0.13,0
Lagos,18/03/2021,28,24,25.9,84.4,7.7,100,20.83,rain,22.3,168.2,1010.7,68,,0.16,0
Lagos,19/03/2021,30,23,26.7,84.4,2,100,4.17,rain,15.5,171.3,1009.8,79.2,,0.2,0
Lagos,22/03/2021,33,25,28.2,84.3,4,100,4.17,rain,20.5,232.3,1009,74.2,,0.29,0
Lagos,23/03/2021,31.7,22,25.5,86.8,2,100,4.17,rain,35.3,216.8,1011.4,65.3,,0.33,0
Lagos,24/03/2021,29,22,26.3,86.2,16,100,4.17,rain,15.1,222.2,1012.2,66.9,,0.36,0
Lagos,25/03/2021,31.1,26.5,28.7,77.6,1.6,100,25,rain,18.7,202.7,1012,85.1,,0.39,0
Lagos,27/03/2021,34,26,29.3,79.1,0.2,100,8.33,rain,20.5,211.6,1010.5,61.3,,0.46,0
Lagos,28/03/2021,35.1,26,29.1,79.6,0.1,100,4.17,rain,22.3,215.3,1010.8,45,,0.5,0
Lagos,30/03/2021,34,27,29.7,78.7,0.1,100,4.17,rain,18.4,231.3,1010.1,66.8,,0.56,0
Lagos,31/03/2021,33.1,27,29.6,80.3,0.2,100,8.33,rain,16.6,226.7,1009.6,62.1,,0.59,0
Lagos,01/04/2021,35,26.1,29.8,75.4,0.1,100,4.17,rain,14.8,206,1010.3,54.3,,0.63,0
Lagos,02/04/2021,33,26.8,29.1,79.1,2,100,4.17,rain,16.6,212.6,1010.8,50.7,,0.66,0
Lagos,03/04/2021,33.2,26,28.8,80.6,0.4,100,12.5,rain,14.8,228.2,1010,51.5,,0.7,0
Lagos,04/04/2021,33,26.8,29.5,79.3,0.2,100,8.33,rain,20.5,211.8,1010.1,46.7,,0.75,0
Lagos,05/04/2021,30.5,27.9,29,83.4,3,100,37.5,rain,17.3,220.4,1009.8,41.6,,0.77,0
Lagos,06/04/2021,35,27,29.7,82.1,0.1,100,4.17,rain,22.3,215.9,1009.8,58.8,,0.8,0
Lagos,07/04/2021,33,24.8,28.5,83.6,9,100,4.17,rain,14.8,208.3,1010.1,58,,0.84,0
Lagos,08/04/2021,33,27.7,29.9,80.6,0.6,100,20.83,rain,18.4,219.6,1010,58.6,,0.87,0
Lagos,09/04/2021,31,25,28.1,80.4,3,100,4.17,rain,22.3,207.1,1009.5,44.5,,0.91,0
Lagos,11/04/2021,33,24,28.2,80.3,19,100,4.17,rain,16.6,226.9,1009.2,40.6,,0.98,0
Lagos,12/04/2021,35,24.1,29.1,73.3,7,100,4.17,rain,15.1,218.4,1010.7,40.2,,0,0
Lagos,13/04/2021,34,25,29,78,0.1,100,4.17,rain,22.3,207.6,1011.9,51.5,,0.04,0
Lagos,17/04/2021,31,25.1,27.6,85,8,100,4.17,rain,16.7,243.5,1009.8,50.6,,0.18,0
Lagos,18/04/2021,27.8,22.6,25,91.5,49,100,4.17,rain,19.2,12.1,1011.8,58.7,,0.21,0
Lagos,20/04/2021,32,24.5,28.5,79.4,0.1,100,4.17,rain,19.5,231.6,1010.9,49.7,,0.25,0
Lagos,22/04/2021,31,23.8,27.8,84.1,4,100,4.17,rain,33.5,248.5,1010.9,51.9,,0.34,0
Lagos,28/04/2021,31,24,27.8,80.8,1.3,100,4.17,rain,37.1,146.9,1009.9,55.1,,0.54,0
Lagos,01/05/2021,34,25.5,29.8,75.8,0.1,100,4.17,rain,20.5,221.9,1009.8,44.5,,0.65,0
Lagos,03/05/2021,34,23,28.4,82.8,4,100,4.17,rain,18.4,216.8,1009.6,66.9,,0.75,0
Lagos,08/05/2021,31,22,26.7,81.4,24,100,4.17,rain,14.8,247.3,1013.6,60.7,,0.89,0
Lagos,09/05/2021,31,24.9,27.4,81.2,24,100,4.17,rain,25.9,213.7,1013.6,37.7,,0.92,0
Lagos,11/05/2021,34,25,28.9,76,0.1,100,4.17,rain,20.5,218.4,1012.7,50.8,,0,0
Lagos,13/05/2021,32.2,24.9,27.8,83.3,7,100,8.33,rain,29.5,216.2,1011.7,52.9,,0.06,0
Lagos,14/05/2021,33,24,27.7,82.2,0.6,100,8.33,rain,16.6,188.8,1010.9,48.1,,0.09,0
Lagos,16/05/2021,34,24,28.4,79.3,0.1,100,4.17,rain,14.8,214.3,1011,51.7,,0.16,0
Lagos,17/05/2021,32,26.8,28.7,81,0.9,100,4.17,rain,15.1,230.6,1011.5,53.4,,0.19,0
Lagos,18/05/2021,31,26,28.2,84.2,1.1,100,12.5,rain,18.4,206.8,1012.3,61.5,,0.23,0
Lagos,22/05/2021,27.2,22,25.6,88.6,16,100,4.17,rain,52.4,336.3,1014,68.2,,0.36,0
Lagos,26/05/2021,32.9,27,29.1,82.8,0.4,100,12.5,rain,20.2,216.6,1012,54.9,,0.5,0
Lagos,27/05/2021,33.8,26.1,29.6,79.6,0.1,100,4.17,rain,20.5,216.2,1011.8,66.1,,0.53,0
Lagos,30/05/2021,30.1,24,27.7,84.8,19,100,4.17,rain,16.6,204.2,1010.3,55.6,,0.63,0
Lagos,31/05/2021,32.4,26,28.5,84.9,7,100,4.17,rain,16.6,241.9,1010.6,58.5,,0.67,0
Lagos,01/06/2021,29,24,26.3,89.4,11,100,8.33,rain,40.7,145.4,1011.8,58.4,,0.7,0
Lagos,03/06/2021,32.1,24.1,28.2,83.4,0.2,100,8.33,rain,14.8,204.2,1012.1,42.1,,0.77,0
Lagos,04/06/2021,29.8,23.6,27.2,81.7,95,100,8.33,rain,35.3,210.6,1012.3,57.5,,0.8,0
Lagos,05/06/2021,30,23.1,27,82.1,0.2,100,8.33,rain,15.1,168.3,1012.7,62.7,,0.83,0
Lagos,07/06/2021,32.9,24.8,28.1,82.9,0.1,100,4.17,rain,16.6,208.6,1011.5,49.2,,0.9,0
Lagos,08/06/2021,30.8,22,25.9,91.2,7,100,4.17,rain,11.2,266.9,1011.6,47.9,,0.93,0
Lagos,09/06/2021,32.8,22,25,88.9,12,100,4.17,rain,24.1,60.6,1011.9,58.1,,0.97,0
Lagos,10/06/2021,32,22.1,27.1,82.3,0.4,100,4.17,rain,14.8,179.1,1011.1,48.4,,0,0
Lagos,11/06/2021,29.1,24,26.2,87.6,7,100,4.17,rain,33.5,313.1,1011.5,50.7,,0.04,0
Lagos,13/06/2021,31,23.8,27.3,83.8,0.1,100,4.17,rain,16.6,203.5,1013.2,55.7,,0.1,0
Lagos,16/06/2021,31.1,24.9,27.8,83.3,51.3,100,8.33,rain,23.1,254.3,1013,46.8,,0.21,0
Lagos,17/06/2021,33,25,27.7,83.7,2,100,4.17,rain,14.8,212.3,1014.5,46.7,,0.24,0
Lagos,18/06/2021,32,25,28.1,85.2,1,100,4.17,rain,17.1,211.3,1014.3,52.5,,0.25,0
Lagos,19/06/2021,31,25,27.7,85.4,2,100,4.17,rain,14.8,219,1013.6,55,,0.31,0
Lagos,20/06/2021,26.2,23,24.9,94.7,14,100,8.33,rain,11.2,245.8,1014.3,55.5,,0.35,0
Lagos,21/06/2021,29.8,23.3,26.1,86.9,0.4,100,4.17,rain,20.5,272.4,1014.8,61.3,,0.38,0
Lagos,22/06/2021,32,20.5,26.4,82.7,4.7,100,25,rain,55.4,289.9,1014,58.3,,0.42,0
Lagos,23/06/2021,26.4,20,24.6,88.7,36.9,100,95.83,rain,48.2,316.9,1013,96.1,,0.45,0
Lagos,24/06/2021,27.8,21.5,25.5,87,10.2,100,75,rain,33.5,224.8,1012.4,95,,0.5,0
Lagos,25/06/2021,28.8,24.7,26.8,86.7,4.2,100,54.17,rain,12.6,240.5,1012,79.3,,0.52,0
Lagos,26/06/2021,26.7,23,25,90.6,22.7,100,79.17,rain,15.8,289.9,1011.5,98.9,,0.56,0
Lagos,27/06/2021,27.7,22.9,25.5,86.4,0.8,100,16.67,rain,12.2,138,1011.4,80,,0.59,0
Lagos,28/06/2021,30.6,20,26.3,84.4,7.1,100,45.83,rain,57.6,265,1013.6,64.4,,0.62,0
Lagos,29/06/2021,28,19.5,25,86.6,13.4,100,50,rain,57.6,316.5,1015.1,83.8,,0.65,0
Lagos,30/06/2021,31,19,26.8,80.7,1,100,25,rain,31.7,245.9,1014.8,68.6,,0.69,0
Lagos,01/07/2021,33,24,27.7,81.7,1,100,4.17,rain,20.5,248.8,1014.5,56.1,,0.75,0
Lagos,02/07/2021,31,25,27.4,87.5,1.1,100,4.17,rain,22.3,233.4,1013.9,63,,0.75,0
Lagos,03/07/2021,29,23.1,26.2,90.7,36,100,4.17,rain,25.9,245.5,1014.5,60.5,,0.78,0
Lagos,04/07/2021,31,22,25.7,85.9,4,100,4.17,rain,27.7,249.1,1015.3,55.3,,0.82,0
Lagos,07/07/2021,30,21,25.4,86.6,4,100,8.33,rain,24.1,242.1,1012.9,60.3,,0.92,0
Lagos,08/07/2021,28,24,26.1,90.6,1,100,4.17,rain,22.3,230.7,1014.5,62.7,,0.95,1
Lagos,09/07/2021,28,24.9,25.9,90.9,27,100,8.33,rain,22.3,223.5,1014.7,72.8,,0.98,1
Lagos,10/07/2021,30,23,26.9,81.2,1,100,4.17,rain,20.5,227.8,1014.6,62.8,,0,1
Lagos,14/07/2021,28.8,25,26.7,83.2,0.1,100,4.17,rain,23.1,229.7,1014,63.8,,0.16,0
Lagos,15/07/2021,30,25,26.4,86.3,50,100,4.17,rain,18.4,247.1,1013.1,51.4,,0.19,0
Lagos,16/07/2021,26,22,24.1,95.6,2,100,4.17,rain,31.7,233.7,1013.3,55.8,,0.23,1
Lagos,17/07/2021,29.4,22,25.2,90.3,0.3,100,4.17,rain,24.1,221.1,1015.1,52.7,,0.25,1
Lagos,18/07/2021,28.7,24,26.3,86.1,0.2,100,8.33,rain,29.5,231.9,1014.8,58.4,,0.3,1
Lagos,19/07/2021,29.1,24,26.7,80.6,0.1,100,4.17,rain,26.9,238.8,1014.4,60.5,,0.33,0
Lagos,20/07/2021,28,25,26.3,83.7,2,100,4.17,rain,24.1,237.8,1015.3,58,,0.37,0
Lagos,21/07/2021,30.1,24.9,26.6,81.5,2,100,4.17,rain,25.9,230.1,1016.7,49.1,,0.41,0
Lagos,28/07/2021,31,24,26.7,79.8,0.1,100,4.17,rain,20.5,219,1014.2,50,,0.64,0
Lagos,04/08/2021,30,23.9,26.5,84.3,0.1,100,4.17,rain,24.1,223.1,1015.1,67.4,,0.87,0
Lagos,05/08/2021,28,23.1,25.7,89.1,38,100,8.33,rain,22.3,227.7,1017,52.2,,0.9,0
Lagos,06/08/2021,31,25,26.5,85.6,0.1,100,4.17,rain,24.8,236.5,1016.3,54.3,,0.93,0
Lagos,07/08/2021,29,24.2,25.8,90.2,4,100,4.17,rain,18.4,236.6,1015.3,52.4,,0.96,0
Lagos,08/08/2021,26.8,23,24.9,91.1,3,100,4.17,rain,27.7,243,1015,64.1,,0,0
Lagos,09/08/2021,29.2,24.9,26.6,84.1,1,100,4.17,rain,27.7,229.7,1015.9,54.7,,0.03,0
Lagos,10/08/2021,29.2,24,26.2,85.5,0.1,100,4.17,rain,24.1,233.9,1015.2,61.7,,0.07,0
Lagos,12/08/2021,30,24,26.6,85.3,1,100,4.17,rain,25.9,209.3,1014.3,66.9,,0.14,0
Lagos,13/08/2021,29,24.9,26.1,84.3,0.2,100,4.17,rain,55.4,220.1,1015,75.7,,0.18,0
Lagos,17/08/2021,29,24.9,26.5,84.4,0.1,100,4.17,rain,20.5,234.3,1014.8,58.9,,0.32,0
Lagos,19/08/2021,31,25,26.7,82.2,0.4,100,8.33,rain,20.5,251.9,1013.4,57.8,,0.39,0
Lagos,21/08/2021,27,24,25.1,91.6,7,100,4.17,rain,18.4,231.6,1013,66.6,,0.46,0
Lagos,22/08/2021,30,23.8,25.7,89.4,2,100,4.17,rain,18.4,220.2,1012.8,60.9,,0.5,0
Lagos,23/08/2021,30.8,23.2,26.4,86.4,2,100,4.17,rain,22.3,229.5,1011.6,59.8,,0.53,0
Lagos,24/08/2021,29,25,26.6,86,1,100,16.67,rain,22.3,226.3,1010.8,72.3,,0.56,0
Lagos,25/08/2021,30,24.9,26.9,83,6,100,4.17,rain,25.9,213.8,1011.2,60.4,,0.6,0
Lagos,26/08/2021,29,25,26.8,82.9,3,100,4.17,rain,17.3,243.8,1012.5,57.2,,0.63,0
Lagos,28/08/2021,30.5,23.8,26.2,86.4,4,100,4.17,rain,18.4,234.4,1013.6,59.3,,0.69,0
Lagos,29/08/2021,28,25,26.2,88.2,1.1,100,20.83,rain,22.3,241,1011.3,82.8,,0.72,0
Lagos,30/08/2021,30,25,26.8,85.9,4,100,4.17,rain,27.7,223.7,1011.6,60.8,,0.75,0
Lagos,31/08/2021,29.1,25,26.7,87.5,4,100,4.17,rain,14.8,255.2,1012.2,60.6,,0.79,0
Lagos,01/09/2021,31,23,26.9,87,2.7,100,8.33,rain,24.1,227.5,1011.5,67.7,,0.82,0
Lagos,02/09/2021,29,22,24.6,91.3,88,100,8.33,rain,16.6,219.1,1012.4,85.3,,0.85,0
Lagos,03/09/2021,25.1,22,24.1,94,75,100,4.17,rain,18.4,257,1013.5,56.1,,0.88,0
Lagos,05/09/2021,31,23.9,26.2,86.8,4,100,4.17,rain,18.4,247.1,1013.4,61.7,,0.95,0
Lagos,06/09/2021,28.9,24,25.8,91.6,0.2,100,4.17,rain,20.5,227.7,1013.5,58.3,,0.98,0
Lagos,07/09/2021,30.8,24,26.2,89.4,31,100,4.17,rain,37.1,241.4,1013.2,64.3,,0,0
Lagos,09/09/2021,31,24.1,27.2,85.1,0.3,100,8.33,rain,25.9,211.8,1012.8,63.9,,0.09,1
Lagos,10/09/2021,31,25,26.8,86.7,2.9,100,33.33,rain,18.4,242.3,1013.5,81.7,,0.12,1
Lagos,11/09/2021,30.1,24.8,26.4,87.2,1,100,4.17,rain,14.4,249.6,1014.5,48.2,,0.16,1
Lagos,13/09/2021,26,21.4,24.6,91.3,45,100,4.17,rain,16.7,246.1,1012.9,55.4,,0.25,1
Lagos,15/09/2021,30,24.1,26.1,83.6,0.1,100,4.17,rain,18.4,228.2,1014.1,62.5,,0.3,1
Lagos,16/09/2021,31,23.8,27,84.4,2,100,4.17,rain,18.4,248,1014.7,49.7,,0.34,1
Lagos,18/09/2021,31,24.8,26.8,89.1,1,100,4.17,rain,18.4,235.9,1013.2,57.8,,0.41,1
Lagos,21/09/2021,30,25,26.8,86,2,100,4.17,rain,29.5,219.3,1012.4,63.4,,0.5,0
Lagos,22/09/2021,31,23,25.6,90.6,4,100,4.17,rain,38.9,198.4,1013,70.5,,0.55,0
Lagos,23/09/2021,31,23,26.4,85.5,21,100,8.33,rain,38.9,208.6,1012.6,47.5,,0.58,0
Lagos,25/09/2021,31,22.5,25.6,87.8,81,100,4.17,rain,17.5,236.9,1013.6,55.4,,0.64,0
Lagos,27/09/2021,30,24.9,27.1,84.3,0.3,100,4.17,rain,27.7,212.5,1012.7,54.6,,0.71,0
Lagos,28/09/2021,31.4,23,26.8,84.4,2.8,100,16.67,rain,37.1,211.4,1012.2,56.5,,0.74,0
Lagos,30/09/2021,29,24.7,26.3,89.8,4,100,4.17,rain,16.6,248.5,1012.5,54.3,,0.81,0
Lagos,01/10/2021,29.6,24.7,26.6,90.1,3,100,8.33,rain,14.8,230.9,1013.2,57,,0.84,0
Lagos,03/10/2021,31.1,24.8,27.2,86.7,1,100,12.5,rain,16.7,240.2,1012,63.6,,0.9,0
Lagos,06/10/2021,29,24.9,26.7,88.6,1,100,4.17,rain,18.4,229.9,1012.4,55.2,,0,0
Lagos,09/10/2021,29,24.8,26.7,91.3,30,100,4.17,rain,22.3,244.4,1011.4,65.2,,0.11,0
Lagos,10/10/2021,32,24,27.3,86.6,5,100,4.17,rain,18.4,224.2,1012.3,62.3,,0.14,0
Lagos,11/10/2021,32,24,27.7,85.8,2,100,4.17,rain,16.6,240.8,1012.7,58.2,,0.18,0
Lagos,12/10/2021,32,23,27.2,87.6,17,100,4.17,rain,27.7,220.4,1011.5,43.8,,0.21,0
Lagos,13/10/2021,33,24.9,28.3,79.9,0.1,100,4.17,rain,18.4,221.2,1011.4,49.1,,0.25,0
Lagos,15/10/2021,32.9,24.8,26.9,88.7,11,100,4.17,rain,16.6,228.9,1011.4,48.7,,0.32,0
Lagos,16/10/2021,32,23,26.9,85.9,26,100,8.33,rain,18.4,235.1,1011.1,59.5,,0.35,0
Lagos,17/10/2021,32,23,27,86.3,0.1,100,4.17,rain,21.6,195.1,1010.7,57.6,,0.39,0
Lagos,18/10/2021,29.1,23.2,26,88.8,22,100,8.33,rain,17.5,209.3,1011.9,63.7,,0.42,0
Lagos,19/10/2021,31.2,23.2,26.8,86.5,2,100,4.17,rain,18.4,221.2,1012.5,58.1,,0.46,0
Lagos,21/10/2021,30.1,25.1,27.2,87,0.5,100,4.17,rain,14.8,239.8,1012.5,56.8,,0.53,0
Lagos,22/10/2021,31,24,26.4,89.9,7,100,4.17,rain,14.8,204.9,1012.1,60.2,,0.56,0
Lagos,23/10/2021,29,23,25.9,88.3,20,100,8.33,rain,13,90,1013.5,62,,0.59,0
Lagos,25/10/2021,32,24.1,27.5,84.7,2,100,4.17,rain,18.4,220.4,1012.9,56.6,,0.66,0
Lagos,26/10/2021,33,24,27.7,81.1,4,100,4.17,rain,33.5,147.6,1013.4,50.1,,0.69,0
Lagos,28/10/2021,31,25,27.7,84.7,5,100,4.17,rain,14.8,198.5,1012.2,55.9,,0.75,0
Lagos,30/10/2021,33,24,27.9,84.1,3,100,4.17,rain,33.5,194.7,1011.8,55.6,,0.82,0
Lagos,31/10/2021,31,18,27.9,84.5,1,100,4.17,rain,25.9,186.9,1012.8,58.4,,0.85,0
Lagos,01/11/2021,32.8,23,27.5,82.2,3,100,4.17,rain,14.8,216.9,1013.2,49.1,,0.89,0
Lagos,02/11/2021,30.9,22,25.9,87.3,35,100,8.33,rain,40.7,159.5,1013.8,64.9,,0.92,0
Lagos,03/11/2021,32,23.8,27.5,84.2,28,100,4.17,rain,22.3,193.9,1012.4,56.9,,0.95,0
Lagos,05/11/2021,28.9,23,25.7,87.1,12,100,4.17,rain,29.5,84.3,1012,49.7,,0.02,0
Lagos,07/11/2021,32,23.9,26.2,88.7,11,100,4.17,rain,22.3,231.3,1010.2,61.2,,0.09,0
Lagos,10/11/2021,32,25,27.9,87.4,3,100,4.17,rain,14.8,237.2,1011.3,57.8,,0.19,0
Lagos,11/11/2021,32,23.2,26,90.1,126,100,4.17,rain,35.3,221.8,1011.7,59.2,,0.25,0
Lagos,13/11/2021,32,24.9,27.1,87,1,100,4.17,rain,18.4,200.7,1010.3,57.3,,0.3,0
Lagos,14/11/2021,32,23.9,26.8,84.5,0.2,100,8.33,rain,18.4,230.3,1011.3,52.5,,0.33,0
Lagos,15/11/2021,32.1,24,27.3,85.1,12,100,4.17,rain,13,225.9,1011.6,52.4,,0.36,0
Lagos,16/11/2021,32,24.9,27.7,85.8,0.3,100,8.33,rain,18.4,212.7,1010.8,47.7,,0.4,0
Lagos,20/11/2021,32,24,27.7,84.7,0.1,100,4.17,rain,14.8,192.9,1010.7,55.1,,0.54,0
Lagos,21/11/2021,33,25,28.6,81.8,0.9,100,4.17,rain,22.3,191.6,1009.7,49.9,,0.57,0
Lagos,22/11/2021,33,26,28.1,83.3,6,100,4.17,rain,14.8,219.3,1010.9,51.1,,0.6,0
Lagos,24/11/2021,33,25,28.4,81.8,0.9,100,4.17,rain,14.8,202.5,1011.5,52.9,,0.67,0
Lagos,26/11/2021,29.7,26,28.1,87.1,1,100,33.33,rain,14.8,214.5,1010.4,43.8,,0.74,0
Lagos,27/11/2021,33,25.1,28.7,83.5,0.2,100,8.33,rain,18.2,203.4,1010.8,50.4,,0.75,0
Lagos,01/12/2021,33,24.9,28.7,82.5,0.1,100,4.17,rain,20.5,202.2,1010.4,54.8,,0.9,0
Lagos,03/01/2022,31.1,26,28,81.9,0.3,100,8.33,rain,15.1,226,1009.7,76,,0.02,0
Lagos,04/01/2022,32.6,26.1,27.6,78.5,0.3,100,8.33,rain,14.8,179.7,1010.7,97.6,,0.06,0
Lagos,07/01/2022,34,15,27.6,83.4,0.1,100,4.17,rain,22.3,230,1010.8,22.2,,0.15,0
Lagos,08/01/2022,30.3,15,27.5,82.9,0.4,100,16.67,rain,16.6,233.1,1010.8,23.9,,0.19,0
Lagos,11/01/2022,34,22,29.2,74.7,0.8,100,8.33,rain,22,209.7,1009.4,42.5,75,0.29,0
Lagos,13/01/2022,32.1,26,28.6,80.9,1.2,100,12.5,rain,21.6,208.8,1012.3,54.8,75,0.35,0
Lagos,17/01/2022,34,14,28.2,74.9,0.1,100,4.17,rain,33.5,204.9,1014.2,54.1,60,0.48,0
Lagos,18/01/2022,34,10,27.1,76.3,0.2,100,8.33,rain,25.9,189.6,1014.5,53,30,0.5,0
Lagos,23/01/2022,36,23,27.9,59.4,0.1,100,4.17,rain,21.6,221,1011.5,11.8,30,0.69,0
Lagos,08/02/2022,34,24.9,28.7,80,0.1,100,4.17,rain,18.4,207.6,1011.1,40.6,60,0.25,0
Lagos,10/02/2022,35,25.9,29.5,80.1,0,0,0,rain,18.4,184.4,1009.9,36.6,75,0.3,0
Lagos,11/02/2022,35,24.8,28.8,79.3,0,0,0,rain,24,189.1,1009,35.7,75,0.33,0
Lagos,12/02/2022,35,26,29.2,76.9,0,0,0,rain,22.3,195.6,1009.8,50.9,75,0.36,0
Lagos,13/02/2022,34.1,25.2,28.9,78.9,1.1,100,8.33,rain,16.6,200.8,1010.6,45,75,0.39,0
Lagos,16/02/2022,34,25,29.2,80.8,0.1,100,4.17,rain,22.6,216.1,1010.7,43.6,75,0.5,0
Lagos,17/02/2022,35,27.1,29.9,78.3,0,0,0,rain,22.3,217.4,1009,55.9,75,0.53,0
Lagos,18/02/2022,35,25.9,29.3,80.8,0,0,0,rain,22,206,1008.9,40.2,75,0.56,0
Lagos,19/02/2022,34.9,27,29.6,81.9,0,0,0,rain,22.3,200.3,1010.1,54.7,75,0.6,0
Lagos,20/02/2022,35,25,28.6,82.3,0,0,0,rain,22.3,197.6,1011.2,45.9,75,0.63,0
Lagos,21/02/2022,34,25,29.1,79.6,0.1,100,4.17,rain,22.3,200,1010.9,55.2,60,0.67,0
Lagos,22/02/2022,35,26,29.4,79.6,0,0,0,rain,23,223.1,1011,49.2,75,0.71,0
Lagos,23/02/2022,35,26,29.5,80,0,0,0,rain,20.5,203.4,1011.7,51.9,75,0.75,0
Lagos,24/02/2022,34.1,26.6,28.4,84.4,0.1,100,4.17,rain,24.1,198.4,1010.8,37.6,75,0.78,0
Lagos,26/02/2022,36,27,29.7,80.2,0,0,0,rain,20.5,197.6,1009.7,41.7,100,0.85,0
Lagos,27/02/2022,35,26,28.5,77.8,0,0,0,rain,27.7,210.2,1010.5,50.7,75,0.88,0
Lagos,28/02/2022,36,26,29.7,78.3,0,0,0,rain,20.5,197.5,1010.3,47.4,75,0.92,0
Lagos,01/03/2022,35,26.8,29.9,77.4,0,0,0,rain,16.6,200,1009.9,45.3,75,0.95,0
Lagos,02/03/2022,34,27,29.8,78.6,0,0,0,rain,20.5,193.4,1010,51.9,75,0,0
Lagos,03/03/2022,35,24.6,29.6,75.7,0,0,0,rain,172.4,180.3,1010.1,49,75,0.02,0
Lagos,04/03/2022,34,26.2,29.7,77.1,0.7,100,12.5,rain,25.9,187.4,1009.5,63.9,75,0.06,0
Lagos,05/03/2022,35,24.6,29.5,73.7,2,100,8.33,rain,24.5,201.2,1008.9,53.7,60,0.09,0
Lagos,06/03/2022,29,25,27,87.6,7,100,4.17,rain,64.8,159,1009.4,53.8,60,0.12,0
Lagos,08/03/2022,34,26.8,30,78.2,0,0,0,rain,22.3,196.5,1008,48.4,75,0.18,0
Lagos,09/03/2022,35,26.8,30.3,80.2,0,0,0,rain,27.7,197.5,1007.7,53.3,100,0.22,0
Lagos,10/03/2022,34,28,30.4,80.3,0.1,100,4.17,rain,24.1,197.5,1008.2,55.9,100,0.25,0
Lagos,11/03/2022,34,27,29.7,78.3,0,0,0,rain,27.7,173.7,1009,50.6,100,0.28,0
Lagos,12/03/2022,32,22.8,26.9,83.7,26,100,4.17,rain,31.7,234.5,1009.8,43,60,0.31,0
Lagos,13/03/2022,34,24.8,28.3,83.3,0,0,0,rain,64.8,187.8,1009.4,50.1,75,0.34,0
Lagos,14/03/2022,34,24,28.4,81.6,2,100,4.17,rain,24.1,235.1,1009.3,39.6,75,0.38,0
Lagos,15/03/2022,34,25.9,28.9,85.3,12,100,4.17,rain,14.8,213,1010.5,56.4,100,0.41,0
Lagos,16/03/2022,33,25.7,29.2,81.6,1.4,100,4.17,rain,23.4,202.9,1010.3,63.5,75,0.44,0
Lagos,18/03/2022,34.1,26.5,29.2,83.7,0,0,0,rain,25.6,202.9,1009.1,50,75,0.5,0
Lagos,19/03/2022,35,26.4,29.8,80.8,0,0,0,rain,22.3,192.1,1009.8,45.8,100,0.54,0
Lagos,20/03/2022,34,27.3,30.1,78.9,0,0,0,rain,24.1,207,1010.1,52.7,100,0.58,0
Lagos,21/03/2022,34,27.8,29.9,81.3,0,0,0,rain,24.1,207.3,1010.1,58.4,75,0.61,0
Lagos,22/03/2022,33,27,29.5,80.6,0,0,0,rain,21.2,210.8,1010.2,58.1,75,0.65,0
Lagos,23/03/2022,34,20,29.4,80,0.2,100,8.33,rain,27.7,195.4,1010.4,63.3,100,0.68,0
Lagos,24/03/2022,36,27.1,29.6,76.2,240,100,4.17,rain,22.3,211,1009.9,38.5,100,0.72,0
Lagos,26/03/2022,34,27,29.7,81.1,0,0,0,rain,22.3,199.4,1009,61.3,100,0.79,0
Lagos,27/03/2022,35,27,30.4,80.7,0,0,0,rain,18.4,193.6,1010.6,46.8,75,0.83,0
Lagos,28/03/2022,35,27.1,30.3,81.5,0.1,100,4.17,rain,22.3,208.2,1010.7,58.5,100,0.86,0
Lagos,29/03/2022,35,28,30.5,77.9,0,0,0,rain,155.5,177.6,1009.3,48.9,75,0.9,0
Lagos,30/03/2022,35,26.3,30,78.5,0,0,0,rain,20.6,190.6,1007.5,57.7,75,0.94,0
Lagos,01/04/2022,36,27,30.5,76,0,0,0,rain,59.4,212.4,1009.5,50.5,100,0,0
Lagos,02/04/2022,33,24.1,28.5,78.8,35,100,4.17,rain,22.3,212.5,1010,50.5,75,0.04,0
Lagos,03/04/2022,34,26.8,29.6,78,0,0,0,rain,24.1,196.6,1010,54.6,75,0.07,0
Lagos,04/04/2022,33.1,26.9,29.5,80.2,0,0,0,rain,22.3,182.6,1010.5,55.3,75,0.1,0
Lagos,05/04/2022,34,27.8,30.1,78.5,0.1,100,4.17,rain,24.1,186.7,1010.3,59.8,75,0.14,0
Lagos,06/04/2022,33,24,28.6,82.3,9,100,4.17,rain,25.9,185.5,1010,53.3,75,0.17,0
Lagos,07/04/2022,33,25,29.2,79.1,0,0,0,rain,22.3,186.3,1010.2,46,75,0.2,0
Lagos,08/04/2022,33,23,28.1,79.5,5,100,4.17,rain,64.8,237.9,1010.4,38.4,75,0.23,0
Lagos,09/04/2022,29.9,24,27.1,84.5,0,0,0,rain,29.4,277,1010.3,55.2,75,0.25,0
Lagos,12/04/2022,34,24.8,28,81.9,6,100,4.17,rain,33.5,173.8,1009.2,56.4,75,0.36,0
Lagos,13/04/2022,31,24.7,27.4,83.7,0,0,0,rain,18.4,188.3,1009.2,50.1,60,0.39,0
Lagos,14/04/2022,32,25,28.6,81.6,0.6,100,4.17,rain,22.4,180.6,1009.8,52.1,60,0.42,0
Lagos,15/04/2022,32,25.8,28.9,79.6,0,0,0,rain,19.4,194.7,1010.2,64,60,0.46,0
Lagos,16/04/2022,33.2,26,28.3,80.1,7,100,4.17,rain,18,238.2,1010.2,63.9,60,0.5,0
Lagos,17/04/2022,33.2,25,28.9,83.4,0,0,0,rain,29.5,214.7,1009.4,53.3,60,0.52,0
Lagos,18/04/2022,29.1,23,25.7,86.3,36,100,8.33,rain,27.7,7.8,1010.7,49.6,10,0.56,0
Lagos,20/04/2022,34,24.3,29,82.9,2.1,100,4.17,rain,29.2,175,1010.6,51.2,60,0.63,0
Lagos,21/04/2022,30.1,23,26.6,83.8,20,100,4.17,rain,24.1,305.4,1010.8,54,60,0.67,0
Lagos,23/04/2022,34,25.1,29,80.7,0,0,0,rain,20.5,202.1,1009.9,43.2,60,0.75,0
Lagos,24/04/2022,28.3,22,25.7,91,28,100,4.17,rain,46.4,154.4,1010,62,75,0.77,0
Lagos,27/04/2022,33,23,28.6,79.4,0.1,100,4.17,rain,33.5,178.7,1010.1,68.4,75,0.88,0
Lagos,28/04/2022,31,23,26.5,84.4,24,100,4.17,rain,18.4,301.5,1011,53.8,30,0.91,0
Lagos,02/05/2022,32,25,28.3,82.8,0,0,0,rain,18.4,189.3,1012.4,57.4,60,0.05,0
Lagos,04/05/2022,32,23,27.1,83.1,13,100,8.33,rain,22.3,190.1,1011.6,52.3,60,0.12,0
Lagos,05/05/2022,33,23,27.6,81.6,0,0,0,rain,22.3,206.5,1011.9,46.7,60,0.15,0
Lagos,06/05/2022,28,22,25.4,89.4,48,100,8.33,rain,20.5,134.9,1011.9,58.5,60,0.18,0
Lagos,09/05/2022,33,24,28.4,80.5,0.1,100,4.17,rain,32,229.6,1010.7,44.9,60,0.25,0
Lagos,10/05/2022,32,21,27.8,83.7,1,100,4.17,rain,20.5,205.8,1011.8,59.1,60,0.31,0
Lagos,12/05/2022,32,24.2,28,85,9,100,8.33,rain,22.3,195,1012.3,50.9,60,0.38,0
Lagos,13/05/2022,32.8,25,29.1,80.7,0,0,0,rain,16.6,206.2,1012.3,57.3,60,0.41,0
Lagos,14/05/2022,33,22.2,27.8,81.4,0.9,100,4.17,rain,27.7,168.3,1012.2,55.4,60,0.44,0
Lagos,15/05/2022,33.1,25,29.1,82.3,0,0,0,rain,18.4,196.5,1012.6,47.2,60,0.48,0
Lagos,16/05/2022,33,25.9,28.6,82,3.9,100,20.83,rain,23.8,207.6,1012.2,60.6,60,0.5,0
Lagos,17/05/2022,29,24,27.5,82.8,6,100,4.17,rain,27.7,182.1,1011.9,66.2,60,0.54,0
Lagos,18/05/2022,32,24.1,28,82.8,0,0,0,rain,22.3,196.5,1010.9,56.6,30,0.58,0
Lagos,19/05/2022,31,24.9,27.6,83.6,1,100,4.17,rain,24.1,182.6,1011.5,67.5,60,0.61,0
Lagos,20/05/2022,31,25.2,28.2,82.1,0.6,100,8.33,rain,18.4,177.5,1012.5,72.8,30,0.65,0
Lagos,21/05/2022,30.8,24,26.4,90.8,22,100,4.17,rain,20.5,246,1013.7,56.7,30,0.68,0
Lagos,22/05/2022,30.8,23,26.3,87.8,1,100,4.17,rain,13,270.1,1014.3,48.1,30,0.75,0
Lagos,23/05/2022,31,22.6,26.8,85.6,2.5,100,4.17,rain,33.5,6.6,1013,53.4,30,0.75,0
Lagos,24/05/2022,31.1,23,26.5,84.5,0,0,0,rain,18.2,186.9,1013.8,53.8,30,0.79,0
Lagos,26/05/2022,31,24.9,27.2,85.9,0,0,0,rain,22.3,177.7,1015.8,57.4,60,0.86,0
Lagos,27/05/2022,31,24,26.7,85.6,0.1,100,4.17,rain,20.5,172.4,1015.3,49,30,0.89,0
Lagos,28/05/2022,33,25,28.8,78.6,0,0,0,rain,18.4,190.3,1013.4,54.2,60,0.93,0
Lagos,29/05/2022,33,25.9,29.1,75.3,0,0,0,rain,20.5,185.9,1012.1,61.5,30,0.96,0
Lagos,30/05/2022,33,26,28.9,81.3,0,0,0,rain,20.5,187,1012.1,58.3,30,0,0
Lagos,31/05/2022,31.1,24.9,27.6,83.2,3,100,4.17,rain,21.2,181.9,1011.9,70.9,60,0.03,0
Lagos,01/06/2022,33,24.8,28.3,80.1,1,100,4.17,rain,19.8,199.9,1011.1,63.1,30,0.07,0
Lagos,02/06/2022,33,25,28.7,80.7,0,0,0,rain,25.9,187.7,1009.9,47.6,60,0.1,0
Lagos,03/06/2022,28.5,23,26.5,86.9,6,100,4.17,rain,18.4,215.9,1009.9,65,60,0.13,0
Lagos,04/06/2022,32,23,26.9,83.9,0,0,0,rain,24.1,195.5,1011.4,53.6,60,0.17,0
Lagos,05/06/2022,31,22.7,26.9,77.5,5,100,8.33,rain,33.5,100.7,1012,56.1,30,0.2,0
Lagos,06/06/2022,32,23.7,27.5,79,3,100,4.17,rain,14.8,206.6,1013,54.2,30,0.23,0
Lagos,07/06/2022,34,24,28.1,79.2,0,0,0,rain,20.5,224.3,1013.1,42.4,60,0.25,0
Lagos,08/06/2022,32,25,28.6,81.1,0,0,0,rain,18.4,218.1,1012.6,55.6,60,0.3,0
Lagos,09/06/2022,33,24,28.5,80.6,0.2,100,4.17,rain,22.3,196,1011.7,57.2,60,0.33,0
Lagos,10/06/2022,33,21.5,26.9,84.7,18,100,4.17,rain,59.4,181.1,1011.9,55.7,60,0.37,0
Lagos,11/06/2022,27,23,25.6,88.4,4,100,4.17,rain,42.5,237.4,1013.8,45.2,30,0.4,0
Lagos,12/06/2022,31.8,23.6,27.3,81.9,0,0,0,rain,20.5,204.9,1013.8,47,30,0.43,0
Lagos,13/06/2022,32,24.5,27.9,81.1,0,0,0,rain,27.4,218.3,1012.8,44.5,30,0.47,0
Lagos,14/06/2022,32,26,28.4,80.9,0,0,0,rain,22.3,204.2,1011.4,62.5,60,0.5,0
Lagos,15/06/2022,28,25,26.2,89.2,2,100,4.17,rain,20.5,236.1,1012.1,64.9,60,0.53,0
Lagos,16/06/2022,29,23.6,25.3,89.9,4,100,8.33,rain,18.4,253.8,1012.7,54.3,10,0.57,0
Lagos,17/06/2022,30,22.7,24.8,92.3,0,0,0,rain,22.3,253.7,1013.1,47.3,10,0.6,0
Lagos,18/06/2022,29,23.7,25.1,91.7,106,100,12.5,rain,13,264.3,1014.2,52.5,10,0.64,0
Lagos,19/06/2022,30,22.9,25.8,86.3,0.1,100,4.17,rain,14.8,211.1,1014.3,52.9,30,0.67,0
Lagos,20/06/2022,32,24,27.9,79.2,0.5,100,4.17,rain,14.8,193.8,1014.2,44.4,30,0.7,0
Lagos,21/06/2022,29,23,26.5,85.8,3,100,8.33,rain,20.5,197.4,1013.5,66.2,30,0.75,0
Lagos,22/06/2022,31,22,26.2,81.6,5,100,4.17,rain,18.4,218.9,1013.1,44.8,10,0.77,0
Lagos,23/06/2022,30,24.9,27.2,83.8,0,0,0,rain,18.3,189.9,1013.1,51.4,30,0.81,0
Lagos,24/06/2022,31,22,25.1,90.8,73,100,8.33,rain,33.5,226.6,1012.4,67.9,30,0.84,0
Lagos,25/06/2022,31,21.9,26,83.7,0.2,100,8.33,rain,21.2,205.9,1012.7,56.8,30,0.87,0
Lagos,26/06/2022,29,24,26,87.3,0.5,100,4.17,rain,13,216.7,1013.4,49.7,30,0.91,0
Lagos,27/06/2022,31,23.8,26.9,86.1,0,0,0,rain,18.4,201.1,1013.4,61,30,0.94,0
Lagos,28/06/2022,32.3,25,27.8,83.9,2,100,4.17,rain,22.3,207.9,1013.1,57.1,30,0.98,0
Lagos,29/06/2022,30,25,26.8,90.8,0,0,0,rain,18.4,215.1,1013.6,69.5,30,0,0
Lagos,30/06/2022,28,24,25.2,94,52,100,8.33,rain,25.2,197.3,1013,81.4,30,0.05,0
Lagos,01/07/2022,30.8,23,25.9,88.1,15,100,8.33,rain,22.3,209,1013.3,55.5,10,0.08,0
Lagos,02/07/2022,30,24.9,26.7,84.5,1,100,4.17,rain,23.8,212.1,1014.9,54.7,10,0.11,0
Lagos,03/07/2022,30,24.1,26.8,84.3,0,0,0,rain,22.3,221,1015.6,52.4,10,0.15,0
Lagos,04/07/2022,29.1,24,25.9,88.4,8,100,4.17,rain,24.1,218.3,1014.5,57.6,10,0.18,0
Lagos,05/07/2022,27,24,25.5,90.6,33,100,8.33,rain,11.2,206.4,1015,57.2,10,0.22,0
Lagos,06/07/2022,30,23.9,26.7,85.8,0,0,0,rain,20.5,204.6,1014.6,52.9,10,0.25,0
Lagos,07/07/2022,30,24.8,26.9,84.9,4,100,4.17,rain,27.7,219.9,1014.4,58.3,30,0.25,0
Lagos,08/07/2022,26.3,21.8,24.2,94.2,65,100,12.5,rain,27.2,235.2,1014.9,61.8,30,0.32,0
Lagos,09/07/2022,25.3,23,24.3,96,70,100,12.5,rain,25.9,231.5,1015.3,64.4,10,0.35,0
Lagos,10/07/2022,29,23.9,26.2,88.1,4,100,4.17,rain,21.7,214.9,1014.1,65.9,10,0.39,0
Lagos,11/07/2022,27,24,25.6,90,0.2,100,4.17,rain,44.6,196.4,1013,64.7,10,0.42,0
Lagos,12/07/2022,25,23.9,24.2,98,17,100,8.33,rain,14.8,194.2,1014.8,54.7,10,0.46,1
Lagos,13/07/2022,27.8,23,25.1,90,10,100,4.17,rain,18.4,193,1015.2,56.1,10,0.5,1
Lagos,14/07/2022,29.7,23.8,25.9,85.4,0.1,100,4.17,rain,25.9,216,1013.9,62.9,10,0.52,1
Lagos,15/07/2022,30,23,26.6,83,0.1,100,4.17,rain,23.5,196.7,1013,55.7,10,0.56,0
Lagos,16/07/2022,29,23,26.1,83.3,1.7,100,12.5,rain,37.1,195.1,1013.8,65.6,10,0.59,0
Lagos,17/07/2022,30,24.1,26.4,82.7,0,0,0,rain,20.5,180.6,1015,66.2,10,0.62,0
Lagos,18/07/2022,29.1,19,25.2,79.6,0.6,100,12.5,rain,29.5,213.8,1015.2,49.9,10,0.66,0
Lagos,19/07/2022,27.8,14.9,23.9,74.7,0.1,100,4.17,rain,26.6,219.1,1014.9,81.9,10,0.69,0
Lagos,20/07/2022,30.3,14,23.9,73.8,0.1,100,4.17,rain,48.2,211.1,1015.4,72.9,10,0.75,0
Lagos,22/07/2022,28.6,14,24.1,80.5,0.1,100,4.17,rain,37.1,207.8,1013.4,89.9,10,0.79,0
Lagos,23/07/2022,29.2,16,24.9,79.2,5.8,100,37.5,rain,35.3,212.6,1013.1,96.2,10,0.82,0
Lagos,24/07/2022,27.1,17,24.6,84,19,100,8.33,rain,27.7,218.6,1013.8,87.9,10,0.86,0
Lagos,25/07/2022,29.6,22,25.8,81.8,162,100,4.17,rain,32,239.6,1013.6,94.5,10,0.89,0
Lagos,26/07/2022,27.9,23.7,25.9,84.8,2.2,100,33.33,rain,29.2,241.9,1012.7,91.1,30,0.92,0
Lagos,27/07/2022,27.9,21,25.3,86,10.4,100,54.17,rain,27.7,233.7,1012.5,94.9,10,0.96,0
Lagos,28/07/2022,27,23,25.5,82.5,6.6,100,41.67,rain,33.5,231.6,1013.3,89,10,0,0
Lagos,29/07/2022,28.1,24.4,26,78.1,0.7,100,16.67,rain,32.4,235.3,1014.3,90.3,10,0.02,0
Lagos,30/07/2022,31.1,23.1,26.1,77.6,0.1,100,4.17,rain,29.2,234.8,1014.5,84.4,10,0.06,0
Lagos,31/07/2022,27.7,23.6,25.6,81.5,0.8,100,25,rain,33.5,230.2,1014.1,92.6,10,0.09,0
Lagos,01/08/2022,26.1,23.9,25,84.7,3.9,100,12.5,rain,36.7,229.4,1014.1,70.8,10,0.13,0
Lagos,02/08/2022,27.4,21.4,24.9,78.5,0.3,100,12.5,rain,24.5,233.2,1014.7,80,10,0.16,0
Lagos,03/08/2022,30,21,25.6,77.6,0,0,0,rain,18.7,200.5,1014,47.8,10,0.2,0
Lagos,04/08/2022,29,22,26,77.7,0,0,0,rain,18.4,198.6,1013.8,60.2,10,0.23,0
Lagos,05/08/2022,31,23,26,80.7,0.1,100,4.17,rain,18.7,208.7,1014.5,54,10,0.25,0
Lagos,08/08/2022,29.6,23,25.9,80.6,0,0,0,rain,19,216.6,1013.2,56.1,10,0.37,0
Lagos,09/08/2022,30,23,25.8,82.7,0,0,0,rain,23.4,215.1,1013.6,59.8,10,0.41,0
Lagos,10/08/2022,30.4,23,25.9,83.2,0,0,0,rain,26.9,212,1013.9,51.5,10,0.44,0
Lagos,11/08/2022,31,23.9,26.4,79.3,0,0,0,rain,29.5,212,1013.6,47.7,10,0.48,0
Lagos,12/08/2022,27,23.1,25,85.2,0,0,0,rain,27.7,205.8,1013.5,58.7,10,0.5,0
Lagos,13/08/2022,29.1,24,26,82.9,0,0,0,rain,24.6,204.6,1013.8,72,10,0.55,0
Lagos,14/08/2022,27,24,25.9,83.6,0,0,0,rain,31.7,206.5,1012.2,85.1,10,0.58,0
Lagos,15/08/2022,28.1,23.8,24.9,89,5,100,12.5,rain,29.5,201,1012.2,74.8,10,0.61,0
Lagos,16/08/2022,27.8,14,24.6,87.5,5,100,8.33,rain,22.3,185.7,1013.9,79.3,10,0.64,0
Lagos,17/08/2022,29,22.3,25,85.1,0,0,0,rain,12.9,207.2,1014,56.6,10,0.68,0
Lagos,19/08/2022,27,24,25.4,87,9,100,8.33,rain,63.6,201.4,1013.5,76.4,10,0.75,0
Lagos,20/08/2022,30,22.6,25.6,85.4,3,100,4.17,rain,24.1,196.5,1014.9,59.3,10,0.77,0
Lagos,22/08/2022,28,23.1,25.4,86.2,0,0,0,rain,27,197.6,1012.2,64,10,0.84,0
Lagos,23/08/2022,29,23.8,25.9,84.5,14,100,8.33,rain,36.4,188.8,1012.7,72.1,10,0.87,0
Lagos,24/08/2022,30,23.1,26.3,79.7,0,0,0,rain,21.6,191.7,1015.3,57.5,10,0.91,0
Lagos,26/08/2022,28,24.6,25.8,83,0,0,0,rain,31.7,206.8,1012.9,64.7,10,0.97,0
Lagos,27/08/2022,28,23.1,25.2,88.1,22,100,12.5,rain,27.7,189.5,1011.8,76.9,10,0,0
Lagos,28/08/2022,28,23.9,25.6,83.8,1,100,4.17,rain,20.5,190.7,1013.6,63.2,10,0.04,0
Lagos,30/08/2022,27.1,23.8,25.2,90.5,13,100,8.33,rain,25.9,197.5,1012.3,67.8,10,0.11,0
Lagos,31/08/2022,29,23.8,25.7,88.3,1,100,4.17,rain,25.9,198.7,1013.2,76.7,10,0.15,0
Lagos,01/09/2022,28,24,25.3,88.9,2,100,8.33,rain,16.6,194.1,1014.2,58.6,10,0.18,0
Lagos,02/09/2022,29,23.9,25.9,85.7,0,0,0,rain,16.6,198.7,1015.3,60.5,10,0.22,0
Lagos,03/09/2022,30,24.9,26.8,84.3,4,100,4.17,rain,22.3,189.4,1014.9,68.9,30,0.25,0
Lagos,04/09/2022,26,23.1,24.9,92,13,100,8.33,rain,21.6,212.5,1015.4,64,30,0.29,0
Lagos,05/09/2022,30,23.8,26.2,86.8,6,100,4.17,rain,22.3,192,1015.3,61.3,10,0.32,0
Lagos,06/09/2022,28.3,24,25.7,86,0,0,0,rain,18.4,198.3,1014.9,54.4,10,0.36,0
Lagos,07/09/2022,29,23,26,84.8,0,0,0,rain,18.4,209.3,1013.8,64.4,10,0.39,0
Lagos,08/09/2022,28,24,25.6,90.3,14,100,4.17,rain,25.6,186,1012.9,69.3,10,0.43,0
Lagos,09/09/2022,29,23,26,86.5,2,100,4.17,rain,23.8,200.2,1013.6,59.5,10,0.47,0
Lagos,10/09/2022,26.2,24,25.3,85.2,0.5,100,16.67,rain,30.6,221,1014.4,62.5,10,0.5,0
Lagos,11/09/2022,29.4,23.6,25.9,84,12.9,100,8.33,rain,19.8,252.8,1013.1,95.9,30,0.53,0
Lagos,12/09/2022,28,23.4,25.2,88.1,2,100,4.17,rain,29.2,232.8,1012.6,75.5,10,0.57,1
Lagos,13/09/2022,28.8,23.8,26,86.9,2.9,100,8.33,rain,14.8,205,1013.1,67.6,10,0.6,1
Lagos,14/09/2022,29.8,23.2,26.1,87.9,0.1,100,4.17,rain,22.3,208.1,1012.5,55.9,10,0.63,1
Lagos,15/09/2022,27.8,24.8,25.5,90.3,3,100,4.17,rain,29.2,217.5,1013.4,68.9,10,0.66,1
Lagos,16/09/2022,30,24,26.4,83.1,0.5,100,8.33,rain,23.4,201.5,1013.9,65.9,10,0.69,0
Lagos,17/09/2022,30,24.5,26.6,85.2,0,0,0,rain,21.6,233.6,1012.8,61.4,10,0.75,0
Lagos,18/09/2022,30,23.8,26.5,84.3,2,100,8.33,rain,29.2,211.2,1012.1,68.6,10,0.76,0
Lagos,19/09/2022,27.9,24,25.2,91.8,59,100,4.17,rain,30.6,217.3,1012.2,86.6,10,0.79,0
Lagos,20/09/2022,30,23.9,26.1,86,4.1,100,8.33,rain,24.1,179.3,1012.9,62.4,10,0.82,0
Lagos,21/09/2022,30,23.9,25.6,90.3,25.9,100,8.33,rain,18.3,248.2,1013.3,77.7,30,0.86,0
Lagos,22/09/2022,29,23.8,25.7,88.4,11,100,8.33,rain,14.8,228.1,1012.8,58.1,30,0.89,0
Lagos,23/09/2022,30,24,26.5,85.3,0,0,0,rain,20.5,204.5,1012.7,64.7,30,0.92,0
Lagos,24/09/2022,31,23.2,26.6,85.9,13,100,4.17,rain,18.4,218.7,1012.5,64.6,30,0.95,0
Lagos,25/09/2022,31,24.7,26.5,84.7,12,100,4.17,rain,25.9,217.2,1011.8,60.6,30,0,0
Lagos,26/09/2022,27,24.5,25.4,90.3,10,100,4.17,rain,47.5,236.4,1012.4,68.9,30,0.02,0
Lagos,27/09/2022,29,22.8,25.1,88.6,3,100,4.17,rain,22.3,244.9,1013.4,60.8,30,0.06,0
Lagos,28/09/2022,25.5,23.1,24.6,91.6,3,100,8.33,rain,21.6,203.8,1013.8,71,30,0.09,0
Lagos,29/09/2022,29,23.1,25.3,86.7,0.1,100,4.17,rain,18,220.4,1013,61.1,30,0.13,0
Lagos,30/09/2022,29,23,25.7,85.6,0,0,0,rain,22.3,215.6,1012.1,65.3,30,0.16,0
Lagos,01/10/2022,30,16,26.1,84.8,1,100,4.17,rain,25.9,196.8,1013.7,70.7,30,0.2,0
Lagos,02/10/2022,31,24,27.2,82.3,0.5,100,4.17,rain,20.5,242.3,1014.6,61.6,30,0.23,0
Lagos,04/10/2022,31,23.8,27.1,83.1,0,0,0,rain,20.5,214.3,1012,59,30,0.31,0
Lagos,05/10/2022,31,24.8,27,84.6,5,100,4.17,rain,25.9,235.1,1012.1,57.6,30,0.34,0
Lagos,06/10/2022,31,24.1,27.1,83,0,0,0,rain,20.5,212.6,1012.4,63.9,30,0.38,0
Lagos,07/10/2022,29,24.9,26.5,86.9,0,0,0,rain,14.8,210.6,1013.1,61.8,30,0.41,0
Lagos,08/10/2022,29.9,24,26.4,87.1,0,0,0,rain,13,217.1,1012.6,48.7,30,0.45,0
Lagos,09/10/2022,29,22.9,25.6,88.9,37,100,8.33,rain,16.6,187.5,1012.9,60.6,10,0.5,0
Lagos,10/10/2022,30.1,23.8,26.3,87.4,0,0,0,rain,18.4,150.6,1013.9,49.5,30,0.52,0
Lagos,11/10/2022,31,24.8,27.3,83.4,0,0,0,rain,14.9,190.5,1013.3,57.9,30,0.55,0
Lagos,12/10/2022,30,24,27.3,80.1,0,0,0,rain,18.4,229.6,1011.8,49.8,30,0.58,0
Lagos,13/10/2022,29,25,26.7,85.9,7,100,4.17,rain,18.4,193.3,1011.6,57.1,30,0.62,0
Lagos,14/10/2022,31.8,23.9,27.2,83.5,0.7,100,8.33,rain,16.6,196.9,1012.7,50.1,30,0.65,0
Lagos,15/10/2022,30.1,25,26.7,85.2,0,0,0,rain,25.9,248.4,1012.5,52,60,0.68,0
Lagos,16/10/2022,31,24,26.8,84.4,0,0,0,rain,18,203.3,1012.3,68,30,0.71,0
Lagos,17/10/2022,32.1,24.7,27.9,84.2,2.5,100,16.67,rain,32.4,196.2,1013,57,30,0.75,0
Lagos,18/10/2022,31,23.3,26.2,88.4,0.5,100,8.33,rain,18.4,211.8,1013.5,59.4,30,0.78,0
Lagos,19/10/2022,32,23.3,27.2,82.6,2,100,4.17,rain,20.5,215.9,1012.9,56.5,30,0.81,0
Lagos,20/10/2022,31,22.5,25.5,89.3,70,100,4.17,rain,25.9,213.6,1012,57.3,30,0.84,0
Lagos,21/10/2022,31,23.8,27.9,77.7,2.5,100,16.67,rain,16.2,188.5,1011.7,63.8,30,0.87,0
Lagos,22/10/2022,32,24.1,27.9,83.4,0,0,0,rain,18.4,219.7,1012.6,55.1,30,0.9,0
Lagos,23/10/2022,32,23.9,27.3,83.9,0,0,0,rain,20.5,213.4,1013.2,61.6,30,0.94,0
Lagos,24/10/2022,31.1,24.1,27.7,84.5,3,100,4.17,rain,16.6,197.8,1012.2,56.4,60,0.97,0
Lagos,25/10/2022,29,24,26.1,88.8,4,100,4.17,rain,27.7,175,1012.1,48.1,30,0,0
Lagos,26/10/2022,30,23.8,26.7,86.6,0.5,100,8.33,rain,17.6,182.7,1011.3,56.8,30,0.04,0
Lagos,27/10/2022,32,24.9,27.5,84.9,0.6,100,12.5,rain,27.7,204.1,1011.8,54.4,60,0.07,0
Lagos,28/10/2022,32,23.8,26.9,84.1,4.1,100,8.33,rain,15.4,231.8,1012.2,51.6,60,0.11,0
Lagos,29/10/2022,30,24,27,84.8,0,0,0,rain,12.2,210.8,1011.7,52.4,30,0.14,0
Lagos,30/10/2022,31.8,24,27.4,85.5,0,0,0,rain,11.5,265.5,1010.8,56.5,30,0.18,0
Lagos,31/10/2022,31,24,27.2,83.6,7,100,4.17,rain,12.8,199.1,1011.2,53.6,60,0.21,0
Lagos,02/11/2022,34.1,25,29,82.1,0,0,0,rain,18.4,213.4,1011.8,58.4,60,0.29,0
Lagos,03/11/2022,31,25.9,27.5,87.1,0,0,0,rain,16.6,216.7,1012.2,50.5,60,0.32,0
Lagos,04/11/2022,32,25,27.2,87,6,100,4.17,rain,18.4,243.7,1012,55,60,0.36,0
Lagos,05/11/2022,32.9,25,27.9,86.2,0,0,0,rain,18.4,183.9,1012,57.7,30,0.39,0
Lagos,07/11/2022,35,24.8,28.8,79.7,0.8,100,12.5,rain,22.3,193.1,1012.5,55.7,60,0.46,0
Lagos,08/11/2022,34,25,28.7,80.6,0,0,0,rain,20.5,201.8,1012,50.5,60,0.5,0
Lagos,09/11/2022,30,25,26.8,84.9,8,100,8.33,rain,27.7,243.1,1012.7,50.8,60,0.53,0
Lagos,10/11/2022,32,24,27.1,87.1,0,0,0,rain,22.3,200.7,1011.5,53.3,75,0.56,0
Lagos,11/11/2022,33,23.9,27.9,78.4,2,100,4.17,rain,18.4,199.6,1012.3,57.5,75,0.6,0
Lagos,12/11/2022,33,23,27.8,79.7,2,100,4.17,rain,20.7,178.8,1012.5,53.1,60,0.63,0
Lagos,13/11/2022,32,24,27.7,80.8,11,100,4.17,rain,23.8,172.7,1012.8,51.1,60,0.66,0
Lagos,14/11/2022,32,25.1,28,84.4,0,0,0,rain,24.8,247.7,1012.7,52.9,60,0.69,0
Lagos,16/11/2022,34,25,28.8,76.1,0.3,100,4.17,rain,22.3,275.1,1012,45.8,60,0.75,0
Lagos,19/11/2022,31,25,27.1,86.5,0.1,100,4.17,rain,35,208.6,1011.7,57,30,0.85,0
Lagos,21/11/2022,33.8,25,28.6,80.5,0,0,0,rain,16.6,205.4,1012.1,45.6,60,0.92,0
Lagos,22/11/2022,32.1,25,27.9,84.7,0,0,0,rain,14.8,213.8,1011.3,49.4,60,0.95,0
Lagos,23/11/2022,33,25,28.5,80.6,0.1,100,4.17,rain,19.8,208.6,1010.3,46.3,30,0,0
Lagos,24/11/2022,33,25.6,28.1,78.9,0.1,100,4.17,rain,22.3,237.8,1009.8,46.6,30,0.02,0
Lagos,26/11/2022,34,24.9,28.8,78.9,0.1,100,4.17,rain,20.4,206.1,1011.1,50.5,60,0.09,0
Lagos,27/11/2022,32,25,27.8,83.3,42,100,4.17,rain,22.7,199.3,1009.6,46,60,0.12,0
Lagos,28/11/2022,32,23,26.4,86.6,54,100,4.17,rain,27.7,223.7,1008.8,45.9,60,0.16,0
Lagos,30/11/2022,31.8,23.4,26.7,87.7,2,100,4.17,rain,7.6,207.2,1008.8,52.1,30,0.25,0
Lagos,02/12/2022,31,24,27.1,88.8,7,100,4.17,rain,24.1,210.2,1009.2,48.1,30,0.3,0
Lagos,03/12/2022,33,24.6,28.2,83.9,2,100,4.17,rain,18.4,211.3,1008.7,43.6,60,0.33,0
Lagos,08/12/2022,33,17.5,27.7,83.3,0,0,0,rain,27.7,188,1011.3,51.6,75,0.5,0
Lagos,09/12/2022,33.9,24,28.1,81.3,0.2,100,4.17,rain,13,149.4,1012.1,49.6,60,0.54,0
Lagos,14/12/2022,34,25,28.3,76.1,0.9,100,4.17,rain,25.2,228.4,1010.1,57.8,60,0.71,0
Lagos,16/12/2022,34,25,28.3,79.4,0.1,100,4.17,rain,23.4,207.8,1009.3,54.1,60,0.75,0
Lagos,18/12/2022,32,25.1,27.7,85.7,0,0,0,rain,13.1,228.7,1011.2,51.6,60,0.84,0
Lagos,20/01/2023,35,25,28.8,77.8,0,0,0,rain,18.4,188.3,1011.4,48.4,75,0.95,0
Lagos,22/01/2023,34.8,26.8,29.2,78.7,0.2,100,4.17,rain,15.8,217.1,1010.3,49.1,75,0.02,0
Lagos,24/01/2023,35,25,29.4,77.6,0,0,0,rain,18.7,195.2,1010.4,45.7,75,0.09,0
Lagos,25/01/2023,35,25,29.2,78.5,0,0,0,rain,18.4,194.3,1009.7,47.7,75,0.12,0
Lagos,26/01/2023,35,26,29.4,78.9,0,0,0,rain,22.3,199,1009.5,44.3,75,0.15,0
Lagos,27/01/2023,35,26,29,82.2,0,0,0,rain,28.4,199.5,1009.4,57.1,75,0.19,0
Lagos,28/01/2023,32.8,22.9,27.5,85.4,6,100,4.17,rain,25.9,200.8,1010.5,50.2,75,0.25,0
Lagos,29/01/2023,34,25,28.9,78,6,100,4.17,rain,18.3,210.3,1010.3,48.1,60,0.25,0
Lagos,02/02/2023,34,25,29,79.6,0,0,0,rain,21.7,191.9,1011.6,54.3,75,0.39,0
Lagos,03/02/2023,34.2,25,29.2,80.2,0.1,100,4.17,rain,16.6,182.7,1011.5,47.7,75,0.42,0
Lagos,04/02/2023,34,25,29.1,81.5,0,0,0,rain,21.3,193.3,1011.3,52.6,75,0.46,0
Lagos,05/02/2023,35,26.9,29.5,79.4,0,0,0,rain,24.1,208.3,1011.1,57.8,75,0.5,0
Lagos,06/02/2023,34,26,29.2,77.6,0,0,0,rain,22.3,205.8,1010.8,58,75,0.52,0
Lagos,07/02/2023,34,25,28.8,75.4,1,100,8.33,rain,22.7,195.8,1010.7,62.3,75,0.56,0
Lagos,08/02/2023,34.5,25,28.9,82,0,0,0,rain,16.6,190.8,1011.2,50.7,60,0.59,0
Lagos,09/02/2023,33.5,25,29.1,79.6,0,0,0,rain,18.3,197.1,1010.9,48.8,60,0.63,0
Lagos,10/02/2023,36.5,25.9,29.4,78.5,0,0,0,rain,37.1,189.1,1010.8,50.6,60,0.66,0
Lagos,11/02/2023,35,26,29.5,80.7,0,0,0,rain,23.8,204.4,1010.5,57.2,75,0.7,0
Lagos,12/02/2023,35.1,25.9,29.4,80.8,0,0,0,rain,25.2,204.1,1009.8,43,75,0.73,0
Lagos,13/02/2023,34.5,26,29.4,81.5,0,0,0,rain,14.8,206.9,1010.4,45.3,60,0.75,0
Lagos,22/02/2023,35,26,29.8,77.9,0,0,0,rain,16.6,194.7,1010.8,38,75,0.07,0
Lagos,23/02/2023,35.1,27,29.8,82.4,0,0,0,rain,18.4,193.7,1010.5,37.7,100,0.1,0
Lagos,24/02/2023,33.9,26,28.5,83.9,0.6,100,12.5,rain,30.2,218.2,1009.9,80.7,100,0.14,0
Lagos,25/02/2023,34,27.7,29.2,79,0.4,100,8.33,rain,31.7,211,1010.4,78.8,100,0.17,0
Lagos,26/02/2023,35.1,24.1,28.1,81.1,4.5,100,25,rain,26.6,220.3,1010.7,68.8,100,0.2,0
Lagos,27/02/2023,35,27.4,29.4,78.6,0.1,100,4.17,rain,50.4,213.9,1011.9,79.2,75,0.25,0
Lagos,28/02/2023,36,24,28.9,76.2,0.9,100,4.17,rain,22.3,185.8,1013.3,40.7,100,0.27,0
Lagos,01/03/2023,35,24,28.7,76.4,29,100,8.33,rain,18.4,184.8,1012.2,46.9,75,0.3,0
Lagos,02/03/2023,34,26,29.5,78.5,0,0,0,rain,22.3,178.7,1011,52.5,75,0.33,0
Lagos,03/03/2023,34,25,28.8,84.3,0.2,100,8.33,rain,64.8,152.2,1011,57.9,75,0.37,0
Lagos,04/03/2023,34,24,28.5,80.1,0,0,0,rain,18.4,207.1,1011,56.8,75,0.4,0
Lagos,06/03/2023,34,24.8,29.2,80.2,7,100,4.17,rain,26.6,191.6,1009.4,59.8,75,0.46,0
Lagos,07/03/2023,33,23,27.5,80.9,37,100,4.17,rain,22.3,165.5,1009.2,44.5,30,0.5,0
Lagos,08/03/2023,34,26,29.3,79.4,0.1,100,4.17,rain,22.3,179.9,1009.9,48.5,60,0.53,0
Lagos,11/03/2023,33,25,28.4,77.7,0.9,100,4.17,rain,31.4,141.3,1010.2,48.5,75,0.64,0
Lagos,13/03/2023,33.7,25,28.3,75.9,0,0,0,rain,25.6,201.7,1010.2,40.8,75,0.71,0
Lagos,14/03/2023,34,25,28.9,76.9,0,0,0,rain,25.9,196.1,1009.3,50.2,75,0.74,0
Lagos,15/03/2023,34,26.1,29.1,80.4,5,100,8.33,rain,29.5,194.9,1008.9,50.8,75,0.75,0
Lagos,16/03/2023,35,23,27.7,80.3,10,100,4.17,rain,22.3,201.5,1008.8,53.5,75,0.81,0
Lagos,17/03/2023,33.1,24,27.5,82.7,0,0,0,rain,24.8,190.4,1009.1,46.1,100,0.85,0
Lagos,18/03/2023,33,23.1,27.3,81.3,51,100,8.33,rain,27.7,187.2,1010.4,54,75,0.88,0
Lagos,21/03/2023,33.1,25.2,29.2,72.1,0.4,100,12.5,rain,33.5,210.1,1010.4,65.4,60,0,0
Lagos,22/03/2023,31.9,23,27.1,81.3,17,100,4.17,rain,18.4,216.6,1012,49.2,60,0.02,0
Lagos,24/03/2023,32,23,27.2,80.2,4,100,4.17,rain,29.5,170.2,1011,49.8,60,0.09,0
Lagos,25/03/2023,33,26,29.2,77.7,0,0,0,rain,18.4,174.4,1011.5,45.9,60,0.12,0
Lagos,27/03/2023,32,23,27.3,82,17,100,4.17,rain,14.8,220.8,1011.3,51.6,30,0.19,0
Lagos,29/03/2023,33.1,26.8,29.4,77.7,0,0,0,rain,24.1,192.5,1011.4,51.1,75,0.25,0
Lagos,30/03/2023,34,26.8,29.3,81,0,0,0,rain,24.1,212.3,1011.7,56.4,75,0.28,0
Lagos,03/04/2023,33.1,26.4,29.7,75.2,0,0,0,rain,116.6,199.1,1008.9,48.9,75,0.41,0
Lagos,06/04/2023,34,26.1,29.6,76.9,0,0,0,rain,65.4,232.3,1009.2,55.1,75,0.5,0
Lagos,07/04/2023,34,26.1,29.6,77.6,0,0,0,rain,25.9,210.7,1009.5,53.3,75,0.55,0
Lagos,08/04/2023,34,25,28.6,80,0,0,0,rain,25.9,229,1009.7,63,60,0.58,0
Lagos,09/04/2023,32,23,27.8,79.5,2,100,4.17,rain,25.9,209.8,1010.8,51.1,60,0.62,0
Lagos,11/04/2023,34,23,28.6,79.6,0.1,100,4.17,rain,68.4,212.8,1010.3,60.8,60,0.69,0
Lagos,12/04/2023,33,24,27.8,83.1,43,100,4.17,rain,18.4,216.5,1010,51.9,75,0.72,0
Lagos,13/04/2023,33.1,26.1,29.3,80.2,0.1,100,4.17,rain,24.1,215.1,1009.7,56.1,75,0.75,0
Lagos,14/04/2023,34,27,29.3,82.5,0.1,100,4.17,rain,25.6,238.2,1009.7,55.1,75,0.8,0
Lagos,15/04/2023,33,27,29,81,4,100,4.17,rain,24.1,217,1010.9,59.5,100,0.83,0
Lagos,16/04/2023,35,23.3,28.8,75.3,0,0,0,rain,25.9,190.9,1009.2,43.7,75,0.87,0
Lagos,18/04/2023,34,26,29.5,79.7,0,0,0,rain,18.4,201.8,1008.7,55.7,75,0.94,0
Lagos,19/04/2023,30.4,24,27.2,85.3,22,100,4.17,rain,22.3,283.5,1010.4,51.7,60,0.97,0
Lagos,21/04/2023,34,26.1,29.7,76.6,0,0,0,rain,23.4,217.4,1008.4,52.1,75,0.04,0
Lagos,22/04/2023,33.8,27,29.8,79.7,0,0,0,rain,25.9,221.7,1008.3,56.1,75,0.07,0
Lagos,23/04/2023,28,23,26.5,92.5,41,100,4.17,rain,25.9,209.6,1009.5,62.5,60,0.11,0
Lagos,24/04/2023,34,25,28.6,84,8,100,4.17,rain,16.6,276.9,1010.9,46.6,60,0.14,0
Lagos,25/04/2023,33.1,24.6,29.2,81.9,0,0,0,rain,22.3,212.6,1010.5,48.4,100,0.17,0
Lagos,26/04/2023,32,25,27.9,83,5,100,4.17,rain,25.6,223,1009.7,55.8,100,0.2,0
Lagos,27/04/2023,28.3,17,26.2,87.8,91,100,4.17,rain,50,174.3,1011.9,53.2,75,0.25,0
Lagos,28/04/2023,33,23.9,28,81.9,10,100,4.17,rain,18.4,221,1012.4,53.2,75,0.27,0
Lagos,29/04/2023,31,24,26.5,89.5,4,100,4.17,rain,14.8,309.7,1013,50.8,75,0.3,0
Lagos,30/04/2023,31,23.9,27,84.1,0,0,0,rain,14.8,231.1,1012.1,46.2,60,0.33,0
Lagos,01/05/2023,33,23,26.7,86,6,100,4.17,rain,24.1,239.8,1011.3,56.2,100,0.36,0
Lagos,04/05/2023,34,25.8,28.4,85.6,1,100,4.17,rain,35.3,218.7,1013.6,60.5,60,0.46,0
Lagos,06/05/2023,30.8,24,27.1,84.7,14,100,4.17,rain,157.7,186.3,1012.5,46.6,30,0.53,0
Lagos,11/05/2023,34,26.8,30.3,78,0,0,0,rain,25.9,214.6,1010.8,52.6,75,0.71,0
Lagos,12/05/2023,32,26.8,29,85.1,0.4,100,4.17,rain,16.6,220.4,1011.8,58.3,75,0.75,0
Lagos,13/05/2023,31,26.9,28.3,86.8,0,0,0,rain,35.3,130.8,1012.4,57.1,60,0.78,0
Lagos,14/05/2023,31.2,24.8,28,87.6,5,100,4.17,rain,20.5,219.6,1013.4,59.9,75,0.81,0
Lagos,15/05/2023,30.1,22.8,26.6,91.2,64,100,4.17,rain,18.4,62.3,1013.4,66.1,60,0.85,0
Lagos,16/05/2023,32,25.9,28.9,84.4,0,0,0,rain,20.5,237.7,1012.9,46.4,30,0.88,0
Lagos,17/05/2023,34,25.8,29.5,80.6,0,0,0,rain,22.3,217.7,1011.9,51.9,60,0.92,0
Lagos,18/05/2023,32,23,27.8,81.7,59,100,12.5,rain,20.5,253.5,1012.4,50.6,60,0.96,0
Lagos,19/05/2023,33.1,25,28.7,81.6,0.1,100,4.17,rain,19.4,244.5,1012.3,48.9,60,0,0
Lagos,20/05/2023,31,25,28,81.7,5,100,4.17,rain,17.6,211,1012,57.9,60,0.03,0
Lagos,21/05/2023,34,25.1,28.7,82,0,0,0,rain,20.5,227.3,1012.6,48.9,60,0.06,0
Lagos,22/05/2023,31,24,28.2,85.7,0,0,0,rain,20.5,227.7,1012.4,59.2,30,0.09,0
Lagos,23/05/2023,33,24.8,28.3,84.7,12,100,4.17,rain,20.5,203.5,1011.7,61.6,30,0.12,0
Lagos,24/05/2023,33,26,29.2,82.9,0,0,0,rain,29.5,212.5,1011,61.2,60,0.15,0
Lagos,25/05/2023,34,24.1,28.9,79.5,7,100,4.17,rain,22.3,209.4,1011.1,69.8,60,0.19,0
Lagos,26/05/2023,33,26,29.4,81.5,7,100,4.17,rain,22.3,229.9,1011.1,55.6,75,0.22,0
Lagos,27/05/2023,28,22.7,26,92,2,100,4.17,rain,37.1,11.9,1011.5,56.9,75,0.25,0
Lagos,28/05/2023,33,23.8,27.9,82,0,0,0,rain,22.3,199.1,1012,48.4,60,0.28,0
Lagos,29/05/2023,27.8,25,26.3,89.5,20,100,4.17,rain,25.9,87.7,1012.5,55,60,0.32,0
Lagos,31/05/2023,33,25.1,28.8,82.5,0,0,0,rain,22.3,216.7,1012.6,54.6,60,0.38,0
Lagos,01/06/2023,32,25.8,28.4,84.6,5,100,4.17,rain,26.3,226.7,1011.9,62.5,30,0.41,0
Lagos,02/06/2023,31,25,27.8,86.1,8,100,4.17,rain,25.9,221.1,1012.4,61,60,0.45,0
Lagos,03/06/2023,30,25,27,88,7,100,4.17,rain,20.5,242.3,1013.6,46.1,30,0.48,0
Lagos,04/06/2023,32,24.8,28.3,80,0.1,100,4.17,rain,24.8,239.2,1013.3,54.6,60,0.5,0
Lagos,05/06/2023,32,25.8,28.8,83.1,0,0,0,rain,27.7,225.8,1013.1,53.5,30,0.55,0
Lagos,06/06/2023,30,23,26.2,91.5,33,100,8.33,rain,16.6,224.5,1013.2,58.9,30,0.58,0
Lagos,07/06/2023,31,24,26.8,85.6,0,0,0,rain,20.5,228.7,1014.1,66.4,30,0.62,0
Lagos,08/06/2023,29,21.2,25.3,87.1,66.2,100,12.5,rain,27.7,214.3,1015.3,54.6,30,0.65,0
Lagos,09/06/2023,32,24,27.6,83,0,0,0,rain,22.3,197.7,1014,48.8,30,0.69,0
Lagos,10/06/2023,31,25.8,27.3,85.6,0,0,0,rain,25.9,221.6,1013.3,65.4,30,0.75,0
Lagos,11/06/2023,27,24,25.5,92.7,67,100,8.33,rain,18.4,232.2,1014.6,58,30,0.76,0
Lagos,12/06/2023,32.8,24,28.2,78.2,0.1,100,4.17,rain,24.1,247.1,1014.9,61.9,10,0.8,0
Lagos,14/06/2023,30,23,26.6,83.6,18,100,4.17,rain,22.3,243.6,1013.6,54.4,10,0.87,0
Lagos,15/06/2023,27,24,25.6,93,100,100,4.17,rain,18.4,204.6,1014.2,64.7,10,0.9,0
Lagos,16/06/2023,30.8,24.8,27.2,86.1,6,100,4.17,rain,18.4,245.6,1014,57.5,30,0.94,0
Lagos,17/06/2023,32,25,28.6,82.6,0,0,0,rain,22.3,246.8,1013.2,52,30,0.97,0
Lagos,18/06/2023,31,25,27.9,85.5,0.7,100,16.67,rain,23.8,236.6,1013.1,58.3,30,0,0
Lagos,19/06/2023,30,23,25.9,87.7,19,100,4.17,rain,18.4,228.2,1013.6,50.6,30,0.04,0
Lagos,20/06/2023,30,23.9,26.6,86.6,0,0,0,rain,24.1,223.1,1013.3,54.5,30,0.07,0
Lagos,21/06/2023,28.1,24.8,25.6,90.6,1,100,4.17,rain,27.7,222.7,1014.1,59.2,10,0.11,0
Lagos,22/06/2023,29.1,24,26.5,84.5,0,0,0,rain,25.9,261,1014.2,54.3,10,0.14,0
Lagos,23/06/2023,29.8,24,26.3,86.6,2,100,4.17,rain,29.5,234.9,1013.5,69.7,10,0.17,0
Lagos,24/06/2023,27,24,25.3,90.9,26,100,16.67,rain,25.9,219.2,1013.9,62.5,10,0.2,0
Lagos,25/06/2023,30,24,26.5,82.9,4,100,4.17,rain,24.1,218.3,1014.7,60,10,0.24,0
Lagos,26/06/2023,30,22.9,26,80.5,0,0,0,rain,25.6,228.7,1014.2,54.2,10,0.25,0
Lagos,27/06/2023,32.1,24.1,27.5,77,0,0,0,rain,27.7,244,1013.4,59.2,10,0.3,0
Lagos,28/06/2023,27,23,25.2,90.8,32,100,12.5,rain,25.9,240.2,1014.2,62.5,10,0.34,0
Lagos,29/06/2023,29.1,24.8,26.6,87.3,3,100,4.17,rain,22.3,217.6,1015.8,60.4,10,0.37,0
Lagos,30/06/2023,30.8,24,27,83.7,1.1,100,12.5,rain,24.8,236.2,1015.5,73.2,10,0.4,0
Lagos,01/07/2023,31,25,27.3,83.3,0.9,100,8.33,rain,25.9,222.1,1014.2,60.6,10,0.43,0
Lagos,02/07/2023,31,23,26.8,83.5,12,100,4.17,rain,33.5,203.8,1015.1,66.2,10,0.47,0
Lagos,03/07/2023,31.1,23.1,26.9,84.2,0.2,100,4.17,rain,22,224.7,1015.2,51.6,30,0.5,0
Lagos,04/07/2023,28.2,16,26.5,84.5,6.8,100,29.17,rain,33.5,240.4,1015.4,64,30,0.53,0
Lagos,05/07/2023,30,24.1,26.8,83.3,2,100,4.17,rain,15.1,200.9,1015.1,53.3,10,0.57,0
Lagos,06/07/2023,31,24,27.1,83.2,0.3,100,4.17,rain,24.1,231.7,1013.2,50.8,10,0.6,0
Lagos,07/07/2023,28,24,25.9,91.2,51,100,4.17,rain,14.8,240.6,1013.8,62.5,30,0.64,0
Lagos,08/07/2023,27,23.3,25.1,92.3,7,100,8.33,rain,25.9,229.2,1014,57.3,30,0.67,0
Lagos,09/07/2023,27,23.9,25.5,92.9,5,100,4.17,rain,14.8,224.7,1015.4,48.3,10,0.71,0
Lagos,10/07/2023,29.8,24,26.8,86.4,0,0,0,rain,22.3,223.6,1014.5,57.5,10,0.75,0
Lagos,11/07/2023,30,24,27,85.6,0,0,0,rain,24.1,236.4,1013.1,55.4,10,0.78,0
Lagos,12/07/2023,30,23,26.4,88.1,0,0,0,rain,18.4,221.8,1012.4,62.2,10,0.81,0
Lagos,13/07/2023,29,23.2,26.2,87.4,1,100,4.17,rain,18.4,217.5,1013.3,47.5,30,0.85,0
Lagos,14/07/2023,30,24,27.1,85.4,0,0,0,rain,14.8,240.2,1013.7,51.8,30,0.88,0
Lagos,15/07/2023,28.6,25,26.3,87.8,3.2,100,16.67,rain,27.7,220.1,1013.5,66.8,30,0.92,0
Lagos,16/07/2023,31,25,26.9,88.1,4.3,100,25,rain,27,234.4,1013.2,61.8,30,0.95,0
Lagos,17/07/2023,30,24.8,27.1,86.9,13,100,8.33,rain,18.9,236,1014.2,59,30,0,0
Lagos,18/07/2023,29,24,26.7,87.4,0.1,100,4.17,rain,24.1,240,1015.2,53.3,30,0.02,0
Lagos,19/07/2023,30.6,25,27.3,84.5,0,0,0,rain,29.2,234.5,1015.1,61.8,30,0.06,0
Lagos,20/07/2023,31,25.8,27.8,81.7,0,0,0,rain,25.9,230.6,1014.8,55.1,30,0.09,0
Lagos,21/07/2023,29,25,27,83.9,0.4,100,4.17,rain,29.5,237.8,1014.8,56.3,30,0.12,0
Lagos,22/07/2023,27,23,25.8,89.1,51,100,8.33,rain,22.3,235.4,1015.6,64.8,10,0.16,0
Lagos,23/07/2023,26,22.9,24.4,94.8,29,100,8.33,rain,20.5,238.5,1016.6,45.7,10,0.19,0
Lagos,24/07/2023,29,23,25.8,87.8,0.3,100,4.17,rain,24.1,229.9,1015.7,57.3,10,0.22,0
Lagos,25/07/2023,30,24.8,26.6,87.7,0,0,0,rain,22.3,227.8,1014.9,57.8,30,0.25,0
Lagos,26/07/2023,29,23.9,26.7,87.7,0,0,0,rain,20.5,231.7,1014.7,52.8,30,0.29,0
Lagos,27/07/2023,30,25.6,27.5,85,0,0,0,rain,24.5,225,1014.8,57.1,10,0.32,0
Lagos,28/07/2023,30,24,26.6,86.3,1.9,100,8.33,rain,27.7,225.2,1015.1,65.3,10,0.36,0
Lagos,29/07/2023,27,24.1,26,89.3,14,100,12.5,rain,21.7,228.4,1015.7,67,10,0.39,0
Lagos,30/07/2023,30,24.8,26.6,87,0.1,100,4.17,rain,24.1,232.7,1016.2,57,30,0.42,0
Lagos,31/07/2023,28,24.8,26.4,88.4,0,0,0,rain,27.7,235.6,1016,62,30,0.46,0
Lagos,01/08/2023,27,24.2,25.8,90.3,5,100,4.17,rain,25.9,228.3,1015.4,65.5,10,0.5,0
Lagos,02/08/2023,29,23,26,86.6,0,0,0,rain,24.1,223.6,1016.2,64.5,10,0.52,0
Lagos,03/08/2023,28,21,25.3,83.1,0.3,100,12.5,rain,29.5,220.6,1016.6,68.8,10,0.56,0
Lagos,04/08/2023,30,22,26.6,81.7,1.3,100,29.17,rain,33.5,232.8,1015.2,43.7,10,0.59,0
Lagos,05/08/2023,29,25,26.3,85.1,0.3,100,4.17,rain,25.2,230,1016,72.8,10,0.63,0
Lagos,06/08/2023,27.1,24,25.8,86.6,4,100,37.5,rain,29.9,229.3,1016.3,71.8,10,0.66,0
Lagos,07/08/2023,27.4,24,25.5,88.8,0.3,100,4.17,rain,31.7,233.5,1015.9,62.6,10,0.69,0
Lagos,08/08/2023,28,24.9,26.3,85.3,1,100,4.17,rain,29.5,218.8,1014.6,62.1,10,0.75,0
Lagos,09/08/2023,29,24.9,26.4,87.7,0.2,100,4.17,rain,25.9,221.4,1014.2,66.7,10,0.76,0
Lagos,10/08/2023,30,24.8,26.5,84.2,0,0,0,rain,25.9,235.5,1014.7,57.9,10,0.8,0
Lagos,11/08/2023,29,24,26.2,87.9,0.1,100,4.17,rain,24.8,240.6,1014.2,60.5,10,0.83,0
Lagos,12/08/2023,28.4,23.9,26,87.5,0.1,100,4.17,rain,18.4,231.5,1013,59.7,10,0.87,0
Lagos,13/08/2023,30,24.8,26.3,83.7,0.4,100,4.17,rain,222.5,241.2,1012.5,62.1,10,0.9,0
Lagos,14/08/2023,27.9,25,26.2,86.8,0.5,100,4.17,rain,20.5,229.6,1013.6,64.9,10,0.93,0
Lagos,15/08/2023,28,23.8,25.7,90.2,15,100,4.17,rain,16.9,246.1,1014.4,59,10,0.97,0
Lagos,16/08/2023,31.8,23.9,26.4,86.6,3,100,4.17,rain,16.6,250.7,1014.3,62.1,10,0,0
Lagos,17/08/2023,31,24,27,83.7,1.1,100,8.33,rain,20.5,247.3,1012.3,65.8,30,0.04,0
Lagos,18/08/2023,28.1,25,26.1,87.6,2.2,100,8.33,rain,29.5,220.2,1012.7,69.9,10,0.07,0
Lagos,19/08/2023,28,23.9,25.6,87.9,0,0,0,rain,22.3,244.3,1013.6,68.6,10,0.1,0
Lagos,20/08/2023,30.9,23.2,26.1,84.4,0.4,100,4.17,rain,22.3,212.4,1011.9,56.7,10,0.14,0
Lagos,21/08/2023,31,23.2,27.3,81.7,0,0,0,rain,16.6,218.8,1012.6,65,30,0.17,0
Lagos,22/08/2023,30.1,24.8,27.4,82.2,0,0,0,rain,16.6,240.9,1012,59.9,30,0.21,0
Lagos,23/08/2023,29.8,24.9,26.6,85.7,0,0,0,rain,22.3,242.1,1011.6,67.1,30,0.24,0
Lagos,24/08/2023,31,24.9,26.5,87.9,1,100,4.17,rain,35.6,239.4,1011.1,75.3,30,0.25,0
Lagos,25/08/2023,30,25,27.1,86,2,100,4.17,rain,24.1,230.1,1011.6,57.3,30,0.31,0
Lagos,26/08/2023,30,24.9,27,87.2,13,100,4.17,rain,20.5,228.4,1012.2,69.2,30,0.34,0
Lagos,27/08/2023,28,24.8,26.1,91.4,5,100,4.17,rain,29.5,235.1,1013.3,80.4,30,0.38,0
Lagos,28/08/2023,29,24,25.9,90.7,6,100,4.17,rain,22.3,199.4,1014.6,62.4,30,0.41,0
Lagos,29/08/2023,31.8,24.8,27.4,84.5,0,0,0,rain,22.3,230.3,1014.8,56.9,30,0.45,0
Lagos,30/08/2023,30,25,27,86.6,0,0,0,rain,29.9,235,1014.4,65.7,30,0.48,0
Lagos,31/08/2023,31,25,27,86.2,1,100,4.17,rain,22.3,217.6,1014.3,74.6,30,0.5,0
Lagos,01/09/2023,30.8,24.1,26.8,86.8,4,100,8.33,rain,24.1,229.6,1013.9,63.6,30,0.55,0
Lagos,02/09/2023,26,21.9,24.6,89.9,17,100,8.33,rain,33.5,238.6,1012.9,69.4,30,0.58,0
Lagos,03/09/2023,29,23.8,25,91.9,15,100,4.17,rain,23.8,228.3,1014.2,65.4,10,0.61,0
Lagos,04/09/2023,28.2,24,25.6,90.2,44,100,8.33,rain,18.4,251.5,1014.8,65.6,10,0.65,0
Lagos,05/09/2023,28,24,26,88.8,9,100,8.33,rain,26.6,235.6,1013.5,89.5,10,0.68,0
Lagos,06/09/2023,30.8,24,25.9,87.8,3,100,4.17,rain,37.1,229,1014,64.9,30,0.75,0
Lagos,07/09/2023,28,24,26.1,86.5,1.4,100,25,rain,25.9,223,1013.5,44.1,30,0.75,0
Lagos,08/09/2023,30.6,24.9,26.9,84.4,3,100,25,rain,33.5,223.2,1013.7,75.8,30,0.78,0
Lagos,09/09/2023,29.2,23,26.3,84.2,5,100,25,rain,33.5,214.8,1014.8,77.7,10,0.81,0
Lagos,10/09/2023,29,23,26,85.8,0.3,100,12.5,rain,55.4,259.1,1014.9,64.8,30,0.85,0
Lagos,11/09/2023,26.9,13,25.3,86.4,1.1,100,20.83,rain,55.4,237.7,1013.2,72.3,30,0.88,0
Lagos,12/09/2023,26.4,13,24.5,85.1,10.9,100,45.83,rain,51.8,230.3,1014,91.5,10,0.91,0
Lagos,13/09/2023,29.1,16,24.9,84.8,6,100,41.67,rain,55.4,212.5,1013.2,69.1,10,0.95,0
Lagos,14/09/2023,29,23.4,26,86.4,14,100,4.17,rain,25.2,232.4,1015.1,53.3,10,0.98,0
Lagos,15/09/2023,29,13,24.7,86,16.6,100,45.83,rain,55.4,222.6,1013.5,73.5,30,0,0
Lagos,16/09/2023,27,15,24.5,85.4,6.7,100,45.83,rain,55.4,210.4,1013.5,86.4,30,0.05,0
Lagos,17/09/2023,26.4,19,25.4,85.6,8.3,100,37.5,rain,26.6,240.7,1013.6,85.2,30,0.08,0
Lagos,18/09/2023,27.1,24,26.1,84.6,0.7,100,25,rain,22,234.6,1012.2,85,30,0.12,0
Lagos,19/09/2023,31,25,26.6,85,3.3,100,45.83,rain,20.9,239.5,1011.7,65.1,30,0.15,0
Lagos,20/09/2023,30,25,26.3,85.4,2.9,100,25,rain,20.2,215.6,1012.2,51.5,30,0.19,0
Lagos,21/09/2023,31,24.8,26.7,86.8,1.4,100,16.67,rain,27.7,219.7,1012,63.4,30,0.22,0
Lagos,22/09/2023,27.4,25,26.6,84.1,20,100,4.17,rain,24.1,234,1011.7,93.3,30,0.25,0
Lagos,23/09/2023,30,24.1,26.1,83.7,1,100,20.83,rain,16.2,182.5,1012.4,86.9,10,0.29,0
Lagos,24/09/2023,26.8,24.1,25.3,87.9,6,100,4.17,rain,20.2,235.6,1013.4,87,10,0.33,0
Lagos,25/09/2023,26.9,24,25.5,89.1,0.2,100,8.33,rain,19.8,198.8,1013.6,48.9,30,0.36,0
Lagos,26/09/2023,27.2,24,26.4,86.3,1,100,4.17,rain,27.7,223.1,1012,48.4,30,0.4,0
Lagos,28/09/2023,32,26.7,27.4,84.2,0.3,100,12.5,rain,26.6,222.3,1010.8,60.7,30,0.47,0
Lagos,29/09/2023,28.1,25,27,83.1,7,100,4.17,rain,16.2,239.4,1012,77.1,30,0.5,0
Lagos,30/09/2023,31,24,27.2,86.3,41,100,4.17,rain,34.7,220.2,1012.5,60.8,30,0.53,0
Lagos,01/10/2023,31,25,27.5,84.8,0,0,0,rain,24.1,217.4,1012.3,56.9,10,0.57,0
Lagos,02/10/2023,31,24.8,27.5,85.3,11,100,8.33,rain,25.9,222.9,1012.1,59,30,0.6,0
Lagos,03/10/2023,31,25,27.3,84.1,0,0,0,rain,24.1,220.5,1011.8,54.4,30,0.63,0
Lagos,04/10/2023,30.9,25,27.5,86.3,0.6,100,8.33,rain,22.3,240.8,1012,51.8,30,0.66,0
Lagos,05/10/2023,33,24.1,27,84.3,1.8,100,4.17,rain,31.1,223.8,1012.1,66.8,30,0.7,0
Lagos,06/10/2023,28,16,25.9,85.3,1.1,100,20.83,rain,25.9,209.7,1012.2,59.4,30,0.75,0
Lagos,07/10/2023,27.1,24.5,25.8,86.1,6,100,16.67,rain,16.9,358.7,1011.8,83.1,10,0.76,0
Lagos,08/10/2023,31,25,26.9,84.1,1,100,8.33,rain,17.6,207.1,1012.4,67.4,30,0.79,0
Lagos,09/10/2023,31,14,27.1,82.1,0.4,100,12.5,rain,35.3,242.2,1013.6,61,30,0.83,0
Lagos,11/10/2023,30.1,23,27.2,83.8,15,100,4.17,rain,91.6,181,1013,57,30,0.89,0
Lagos,12/10/2023,31,23,27.7,84.8,0.2,100,4.17,rain,55.4,211.4,1012.9,52.9,30,0.93,0
Lagos,13/10/2023,33,23,27.2,86,15,100,8.33,rain,14.8,101.3,1012.9,52.7,30,0.96,0
Lagos,14/10/2023,30,25.1,27.2,86.3,0,0,0,rain,25.9,183.4,1013.1,60.5,30,0,0
Lagos,15/10/2023,31.1,24.6,27.4,82.5,1,100,8.33,rain,20.9,202,1011.8,71.7,30,0.03,0
Lagos,16/10/2023,32,25,27.3,81.2,0.7,100,16.67,rain,24.1,220.5,1012,65.2,30,0.06,0
Lagos,17/10/2023,27.3,19,24.9,90.4,10,100,4.17,rain,55.4,28.3,1013.4,71.6,30,0.1,0
Lagos,18/10/2023,33,19,26.5,84.3,0.5,100,8.33,rain,59.4,193.8,1013.5,61.5,30,0.13,0
Lagos,19/10/2023,27.7,23,27,82.5,1.2,100,16.67,rain,16.6,204.4,1013.2,75.8,60,0.17,0
Lagos,20/10/2023,31,25,27.2,86.3,0.8,100,4.17,rain,20.5,205.9,1012.7,63.2,30,0.2,0
Lagos,21/10/2023,30,25,27.1,84.9,5.8,100,41.67,rain,19.1,225.5,1012.4,71,30,0.24,0
Lagos,22/10/2023,31.1,25.7,27.6,85.1,2.6,100,29.17,rain,38.9,190.6,1011.8,56.9,30,0.25,0
Lagos,23/10/2023,31,25,28.2,78.6,1.6,100,20.83,rain,25.9,184.5,1011.2,67.8,30,0.31,0
Lagos,25/10/2023,32,25.9,28.3,84.6,0.6,100,4.17,rain,35.6,236.8,1011.6,58.5,60,0.38,0
Lagos,26/10/2023,33,24,28,82.1,2,100,4.17,rain,20.5,223.3,1012.1,47.8,60,0.42,0
Lagos,27/10/2023,32.9,25,28.5,81.7,0,0,0,rain,20.5,208.6,1012.4,53.4,30,0.45,0
Lagos,28/10/2023,32,25,28.5,83.6,0,0,0,rain,14.8,240.9,1010.9,60.3,30,0.5,0
Lagos,29/10/2023,34,23,27.8,82.3,26,100,4.17,rain,14.8,205.7,1009.4,43.4,30,0.52,0
Lagos,31/10/2023,30,23.9,26.5,85.8,44,100,8.33,rain,27.7,132.7,1010.1,48.2,60,0.58,0
Lagos,01/11/2023,31,24.8,27.5,86.3,0.1,100,4.17,rain,25.9,269.8,1012.1,61.5,60,0.62,0
Lagos,03/11/2023,32,25.9,28.2,86.5,5,100,4.17,rain,22.3,228.4,1011.4,59.3,60,0.68,0
Lagos,04/11/2023,32,26,28.4,84,10,100,4.17,rain,37.1,224.8,1011.4,58.7,60,0.71,0
Lagos,05/11/2023,32,25.9,28.1,85,3,100,4.17,rain,18.4,230.2,1011.4,52.5,60,0.75,0
Lagos,06/11/2023,34,23,27.1,87.2,0.3,100,4.17,rain,18.4,297.4,1012,61.7,30,0.78,0
Lagos,07/11/2023,32,23,26.7,88.3,53,100,4.17,rain,13,192.8,1011.7,53,30,0.81,0
Lagos,08/11/2023,31,24.8,27.7,86.9,0,0,0,rain,18.7,228.8,1011.3,53.5,30,0.84,0
Lagos,09/11/2023,32,25.8,28.2,81,0.1,100,4.17,rain,22.3,216.8,1011.2,60,30,0.87,0
Lagos,10/11/2023,32,25,28.5,81.4,0.3,100,12.5,rain,23,221.9,1011.7,61.3,60,0.91,0
Lagos,11/11/2023,30,25,27.9,83,1.5,100,20.83,rain,26.3,213.6,1012.1,41.2,60,0.94,0
Lagos,12/11/2023,32,27.9,29.1,77.6,0.7,100,12.5,rain,22,206.2,1012,48.1,60,0.97,0
Lagos,13/11/2023,33,26.7,28.9,79.8,1.6,100,25,rain,18.4,197.8,1011.9,43.9,60,0,0
Lagos,14/11/2023,29.3,25,27.2,84.2,2.2,100,16.67,rain,19.4,204.6,1010.4,23.3,60,0.04,0
Lagos,15/11/2023,29.2,24,27.1,81.2,3,100,4.17,rain,26.6,132.7,1010.6,63.2,60,0.07,0
Lagos,18/11/2023,32.8,26,28.9,82.1,0,0,0,rain,21.8,236.6,1011.7,57.9,60,0.18,0
Lagos,19/11/2023,34,26,29.3,80.1,0.8,100,4.17,rain,22.3,235.3,1011.8,53.2,75,0.22,0
Lagos,20/11/2023,33,26.3,29.2,82.6,0,0,0,rain,16.6,245.2,1011.6,50.7,60,0.25,0
Lagos,22/11/2023,32,26.9,29,79.3,2.8,100,16.67,rain,62.5,216.5,1010.6,78.8,60,0.32,0
Lagos,23/11/2023,30,25,27.7,85.3,8,100,4.17,rain,35.3,200.2,1011.8,66.3,60,0.36,0
Lagos,24/11/2023,30,26,27.9,84.9,1,100,4.17,rain,31.7,201.8,1011,65.5,60,0.4,0
Lagos,25/11/2023,31,25,27.7,82.6,1.6,100,20.83,rain,22,210.2,1010.1,46.1,60,0.43,0
Lagos,26/11/2023,27,24.8,25.7,92.6,48,100,12.5,rain,16.6,32.4,1012.8,58.8,60,0.47,0
Lagos,28/11/2023,32.1,25,28.5,81.3,0,0,0,rain,20.5,227.2,1011.6,54.9,60,0.53,0
Lagos,29/11/2023,33,25,28.3,84,0.2,100,4.17,rain,20.5,231.8,1011.2,56.8,60,0.57,0
Lagos,30/11/2023,32,25,27.7,85.5,2,100,4.17,rain,18.4,226.5,1011.9,47.3,75,0.6,0
Lagos,01/12/2023,33,24,28.1,86.3,0,0,0,rain,20.5,242.6,1012.3,52.9,60,0.63,0
Lagos,02/12/2023,33.1,23,27.6,82.8,5,100,4.17,rain,14.8,210.1,1012.2,50.7,75,0.66,0
Lagos,05/12/2023,33,25,28.9,80.8,5,100,4.17,rain,16.6,233.2,1011.9,49.8,60,0.75,0
Lagos,06/12/2023,32,24.9,27.8,81.1,3,100,4.17,rain,25.2,223.5,1012.2,49.4,60,0.79,0
Lagos,07/12/2023,33,24,28.2,82.7,0,0,0,rain,16.6,239.4,1012.8,49.2,60,0.82,0
Lagos,09/12/2023,33,25.8,28.9,81.8,0,0,0,rain,22.7,219.8,1010.6,56.4,60,0.89,0
Lagos,12/12/2023,32,25,27.2,78.5,0.7,100,8.33,rain,22.3,2.1,1012.1,40.4,30,0.98,0
Lagos,30/12/2023,35,25,28.8,80.8,0,0,0,rain,16.6,256.4,1012.2,40.3,60,0.61,0
Lagos,04/01/2024,35,26,29.1,78.8,0.1,100,4.17,rain,27.7,226.9,1013.1,50,60,0.75,0
Lagos,06/01/2024,34,26,29.8,75.6,1.1,100,16.67,rain,17.6,220,1012.3,48.7,60,0.84,0
Lagos,07/01/2024,35,26.1,29.5,82.6,0,0,0,rain,17.4,222,1011.8,60.4,75,0.87,0
Lagos,08/01/2024,34,25.8,29.4,81.7,0,0,0,rain,22.3,205.7,1011.3,52.8,60,0.9,0
Lagos,09/01/2024,33.5,26,29,81.5,0.2,100,4.17,rain,22.3,208.4,1011.3,43.2,60,0.93,0
Lagos,10/01/2024,33.2,25.9,29,84,6,100,4.17,rain,25.9,245.9,1012.3,59.4,75,0.97,0
Lagos,12/01/2024,32.5,27.7,29.1,78.6,0.1,100,4.17,rain,31,221.9,1010.7,46.7,75,0.03,0
Lagos,23/01/2024,34,25.1,29.2,76.7,0,0,0,rain,22.3,215.4,1013.9,47.2,60,0.42,0
Lagos,24/01/2024,35,26,29.9,77.2,0,0,0,rain,16.6,198.5,1013.6,43.5,60,0.45,0
Lagos,02/02/2024,34,26,29.4,78.9,0,0,0,rain,17.2,280.1,1012.5,44.1,75,0.75,0
Lagos,11/02/2024,35,27.4,29.5,83.7,0,0,0,rain,22.3,216.5,1011.2,47.2,75,0.05,0
Lagos,13/02/2024,36,27.8,30.8,80.5,0,0,0,rain,25.9,222.1,1011.3,54.6,75,0.12,0
Lagos,14/02/2024,36,28,31.1,78.9,0,0,0,rain,27.7,216.1,1011.7,49.8,75,0.15,0
Lagos,15/02/2024,35.8,27,29.8,84.8,0,0,0,rain,27.7,224.9,1011.4,50.1,100,0.19,0
Lagos,16/02/2024,36,27,30.2,77.8,2,100,4.17,rain,22.3,225.5,1011.3,46.3,75,0.25,0
Lagos,17/02/2024,36,26.8,30.2,77.5,0,0,0,rain,22.3,225.5,1011.7,49.3,100,0.26,0
Lagos,18/02/2024,35.2,27,30.2,79.4,0.1,100,4.17,rain,18.4,227.6,1011.2,54.8,75,0.29,0
Lagos,19/02/2024,35,27.2,29.9,81.2,0.2,100,4.17,rain,27.7,227.2,1010.5,47.9,100,0.33,0
Lagos,20/02/2024,33.8,23,28.5,81.5,40,100,4.17,rain,22.3,194.4,1009.5,48.7,75,0.36,0
Lagos,22/02/2024,31.1,23,27.4,85.3,40,100,4.17,rain,25.9,131.2,1008.9,57.2,75,0.43,0
Lagos,24/02/2024,33.8,25,28.5,80.6,24,100,4.17,rain,24.1,136.2,1011.8,40.6,30,0.5,0
Lagos,25/02/2024,35,25,29.4,77.9,22,100,4.17,rain,18.4,208.5,1012.3,39.9,75,0.53,0
Lagos,26/02/2024,34.8,27.1,30,82.6,0,0,0,rain,22.3,205.4,1011.2,50.8,75,0.57,0
Lagos,28/02/2024,34.8,27,29.7,82.5,0,0,0,rain,25.9,225.7,1009.5,54.9,100,0.63,0
Lagos,29/02/2024,35,27,30.1,80.8,0,0,0,rain,31.7,230.4,1008.9,55.9,100,0.67,0
Lagos,01/03/2024,33.2,26.9,29.5,82.3,0,0,0,rain,24.1,223.4,1009.5,59.8,100,0.7,0
Lagos,02/03/2024,35,27,30,82.3,0.4,100,4.17,rain,24.1,216.4,1010.7,55.1,100,0.73,0
Lagos,06/03/2024,35,27,29.9,81.5,0,0,0,rain,27.4,225.1,1011,58.6,100,0.87,0
Lagos,07/03/2024,35,25,29.1,81.9,0,0,0,rain,27.7,232.5,1012.1,53.2,100,0.9,0
Lagos,08/03/2024,33.8,25.9,28.9,82.6,22,100,4.17,rain,27.7,233,1011.7,46.7,60,0.94,0
Lagos,09/03/2024,34,21,26.7,86.2,26,100,8.33,rain,24.4,193,1011.7,52.9,75,0.97,0
Lagos,11/03/2024,34,26,29.4,80.7,0,0,0,rain,26.6,217.4,1011.5,62.4,60,0.04,0
Lagos,12/03/2024,34,28,29.3,82.5,1.2,100,16.67,rain,24.5,223.3,1011.9,68.3,75,0.07,0
Lagos,14/03/2024,29.5,28,28.7,81.7,0.3,100,12.5,rain,26.3,216.7,1011.5,77.7,75,0.14,0
Lagos,16/03/2024,34.8,27.3,29.6,79.3,0.3,100,8.33,rain,25.9,210.7,1009.9,38,75,0.2,0
Lagos,17/03/2024,35,28,30,80.5,0,0,0,rain,26.3,205.2,1009.2,40.8,75,0.25,0
Lagos,18/03/2024,35,26,30.2,81.8,0,0,0,rain,27.7,206.4,1008.4,53.6,75,0.27,0
Lagos,19/03/2024,33,25,28.4,81.8,0.4,100,4.17,rain,28.1,211.1,1007.7,56,75,0.3,0
Lagos,20/03/2024,34,27.1,29.6,81.1,0.1,100,4.17,rain,24.1,217.3,1007.8,58.1,75,0.34,0
Lagos,21/03/2024,34,28,29.7,80,1.8,100,12.5,rain,27.7,215.3,1008.7,73.6,75,0.37,0
Lagos,22/03/2024,34.5,25,29.4,80,0.1,100,4.17,rain,61.2,227.6,1008.6,47.9,75,0.41,0
Lagos,23/03/2024,34,24.9,28.9,80.9,0.5,100,8.33,rain,23.8,192.8,1009,53.7,75,0.44,0
Lagos,25/03/2024,35,25,29.9,79.5,0,0,0,rain,27.7,219.8,1010.5,54.8,75,0.5,0
Lagos,26/03/2024,34,25,28.9,80.3,2,100,4.17,rain,22.3,197.8,1010.5,45.4,60,0.54,0
Lagos,29/03/2024,35,28,30.7,81,0.6,100,25,rain,24.1,221.8,1009.8,43.4,100,0.64,0
Lagos,30/03/2024,35,28,31.1,75.5,0.5,100,20.83,rain,29.5,218.4,1010,53,100,0.68,0
Lagos,31/03/2024,36,27,30.9,76.8,3.9,100,4.17,rain,24.1,207.3,1010.6,44.9,75,0.71,0
Lagos,20/01/2023,35,25,28.8,77.8,0,0,0,rain,18.4,188.3,1011.4,48.4,75,0.95,0
Lagos,22/01/2023,34.8,26.8,29.2,78.7,0.2,100,4.17,rain,15.8,217.1,1010.3,49.1,75,0.02,0
Lagos,24/01/2023,35,25,29.4,77.6,0,0,0,rain,18.7,195.2,1010.4,45.7,75,0.09,0
Lagos,25/01/2023,35,25,29.2,78.5,0,0,0,rain,18.4,194.3,1009.7,47.7,75,0.12,0
Lagos,26/01/2023,35,26,29.4,78.9,0,0,0,rain,22.3,199,1009.5,44.3,75,0.15,0
Lagos,27/01/2023,35,26,29,82.2,0,0,0,rain,28.4,199.5,1009.4,57.1,75,0.19,0
Lagos,28/01/2023,32.8,22.9,27.5,85.4,6,100,4.17,rain,25.9,200.8,1010.5,50.2,75,0.25,0
Lagos,29/01/2023,34,25,28.9,78,6,100,4.17,rain,18.3,210.3,1010.3,48.1,60,0.25,0
Lagos,02/02/2023,34,25,29,79.6,0,0,0,rain,21.7,191.9,1011.6,54.3,75,0.39,0
Lagos,03/02/2023,34.2,25,29.2,80.2,0.1,100,4.17,rain,16.6,182.7,1011.5,47.7,75,0.42,0
Lagos,04/02/2023,34,25,29.1,81.5,0,0,0,rain,21.3,193.3,1011.3,52.6,75,0.46,0
Lagos,05/02/2023,35,26.9,29.5,79.4,0,0,0,rain,24.1,208.3,1011.1,57.8,75,0.5,0
Lagos,06/02/2023,34,26,29.2,77.6,0,0,0,rain,22.3,205.8,1010.8,58,75,0.52,0
Lagos,07/02/2023,34,25,28.8,75.4,1,100,8.33,rain,22.7,195.8,1010.7,62.3,75,0.56,0
Lagos,08/02/2023,34.5,25,28.9,82,0,0,0,rain,16.6,190.8,1011.2,50.7,60,0.59,0
Lagos,09/02/2023,33.5,25,29.1,79.6,0,0,0,rain,18.3,197.1,1010.9,48.8,60,0.63,0
Lagos,10/02/2023,36.5,25.9,29.4,78.5,0,0,0,rain,37.1,189.1,1010.8,50.6,60,0.66,0
Lagos,11/02/2023,35,26,29.5,80.7,0,0,0,rain,23.8,204.4,1010.5,57.2,75,0.7,0
Lagos,12/02/2023,35.1,25.9,29.4,80.8,0,0,0,rain,25.2,204.1,1009.8,43,75,0.73,0
Lagos,13/02/2023,34.5,26,29.4,81.5,0,0,0,rain,14.8,206.9,1010.4,45.3,60,0.75,0
Lagos,22/02/2023,35,26,29.8,77.9,0,0,0,rain,16.6,194.7,1010.8,38,75,0.07,0
Lagos,23/02/2023,35.1,27,29.8,82.4,0,0,0,rain,18.4,193.7,1010.5,37.7,100,0.1,0
Lagos,24/02/2023,33.9,26,28.5,83.9,0.6,100,12.5,rain,30.2,218.2,1009.9,80.7,100,0.14,0
Lagos,25/02/2023,34,27.7,29.2,79,0.4,100,8.33,rain,31.7,211,1010.4,78.8,100,0.17,0
Lagos,26/02/2023,35.1,24.1,28.1,81.1,4.5,100,25,rain,26.6,220.3,1010.7,68.8,100,0.2,0
Lagos,27/02/2023,35,27.4,29.4,78.6,0.1,100,4.17,rain,50.4,213.9,1011.9,79.2,75,0.25,0
Lagos,28/02/2023,36,24,28.9,76.2,0.9,100,4.17,rain,22.3,185.8,1013.3,40.7,100,0.27,0
Lagos,01/03/2023,35,24,28.7,76.4,29,100,8.33,rain,18.4,184.8,1012.2,46.9,75,0.3,0
Lagos,02/03/2023,34,26,29.5,78.5,0,0,0,rain,22.3,178.7,1011,52.5,75,0.33,0
Lagos,03/03/2023,34,25,28.8,84.3,0.2,100,8.33,rain,64.8,152.2,1011,57.9,75,0.37,0
Lagos,04/03/2023,34,24,28.5,80.1,0,0,0,rain,18.4,207.1,1011,56.8,75,0.4,0
Lagos,06/03/2023,34,24.8,29.2,80.2,7,100,4.17,rain,26.6,191.6,1009.4,59.8,75,0.46,0
Lagos,07/03/2023,33,23,27.5,80.9,37,100,4.17,rain,22.3,165.5,1009.2,44.5,30,0.5,0
Lagos,08/03/2023,34,26,29.3,79.4,0.1,100,4.17,rain,22.3,179.9,1009.9,48.5,60,0.53,0
Lagos,11/03/2023,33,25,28.4,77.7,0.9,100,4.17,rain,31.4,141.3,1010.2,48.5,75,0.64,0
Lagos,13/03/2023,33.7,25,28.3,75.9,0,0,0,rain,25.6,201.7,1010.2,40.8,75,0.71,0
Lagos,14/03/2023,34,25,28.9,76.9,0,0,0,rain,25.9,196.1,1009.3,50.2,75,0.74,0
Lagos,15/03/2023,34,26.1,29.1,80.4,5,100,8.33,rain,29.5,194.9,1008.9,50.8,75,0.75,0
Lagos,16/03/2023,35,23,27.7,80.3,10,100,4.17,rain,22.3,201.5,1008.8,53.5,75,0.81,0
Lagos,17/03/2023,33.1,24,27.5,82.7,0,0,0,rain,24.8,190.4,1009.1,46.1,100,0.85,0
Lagos,18/03/2023,33,23.1,27.3,81.3,51,100,8.33,rain,27.7,187.2,1010.4,54,75,0.88,0
Lagos,21/03/2023,33.1,25.2,29.2,72.1,0.4,100,12.5,rain,33.5,210.1,1010.4,65.4,60,0,0
Lagos,22/03/2023,31.9,23,27.1,81.3,17,100,4.17,rain,18.4,216.6,1012,49.2,60,0.02,0
Lagos,24/03/2023,32,23,27.2,80.2,4,100,4.17,rain,29.5,170.2,1011,49.8,60,0.09,0
Lagos,25/03/2023,33,26,29.2,77.7,0,0,0,rain,18.4,174.4,1011.5,45.9,60,0.12,0
Lagos,27/03/2023,32,23,27.3,82,17,100,4.17,rain,14.8,220.8,1011.3,51.6,30,0.19,0
Lagos,29/03/2023,33.1,26.8,29.4,77.7,0,0,0,rain,24.1,192.5,1011.4,51.1,75,0.25,0
Lagos,30/03/2023,34,26.8,29.3,81,0,0,0,rain,24.1,212.3,1011.7,56.4,75,0.28,0
Lagos,03/04/2023,33.1,26.4,29.7,75.2,0,0,0,rain,116.6,199.1,1008.9,48.9,75,0.41,0
Lagos,06/04/2023,34,26.1,29.6,76.9,0,0,0,rain,65.4,232.3,1009.2,55.1,75,0.5,0
Lagos,07/04/2023,34,26.1,29.6,77.6,0,0,0,rain,25.9,210.7,1009.5,53.3,75,0.55,0
Lagos,08/04/2023,34,25,28.6,80,0,0,0,rain,25.9,229,1009.7,63,60,0.58,0
Lagos,09/04/2023,32,23,27.8,79.5,2,100,4.17,rain,25.9,209.8,1010.8,51.1,60,0.62,0
Lagos,11/04/2023,34,23,28.6,79.6,0.1,100,4.17,rain,68.4,212.8,1010.3,60.8,60,0.69,0
Lagos,12/04/2023,33,24,27.8,83.1,43,100,4.17,rain,18.4,216.5,1010,51.9,75,0.72,0
Lagos,13/04/2023,33.1,26.1,29.3,80.2,0.1,100,4.17,rain,24.1,215.1,1009.7,56.1,75,0.75,0
Lagos,14/04/2023,34,27,29.3,82.5,0.1,100,4.17,rain,25.6,238.2,1009.7,55.1,75,0.8,0
Lagos,15/04/2023,33,27,29,81,4,100,4.17,rain,24.1,217,1010.9,59.5,100,0.83,0
Lagos,16/04/2023,35,23.3,28.8,75.3,0,0,0,rain,25.9,190.9,1009.2,43.7,75,0.87,0
Lagos,18/04/2023,34,26,29.5,79.7,0,0,0,rain,18.4,201.8,1008.7,55.7,75,0.94,0
Lagos,19/04/2023,30.4,24,27.2,85.3,22,100,4.17,rain,22.3,283.5,1010.4,51.7,60,0.97,0
Lagos,21/04/2023,34,26.1,29.7,76.6,0,0,0,rain,23.4,217.4,1008.4,52.1,75,0.04,0
Lagos,22/04/2023,33.8,27,29.8,79.7,0,0,0,rain,25.9,221.7,1008.3,56.1,75,0.07,0
Lagos,23/04/2023,28,23,26.5,92.5,41,100,4.17,rain,25.9,209.6,1009.5,62.5,60,0.11,0
Lagos,24/04/2023,34,25,28.6,84,8,100,4.17,rain,16.6,276.9,1010.9,46.6,60,0.14,0
Lagos,25/04/2023,33.1,24.6,29.2,81.9,0,0,0,rain,22.3,212.6,1010.5,48.4,100,0.17,0
Lagos,26/04/2023,32,25,27.9,83,5,100,4.17,rain,25.6,223,1009.7,55.8,100,0.2,0
Lagos,27/04/2023,28.3,17,26.2,87.8,91,100,4.17,rain,50,174.3,1011.9,53.2,75,0.25,0
Lagos,28/04/2023,33,23.9,28,81.9,10,100,4.17,rain,18.4,221,1012.4,53.2,75,0.27,0
Lagos,29/04/2023,31,24,26.5,89.5,4,100,4.17,rain,14.8,309.7,1013,50.8,75,0.3,0
Lagos,30/04/2023,31,23.9,27,84.1,0,0,0,rain,14.8,231.1,1012.1,46.2,60,0.33,0
Lagos,01/05/2023,33,23,26.7,86,6,100,4.17,rain,24.1,239.8,1011.3,56.2,100,0.36,0
Lagos,04/05/2023,34,25.8,28.4,85.6,1,100,4.17,rain,35.3,218.7,1013.6,60.5,60,0.46,0
Lagos,06/05/2023,30.8,24,27.1,84.7,14,100,4.17,rain,157.7,186.3,1012.5,46.6,30,0.53,0
Lagos,11/05/2023,34,26.8,30.3,78,0,0,0,rain,25.9,214.6,1010.8,52.6,75,0.71,0
Lagos,12/05/2023,32,26.8,29,85.1,0.4,100,4.17,rain,16.6,220.4,1011.8,58.3,75,0.75,0
Lagos,13/05/2023,31,26.9,28.3,86.8,0,0,0,rain,35.3,130.8,1012.4,57.1,60,0.78,0
Lagos,14/05/2023,31.2,24.8,28,87.6,5,100,4.17,rain,20.5,219.6,1013.4,59.9,75,0.81,0
Lagos,15/05/2023,30.1,22.8,26.6,91.2,64,100,4.17,rain,18.4,62.3,1013.4,66.1,60,0.85,0
Lagos,16/05/2023,32,25.9,28.9,84.4,0,0,0,rain,20.5,237.7,1012.9,46.4,30,0.88,0
Lagos,17/05/2023,34,25.8,29.5,80.6,0,0,0,rain,22.3,217.7,1011.9,51.9,60,0.92,0
Lagos,18/05/2023,32,23,27.8,81.7,59,100,12.5,rain,20.5,253.5,1012.4,50.6,60,0.96,0
Lagos,19/05/2023,33.1,25,28.7,81.6,0.1,100,4.17,rain,19.4,244.5,1012.3,48.9,60,0,0
Lagos,20/05/2023,31,25,28,81.7,5,100,4.17,rain,17.6,211,1012,57.9,60,0.03,0
Lagos,21/05/2023,34,25.1,28.7,82,0,0,0,rain,20.5,227.3,1012.6,48.9,60,0.06,0
Lagos,22/05/2023,31,24,28.2,85.7,0,0,0,rain,20.5,227.7,1012.4,59.2,30,0.09,0
Lagos,23/05/2023,33,24.8,28.3,84.7,12,100,4.17,rain,20.5,203.5,1011.7,61.6,30,0.12,0
Lagos,24/05/2023,33,26,29.2,82.9,0,0,0,rain,29.5,212.5,1011,61.2,60,0.15,0
Lagos,25/05/2023,34,24.1,28.9,79.5,7,100,4.17,rain,22.3,209.4,1011.1,69.8,60,0.19,0
Lagos,26/05/2023,33,26,29.4,81.5,7,100,4.17,rain,22.3,229.9,1011.1,55.6,75,0.22,0
Lagos,27/05/2023,28,22.7,26,92,2,100,4.17,rain,37.1,11.9,1011.5,56.9,75,0.25,0
Lagos,28/05/2023,33,23.8,27.9,82,0,0,0,rain,22.3,199.1,1012,48.4,60,0.28,0
Lagos,29/05/2023,27.8,25,26.3,89.5,20,100,4.17,rain,25.9,87.7,1012.5,55,60,0.32,0
Lagos,31/05/2023,33,25.1,28.8,82.5,0,0,0,rain,22.3,216.7,1012.6,54.6,60,0.38,0
Lagos,01/06/2023,32,25.8,28.4,84.6,5,100,4.17,rain,26.3,226.7,1011.9,62.5,30,0.41,0
Lagos,02/06/2023,31,25,27.8,86.1,8,100,4.17,rain,25.9,221.1,1012.4,61,60,0.45,0
Lagos,03/06/2023,30,25,27,88,7,100,4.17,rain,20.5,242.3,1013.6,46.1,30,0.48,0
Lagos,04/06/2023,32,24.8,28.3,80,0.1,100,4.17,rain,24.8,239.2,1013.3,54.6,60,0.5,0
Lagos,05/06/2023,32,25.8,28.8,83.1,0,0,0,rain,27.7,225.8,1013.1,53.5,30,0.55,0
Lagos,06/06/2023,30,23,26.2,91.5,33,100,8.33,rain,16.6,224.5,1013.2,58.9,30,0.58,0
Lagos,07/06/2023,31,24,26.8,85.6,0,0,0,rain,20.5,228.7,1014.1,66.4,30,0.62,0
Lagos,08/06/2023,29,21.2,25.3,87.1,66.2,100,12.5,rain,27.7,214.3,1015.3,54.6,30,0.65,0
Lagos,09/06/2023,32,24,27.6,83,0,0,0,rain,22.3,197.7,1014,48.8,30,0.69,0
Lagos,10/06/2023,31,25.8,27.3,85.6,0,0,0,rain,25.9,221.6,1013.3,65.4,30,0.75,0
Lagos,11/06/2023,27,24,25.5,92.7,67,100,8.33,rain,18.4,232.2,1014.6,58,30,0.76,0
Lagos,12/06/2023,32.8,24,28.2,78.2,0.1,100,4.17,rain,24.1,247.1,1014.9,61.9,10,0.8,0
Lagos,14/06/2023,30,23,26.6,83.6,18,100,4.17,rain,22.3,243.6,1013.6,54.4,10,0.87,0
Lagos,15/06/2023,27,24,25.6,93,100,100,4.17,rain,18.4,204.6,1014.2,64.7,10,0.9,0
Lagos,16/06/2023,30.8,24.8,27.2,86.1,6,100,4.17,rain,18.4,245.6,1014,57.5,30,0.94,0
Lagos,17/06/2023,32,25,28.6,82.6,0,0,0,rain,22.3,246.8,1013.2,52,30,0.97,0
Lagos,18/06/2023,31,25,27.9,85.5,0.7,100,16.67,rain,23.8,236.6,1013.1,58.3,30,0,0
Lagos,19/06/2023,30,23,25.9,87.7,19,100,4.17,rain,18.4,228.2,1013.6,50.6,30,0.04,0
Lagos,20/06/2023,30,23.9,26.6,86.6,0,0,0,rain,24.1,223.1,1013.3,54.5,30,0.07,0
Lagos,21/06/2023,28.1,24.8,25.6,90.6,1,100,4.17,rain,27.7,222.7,1014.1,59.2,10,0.11,0
Lagos,22/06/2023,29.1,24,26.5,84.5,0,0,0,rain,25.9,261,1014.2,54.3,10,0.14,0
Lagos,23/06/2023,29.8,24,26.3,86.6,2,100,4.17,rain,29.5,234.9,1013.5,69.7,10,0.17,0
Lagos,24/06/2023,27,24,25.3,90.9,26,100,16.67,rain,25.9,219.2,1013.9,62.5,10,0.2,0
Lagos,25/06/2023,30,24,26.5,82.9,4,100,4.17,rain,24.1,218.3,1014.7,60,10,0.24,0
Lagos,26/06/2023,30,22.9,26,80.5,0,0,0,rain,25.6,228.7,1014.2,54.2,10,0.25,0
Lagos,27/06/2023,32.1,24.1,27.5,77,0,0,0,rain,27.7,244,1013.4,59.2,10,0.3,0
Lagos,28/06/2023,27,23,25.2,90.8,32,100,12.5,rain,25.9,240.2,1014.2,62.5,10,0.34,0
Lagos,29/06/2023,29.1,24.8,26.6,87.3,3,100,4.17,rain,22.3,217.6,1015.8,60.4,10,0.37,0
Lagos,30/06/2023,30.8,24,27,83.7,1.1,100,12.5,rain,24.8,236.2,1015.5,73.2,10,0.4,0
Lagos,01/07/2023,31,25,27.3,83.3,0.9,100,8.33,rain,25.9,222.1,1014.2,60.6,10,0.43,0
Lagos,02/07/2023,31,23,26.8,83.5,12,100,4.17,rain,33.5,203.8,1015.1,66.2,10,0.47,0
Lagos,03/07/2023,31.1,23.1,26.9,84.2,0.2,100,4.17,rain,22,224.7,1015.2,51.6,30,0.5,0
Lagos,04/07/2023,28.2,16,26.5,84.5,6.8,100,29.17,rain,33.5,240.4,1015.4,64,30,0.53,0
Lagos,05/07/2023,30,24.1,26.8,83.3,2,100,4.17,rain,15.1,200.9,1015.1,53.3,10,0.57,0
Lagos,06/07/2023,31,24,27.1,83.2,0.3,100,4.17,rain,24.1,231.7,1013.2,50.8,10,0.6,0
Lagos,07/07/2023,28,24,25.9,91.2,51,100,4.17,rain,14.8,240.6,1013.8,62.5,30,0.64,0
Lagos,08/07/2023,27,23.3,25.1,92.3,7,100,8.33,rain,25.9,229.2,1014,57.3,30,0.67,0
Lagos,09/07/2023,27,23.9,25.5,92.9,5,100,4.17,rain,14.8,224.7,1015.4,48.3,10,0.71,0
Lagos,10/07/2023,29.8,24,26.8,86.4,0,0,0,rain,22.3,223.6,1014.5,57.5,10,0.75,0
Lagos,11/07/2023,30,24,27,85.6,0,0,0,rain,24.1,236.4,1013.1,55.4,10,0.78,0
Lagos,12/07/2023,30,23,26.4,88.1,0,0,0,rain,18.4,221.8,1012.4,62.2,10,0.81,0
Lagos,13/07/2023,29,23.2,26.2,87.4,1,100,4.17,rain,18.4,217.5,1013.3,47.5,30,0.85,0
Lagos,14/07/2023,30,24,27.1,85.4,0,0,0,rain,14.8,240.2,1013.7,51.8,30,0.88,0
Lagos,15/07/2023,28.6,25,26.3,87.8,3.2,100,16.67,rain,27.7,220.1,1013.5,66.8,30,0.92,0
Lagos,16/07/2023,31,25,26.9,88.1,4.3,100,25,rain,27,234.4,1013.2,61.8,30,0.95,0
Lagos,17/07/2023,30,24.8,27.1,86.9,13,100,8.33,rain,18.9,236,1014.2,59,30,0,0
Lagos,18/07/2023,29,24,26.7,87.4,0.1,100,4.17,rain,24.1,240,1015.2,53.3,30,0.02,0
Lagos,19/07/2023,30.6,25,27.3,84.5,0,0,0,rain,29.2,234.5,1015.1,61.8,30,0.06,0
Lagos,20/07/2023,31,25.8,27.8,81.7,0,0,0,rain,25.9,230.6,1014.8,55.1,30,0.09,0
Lagos,21/07/2023,29,25,27,83.9,0.4,100,4.17,rain,29.5,237.8,1014.8,56.3,30,0.12,0
Lagos,22/07/2023,27,23,25.8,89.1,51,100,8.33,rain,22.3,235.4,1015.6,64.8,10,0.16,0
Lagos,23/07/2023,26,22.9,24.4,94.8,29,100,8.33,rain,20.5,238.5,1016.6,45.7,10,0.19,0
Lagos,24/07/2023,29,23,25.8,87.8,0.3,100,4.17,rain,24.1,229.9,1015.7,57.3,10,0.22,0
Lagos,25/07/2023,30,24.8,26.6,87.7,0,0,0,rain,22.3,227.8,1014.9,57.8,30,0.25,0
Lagos,26/07/2023,29,23.9,26.7,87.7,0,0,0,rain,20.5,231.7,1014.7,52.8,30,0.29,0
Lagos,27/07/2023,30,25.6,27.5,85,0,0,0,rain,24.5,225,1014.8,57.1,10,0.32,0
Lagos,28/07/2023,30,24,26.6,86.3,1.9,100,8.33,rain,27.7,225.2,1015.1,65.3,10,0.36,0
Lagos,29/07/2023,27,24.1,26,89.3,14,100,12.5,rain,21.7,228.4,1015.7,67,10,0.39,0
Lagos,30/07/2023,30,24.8,26.6,87,0.1,100,4.17,rain,24.1,232.7,1016.2,57,30,0.42,0
Lagos,31/07/2023,28,24.8,26.4,88.4,0,0,0,rain,27.7,235.6,1016,62,30,0.46,0
Lagos,01/08/2023,27,24.2,25.8,90.3,5,100,4.17,rain,25.9,228.3,1015.4,65.5,10,0.5,0
Lagos,02/08/2023,29,23,26,86.6,0,0,0,rain,24.1,223.6,1016.2,64.5,10,0.52,0
Lagos,03/08/2023,28,21,25.3,83.1,0.3,100,12.5,rain,29.5,220.6,1016.6,68.8,10,0.56,0
Lagos,04/08/2023,30,22,26.6,81.7,1.3,100,29.17,rain,33.5,232.8,1015.2,43.7,10,0.59,0
Lagos,05/08/2023,29,25,26.3,85.1,0.3,100,4.17,rain,25.2,230,1016,72.8,10,0.63,0
Lagos,06/08/2023,27.1,24,25.8,86.6,4,100,37.5,rain,29.9,229.3,1016.3,71.8,10,0.66,0
Lagos,07/08/2023,27.4,24,25.5,88.8,0.3,100,4.17,rain,31.7,233.5,1015.9,62.6,10,0.69,0
Lagos,08/08/2023,28,24.9,26.3,85.3,1,100,4.17,rain,29.5,218.8,1014.6,62.1,10,0.75,0
Lagos,09/08/2023,29,24.9,26.4,87.7,0.2,100,4.17,rain,25.9,221.4,1014.2,66.7,10,0.76,0
Lagos,10/08/2023,30,24.8,26.5,84.2,0,0,0,rain,25.9,235.5,1014.7,57.9,10,0.8,0
Lagos,11/08/2023,29,24,26.2,87.9,0.1,100,4.17,rain,24.8,240.6,1014.2,60.5,10,0.83,0
Lagos,12/08/2023,28.4,23.9,26,87.5,0.1,100,4.17,rain,18.4,231.5,1013,59.7,10,0.87,0
Lagos,13/08/2023,30,24.8,26.3,83.7,0.4,100,4.17,rain,222.5,241.2,1012.5,62.1,10,0.9,0
Lagos,14/08/2023,27.9,25,26.2,86.8,0.5,100,4.17,rain,20.5,229.6,1013.6,64.9,10,0.93,0
Lagos,15/08/2023,28,23.8,25.7,90.2,15,100,4.17,rain,16.9,246.1,1014.4,59,10,0.97,0
Lagos,16/08/2023,31.8,23.9,26.4,86.6,3,100,4.17,rain,16.6,250.7,1014.3,62.1,10,0,0
Lagos,17/08/2023,31,24,27,83.7,1.1,100,8.33,rain,20.5,247.3,1012.3,65.8,30,0.04,0
Lagos,18/08/2023,28.1,25,26.1,87.6,2.2,100,8.33,rain,29.5,220.2,1012.7,69.9,10,0.07,0
Lagos,19/08/2023,28,23.9,25.6,87.9,0,0,0,rain,22.3,244.3,1013.6,68.6,10,0.1,0
Lagos,20/08/2023,30.9,23.2,26.1,84.4,0.4,100,4.17,rain,22.3,212.4,1011.9,56.7,10,0.14,0
Lagos,21/08/2023,31,23.2,27.3,81.7,0,0,0,rain,16.6,218.8,1012.6,65,30,0.17,0
Lagos,22/08/2023,30.1,24.8,27.4,82.2,0,0,0,rain,16.6,240.9,1012,59.9,30,0.21,0
Lagos,23/08/2023,29.8,24.9,26.6,85.7,0,0,0,rain,22.3,242.1,1011.6,67.1,30,0.24,0
Lagos,24/08/2023,31,24.9,26.5,87.9,1,100,4.17,rain,35.6,239.4,1011.1,75.3,30,0.25,0
Lagos,25/08/2023,30,25,27.1,86,2,100,4.17,rain,24.1,230.1,1011.6,57.3,30,0.31,0
Lagos,26/08/2023,30,24.9,27,87.2,13,100,4.17,rain,20.5,228.4,1012.2,69.2,30,0.34,0
Lagos,27/08/2023,28,24.8,26.1,91.4,5,100,4.17,rain,29.5,235.1,1013.3,80.4,30,0.38,0
Lagos,28/08/2023,29,24,25.9,90.7,6,100,4.17,rain,22.3,199.4,1014.6,62.4,30,0.41,0
Lagos,29/08/2023,31.8,24.8,27.4,84.5,0,0,0,rain,22.3,230.3,1014.8,56.9,30,0.45,0
Lagos,30/08/2023,30,25,27,86.6,0,0,0,rain,29.9,235,1014.4,65.7,30,0.48,0
Lagos,31/08/2023,31,25,27,86.2,1,100,4.17,rain,22.3,217.6,1014.3,74.6,30,0.5,0
Lagos,01/09/2023,30.8,24.1,26.8,86.8,4,100,8.33,rain,24.1,229.6,1013.9,63.6,30,0.55,0
Lagos,02/09/2023,26,21.9,24.6,89.9,17,100,8.33,rain,33.5,238.6,1012.9,69.4,30,0.58,0
Lagos,03/09/2023,29,23.8,25,91.9,15,100,4.17,rain,23.8,228.3,1014.2,65.4,10,0.61,0
Lagos,04/09/2023,28.2,24,25.6,90.2,44,100,8.33,rain,18.4,251.5,1014.8,65.6,10,0.65,0
Lagos,05/09/2023,28,24,26,88.8,9,100,8.33,rain,26.6,235.6,1013.5,89.5,10,0.68,0
Lagos,06/09/2023,30.8,24,25.9,87.8,3,100,4.17,rain,37.1,229,1014,64.9,30,0.75,0
Lagos,07/09/2023,28,24,26.1,86.5,1.4,100,25,rain,25.9,223,1013.5,44.1,30,0.75,1
Lagos,08/09/2023,30.6,24.9,26.9,84.4,3,100,25,rain,33.5,223.2,1013.7,75.8,30,0.78,1
Lagos,09/09/2023,29.2,23,26.3,84.2,5,100,25,rain,33.5,214.8,1014.8,77.7,10,0.81,0
Lagos,10/09/2023,29,23,26,85.8,0.3,100,12.5,rain,55.4,259.1,1014.9,64.8,30,0.85,0
Lagos,11/09/2023,26.9,13,25.3,86.4,1.1,100,20.83,rain,55.4,237.7,1013.2,72.3,30,0.88,0
Lagos,12/09/2023,26.4,13,24.5,85.1,10.9,100,45.83,rain,51.8,230.3,1014,91.5,10,0.91,0
Lagos,13/09/2023,29.1,16,24.9,84.8,6,100,41.67,rain,55.4,212.5,1013.2,69.1,10,0.95,0
Lagos,14/09/2023,29,23.4,26,86.4,14,100,4.17,rain,25.2,232.4,1015.1,53.3,10,0.98,0
Lagos,15/09/2023,29,13,24.7,86,16.6,100,45.83,rain,55.4,222.6,1013.5,73.5,30,0,0
Lagos,16/09/2023,27,15,24.5,85.4,6.7,100,45.83,rain,55.4,210.4,1013.5,86.4,30,0.05,0
Lagos,17/09/2023,26.4,19,25.4,85.6,8.3,100,37.5,rain,26.6,240.7,1013.6,85.2,30,0.08,0
Lagos,18/09/2023,27.1,24,26.1,84.6,0.7,100,25,rain,22,234.6,1012.2,85,30,0.12,0
Lagos,19/09/2023,31,25,26.6,85,3.3,100,45.83,rain,20.9,239.5,1011.7,65.1,30,0.15,0
Lagos,20/09/2023,30,25,26.3,85.4,2.9,100,25,rain,20.2,215.6,1012.2,51.5,30,0.19,0
Lagos,21/09/2023,31,24.8,26.7,86.8,1.4,100,16.67,rain,27.7,219.7,1012,63.4,30,0.22,0
Lagos,22/09/2023,27.4,25,26.6,84.1,20,100,4.17,rain,24.1,234,1011.7,93.3,30,0.25,0
Lagos,23/09/2023,30,24.1,26.1,83.7,1,100,20.83,rain,16.2,182.5,1012.4,86.9,10,0.29,0
Lagos,24/09/2023,26.8,24.1,25.3,87.9,6,100,4.17,rain,20.2,235.6,1013.4,87,10,0.33,0
Lagos,25/09/2023,26.9,24,25.5,89.1,0.2,100,8.33,rain,19.8,198.8,1013.6,48.9,30,0.36,0
Lagos,26/09/2023,27.2,24,26.4,86.3,1,100,4.17,rain,27.7,223.1,1012,48.4,30,0.4,0
Lagos,28/09/2023,32,26.7,27.4,84.2,0.3,100,12.5,rain,26.6,222.3,1010.8,60.7,30,0.47,0
Lagos,29/09/2023,28.1,25,27,83.1,7,100,4.17,rain,16.2,239.4,1012,77.1,30,0.5,0
Lagos,30/09/2023,31,24,27.2,86.3,41,100,4.17,rain,34.7,220.2,1012.5,60.8,30,0.53,0
Lagos,01/10/2023,31,25,27.5,84.8,0,0,0,rain,24.1,217.4,1012.3,56.9,10,0.57,0
Lagos,02/10/2023,31,24.8,27.5,85.3,11,100,8.33,rain,25.9,222.9,1012.1,59,30,0.6,0
Lagos,03/10/2023,31,25,27.3,84.1,0,0,0,rain,24.1,220.5,1011.8,54.4,30,0.63,0
Lagos,04/10/2023,30.9,25,27.5,86.3,0.6,100,8.33,rain,22.3,240.8,1012,51.8,30,0.66,0
Lagos,05/10/2023,33,24.1,27,84.3,1.8,100,4.17,rain,31.1,223.8,1012.1,66.8,30,0.7,0
Lagos,06/10/2023,28,16,25.9,85.3,1.1,100,20.83,rain,25.9,209.7,1012.2,59.4,30,0.75,0
Lagos,07/10/2023,27.1,24.5,25.8,86.1,6,100,16.67,rain,16.9,358.7,1011.8,83.1,10,0.76,0
Lagos,08/10/2023,31,25,26.9,84.1,1,100,8.33,rain,17.6,207.1,1012.4,67.4,30,0.79,0
Lagos,09/10/2023,31,14,27.1,82.1,0.4,100,12.5,rain,35.3,242.2,1013.6,61,30,0.83,0
Lagos,11/10/2023,30.1,23,27.2,83.8,15,100,4.17,rain,91.6,181,1013,57,30,0.89,0
Lagos,12/10/2023,31,23,27.7,84.8,0.2,100,4.17,rain,55.4,211.4,1012.9,52.9,30,0.93,0
Lagos,13/10/2023,33,23,27.2,86,15,100,8.33,rain,14.8,101.3,1012.9,52.7,30,0.96,0
Lagos,14/10/2023,30,25.1,27.2,86.3,0,0,0,rain,25.9,183.4,1013.1,60.5,30,0,0
Lagos,15/10/2023,31.1,24.6,27.4,82.5,1,100,8.33,rain,20.9,202,1011.8,71.7,30,0.03,0
Lagos,16/10/2023,32,25,27.3,81.2,0.7,100,16.67,rain,24.1,220.5,1012,65.2,30,0.06,0
Lagos,17/10/2023,27.3,19,24.9,90.4,10,100,4.17,rain,55.4,28.3,1013.4,71.6,30,0.1,0
Lagos,18/10/2023,33,19,26.5,84.3,0.5,100,8.33,rain,59.4,193.8,1013.5,61.5,30,0.13,0
Lagos,19/10/2023,27.7,23,27,82.5,1.2,100,16.67,rain,16.6,204.4,1013.2,75.8,60,0.17,0
Lagos,20/10/2023,31,25,27.2,86.3,0.8,100,4.17,rain,20.5,205.9,1012.7,63.2,30,0.2,0
Lagos,21/10/2023,30,25,27.1,84.9,5.8,100,41.67,rain,19.1,225.5,1012.4,71,30,0.24,0
Lagos,22/10/2023,31.1,25.7,27.6,85.1,2.6,100,29.17,rain,38.9,190.6,1011.8,56.9,30,0.25,0
Lagos,23/10/2023,31,25,28.2,78.6,1.6,100,20.83,rain,25.9,184.5,1011.2,67.8,30,0.31,0
Lagos,25/10/2023,32,25.9,28.3,84.6,0.6,100,4.17,rain,35.6,236.8,1011.6,58.5,60,0.38,0
Lagos,26/10/2023,33,24,28,82.1,2,100,4.17,rain,20.5,223.3,1012.1,47.8,60,0.42,0
Lagos,27/10/2023,32.9,25,28.5,81.7,0,0,0,rain,20.5,208.6,1012.4,53.4,30,0.45,0
Lagos,28/10/2023,32,25,28.5,83.6,0,0,0,rain,14.8,240.9,1010.9,60.3,30,0.5,0
Lagos,29/10/2023,34,23,27.8,82.3,26,100,4.17,rain,14.8,205.7,1009.4,43.4,30,0.52,0
Lagos,31/10/2023,30,23.9,26.5,85.8,44,100,8.33,rain,27.7,132.7,1010.1,48.2,60,0.58,0
Lagos,01/11/2023,31,24.8,27.5,86.3,0.1,100,4.17,rain,25.9,269.8,1012.1,61.5,60,0.62,0
Lagos,03/11/2023,32,25.9,28.2,86.5,5,100,4.17,rain,22.3,228.4,1011.4,59.3,60,0.68,0
Lagos,04/11/2023,32,26,28.4,84,10,100,4.17,rain,37.1,224.8,1011.4,58.7,60,0.71,0
Lagos,05/11/2023,32,25.9,28.1,85,3,100,4.17,rain,18.4,230.2,1011.4,52.5,60,0.75,0
Lagos,06/11/2023,34,23,27.1,87.2,0.3,100,4.17,rain,18.4,297.4,1012,61.7,30,0.78,0
Lagos,07/11/2023,32,23,26.7,88.3,53,100,4.17,rain,13,192.8,1011.7,53,30,0.81,0
Lagos,08/11/2023,31,24.8,27.7,86.9,0,0,0,rain,18.7,228.8,1011.3,53.5,30,0.84,0
Lagos,09/11/2023,32,25.8,28.2,81,0.1,100,4.17,rain,22.3,216.8,1011.2,60,30,0.87,0
Lagos,10/11/2023,32,25,28.5,81.4,0.3,100,12.5,rain,23,221.9,1011.7,61.3,60,0.91,0
Lagos,11/11/2023,30,25,27.9,83,1.5,100,20.83,rain,26.3,213.6,1012.1,41.2,60,0.94,0
Lagos,12/11/2023,32,27.9,29.1,77.6,0.7,100,12.5,rain,22,206.2,1012,48.1,60,0.97,0
Lagos,13/11/2023,33,26.7,28.9,79.8,1.6,100,25,rain,18.4,197.8,1011.9,43.9,60,0,0
Lagos,14/11/2023,29.3,25,27.2,84.2,2.2,100,16.67,rain,19.4,204.6,1010.4,23.3,60,0.04,0
Lagos,15/11/2023,29.2,24,27.1,81.2,3,100,4.17,rain,26.6,132.7,1010.6,63.2,60,0.07,0
Lagos,18/11/2023,32.8,26,28.9,82.1,0,0,0,rain,21.8,236.6,1011.7,57.9,60,0.18,0
Lagos,19/11/2023,34,26,29.3,80.1,0.8,100,4.17,rain,22.3,235.3,1011.8,53.2,75,0.22,0
Lagos,20/11/2023,33,26.3,29.2,82.6,0,0,0,rain,16.6,245.2,1011.6,50.7,60,0.25,0
Lagos,22/11/2023,32,26.9,29,79.3,2.8,100,16.67,rain,62.5,216.5,1010.6,78.8,60,0.32,0
Lagos,23/11/2023,30,25,27.7,85.3,8,100,4.17,rain,35.3,200.2,1011.8,66.3,60,0.36,0
Lagos,24/11/2023,30,26,27.9,84.9,1,100,4.17,rain,31.7,201.8,1011,65.5,60,0.4,0
Lagos,25/11/2023,31,25,27.7,82.6,1.6,100,20.83,rain,22,210.2,1010.1,46.1,60,0.43,0
Lagos,26/11/2023,27,24.8,25.7,92.6,48,100,12.5,rain,16.6,32.4,1012.8,58.8,60,0.47,0
Lagos,28/11/2023,32.1,25,28.5,81.3,0,0,0,rain,20.5,227.2,1011.6,54.9,60,0.53,0
Lagos,29/11/2023,33,25,28.3,84,0.2,100,4.17,rain,20.5,231.8,1011.2,56.8,60,0.57,0
Lagos,30/11/2023,32,25,27.7,85.5,2,100,4.17,rain,18.4,226.5,1011.9,47.3,75,0.6,0
Lagos,01/12/2023,33,24,28.1,86.3,0,0,0,rain,20.5,242.6,1012.3,52.9,60,0.63,0
Lagos,02/12/2023,33.1,23,27.6,82.8,5,100,4.17,rain,14.8,210.1,1012.2,50.7,75,0.66,0
Lagos,05/12/2023,33,25,28.9,80.8,5,100,4.17,rain,16.6,233.2,1011.9,49.8,60,0.75,0
Lagos,06/12/2023,32,24.9,27.8,81.1,3,100,4.17,rain,25.2,223.5,1012.2,49.4,60,0.79,0
Lagos,07/12/2023,33,24,28.2,82.7,0,0,0,rain,16.6,239.4,1012.8,49.2,60,0.82,0
Lagos,09/12/2023,33,25.8,28.9,81.8,0,0,0,rain,22.7,219.8,1010.6,56.4,60,0.89,0
Lagos,12/12/2023,32,25,27.2,78.5,0.7,100,8.33,rain,22.3,2.1,1012.1,40.4,30,0.98,0
Lagos,30/12/2023,35,25,28.8,80.8,0,0,0,rain,16.6,256.4,1012.2,40.3,60,0.61,0
Lagos,04/01/2024,35,26,29.1,78.8,0.1,100,4.17,rain,27.7,226.9,1013.1,50,60,0.75,0
Lagos,06/01/2024,34,26,29.8,75.6,1.1,100,16.67,rain,17.6,220,1012.3,48.7,60,0.84,0
Lagos,07/01/2024,35,26.1,29.5,82.6,0,0,0,rain,17.4,222,1011.8,60.4,75,0.87,0
Lagos,08/01/2024,34,25.8,29.4,81.7,0,0,0,rain,22.3,205.7,1011.3,52.8,60,0.9,0
Lagos,09/01/2024,33.5,26,29,81.5,0.2,100,4.17,rain,22.3,208.4,1011.3,43.2,60,0.93,0
Lagos,10/01/2024,33.2,25.9,29,84,6,100,4.17,rain,25.9,245.9,1012.3,59.4,75,0.97,0
Lagos,12/01/2024,32.5,27.7,29.1,78.6,0.1,100,4.17,rain,31,221.9,1010.7,46.7,75,0.03,0
Lagos,23/01/2024,34,25.1,29.2,76.7,0,0,0,rain,22.3,215.4,1013.9,47.2,60,0.42,0
Lagos,24/01/2024,35,26,29.9,77.2,0,0,0,rain,16.6,198.5,1013.6,43.5,60,0.45,0
Lagos,02/02/2024,34,26,29.4,78.9,0,0,0,rain,17.2,280.1,1012.5,44.1,75,0.75,0
Lagos,11/02/2024,35,27.4,29.5,83.7,0,0,0,rain,22.3,216.5,1011.2,47.2,75,0.05,0
Lagos,13/02/2024,36,27.8,30.8,80.5,0,0,0,rain,25.9,222.1,1011.3,54.6,75,0.12,0
Lagos,14/02/2024,36,28,31.1,78.9,0,0,0,rain,27.7,216.1,1011.7,49.8,75,0.15,0
Lagos,15/02/2024,35.8,27,29.8,84.8,0,0,0,rain,27.7,224.9,1011.4,50.1,100,0.19,0
Lagos,16/02/2024,36,27,30.2,77.8,2,100,4.17,rain,22.3,225.5,1011.3,46.3,75,0.25,0
Lagos,17/02/2024,36,26.8,30.2,77.5,0,0,0,rain,22.3,225.5,1011.7,49.3,100,0.26,0
Lagos,18/02/2024,35.2,27,30.2,79.4,0.1,100,4.17,rain,18.4,227.6,1011.2,54.8,75,0.29,0
Lagos,19/02/2024,35,27.2,29.9,81.2,0.2,100,4.17,rain,27.7,227.2,1010.5,47.9,100,0.33,0
Lagos,20/02/2024,33.8,23,28.5,81.5,40,100,4.17,rain,22.3,194.4,1009.5,48.7,75,0.36,0
Lagos,22/02/2024,31.1,23,27.4,85.3,40,100,4.17,rain,25.9,131.2,1008.9,57.2,75,0.43,0
Lagos,24/02/2024,33.8,25,28.5,80.6,24,100,4.17,rain,24.1,136.2,1011.8,40.6,30,0.5,0
Lagos,25/02/2024,35,25,29.4,77.9,22,100,4.17,rain,18.4,208.5,1012.3,39.9,75,0.53,0
Lagos,26/02/2024,34.8,27.1,30,82.6,0,0,0,rain,22.3,205.4,1011.2,50.8,75,0.57,0
Lagos,28/02/2024,34.8,27,29.7,82.5,0,0,0,rain,25.9,225.7,1009.5,54.9,100,0.63,0
Lagos,29/02/2024,35,27,30.1,80.8,0,0,0,rain,31.7,230.4,1008.9,55.9,100,0.67,0
Lagos,01/03/2024,33.2,26.9,29.5,82.3,0,0,0,rain,24.1,223.4,1009.5,59.8,100,0.7,0
Lagos,02/03/2024,35,27,30,82.3,0.4,100,4.17,rain,24.1,216.4,1010.7,55.1,100,0.73,0
Lagos,06/03/2024,35,27,29.9,81.5,0,0,0,rain,27.4,225.1,1011,58.6,100,0.87,0
Lagos,07/03/2024,35,25,29.1,81.9,0,0,0,rain,27.7,232.5,1012.1,53.2,100,0.9,0
Lagos,08/03/2024,33.8,25.9,28.9,82.6,22,100,4.17,rain,27.7,233,1011.7,46.7,60,0.94,0
Lagos,09/03/2024,34,21,26.7,86.2,26,100,8.33,rain,24.4,193,1011.7,52.9,75,0.97,0
Lagos,11/03/2024,34,26,29.4,80.7,0,0,0,rain,26.6,217.4,1011.5,62.4,60,0.04,0
Lagos,12/03/2024,34,28,29.3,82.5,1.2,100,16.67,rain,24.5,223.3,1011.9,68.3,75,0.07,0
Lagos,14/03/2024,29.5,28,28.7,81.7,0.3,100,12.5,rain,26.3,216.7,1011.5,77.7,75,0.14,0
Lagos,16/03/2024,34.8,27.3,29.6,79.3,0.3,100,8.33,rain,25.9,210.7,1009.9,38,75,0.2,0
Lagos,17/03/2024,35,28,30,80.5,0,0,0,rain,26.3,205.2,1009.2,40.8,75,0.25,0
Lagos,18/03/2024,35,26,30.2,81.8,0,0,0,rain,27.7,206.4,1008.4,53.6,75,0.27,0
Lagos,19/03/2024,33,25,28.4,81.8,0.4,100,4.17,rain,28.1,211.1,1007.7,56,75,0.3,0
Lagos,20/03/2024,34,27.1,29.6,81.1,0.1,100,4.17,rain,24.1,217.3,1007.8,58.1,75,0.34,0
Lagos,21/03/2024,34,28,29.7,80,1.8,100,12.5,rain,27.7,215.3,1008.7,73.6,75,0.37,0
Lagos,22/03/2024,34.5,25,29.4,80,0.1,100,4.17,rain,61.2,227.6,1008.6,47.9,75,0.41,0
Lagos,23/03/2024,34,24.9,28.9,80.9,0.5,100,8.33,rain,23.8,192.8,1009,53.7,75,0.44,0
Lagos,25/03/2024,35,25,29.9,79.5,0,0,0,rain,27.7,219.8,1010.5,54.8,75,0.5,0
Lagos,26/03/2024,34,25,28.9,80.3,2,100,4.17,rain,22.3,197.8,1010.5,45.4,60,0.54,0
Lagos,29/03/2024,35,28,30.7,81,0.6,100,25,rain,24.1,221.8,1009.8,43.4,100,0.64,0
Lagos,30/03/2024,35,28,31.1,75.5,0.5,100,20.83,rain,29.5,218.4,1010,53,100,0.68,0
Lagos,31/03/2024,36,27,30.9,76.8,3.9,100,4.17,rain,24.1,207.3,1010.6,44.9,75,0.71,0
Lagos,01/04/2024,35,27.8,30.6,78.7,1.8,100,50,rain,35.3,217,1011,70.1,75,0.75,0
Lagos,02/04/2024,35,27,30,80.9,4.7,100,16.67,rain,32.8,212.1,1009.5,57.8,75,0.75,0
Lagos,03/04/2024,34,23,28.4,81,10,100,4.17,rain,26.6,202.8,1008.8,59.8,100,0.82,0
Lagos,04/04/2024,34.8,25.8,29.9,76.6,0,0,0,rain,25.9,216.8,1009.4,59.4,75,0.85,0
Lagos,05/04/2024,35,27.8,30.4,80.5,0,0,0,rain,29.5,214.6,1010.4,61.6,75,0.89,0
Lagos,06/04/2024,32,28,29.6,83.2,0,0,0,rain,22.3,216.8,1011.2,50.2,60,0.92,0
Lagos,07/04/2024,36,25.8,30.3,78.8,0,0,0,rain,25.9,237.4,1011,44.5,75,0.95,0
Lagos,10/04/2024,35,27,30.3,77.8,0,0,0,rain,31.7,200.3,1009.2,60.2,75,0.06,0
Lagos,11/04/2024,35,26,30.1,77.6,0,0,0,rain,25.9,236.7,1009.8,62.9,75,0.09,0
Lagos,13/04/2024,35,27,30.8,73.2,0,0,0,rain,25.9,217.1,1010.3,49.1,60,0.15,0
Lagos,14/04/2024,30,27,28.3,83.1,4,100,4.17,rain,22.3,290.5,1011,42.4,60,0.19,0
Lagos,15/04/2024,35,26.8,30.3,77.8,0,0,0,rain,20.5,197.1,1010.8,52.4,60,0.25,0
Lagos,16/04/2024,32.1,26.8,29.2,84.3,2,100,4.17,rain,16.6,226.3,1010.7,56.8,60,0.25,0
Lagos,19/04/2024,35,28.9,31,78,0.7,100,12.5,rain,29.5,200.2,1010.2,65.7,75,0.35,0
Lagos,21/04/2024,32,24.8,28,86.2,7,100,4.17,rain,29.5,225.4,1008.7,50.1,60,0.42,0
Lagos,22/04/2024,35,23,28.4,80.1,0,0,0,rain,21.2,247.3,1009.5,42.2,60,0.45,0
Lagos,23/04/2024,32,23,27.6,82.6,11,100,8.33,rain,40.7,91.6,1010.5,50.1,75,0.48,0
Lagos,25/04/2024,34,26.6,30.2,76.9,0,0,0,rain,20.5,202,1010.2,45.2,60,0.55,0
Lagos,27/04/2024,35,27,30.3,80.7,0,0,0,rain,20.5,199.4,1008.1,52,75,0.62,0
Lagos,28/04/2024,35,27.8,30.7,81.1,0,0,0,rain,24.1,192,1008.8,44.1,100,0.66,0
Lagos,29/04/2024,35,28,30.9,80.4,0,0,0,rain,24.1,208.9,1009.6,47.3,100,0.69,0
Lagos,01/05/2024,33,24,28,86.3,0.5,100,16.67,rain,23,200,1008.3,55,100,0.75,0
Lagos,02/05/2024,35,25.8,29.7,76.8,0,0,0,rain,20.5,186.6,1009.7,38.8,60,0.8,0
Lagos,03/05/2024,29.5,23,27,86.6,34,100,4.17,rain,19.4,174.9,1011.7,48.3,75,0.83,0
Lagos,05/05/2024,35,27,30.6,78.7,0,0,0,rain,22.3,174.2,1009.7,50.2,60,0.91,0
Lagos,06/05/2024,32.4,24.1,28.2,81.6,12.9,100,8.33,rain,20.5,204.4,1009.2,42.9,75,0.94,0
Lagos,07/05/2024,32,26,29.1,79.7,1.8,100,8.33,rain,27.7,311.6,1009.8,49.5,60,0.98,0
Lagos,10/05/2024,33,27,29.9,80.6,0,0,0,rain,20.5,180.6,1009.4,56.2,75,0.08,0
Lagos,11/05/2024,33,25,28.3,83.3,39,100,8.33,rain,35.3,242.3,1009.8,44,60,0.11,0
Lagos,12/05/2024,33,24,28.5,82.8,0,0,0,rain,18.4,189.1,1010.8,53.5,30,0.14,0
Lagos,13/05/2024,34,26.1,28.9,82.3,4.6,100,16.67,rain,27,225.4,1011,62.2,60,0.17,0
Lagos,14/05/2024,31,24,27.7,81,0.1,100,4.17,rain,23,211.4,1010.3,74,60,0.2,0
Lagos,16/05/2024,34.4,23,26.6,90.9,37,100,8.33,rain,37.1,99.8,1011.9,48.9,60,0.27,0
Lagos,17/05/2024,33.9,24,28.6,82.8,0,0,0,rain,13,272.5,1012.6,53.3,60,0.3,0
Lagos,18/05/2024,33,24,28.9,81,0.1,100,4.17,rain,74.2,151.3,1011.8,57.4,60,0.33,0
Lagos,19/05/2024,30.6,27,28.6,82.9,0.7,100,25,rain,19.4,204.3,1010.4,56.4,60,0.37,0
Lagos,21/05/2024,35.1,27.8,30.6,79.8,0,0,0,rain,27.7,187.3,1012.1,55.3,75,0.43,0
Lagos,22/05/2024,31,23,27.8,85.8,53,100,8.33,rain,21.6,212.7,1012.6,63.3,75,0.46,0
Lagos,23/05/2024,33,25,29,83.4,0,0,0,rain,13,192.1,1011.9,43.6,60,0.5,0
Lagos,24/05/2024,34,26,28.6,86.3,9,100,4.17,rain,25.6,209.6,1012,57.3,60,0.53,0
Lagos,25/05/2024,30.1,23,26.4,89.1,61,100,12.5,rain,56.2,115.5,1012.9,63.1,30,0.57,0
Lagos,26/05/2024,33,25,28.4,85.8,0,0,0,rain,18.7,197.2,1013,49.5,30,0.6,0
Lagos,28/05/2024,33,26.9,29.4,82.6,0.1,100,4.17,rain,24.1,232.5,1013.2,57.9,60,0.67,0
Lagos,29/05/2024,33,26.6,29.6,81.9,0,0,0,rain,22.3,206.3,1013.4,53.7,30,0.71,0
Lagos,30/05/2024,34.3,26.8,28.7,83.5,26,100,4.17,rain,23,246,1012.6,56,60,0.75,0
Lagos,31/05/2024,29.1,25,27.4,85.6,17,100,4.17,rain,27.7,214.6,1013,62,60,0.78,0
Lagos,01/06/2024,33,24.9,28.6,83.7,0,0,0,rain,23,203.3,1013.9,55.5,30,0.82,0
Lagos,02/06/2024,29,23,26.6,88.4,0.8,100,20.83,rain,64.8,241.7,1013.5,69.9,30,0.85,0
Lagos,03/06/2024,32,25,27.7,84.8,23,100,4.17,rain,19,154.2,1013.9,51.1,30,0.89,0
Lagos,04/06/2024,32,26,28.6,83.1,0.5,100,16.67,rain,24.1,220.4,1013.1,64.8,30,0.93,0
Lagos,05/06/2024,32,25,28.5,85.3,14,100,4.17,rain,22.3,228,1013.2,55.4,30,0.96,0
Lagos,06/06/2024,32,24,27.2,87.6,0.4,100,8.33,rain,21.2,211.7,1013.7,61.4,30,0,0
Lagos,07/06/2024,31.2,24,27.1,86.4,35,100,4.17,rain,14.8,226.5,1015,61.7,30,0.03,0
Lagos,08/06/2024,30,25.8,27.4,86.6,0,0,0,rain,24.1,232,1015.2,44.6,30,0.06,0
Lagos,09/06/2024,31.1,25,27.5,86,0.2,100,4.17,rain,23,239.3,1013.6,57.1,30,0.09,0
Lagos,10/06/2024,32,25.8,28.3,84.2,1,100,4.17,rain,20.5,214.7,1013.8,64.6,30,0.13,0
Lagos,11/06/2024,30,25.2,27.3,87.1,4,100,8.33,rain,22.3,223.7,1014.5,65.7,30,0.16,0
Lagos,12/06/2024,32.1,23.8,27.2,84.4,8,100,8.33,rain,23.8,225.6,1013.2,46.4,30,0.19,0
Lagos,13/06/2024,31,25.2,28.1,84.3,2,100,4.17,rain,21.6,228.6,1012.8,47.9,30,0.22,0
Lagos,14/06/2024,27,24,26.4,89,21,100,4.17,rain,14.8,228.9,1012.9,47.2,60,0.25,1
Lagos,15/06/2024,30.7,24.5,26.8,87.1,2,100,4.17,rain,22.3,267.4,1012.8,77.5,10,0.29,1
Lagos,16/06/2024,30,24.6,26.9,81.3,3.3,100,29.17,rain,42.5,228.8,1011.9,96.5,30,0.32,0
Lagos,17/06/2024,32,24.9,27.8,82.8,14,100,8.33,rain,48.2,232.1,1012.4,64.7,30,0.35,0
Lagos,18/06/2024,31,25,27.6,86.5,2.4,100,8.33,rain,38.9,231.1,1012.4,53.4,30,0.38,0
Lagos,19/06/2024,32,25.2,28.6,82.4,0,0,0,rain,18.4,244.6,1011.7,57.3,30,0.42,0
Lagos,20/06/2024,30,25.1,28,83.5,0,0,0,rain,20.5,247.9,1012,63.9,30,0.45,0
Lagos,21/06/2024,31,24,26.7,89.5,41,100,4.17,rain,20.5,283.1,1013.5,63.1,30,0.48,0
Lagos,22/06/2024,31,24,27.1,88.5,6,100,4.17,rain,22.3,212.5,1013.1,58,30,0.5,0
Lagos,23/06/2024,31,25,28.1,85.4,1,100,4.17,rain,22.3,249.5,1012.8,59.6,30,0.55,0
Lagos,24/06/2024,31,24,26.4,89.3,6,100,4.17,rain,22.3,226.1,1012.4,60,30,0.59,0
Lagos,25/06/2024,27.5,23.9,25.5,90.1,30,100,4.17,rain,22.3,93.7,1012.4,67.4,30,0.62,0
Lagos,26/06/2024,31,23,26.9,83.8,84,100,8.33,rain,53.6,249.3,1012.5,69.9,10,0.66,0
Lagos,27/06/2024,32,23,26.5,81.2,12,100,4.17,rain,18.4,185,1012.2,43.6,30,0.69,0
Lagos,28/06/2024,30,25.9,28,83.3,1.6,100,12.5,rain,24.1,226.3,1012.2,64.7,30,0.75,0
Lagos,29/06/2024,31,23.9,27.1,87.1,12,100,4.17,rain,22.3,241.1,1012.7,61.8,30,0.77,0
Lagos,30/06/2024,31.2,25,27.8,86.2,3,100,4.17,rain,25.9,236.9,1013,62.4,30,0.8,0
Lagos,01/07/2024,32,25,27.9,84.6,6.9,100,50,rain,22.3,249.6,1013.5,55.3,30,0.84,0
Lagos,02/07/2024,30,24,26.9,85.9,13.6,100,62.5,rain,22.7,235.8,1012.7,76.9,30,0.87,0
Lagos,03/07/2024,27.1,24,25.4,93.1,52.1,100,79.17,rain,25.2,224.2,1012.9,76.5,10,0.91,1
