Datetime,Name,Tempmax,Tempmin,Temp,Humidity,Precip,Preciprob,Precipcover,preciptype,Windspeed,Winddir,Sealevelpressure,Cloudcover,Severrisk,Moonphase,Flood,Precipitation_forecast,Flood_forecast
2002-01-06,Lagos,29.6,26.1,27.2,86.5,1.5,100.0,8.33,rain,22.3,179.1,1010.2,90.0,,0.75,0.0,,
2002-01-07,Lagos,29.6,26.1,27.2,86.5,1.5,100.0,8.33,rain,22.3,179.1,1010.2,90.0,,0.75,0.0,,
2002-01-08,Lagos,29.6,26.1,27.2,86.5,1.5,100.0,8.33,rain,22.3,179.1,1010.2,90.0,,0.75,0.0,,
2002-01-09,Lagos,29.6,26.1,27.2,86.5,1.5,100.0,8.33,rain,22.3,179.1,1010.2,90.0,,0.75,0.0,,
2002-01-10,Lagos,29.6,26.1,27.2,86.5,1.5,100.0,8.33,rain,22.3,179.1,1010.2,90.0,,0.75,0.0,,
2002-01-11,Lagos,29.6,26.1,27.2,86.5,1.5,100.0,8.33,rain,22.3,179.1,1010.2,90.0,,0.75,0.0,,
2002-01-12,Lagos,29.6,26.1,27.2,86.5,1.5,100.0,8.33,rain,22.3,179.1,1010.2,90.0,,0.75,0.0,,
2002-01-13,Lagos,29.6,26.1,27.2,86.5,1.5,100.0,8.33,rain,22.3,179.1,1010.2,90.0,,0.75,0.0,,
2002-01-14,Lagos,29.6,26.1,27.2,86.5,1.5,100.0,8.33,rain,22.3,179.1,1010.2,90.0,,0.75,0.0,,
2002-01-15,Lagos,29.6,26.1,27.2,86.5,1.5,100.0,8.33,rain,22.3,179.1,1010.2,90.0,,0.75,0.0,,
2002-01-16,Lagos,29.6,26.1,27.2,86.5,1.5,100.0,8.33,rain,22.3,179.1,1010.2,90.0,,0.75,0.0,,
2002-01-17,Lagos,29.6,26.1,27.2,86.5,1.5,100.0,8.33,rain,22.3,179.1,1010.2,90.0,,0.75,0.0,,
2002-01-18,Lagos,29.6,26.1,27.2,86.5,1.5,100.0,8.33,rain,22.3,179.1,1010.2,90.0,,0.75,0.0,,
2002-01-19,Lagos,29.6,26.1,27.2,86.5,1.5,100.0,8.33,rain,22.3,179.1,1010.2,90.0,,0.75,0.0,,
2002-01-20,Lagos,29.6,26.1,27.2,86.5,1.5,100.0,8.33,rain,22.3,179.1,1010.2,90.0,,0.75,0.0,,
2002-01-21,Lagos,29.6,26.1,27.2,86.5,1.5,100.0,8.33,rain,22.3,179.1,1010.2,90.0,,0.75,0.0,,
2002-01-22,Lagos,29.6,26.1,27.2,86.5,1.5,100.0,8.33,rain,22.3,179.1,1010.2,90.0,,0.75,0.0,,
2002-01-23,Lagos,29.6,26.1,27.2,86.5,1.5,100.0,8.33,rain,22.3,179.1,1010.2,90.0,,0.75,0.0,,
2002-01-24,Lagos,29.6,26.1,27.2,86.5,1.5,100.0,8.33,rain,22.3,179.1,1010.2,90.0,,0.75,0.0,,
2002-01-25,Lagos,29.6,26.1,27.2,86.5,1.5,100.0,8.33,rain,22.3,179.1,1010.2,90.0,,0.75,0.0,,
2002-01-26,Lagos,29.6,26.1,27.2,86.5,1.5,100.0,8.33,rain,22.3,179.1,1010.2,90.0,,0.75,0.0,,
2002-01-27,Lagos,29.6,26.1,27.2,86.5,1.5,100.0,8.33,rain,22.3,179.1,1010.2,90.0,,0.75,0.0,,
2002-01-28,Lagos,29.6,26.1,27.2,86.5,1.5,100.0,8.33,rain,22.3,179.1,1010.2,90.0,,0.75,0.0,,
2002-01-29,Lagos,29.6,26.1,27.2,86.5,1.5,100.0,8.33,rain,22.3,179.1,1010.2,90.0,,0.75,0.0,,
2002-01-30,Lagos,29.6,26.1,27.2,86.5,1.5,100.0,8.33,rain,22.3,179.1,1010.2,90.0,,0.75,0.0,,
2002-01-31,Lagos,29.6,26.1,27.2,86.5,1.5,100.0,8.33,rain,22.3,179.1,1010.2,90.0,,0.75,0.0,,
2002-02-01,Lagos,29.6,26.1,27.2,86.5,1.5,100.0,8.33,rain,22.3,179.1,1010.2,90.0,,0.75,0.0,,
2002-02-02,Lagos,29.6,26.1,27.2,86.5,1.5,100.0,8.33,rain,22.3,179.1,1010.2,90.0,,0.75,0.0,,
2002-02-03,Lagos,29.6,26.1,27.2,86.5,1.5,100.0,8.33,rain,22.3,179.1,1010.2,90.0,,0.75,0.0,,
2002-02-04,Lagos,29.6,26.1,27.2,86.5,1.5,100.0,8.33,rain,22.3,179.1,1010.2,90.0,,0.75,0.0,,
2002-02-05,Lagos,29.6,26.1,27.2,86.5,1.5,100.0,8.33,rain,22.3,179.1,1010.2,90.0,,0.75,0.0,,
2002-02-06,Lagos,29.6,26.1,27.2,86.5,1.5,100.0,8.33,rain,22.3,179.1,1010.2,90.0,,0.75,0.0,,
2002-02-07,Lagos,29.6,26.1,27.2,86.5,1.5,100.0,8.33,rain,22.3,179.1,1010.2,90.0,,0.75,0.0,,
2002-02-08,Lagos,29.6,26.1,27.2,86.5,1.5,100.0,8.33,rain,22.3,179.1,1010.2,90.0,,0.75,0.0,,
2002-02-09,Lagos,29.6,26.1,27.2,86.5,1.5,100.0,8.33,rain,22.3,179.1,1010.2,90.0,,0.75,0.0,,
2002-02-10,Lagos,29.6,26.1,27.2,86.5,1.5,100.0,8.33,rain,22.3,179.1,1010.2,90.0,,0.75,0.0,,
2002-02-11,Lagos,29.6,26.1,27.2,86.5,1.5,100.0,8.33,rain,22.3,179.1,1010.2,90.0,,0.75,0.0,,
2002-02-12,Lagos,29.6,26.1,27.2,86.5,1.5,100.0,8.33,rain,22.3,179.1,1010.2,90.0,,0.75,0.0,,
2002-02-13,Lagos,29.6,26.1,27.2,86.5,1.5,100.0,8.33,rain,22.3,179.1,1010.2,90.0,,0.75,0.0,,
2002-02-14,Lagos,29.6,26.1,27.2,86.5,1.5,100.0,8.33,rain,22.3,179.1,1010.2,90.0,,0.75,0.0,,
2002-02-15,Lagos,29.6,26.1,27.2,86.5,1.5,100.0,8.33,rain,22.3,179.1,1010.2,90.0,,0.75,0.0,,
2002-02-16,Lagos,29.6,26.1,27.2,86.5,1.5,100.0,8.33,rain,22.3,179.1,1010.2,90.0,,0.75,0.0,,
2002-02-17,Lagos,28.6,26.1,27.8,83.4,39.9,100.0,4.17,rain,18.4,192.4,1010.9,90.0,,0.17,1.0,,
2002-02-18,Lagos,28.6,26.1,27.8,83.4,39.9,100.0,4.17,rain,18.4,192.4,1010.9,90.0,,0.17,1.0,,
2002-02-19,Lagos,28.6,26.1,27.8,83.4,39.9,100.0,4.17,rain,18.4,192.4,1010.9,90.0,,0.17,1.0,,
2002-02-20,Lagos,28.6,26.1,27.8,83.4,39.9,100.0,4.17,rain,18.4,192.4,1010.9,90.0,,0.17,1.0,,
2002-02-21,Lagos,28.6,26.1,27.8,83.4,39.9,100.0,4.17,rain,18.4,192.4,1010.9,90.0,,0.17,1.0,,
2002-02-22,Lagos,28.6,26.1,27.8,83.4,39.9,100.0,4.17,rain,18.4,192.4,1010.9,90.0,,0.17,1.0,,
2002-02-23,Lagos,28.6,26.1,27.8,83.4,39.9,100.0,4.17,rain,18.4,192.4,1010.9,90.0,,0.17,1.0,,
2002-02-24,Lagos,28.6,26.1,27.8,83.4,39.9,100.0,4.17,rain,18.4,192.4,1010.9,90.0,,0.17,1.0,,
2002-02-25,Lagos,28.6,26.1,27.8,83.4,39.9,100.0,4.17,rain,18.4,192.4,1010.9,90.0,,0.17,1.0,,
2002-02-26,Lagos,28.6,26.1,27.8,83.4,39.9,100.0,4.17,rain,18.4,192.4,1010.9,90.0,,0.17,1.0,,
2002-02-27,Lagos,28.6,26.1,27.8,83.4,39.9,100.0,4.17,rain,18.4,192.4,1010.9,90.0,,0.17,1.0,,
2002-02-28,Lagos,28.6,26.1,27.8,83.4,39.9,100.0,4.17,rain,18.4,192.4,1010.9,90.0,,0.17,1.0,,
2002-03-01,Lagos,28.6,26.1,27.8,83.4,39.9,100.0,4.17,rain,18.4,192.4,1010.9,90.0,,0.17,1.0,,
2002-03-02,Lagos,28.6,26.1,27.8,83.4,39.9,100.0,4.17,rain,18.4,192.4,1010.9,90.0,,0.17,1.0,,
2002-03-03,Lagos,28.6,26.1,27.8,83.4,39.9,100.0,4.17,rain,18.4,192.4,1010.9,90.0,,0.17,1.0,,
2002-03-04,Lagos,28.6,26.1,27.8,83.4,39.9,100.0,4.17,rain,18.4,192.4,1010.9,90.0,,0.17,1.0,,
2002-03-05,Lagos,28.6,26.1,27.8,83.4,39.9,100.0,4.17,rain,18.4,192.4,1010.9,90.0,,0.17,1.0,,
2002-03-06,Lagos,28.6,26.1,27.8,83.4,39.9,100.0,4.17,rain,18.4,192.4,1010.9,90.0,,0.17,1.0,,
2002-03-07,Lagos,28.6,26.1,27.8,83.4,39.9,100.0,4.17,rain,18.4,192.4,1010.9,90.0,,0.17,1.0,,
2002-03-08,Lagos,28.6,26.1,27.8,83.4,39.9,100.0,4.17,rain,18.4,192.4,1010.9,90.0,,0.17,1.0,,
2002-03-09,Lagos,28.6,26.1,27.8,83.4,39.9,100.0,4.17,rain,18.4,192.4,1010.9,90.0,,0.17,1.0,,
2002-03-10,Lagos,28.6,26.1,27.8,83.4,39.9,100.0,4.17,rain,18.4,192.4,1010.9,90.0,,0.17,1.0,,
2002-03-11,Lagos,28.6,26.1,27.8,83.4,39.9,100.0,4.17,rain,18.4,192.4,1010.9,90.0,,0.17,1.0,,
2002-03-12,Lagos,28.6,26.1,27.8,83.4,39.9,100.0,4.17,rain,18.4,192.4,1010.9,90.0,,0.17,1.0,,
2002-03-13,Lagos,28.6,26.1,27.8,83.4,39.9,100.0,4.17,rain,18.4,192.4,1010.9,90.0,,0.17,1.0,,
2002-03-14,Lagos,28.6,26.1,27.8,83.4,39.9,100.0,4.17,rain,18.4,192.4,1010.9,90.0,,0.17,1.0,,
2002-03-15,Lagos,28.6,26.1,27.8,83.4,39.9,100.0,4.17,rain,18.4,192.4,1010.9,90.0,,0.17,1.0,,
2002-03-16,Lagos,28.6,26.1,27.8,83.4,39.9,100.0,4.17,rain,18.4,192.4,1010.9,90.0,,0.17,1.0,,
2002-03-17,Lagos,28.6,26.1,27.8,83.4,39.9,100.0,4.17,rain,18.4,192.4,1010.9,90.0,,0.17,1.0,,
2002-03-18,Lagos,28.6,26.1,27.8,83.4,39.9,100.0,4.17,rain,18.4,192.4,1010.9,90.0,,0.17,1.0,,
2002-03-19,Lagos,28.6,26.1,27.8,83.4,39.9,100.0,4.17,rain,18.4,192.4,1010.9,90.0,,0.17,1.0,,
2002-03-20,Lagos,28.6,26.1,27.8,83.4,39.9,100.0,4.17,rain,18.4,192.4,1010.9,90.0,,0.17,1.0,,
2002-03-21,Lagos,28.6,26.1,27.8,83.4,39.9,100.0,4.17,rain,18.4,192.4,1010.9,90.0,,0.17,1.0,,
2002-03-22,Lagos,28.6,26.1,27.8,83.4,39.9,100.0,4.17,rain,18.4,192.4,1010.9,90.0,,0.17,1.0,,
2002-03-23,Lagos,28.6,26.1,27.8,83.4,39.9,100.0,4.17,rain,18.4,192.4,1010.9,90.0,,0.17,1.0,,
2002-03-24,Lagos,28.6,26.1,27.8,83.4,39.9,100.0,4.17,rain,18.4,192.4,1010.9,90.0,,0.17,1.0,,
2002-03-25,Lagos,28.6,26.1,27.8,83.4,39.9,100.0,4.17,rain,18.4,192.4,1010.9,90.0,,0.17,1.0,,
2002-03-26,Lagos,28.6,26.1,27.8,83.4,39.9,100.0,4.17,rain,18.4,192.4,1010.9,90.0,,0.17,1.0,,
2002-03-27,Lagos,28.6,26.1,27.8,83.4,39.9,100.0,4.17,rain,18.4,192.4,1010.9,90.0,,0.17,1.0,,
2002-03-28,Lagos,28.6,26.1,27.8,83.4,39.9,100.0,4.17,rain,18.4,192.4,1010.9,90.0,,0.17,1.0,,
2002-03-29,Lagos,28.6,26.1,27.8,83.4,39.9,100.0,4.17,rain,18.4,192.4,1010.9,90.0,,0.17,1.0,,
2002-03-30,Lagos,28.6,26.1,27.8,83.4,39.9,100.0,4.17,rain,18.4,192.4,1010.9,90.0,,0.17,1.0,,
2002-03-31,Lagos,28.6,26.1,27.8,83.4,39.9,100.0,4.17,rain,18.4,192.4,1010.9,90.0,,0.17,1.0,,
2002-04-01,Lagos,28.6,26.1,27.8,83.4,39.9,100.0,4.17,rain,18.4,192.4,1010.9,90.0,,0.17,1.0,,
2002-04-02,Lagos,28.6,26.1,27.8,83.4,39.9,100.0,4.17,rain,18.4,192.4,1010.9,90.0,,0.17,1.0,,
2002-04-03,Lagos,28.6,26.1,27.8,83.4,39.9,100.0,4.17,rain,18.4,192.4,1010.9,90.0,,0.17,1.0,,
2002-04-04,Lagos,28.6,26.1,27.8,83.4,39.9,100.0,4.17,rain,18.4,192.4,1010.9,90.0,,0.17,1.0,,
2002-04-05,Lagos,28.6,26.1,27.8,83.4,39.9,100.0,4.17,rain,18.4,192.4,1010.9,90.0,,0.17,1.0,,
2002-04-06,Lagos,28.6,26.1,27.8,83.4,39.9,100.0,4.17,rain,18.4,192.4,1010.9,90.0,,0.17,1.0,,
2002-04-07,Lagos,28.6,26.1,27.8,83.4,39.9,100.0,4.17,rain,18.4,192.4,1010.9,90.0,,0.17,1.0,,
2002-04-08,Lagos,28.6,26.1,27.8,83.4,39.9,100.0,4.17,rain,18.4,192.4,1010.9,90.0,,0.17,1.0,,
2002-04-09,Lagos,28.6,26.1,27.8,83.4,39.9,100.0,4.17,rain,18.4,192.4,1010.9,90.0,,0.17,1.0,,
2002-04-10,Lagos,28.6,26.1,27.8,83.4,39.9,100.0,4.17,rain,18.4,192.4,1010.9,90.0,,0.17,1.0,,
2002-04-11,Lagos,28.6,26.1,27.8,83.4,39.9,100.0,4.17,rain,18.4,192.4,1010.9,90.0,,0.17,1.0,,
2002-04-12,Lagos,28.6,26.1,27.8,83.4,39.9,100.0,4.17,rain,18.4,192.4,1010.9,90.0,,0.17,1.0,,
2002-04-13,Lagos,28.6,26.1,27.8,83.4,39.9,100.0,4.17,rain,18.4,192.4,1010.9,90.0,,0.17,1.0,,
2002-04-14,Lagos,28.6,26.1,27.8,83.4,39.9,100.0,4.17,rain,18.4,192.4,1010.9,90.0,,0.17,1.0,,
2002-04-15,Lagos,28.6,26.1,27.8,83.4,39.9,100.0,4.17,rain,18.4,192.4,1010.9,90.0,,0.17,1.0,,
2002-04-16,Lagos,28.6,26.1,27.8,83.4,39.9,100.0,4.17,rain,18.4,192.4,1010.9,90.0,,0.17,1.0,,
2002-04-17,Lagos,28.6,26.1,27.8,83.4,39.9,100.0,4.17,rain,18.4,192.4,1010.9,90.0,,0.17,1.0,,
2002-04-18,Lagos,28.6,26.1,27.8,83.4,39.9,100.0,4.17,rain,18.4,192.4,1010.9,90.0,,0.17,1.0,,
2002-04-19,Lagos,28.6,26.1,27.8,83.4,39.9,100.0,4.17,rain,18.4,192.4,1010.9,90.0,,0.17,1.0,,
2002-04-20,Lagos,28.6,26.1,27.8,83.4,39.9,100.0,4.17,rain,18.4,192.4,1010.9,90.0,,0.17,1.0,,
2002-04-21,Lagos,28.6,26.1,27.8,83.4,39.9,100.0,4.17,rain,18.4,192.4,1010.9,90.0,,0.17,1.0,,
2002-04-22,Lagos,25.1,25.1,25.1,95.9,0.7,100.0,4.17,rain,0.0,192.4,1009.6,90.0,,0.34,0.0,,
2002-04-23,Lagos,25.1,25.1,25.1,95.9,0.7,100.0,4.17,rain,0.0,192.4,1009.6,90.0,,0.34,0.0,,
2002-04-24,Lagos,25.1,25.1,25.1,95.9,0.7,100.0,4.17,rain,0.0,192.4,1009.6,90.0,,0.34,0.0,,
2002-04-25,Lagos,25.1,25.1,25.1,95.9,0.7,100.0,4.17,rain,0.0,192.4,1009.6,90.0,,0.34,0.0,,
2002-04-26,Lagos,25.1,25.1,25.1,95.9,0.7,100.0,4.17,rain,0.0,192.4,1009.6,90.0,,0.34,0.0,,
2002-04-27,Lagos,25.1,25.1,25.1,95.9,0.7,100.0,4.17,rain,0.0,192.4,1009.6,90.0,,0.34,0.0,,
2002-04-28,Lagos,25.1,25.1,25.1,95.9,0.7,100.0,4.17,rain,0.0,192.4,1009.6,90.0,,0.34,0.0,,
2002-04-29,Lagos,25.1,25.1,25.1,95.9,0.7,100.0,4.17,rain,0.0,192.4,1009.6,90.0,,0.34,0.0,,
2002-04-30,Lagos,25.1,25.1,25.1,95.9,0.7,100.0,4.17,rain,0.0,192.4,1009.6,90.0,,0.34,0.0,,
2002-05-01,Lagos,25.1,25.1,25.1,95.9,0.7,100.0,4.17,rain,0.0,192.4,1009.6,90.0,,0.34,0.0,,
2002-05-02,Lagos,25.1,25.1,25.1,95.9,0.7,100.0,4.17,rain,0.0,192.4,1009.6,90.0,,0.34,0.0,,
2002-05-03,Lagos,25.1,25.1,25.1,95.9,0.7,100.0,4.17,rain,0.0,192.4,1009.6,90.0,,0.34,0.0,,
2002-05-04,Lagos,29.1,27.1,27.8,87.9,3.0,100.0,4.17,rain,9.4,310.0,1009.4,90.0,,0.75,0.0,,
2002-05-05,Lagos,29.1,27.1,27.8,87.9,3.0,100.0,4.17,rain,9.4,310.0,1009.4,90.0,,0.75,0.0,,
2002-05-06,Lagos,29.1,27.1,27.8,87.9,3.0,100.0,4.17,rain,9.4,310.0,1009.4,90.0,,0.75,0.0,,
2002-05-07,Lagos,29.1,27.1,27.8,87.9,3.0,100.0,4.17,rain,9.4,310.0,1009.4,90.0,,0.75,0.0,,
2002-05-08,Lagos,29.1,27.1,27.8,87.9,3.0,100.0,4.17,rain,9.4,310.0,1009.4,90.0,,0.75,0.0,,
2002-05-09,Lagos,29.1,27.1,27.8,87.9,3.0,100.0,4.17,rain,9.4,310.0,1009.4,90.0,,0.75,0.0,,
2002-05-10,Lagos,29.1,27.1,27.8,87.9,3.0,100.0,4.17,rain,9.4,310.0,1009.4,90.0,,0.75,0.0,,
2002-05-11,Lagos,29.1,27.1,27.8,87.9,3.0,100.0,4.17,rain,9.4,310.0,1009.4,90.0,,0.75,0.0,,
2002-05-12,Lagos,29.1,27.1,27.8,87.9,3.0,100.0,4.17,rain,9.4,310.0,1009.4,90.0,,0.75,0.0,,
2002-05-13,Lagos,29.1,27.1,27.8,87.9,3.0,100.0,4.17,rain,9.4,310.0,1009.4,90.0,,0.75,0.0,,
2002-05-14,Lagos,29.1,27.1,27.8,87.9,3.0,100.0,4.17,rain,9.4,310.0,1009.4,90.0,,0.75,0.0,,
2002-05-15,Lagos,29.1,27.1,27.8,87.9,3.0,100.0,4.17,rain,9.4,310.0,1009.4,90.0,,0.75,0.0,,
2002-05-16,Lagos,29.1,27.1,27.8,87.9,3.0,100.0,4.17,rain,9.4,310.0,1009.4,90.0,,0.75,0.0,,
2002-05-17,Lagos,29.1,27.1,27.8,87.9,3.0,100.0,4.17,rain,9.4,310.0,1009.4,90.0,,0.75,0.0,,
2002-05-18,Lagos,29.1,27.1,27.8,87.9,3.0,100.0,4.17,rain,9.4,310.0,1009.4,90.0,,0.75,0.0,,
2002-05-19,Lagos,32.1,27.1,29.2,84.5,0.7,100.0,4.17,rain,14.8,220.0,1010.1,90.0,,0.25,0.0,,
2002-05-20,Lagos,32.1,27.1,29.2,84.5,0.7,100.0,4.17,rain,14.8,220.0,1010.1,90.0,,0.25,0.0,,
2002-05-21,Lagos,32.1,27.1,29.2,84.5,0.7,100.0,4.17,rain,14.8,220.0,1010.1,90.0,,0.25,0.0,,
2002-05-22,Lagos,32.1,27.1,29.2,84.5,0.7,100.0,4.17,rain,14.8,220.0,1010.1,90.0,,0.25,0.0,,
2002-05-23,Lagos,32.1,27.1,29.2,84.5,0.7,100.0,4.17,rain,14.8,220.0,1010.1,90.0,,0.25,0.0,,
2002-05-24,Lagos,32.1,27.1,29.2,84.5,0.7,100.0,4.17,rain,14.8,220.0,1010.1,90.0,,0.25,0.0,,
2002-05-25,Lagos,32.1,27.1,29.2,84.5,0.7,100.0,4.17,rain,14.8,220.0,1010.1,90.0,,0.25,0.0,,
2002-05-26,Lagos,29.7,25.9,27.4,89.7,0.7,100.0,4.17,rain,22.3,209.1,1009.6,90.0,,0.5,0.0,,
2002-05-27,Lagos,29.7,25.9,27.4,89.7,0.7,100.0,4.17,rain,22.3,209.1,1009.6,90.0,,0.5,0.0,,
2002-05-28,Lagos,29.7,25.9,27.4,89.7,0.7,100.0,4.17,rain,22.3,209.1,1009.6,90.0,,0.5,0.0,,
2002-05-29,Lagos,29.1,24.1,27.2,87.0,0.8,100.0,4.17,rain,25.9,161.9,1011.2,90.0,,0.6,0.0,,
2002-05-30,Lagos,29.1,24.1,27.2,87.0,0.8,100.0,4.17,rain,25.9,161.9,1011.2,90.0,,0.6,0.0,,
2002-05-31,Lagos,29.1,24.1,27.2,87.0,0.8,100.0,4.17,rain,25.9,161.9,1011.2,90.0,,0.6,0.0,,
2002-06-01,Lagos,29.1,24.1,27.2,87.0,0.8,100.0,4.17,rain,25.9,161.9,1011.2,90.0,,0.6,0.0,,
2002-06-02,Lagos,29.1,24.1,27.2,87.0,0.8,100.0,4.17,rain,25.9,161.9,1011.2,90.0,,0.6,0.0,,
2002-06-03,Lagos,29.1,24.1,27.2,87.0,0.8,100.0,4.17,rain,25.9,161.9,1011.2,90.0,,0.6,0.0,,
2002-06-04,Lagos,29.1,23.7,25.6,92.7,9.9,100.0,4.17,rain,14.8,219.9,1011.3,90.0,,0.79,0.0,,
2002-06-05,Lagos,31.1,22.9,26.4,84.4,9.9,100.0,4.17,rain,25.9,244.0,1010.7,90.0,,0.82,0.0,,
2002-06-06,Lagos,28.1,21.1,23.8,95.5,78.0,100.0,8.33,rain,37.1,127.1,1012.0,90.0,,0.85,1.0,,
2002-06-07,Lagos,28.1,21.1,23.8,95.5,78.0,100.0,8.33,rain,37.1,127.1,1012.0,90.0,,0.85,1.0,,
2002-06-08,Lagos,28.1,21.1,23.8,95.5,78.0,100.0,8.33,rain,37.1,127.1,1012.0,90.0,,0.85,1.0,,
2002-06-09,Lagos,28.1,21.1,23.8,95.5,78.0,100.0,8.33,rain,37.1,127.1,1012.0,90.0,,0.85,1.0,,
2002-06-10,Lagos,30.1,23.1,25.6,93.7,65.7,100.0,8.33,rain,18.4,347.0,1011.9,90.0,,0.98,1.0,,
2002-06-11,Lagos,32.1,24.1,28.0,81.9,0.7,100.0,4.17,rain,22.3,237.9,1011.8,90.0,,0.0,0.0,,
2002-06-12,Lagos,32.1,24.1,28.0,81.9,0.7,100.0,4.17,rain,22.3,237.9,1011.8,90.0,,0.0,0.0,,
2002-06-13,Lagos,32.1,24.1,28.0,81.9,0.7,100.0,4.17,rain,22.3,237.9,1011.8,90.0,,0.0,0.0,,
2002-06-14,Lagos,26.1,23.7,24.5,96.6,44.0,100.0,8.33,rain,54.0,215.2,1012.1,90.0,,0.12,1.0,,
2002-06-15,Lagos,30.1,23.1,26.5,88.3,18.0,100.0,4.17,rain,24.1,211.1,1012.7,90.0,,0.16,0.0,,
2002-06-16,Lagos,29.1,23.1,26.2,84.9,9.9,100.0,4.17,rain,22.3,167.6,1012.2,90.0,,0.2,0.0,,
2002-06-17,Lagos,29.1,23.1,26.2,84.9,9.9,100.0,4.17,rain,22.3,167.6,1012.2,90.0,,0.2,0.0,,
2002-06-18,Lagos,29.1,23.1,26.2,84.9,9.9,100.0,4.17,rain,22.3,167.6,1012.2,90.0,,0.2,0.0,,
2002-06-19,Lagos,29.1,23.1,26.2,84.9,9.9,100.0,4.17,rain,22.3,167.6,1012.2,90.0,,0.2,0.0,,
2002-06-20,Lagos,30.1,24.4,26.6,88.0,0.7,100.0,4.17,rain,22.3,199.3,1013.4,90.0,,0.34,0.0,,
2002-06-21,Lagos,30.1,24.1,25.7,91.9,4.1,100.0,4.17,rain,20.5,216.3,1013.4,90.0,,0.38,0.0,,
2002-06-22,Lagos,31.1,24.1,26.8,88.0,6.1,100.0,4.17,rain,37.1,214.9,1013.5,90.0,,0.41,0.0,,
2002-06-23,Lagos,31.1,24.1,26.8,88.0,6.1,100.0,4.17,rain,37.1,214.9,1013.5,90.0,,0.41,0.0,,
2002-06-24,Lagos,26.1,23.4,25.1,97.7,52.9,100.0,8.33,rain,13.0,224.4,1013.6,90.9,,0.5,1.0,,
2002-06-25,Lagos,30.4,24.1,26.7,90.7,23.1,100.0,4.17,rain,18.4,219.4,1014.1,85.0,,0.52,0.0,,
2002-06-26,Lagos,30.1,22.1,26.5,91.1,26.9,100.0,8.33,rain,33.5,215.4,1013.9,92.0,,0.55,0.0,,
2002-06-27,Lagos,29.1,23.1,25.4,92.5,9.9,100.0,4.17,rain,22.3,217.5,1014.0,90.8,,0.58,0.0,,
2002-06-28,Lagos,29.1,23.1,25.4,92.5,9.9,100.0,4.17,rain,22.3,217.5,1014.0,90.8,,0.58,0.0,,
2002-06-29,Lagos,29.1,23.1,25.4,92.5,9.9,100.0,4.17,rain,22.3,217.5,1014.0,90.8,,0.58,0.0,,
2002-06-30,Lagos,30.1,24.7,26.4,88.2,1.0,100.0,4.17,rain,22.3,206.2,1014.9,85.6,,0.68,0.0,,
2002-07-01,Lagos,30.1,24.7,26.4,88.2,1.0,100.0,4.17,rain,22.3,206.2,1014.9,85.6,,0.68,0.0,,
2002-07-02,Lagos,30.1,24.7,26.4,88.2,1.0,100.0,4.17,rain,22.3,206.2,1014.9,85.6,,0.68,0.0,,
2002-07-03,Lagos,26.4,25.1,25.6,94.8,0.5,100.0,4.17,rain,18.4,218.4,1013.2,90.0,,0.78,0.0,,
2002-07-04,Lagos,29.1,24.1,25.9,91.4,5.1,100.0,4.17,rain,16.6,207.6,1013.1,90.0,,0.81,0.0,,
2002-07-05,Lagos,27.1,24.1,25.5,87.7,1.0,100.0,4.17,rain,18.4,116.2,1013.1,90.0,,0.84,0.0,,
2002-07-06,Lagos,27.1,24.1,25.5,87.7,1.0,100.0,4.17,rain,18.4,116.2,1013.1,90.0,,0.84,0.0,,
2002-07-07,Lagos,27.1,24.1,25.5,87.7,1.0,100.0,4.17,rain,18.4,116.2,1013.1,90.0,,0.84,0.0,,
2002-07-08,Lagos,27.1,24.1,25.5,87.7,1.0,100.0,4.17,rain,18.4,116.2,1013.1,90.0,,0.84,0.0,,
2002-07-09,Lagos,27.1,24.1,25.5,87.7,1.0,100.0,4.17,rain,18.4,116.2,1013.1,90.0,,0.84,0.0,,
2002-07-10,Lagos,29.1,25.1,27.2,85.2,0.7,100.0,4.17,rain,27.7,212.8,1013.8,90.0,,0.0,0.0,,
2002-07-11,Lagos,30.1,24.2,26.2,89.6,4.1,100.0,4.17,rain,25.9,223.4,1013.7,90.0,,0.04,0.0,,
2002-07-12,Lagos,29.1,22.6,25.9,90.5,72.1,100.0,8.33,rain,27.7,209.8,1012.7,90.0,,0.07,1.0,,
2002-07-13,Lagos,30.1,24.1,26.8,86.7,0.7,100.0,4.17,rain,25.9,223.6,1012.9,90.0,,0.11,0.0,,
2002-07-14,Lagos,30.1,24.1,26.5,88.6,0.7,100.0,4.17,rain,24.1,213.6,1012.9,90.0,,0.14,0.0,,
2002-07-15,Lagos,28.7,25.1,26.4,92.6,1.0,100.0,4.17,rain,16.6,197.3,1013.1,90.0,,0.18,0.0,,
2002-07-16,Lagos,25.6,24.1,25.0,97.7,75.9,100.0,8.33,rain,27.7,216.4,1012.7,90.0,,0.22,1.0,,
2002-07-17,Lagos,25.6,24.1,25.0,97.7,75.9,100.0,8.33,rain,27.7,216.4,1012.7,90.0,,0.22,1.0,,
2002-07-18,Lagos,26.1,24.1,24.7,95.9,42.9,100.0,8.33,rain,33.5,218.1,1013.0,90.6,,0.29,1.0,,
2002-07-19,Lagos,26.1,24.1,24.7,95.9,42.9,100.0,8.33,rain,33.5,218.1,1013.0,90.6,,0.29,1.0,,
2002-07-20,Lagos,26.1,24.1,24.7,95.9,42.9,100.0,8.33,rain,33.5,218.1,1013.0,90.6,,0.29,1.0,,
2002-07-21,Lagos,28.1,24.1,25.6,90.8,1.7,100.0,8.33,rain,29.5,207.7,1011.9,90.0,,0.4,0.0,,
2002-07-22,Lagos,27.1,24.1,25.4,93.4,67.1,100.0,4.17,rain,27.7,209.8,1012.3,90.0,,0.43,1.0,,
2002-07-23,Lagos,24.2,23.1,23.6,99.0,67.1,100.0,4.17,rain,14.8,202.9,1013.8,92.3,,0.47,1.0,,
2002-07-24,Lagos,29.1,23.1,25.4,91.2,39.1,100.0,8.33,rain,31.3,232.7,1014.7,85.0,,0.5,1.0,,
2002-07-25,Lagos,29.1,23.1,25.4,91.2,39.1,100.0,8.33,rain,31.3,232.7,1014.7,85.0,,0.5,1.0,,
2002-07-26,Lagos,29.1,23.1,25.4,91.2,39.1,100.0,8.33,rain,31.3,232.7,1014.7,85.0,,0.5,1.0,,
2002-07-27,Lagos,29.1,23.1,25.4,91.2,39.1,100.0,8.33,rain,31.3,232.7,1014.7,85.0,,0.5,1.0,,
2002-07-28,Lagos,29.1,23.1,25.4,91.2,39.1,100.0,8.33,rain,31.3,232.7,1014.7,85.0,,0.5,1.0,,
2002-07-29,Lagos,29.1,23.1,25.4,91.2,39.1,100.0,8.33,rain,31.3,232.7,1014.7,85.0,,0.5,1.0,,
2002-07-30,Lagos,29.1,23.6,25.6,90.8,0.7,100.0,4.17,rain,29.5,225.5,1014.0,90.0,,0.7,0.0,,
2002-07-31,Lagos,26.6,24.6,25.3,89.7,0.7,100.0,4.17,rain,29.5,221.4,1012.8,90.0,,0.73,0.0,,
2002-08-01,Lagos,27.1,24.1,25.3,89.1,5.1,100.0,8.33,rain,29.5,213.8,1012.4,90.0,,0.75,0.0,,
2002-08-02,Lagos,27.1,24.1,25.3,89.1,5.1,100.0,8.33,rain,29.5,213.8,1012.4,90.0,,0.75,0.0,,
2002-08-03,Lagos,27.1,24.1,25.3,89.1,5.1,100.0,8.33,rain,29.5,213.8,1012.4,90.0,,0.75,0.0,,
2002-08-04,Lagos,27.1,24.1,25.3,89.1,5.1,100.0,8.33,rain,29.5,213.8,1012.4,90.0,,0.75,0.0,,
2002-08-05,Lagos,27.1,24.1,25.3,89.1,5.1,100.0,8.33,rain,29.5,213.8,1012.4,90.0,,0.75,0.0,,
2002-08-06,Lagos,27.1,24.1,25.3,89.1,5.1,100.0,8.33,rain,29.5,213.8,1012.4,90.0,,0.75,0.0,,
2002-08-07,Lagos,27.1,24.1,25.3,89.1,5.1,100.0,8.33,rain,29.5,213.8,1012.4,90.0,,0.75,0.0,,
2002-08-08,Lagos,27.1,24.1,25.3,89.1,5.1,100.0,8.33,rain,29.5,213.8,1012.4,90.0,,0.75,0.0,,
2002-08-09,Lagos,27.1,24.1,25.3,89.1,5.1,100.0,8.33,rain,29.5,213.8,1012.4,90.0,,0.75,0.0,,
2002-08-10,Lagos,27.1,24.1,25.3,89.1,5.1,100.0,8.33,rain,29.5,213.8,1012.4,90.0,,0.75,0.0,,
2002-08-11,Lagos,27.1,24.1,25.3,89.1,5.1,100.0,8.33,rain,29.5,213.8,1012.4,90.0,,0.75,0.0,,
2002-08-12,Lagos,27.1,24.1,25.3,89.1,5.1,100.0,8.33,rain,29.5,213.8,1012.4,90.0,,0.75,0.0,,
2002-08-13,Lagos,27.1,24.1,25.3,89.1,5.1,100.0,8.33,rain,29.5,213.8,1012.4,90.0,,0.75,0.0,,
2002-08-14,Lagos,26.1,24.1,24.7,95.4,8.9,100.0,8.33,rain,25.9,217.1,1014.8,90.0,,0.2,0.0,,
2002-08-15,Lagos,26.1,24.1,24.7,95.4,8.9,100.0,8.33,rain,25.9,217.1,1014.8,90.0,,0.2,0.0,,
2002-08-16,Lagos,26.1,24.1,24.7,95.4,8.9,100.0,8.33,rain,25.9,217.1,1014.8,90.0,,0.2,0.0,,
2002-08-17,Lagos,29.1,25.1,27.1,79.9,0.7,100.0,4.17,rain,33.5,211.5,1012.6,90.0,,0.31,0.0,,
2002-08-18,Lagos,25.9,24.6,25.4,90.2,0.7,100.0,4.17,rain,18.4,216.8,1013.7,90.0,,0.34,0.0,,
2002-08-19,Lagos,25.9,24.6,25.4,90.2,0.7,100.0,4.17,rain,18.4,216.8,1013.7,90.0,,0.34,0.0,,
2002-08-20,Lagos,26.1,24.1,25.3,92.4,13.7,100.0,8.33,rain,37.1,205.6,1013.5,90.0,,0.41,0.0,,
2002-08-21,Lagos,28.1,24.1,25.3,91.9,0.7,100.0,4.17,rain,33.5,214.7,1013.6,90.0,,0.45,0.0,,
2002-08-22,Lagos,27.1,23.6,25.6,85.1,0.7,100.0,4.17,rain,29.5,222.9,1013.7,90.0,,0.5,0.0,,
2002-08-23,Lagos,27.1,23.6,25.6,85.1,0.7,100.0,4.17,rain,29.5,222.9,1013.7,90.0,,0.5,0.0,,
2002-08-24,Lagos,27.1,23.6,25.6,85.1,0.7,100.0,4.17,rain,29.5,222.9,1013.7,90.0,,0.5,0.0,,
2002-08-25,Lagos,27.1,23.6,25.6,85.1,0.7,100.0,4.17,rain,29.5,222.9,1013.7,90.0,,0.5,0.0,,
2002-08-26,Lagos,27.1,23.1,24.7,93.1,5.1,100.0,4.17,rain,37.1,211.7,1011.9,90.0,,0.62,0.0,,
2002-08-27,Lagos,27.1,23.1,24.7,93.1,5.1,100.0,4.17,rain,37.1,211.7,1011.9,90.0,,0.62,0.0,,
2002-08-28,Lagos,27.1,23.1,24.7,93.1,5.1,100.0,4.17,rain,37.1,211.7,1011.9,90.0,,0.62,0.0,,
2002-08-29,Lagos,25.4,24.1,24.6,91.8,6.1,100.0,4.17,rain,22.3,216.2,1012.3,91.1,,0.71,0.0,,
2002-08-30,Lagos,25.4,24.1,24.6,91.8,6.1,100.0,4.17,rain,22.3,216.2,1012.3,91.1,,0.71,0.0,,
2002-08-31,Lagos,25.4,24.1,24.6,91.8,6.1,100.0,4.17,rain,22.3,216.2,1012.3,91.1,,0.71,0.0,,
2002-09-01,Lagos,25.4,24.1,24.6,91.8,6.1,100.0,4.17,rain,22.3,216.2,1012.3,91.1,,0.71,0.0,,
2002-09-02,Lagos,25.4,24.1,24.6,91.8,6.1,100.0,4.17,rain,22.3,216.2,1012.3,91.1,,0.71,0.0,,
2002-09-03,Lagos,25.4,24.1,24.6,91.8,6.1,100.0,4.17,rain,22.3,216.2,1012.3,91.1,,0.71,0.0,,
2002-09-04,Lagos,25.4,24.1,24.6,91.8,6.1,100.0,4.17,rain,22.3,216.2,1012.3,91.1,,0.71,0.0,,
2002-09-05,Lagos,25.4,24.1,24.6,91.8,6.1,100.0,4.17,rain,22.3,216.2,1012.3,91.1,,0.71,0.0,,
2002-09-06,Lagos,25.4,24.1,24.6,91.8,6.1,100.0,4.17,rain,22.3,216.2,1012.3,91.1,,0.71,0.0,,
2002-09-07,Lagos,25.4,24.1,24.6,91.8,6.1,100.0,4.17,rain,22.3,216.2,1012.3,91.1,,0.71,0.0,,
2002-09-08,Lagos,25.4,24.1,24.6,91.8,6.1,100.0,4.17,rain,22.3,216.2,1012.3,91.1,,0.71,0.0,,
2002-09-09,Lagos,25.4,24.1,24.6,91.8,6.1,100.0,4.17,rain,22.3,216.2,1012.3,91.1,,0.71,0.0,,
2002-09-10,Lagos,25.4,24.1,24.6,91.8,6.1,100.0,4.17,rain,22.3,216.2,1012.3,91.1,,0.71,0.0,,
2002-09-11,Lagos,25.4,24.1,24.6,91.8,6.1,100.0,4.17,rain,22.3,216.2,1012.3,91.1,,0.71,0.0,,
2002-09-12,Lagos,25.4,24.1,24.6,91.8,6.1,100.0,4.17,rain,22.3,216.2,1012.3,91.1,,0.71,0.0,,
2002-09-13,Lagos,25.4,24.1,24.6,91.8,6.1,100.0,4.17,rain,22.3,216.2,1012.3,91.1,,0.71,0.0,,
2002-09-14,Lagos,25.4,24.1,24.6,91.8,6.1,100.0,4.17,rain,22.3,216.2,1012.3,91.1,,0.71,0.0,,
2002-09-15,Lagos,25.4,24.1,24.6,91.8,6.1,100.0,4.17,rain,22.3,216.2,1012.3,91.1,,0.71,0.0,,
2002-09-16,Lagos,25.4,24.1,24.6,91.8,6.1,100.0,4.17,rain,22.3,216.2,1012.3,91.1,,0.71,0.0,,
2002-09-17,Lagos,25.4,24.1,24.6,91.8,6.1,100.0,4.17,rain,22.3,216.2,1012.3,91.1,,0.71,0.0,,
2002-09-18,Lagos,25.4,24.1,24.6,91.8,6.1,100.0,4.17,rain,22.3,216.2,1012.3,91.1,,0.71,0.0,,
2002-09-19,Lagos,25.4,24.1,24.6,91.8,6.1,100.0,4.17,rain,22.3,216.2,1012.3,91.1,,0.71,0.0,,
2002-09-20,Lagos,25.4,24.1,24.6,91.8,6.1,100.0,4.17,rain,22.3,216.2,1012.3,91.1,,0.71,0.0,,
2002-09-21,Lagos,25.4,24.1,24.6,91.8,6.1,100.0,4.17,rain,22.3,216.2,1012.3,91.1,,0.71,0.0,,
2002-09-22,Lagos,25.4,24.1,24.6,91.8,6.1,100.0,4.17,rain,22.3,216.2,1012.3,91.1,,0.71,0.0,,
2002-09-23,Lagos,25.4,24.1,24.6,91.8,6.1,100.0,4.17,rain,22.3,216.2,1012.3,91.1,,0.71,0.0,,
2002-09-24,Lagos,25.4,24.1,24.6,91.8,6.1,100.0,4.17,rain,22.3,216.2,1012.3,91.1,,0.71,0.0,,
2002-09-25,Lagos,25.4,24.1,24.6,91.8,6.1,100.0,4.17,rain,22.3,216.2,1012.3,91.1,,0.71,0.0,,
2002-09-26,Lagos,25.4,24.1,24.6,91.8,6.1,100.0,4.17,rain,22.3,216.2,1012.3,91.1,,0.71,0.0,,
2002-09-27,Lagos,25.4,24.1,24.6,91.8,6.1,100.0,4.17,rain,22.3,216.2,1012.3,91.1,,0.71,0.0,,
2002-09-28,Lagos,25.4,24.1,24.6,91.8,6.1,100.0,4.17,rain,22.3,216.2,1012.3,91.1,,0.71,0.0,,
2002-09-29,Lagos,25.4,24.1,24.6,91.8,6.1,100.0,4.17,rain,22.3,216.2,1012.3,91.1,,0.71,0.0,,
2002-09-30,Lagos,25.4,24.1,24.6,91.8,6.1,100.0,4.17,rain,22.3,216.2,1012.3,91.1,,0.71,0.0,,
2002-10-01,Lagos,25.4,24.1,24.6,91.8,6.1,100.0,4.17,rain,22.3,216.2,1012.3,91.1,,0.71,0.0,,
2002-10-02,Lagos,25.4,24.1,24.6,91.8,6.1,100.0,4.17,rain,22.3,216.2,1012.3,91.1,,0.71,0.0,,
2002-10-03,Lagos,25.4,24.1,24.6,91.8,6.1,100.0,4.17,rain,22.3,216.2,1012.3,91.1,,0.71,0.0,,
2002-10-04,Lagos,25.4,24.1,24.6,91.8,6.1,100.0,4.17,rain,22.3,216.2,1012.3,91.1,,0.71,0.0,,
2002-10-05,Lagos,25.4,24.1,24.6,91.8,6.1,100.0,4.17,rain,22.3,216.2,1012.3,91.1,,0.71,0.0,,
2002-10-06,Lagos,25.4,24.1,24.6,91.8,6.1,100.0,4.17,rain,22.3,216.2,1012.3,91.1,,0.71,0.0,,
2002-10-07,Lagos,25.4,24.1,24.6,91.8,6.1,100.0,4.17,rain,22.3,216.2,1012.3,91.1,,0.71,0.0,,
2002-10-08,Lagos,25.4,24.1,24.6,91.8,6.1,100.0,4.17,rain,22.3,216.2,1012.3,91.1,,0.71,0.0,,
2002-10-09,Lagos,25.4,24.1,24.6,91.8,6.1,100.0,4.17,rain,22.3,216.2,1012.3,91.1,,0.71,0.0,,
2002-10-10,Lagos,25.4,24.1,24.6,91.8,6.1,100.0,4.17,rain,22.3,216.2,1012.3,91.1,,0.71,0.0,,
2002-10-11,Lagos,25.4,24.1,24.6,91.8,6.1,100.0,4.17,rain,22.3,216.2,1012.3,91.1,,0.71,0.0,,
2002-10-12,Lagos,25.4,24.1,24.6,91.8,6.1,100.0,4.17,rain,22.3,216.2,1012.3,91.1,,0.71,0.0,,
2002-10-13,Lagos,25.4,24.1,24.6,91.8,6.1,100.0,4.17,rain,22.3,216.2,1012.3,91.1,,0.71,0.0,,
2002-10-14,Lagos,25.4,24.1,24.6,91.8,6.1,100.0,4.17,rain,22.3,216.2,1012.3,91.1,,0.71,0.0,,
2002-10-15,Lagos,25.4,24.1,24.6,91.8,6.1,100.0,4.17,rain,22.3,216.2,1012.3,91.1,,0.71,0.0,,
2002-10-16,Lagos,25.4,24.1,24.6,91.8,6.1,100.0,4.17,rain,22.3,216.2,1012.3,91.1,,0.71,0.0,,
2002-10-17,Lagos,25.4,24.1,24.6,91.8,6.1,100.0,4.17,rain,22.3,216.2,1012.3,91.1,,0.71,0.0,,
2002-10-18,Lagos,25.4,24.1,24.6,91.8,6.1,100.0,4.17,rain,22.3,216.2,1012.3,91.1,,0.71,0.0,,
2002-10-19,Lagos,25.4,24.1,24.6,91.8,6.1,100.0,4.17,rain,22.3,216.2,1012.3,91.1,,0.71,0.0,,
2002-10-20,Lagos,25.4,24.1,24.6,91.8,6.1,100.0,4.17,rain,22.3,216.2,1012.3,91.1,,0.71,0.0,,
2002-10-21,Lagos,25.4,24.1,24.6,91.8,6.1,100.0,4.17,rain,22.3,216.2,1012.3,91.1,,0.71,0.0,,
2002-10-22,Lagos,25.4,24.1,24.6,91.8,6.1,100.0,4.17,rain,22.3,216.2,1012.3,91.1,,0.71,0.0,,
2002-10-23,Lagos,25.4,24.1,24.6,91.8,6.1,100.0,4.17,rain,22.3,216.2,1012.3,91.1,,0.71,0.0,,
2002-10-24,Lagos,25.4,24.1,24.6,91.8,6.1,100.0,4.17,rain,22.3,216.2,1012.3,91.1,,0.71,0.0,,
2002-10-25,Lagos,25.4,24.1,24.6,91.8,6.1,100.0,4.17,rain,22.3,216.2,1012.3,91.1,,0.71,0.0,,
2002-10-26,Lagos,25.4,24.1,24.6,91.8,6.1,100.0,4.17,rain,22.3,216.2,1012.3,91.1,,0.71,0.0,,
2002-10-27,Lagos,25.4,24.1,24.6,91.8,6.1,100.0,4.17,rain,22.3,216.2,1012.3,91.1,,0.71,0.0,,
2002-10-28,Lagos,25.4,24.1,24.6,91.8,6.1,100.0,4.17,rain,22.3,216.2,1012.3,91.1,,0.71,0.0,,
2002-10-29,Lagos,25.4,24.1,24.6,91.8,6.1,100.0,4.17,rain,22.3,216.2,1012.3,91.1,,0.71,0.0,,
2002-10-30,Lagos,30.1,25.1,28.0,81.8,2.0,100.0,4.17,rain,29.5,200.0,1010.6,90.0,,0.81,0.0,,
2002-10-31,Lagos,30.1,25.1,28.0,81.8,2.0,100.0,4.17,rain,29.5,200.0,1010.6,90.0,,0.81,0.0,,
2002-11-01,Lagos,30.1,25.1,28.0,81.8,2.0,100.0,4.17,rain,29.5,200.0,1010.6,90.0,,0.81,0.0,,
2002-11-02,Lagos,30.1,25.1,28.0,81.8,2.0,100.0,4.17,rain,29.5,200.0,1010.6,90.0,,0.81,0.0,,
2002-11-03,Lagos,30.1,25.1,28.0,81.8,2.0,100.0,4.17,rain,29.5,200.0,1010.6,90.0,,0.81,0.0,,
2002-11-04,Lagos,30.1,25.1,28.0,81.8,2.0,100.0,4.17,rain,29.5,200.0,1010.6,90.0,,0.81,0.0,,
2002-11-05,Lagos,30.1,25.1,28.0,81.8,2.0,100.0,4.17,rain,29.5,200.0,1010.6,90.0,,0.81,0.0,,
2002-11-06,Lagos,30.1,25.1,28.0,81.8,2.0,100.0,4.17,rain,29.5,200.0,1010.6,90.0,,0.81,0.0,,
2002-11-07,Lagos,30.1,25.1,28.0,81.8,2.0,100.0,4.17,rain,29.5,200.0,1010.6,90.0,,0.81,0.0,,
2002-11-08,Lagos,30.1,25.1,28.0,81.8,2.0,100.0,4.17,rain,29.5,200.0,1010.6,90.0,,0.81,0.0,,
2002-11-09,Lagos,30.1,25.1,28.0,81.8,2.0,100.0,4.17,rain,29.5,200.0,1010.6,90.0,,0.81,0.0,,
2002-11-10,Lagos,30.1,25.1,28.0,81.8,2.0,100.0,4.17,rain,29.5,200.0,1010.6,90.0,,0.81,0.0,,
2002-11-11,Lagos,30.1,25.1,28.0,81.8,2.0,100.0,4.17,rain,29.5,200.0,1010.6,90.0,,0.81,0.0,,
2002-11-12,Lagos,30.1,25.1,28.0,81.8,2.0,100.0,4.17,rain,29.5,200.0,1010.6,90.0,,0.81,0.0,,
2002-11-13,Lagos,30.1,25.1,28.0,81.8,2.0,100.0,4.17,rain,29.5,200.0,1010.6,90.0,,0.81,0.0,,
2002-11-14,Lagos,30.1,25.1,28.0,81.8,2.0,100.0,4.17,rain,29.5,200.0,1010.6,90.0,,0.81,0.0,,
2002-11-15,Lagos,30.1,25.1,28.0,81.8,2.0,100.0,4.17,rain,29.5,200.0,1010.6,90.0,,0.81,0.0,,
2002-11-16,Lagos,30.1,25.1,28.0,81.8,2.0,100.0,4.17,rain,29.5,200.0,1010.6,90.0,,0.81,0.0,,
2002-11-17,Lagos,30.1,25.1,28.0,81.8,2.0,100.0,4.17,rain,29.5,200.0,1010.6,90.0,,0.81,0.0,,
2002-11-18,Lagos,30.1,25.1,28.0,81.8,2.0,100.0,4.17,rain,29.5,200.0,1010.6,90.0,,0.81,0.0,,
2002-11-19,Lagos,30.1,25.1,28.0,81.8,2.0,100.0,4.17,rain,29.5,200.0,1010.6,90.0,,0.81,0.0,,
2002-11-20,Lagos,30.1,25.1,28.0,81.8,2.0,100.0,4.17,rain,29.5,200.0,1010.6,90.0,,0.81,0.0,,
2002-11-21,Lagos,30.1,25.1,28.0,81.8,2.0,100.0,4.17,rain,29.5,200.0,1010.6,90.0,,0.81,0.0,,
2002-11-22,Lagos,30.1,25.1,28.0,81.8,2.0,100.0,4.17,rain,29.5,200.0,1010.6,90.0,,0.81,0.0,,
2002-11-23,Lagos,30.1,25.1,28.0,81.8,2.0,100.0,4.17,rain,29.5,200.0,1010.6,90.0,,0.81,0.0,,
2002-11-24,Lagos,30.1,25.1,28.0,81.8,2.0,100.0,4.17,rain,29.5,200.0,1010.6,90.0,,0.81,0.0,,
2002-11-25,Lagos,30.1,25.1,28.0,81.8,2.0,100.0,4.17,rain,29.5,200.0,1010.6,90.0,,0.81,0.0,,
2002-11-26,Lagos,30.1,25.1,28.0,81.8,2.0,100.0,4.17,rain,29.5,200.0,1010.6,90.0,,0.81,0.0,,
2002-11-27,Lagos,30.1,25.1,28.0,81.8,2.0,100.0,4.17,rain,29.5,200.0,1010.6,90.0,,0.81,0.0,,
2002-11-28,Lagos,30.1,25.1,28.0,81.8,2.0,100.0,4.17,rain,29.5,200.0,1010.6,90.0,,0.81,0.0,,
2002-11-29,Lagos,30.1,25.1,28.0,81.8,2.0,100.0,4.17,rain,29.5,200.0,1010.6,90.0,,0.81,0.0,,
2002-11-30,Lagos,30.1,25.1,28.0,81.8,2.0,100.0,4.17,rain,29.5,200.0,1010.6,90.0,,0.81,0.0,,
2002-12-01,Lagos,30.1,25.1,28.0,81.8,2.0,100.0,4.17,rain,29.5,200.0,1010.6,90.0,,0.81,0.0,,
2002-12-02,Lagos,30.1,25.1,28.0,81.8,2.0,100.0,4.17,rain,29.5,200.0,1010.6,90.0,,0.81,0.0,,
2002-12-03,Lagos,30.1,25.1,28.0,81.8,2.0,100.0,4.17,rain,29.5,200.0,1010.6,90.0,,0.81,0.0,,
2002-12-04,Lagos,30.1,25.1,28.0,81.8,2.0,100.0,4.17,rain,29.5,200.0,1010.6,90.0,,0.81,0.0,,
2002-12-05,Lagos,30.1,25.1,28.0,81.8,2.0,100.0,4.17,rain,29.5,200.0,1010.6,90.0,,0.81,0.0,,
2002-12-06,Lagos,30.1,25.1,28.0,81.8,2.0,100.0,4.17,rain,29.5,200.0,1010.6,90.0,,0.81,0.0,,
2002-12-07,Lagos,30.1,25.1,28.0,81.8,2.0,100.0,4.17,rain,29.5,200.0,1010.6,90.0,,0.81,0.0,,
2002-12-08,Lagos,30.1,25.1,28.0,81.8,2.0,100.0,4.17,rain,29.5,200.0,1010.6,90.0,,0.81,0.0,,
2002-12-09,Lagos,30.1,25.1,28.0,81.8,2.0,100.0,4.17,rain,29.5,200.0,1010.6,90.0,,0.81,0.0,,
2002-12-10,Lagos,30.1,25.1,28.0,81.8,2.0,100.0,4.17,rain,29.5,200.0,1010.6,90.0,,0.81,0.0,,
2002-12-11,Lagos,30.1,25.1,28.0,81.8,2.0,100.0,4.17,rain,29.5,200.0,1010.6,90.0,,0.81,0.0,,
2002-12-12,Lagos,30.1,25.1,28.0,81.8,2.0,100.0,4.17,rain,29.5,200.0,1010.6,90.0,,0.81,0.0,,
2002-12-13,Lagos,30.1,25.1,28.0,81.8,2.0,100.0,4.17,rain,29.5,200.0,1010.6,90.0,,0.81,0.0,,
2002-12-14,Lagos,30.1,25.1,28.0,81.8,2.0,100.0,4.17,rain,29.5,200.0,1010.6,90.0,,0.81,0.0,,
2002-12-15,Lagos,30.1,25.1,28.0,81.8,2.0,100.0,4.17,rain,29.5,200.0,1010.6,90.0,,0.81,0.0,,
2002-12-16,Lagos,30.1,25.1,28.0,81.8,2.0,100.0,4.17,rain,29.5,200.0,1010.6,90.0,,0.81,0.0,,
2002-12-17,Lagos,30.1,25.1,28.0,81.8,2.0,100.0,4.17,rain,29.5,200.0,1010.6,90.0,,0.81,0.0,,
2002-12-18,Lagos,30.1,25.1,28.0,81.8,2.0,100.0,4.17,rain,29.5,200.0,1010.6,90.0,,0.81,0.0,,
2002-12-19,Lagos,30.1,25.1,28.0,81.8,2.0,100.0,4.17,rain,29.5,200.0,1010.6,90.0,,0.81,0.0,,
2002-12-20,Lagos,30.1,25.1,28.0,81.8,2.0,100.0,4.17,rain,29.5,200.0,1010.6,90.0,,0.81,0.0,,
2002-12-21,Lagos,30.1,25.1,28.0,81.8,2.0,100.0,4.17,rain,29.5,200.0,1010.6,90.0,,0.81,0.0,,
2002-12-22,Lagos,30.1,25.1,28.0,81.8,2.0,100.0,4.17,rain,29.5,200.0,1010.6,90.0,,0.81,0.0,,
2002-12-23,Lagos,30.1,25.1,28.0,81.8,2.0,100.0,4.17,rain,29.5,200.0,1010.6,90.0,,0.81,0.0,,
2002-12-24,Lagos,30.1,25.1,28.0,81.8,2.0,100.0,4.17,rain,29.5,200.0,1010.6,90.0,,0.81,0.0,,
2002-12-25,Lagos,30.1,25.1,28.0,81.8,2.0,100.0,4.17,rain,29.5,200.0,1010.6,90.0,,0.81,0.0,,
2002-12-26,Lagos,30.1,25.1,28.0,81.8,2.0,100.0,4.17,rain,29.5,200.0,1010.6,90.0,,0.81,0.0,,
2002-12-27,Lagos,30.1,25.1,28.0,81.8,2.0,100.0,4.17,rain,29.5,200.0,1010.6,90.0,,0.81,0.0,,
2002-12-28,Lagos,30.1,25.1,28.0,81.8,2.0,100.0,4.17,rain,29.5,200.0,1010.6,90.0,,0.81,0.0,,
2002-12-29,Lagos,30.1,25.1,28.0,81.8,2.0,100.0,4.17,rain,29.5,200.0,1010.6,90.0,,0.81,0.0,,
2002-12-30,Lagos,30.1,25.1,28.0,81.8,2.0,100.0,4.17,rain,29.5,200.0,1010.6,90.0,,0.81,0.0,,
2002-12-31,Lagos,30.1,25.1,28.0,81.8,2.0,100.0,4.17,rain,29.5,200.0,1010.6,90.0,,0.81,0.0,,
2003-01-01,Lagos,30.1,25.1,28.0,81.8,2.0,100.0,4.17,rain,29.5,200.0,1010.6,90.0,,0.81,0.0,,
2003-01-02,Lagos,30.1,25.1,28.0,81.8,2.0,100.0,4.17,rain,29.5,200.0,1010.6,90.0,,0.81,0.0,,
2003-01-03,Lagos,30.1,25.1,28.0,81.8,2.0,100.0,4.17,rain,29.5,200.0,1010.6,90.0,,0.81,0.0,,
2003-01-04,Lagos,30.1,25.1,28.0,81.8,2.0,100.0,4.17,rain,29.5,200.0,1010.6,90.0,,0.81,0.0,,
2003-01-05,Lagos,30.1,25.1,28.0,81.8,2.0,100.0,4.17,rain,29.5,200.0,1010.6,90.0,,0.81,0.0,,
2003-01-06,Lagos,30.1,25.1,28.0,81.8,2.0,100.0,4.17,rain,29.5,200.0,1010.6,90.0,,0.81,0.0,,
2003-01-07,Lagos,30.1,25.1,28.0,81.8,2.0,100.0,4.17,rain,29.5,200.0,1010.6,90.0,,0.81,0.0,,
2003-01-08,Lagos,30.1,25.1,28.0,81.8,2.0,100.0,4.17,rain,29.5,200.0,1010.6,90.0,,0.81,0.0,,
2003-01-09,Lagos,30.1,25.1,28.0,81.8,2.0,100.0,4.17,rain,29.5,200.0,1010.6,90.0,,0.81,0.0,,
2003-01-10,Lagos,30.1,25.1,28.0,81.8,2.0,100.0,4.17,rain,29.5,200.0,1010.6,90.0,,0.81,0.0,,
2003-01-11,Lagos,30.1,25.1,28.0,81.8,2.0,100.0,4.17,rain,29.5,200.0,1010.6,90.0,,0.81,0.0,,
2003-01-12,Lagos,30.1,25.1,28.0,81.8,2.0,100.0,4.17,rain,29.5,200.0,1010.6,90.0,,0.81,0.0,,
2003-01-13,Lagos,30.1,25.1,28.0,81.8,2.0,100.0,4.17,rain,29.5,200.0,1010.6,90.0,,0.81,0.0,,
2003-01-14,Lagos,30.1,25.1,28.0,81.8,2.0,100.0,4.17,rain,29.5,200.0,1010.6,90.0,,0.81,0.0,,
2003-01-15,Lagos,30.1,25.1,28.0,81.8,2.0,100.0,4.17,rain,29.5,200.0,1010.6,90.0,,0.81,0.0,,
2003-01-16,Lagos,30.1,25.1,28.0,81.8,2.0,100.0,4.17,rain,29.5,200.0,1010.6,90.0,,0.81,0.0,,
2003-01-17,Lagos,30.1,25.1,28.0,81.8,2.0,100.0,4.17,rain,29.5,200.0,1010.6,90.0,,0.81,0.0,,
2003-01-18,Lagos,26.2,24.1,25.5,95.0,52.1,100.0,8.33,rain,14.8,190.3,1011.2,90.0,,0.5,1.0,,
2003-01-19,Lagos,26.2,24.1,25.5,95.0,52.1,100.0,8.33,rain,14.8,190.3,1011.2,90.0,,0.5,1.0,,
2003-01-20,Lagos,26.2,24.1,25.5,95.0,52.1,100.0,8.33,rain,14.8,190.3,1011.2,90.0,,0.5,1.0,,
2003-01-21,Lagos,26.2,24.1,25.5,95.0,52.1,100.0,8.33,rain,14.8,190.3,1011.2,90.0,,0.5,1.0,,
2003-01-22,Lagos,26.2,24.1,25.5,95.0,52.1,100.0,8.33,rain,14.8,190.3,1011.2,90.0,,0.5,1.0,,
2003-01-23,Lagos,26.2,24.1,25.5,95.0,52.1,100.0,8.33,rain,14.8,190.3,1011.2,90.0,,0.5,1.0,,
2003-01-24,Lagos,26.2,24.1,25.5,95.0,52.1,100.0,8.33,rain,14.8,190.3,1011.2,90.0,,0.5,1.0,,
2003-01-25,Lagos,26.2,24.1,25.5,95.0,52.1,100.0,8.33,rain,14.8,190.3,1011.2,90.0,,0.5,1.0,,
2003-01-26,Lagos,26.2,24.1,25.5,95.0,52.1,100.0,8.33,rain,14.8,190.3,1011.2,90.0,,0.5,1.0,,
2003-01-27,Lagos,26.2,24.1,25.5,95.0,52.1,100.0,8.33,rain,14.8,190.3,1011.2,90.0,,0.5,1.0,,
2003-01-28,Lagos,26.2,24.1,25.5,95.0,52.1,100.0,8.33,rain,14.8,190.3,1011.2,90.0,,0.5,1.0,,
2003-01-29,Lagos,26.2,24.1,25.5,95.0,52.1,100.0,8.33,rain,14.8,190.3,1011.2,90.0,,0.5,1.0,,
2003-01-30,Lagos,26.2,24.1,25.5,95.0,52.1,100.0,8.33,rain,14.8,190.3,1011.2,90.0,,0.5,1.0,,
2003-01-31,Lagos,26.2,24.1,25.5,95.0,52.1,100.0,8.33,rain,14.8,190.3,1011.2,90.0,,0.5,1.0,,
2003-02-01,Lagos,26.2,24.1,25.5,95.0,52.1,100.0,8.33,rain,14.8,190.3,1011.2,90.0,,0.5,1.0,,
2003-02-02,Lagos,26.2,24.1,25.5,95.0,52.1,100.0,8.33,rain,14.8,190.3,1011.2,90.0,,0.5,1.0,,
2003-02-03,Lagos,26.2,24.1,25.5,95.0,52.1,100.0,8.33,rain,14.8,190.3,1011.2,90.0,,0.5,1.0,,
2003-02-04,Lagos,26.2,24.1,25.5,95.0,52.1,100.0,8.33,rain,14.8,190.3,1011.2,90.0,,0.5,1.0,,
2003-02-05,Lagos,26.2,24.1,25.5,95.0,52.1,100.0,8.33,rain,14.8,190.3,1011.2,90.0,,0.5,1.0,,
2003-02-06,Lagos,26.2,24.1,25.5,95.0,52.1,100.0,8.33,rain,14.8,190.3,1011.2,90.0,,0.5,1.0,,
2003-02-07,Lagos,26.2,24.1,25.5,95.0,52.1,100.0,8.33,rain,14.8,190.3,1011.2,90.0,,0.5,1.0,,
2003-02-08,Lagos,26.2,24.1,25.5,95.0,52.1,100.0,8.33,rain,14.8,190.3,1011.2,90.0,,0.5,1.0,,
2003-02-09,Lagos,26.2,24.1,25.5,95.0,52.1,100.0,8.33,rain,14.8,190.3,1011.2,90.0,,0.5,1.0,,
2003-02-10,Lagos,26.2,24.1,25.5,95.0,52.1,100.0,8.33,rain,14.8,190.3,1011.2,90.0,,0.5,1.0,,
2003-02-11,Lagos,26.2,24.1,25.5,95.0,52.1,100.0,8.33,rain,14.8,190.3,1011.2,90.0,,0.5,1.0,,
2003-02-12,Lagos,26.2,24.1,25.5,95.0,52.1,100.0,8.33,rain,14.8,190.3,1011.2,90.0,,0.5,1.0,,
2003-02-13,Lagos,26.2,24.1,25.5,95.0,52.1,100.0,8.33,rain,14.8,190.3,1011.2,90.0,,0.5,1.0,,
2003-02-14,Lagos,26.2,24.1,25.5,95.0,52.1,100.0,8.33,rain,14.8,190.3,1011.2,90.0,,0.5,1.0,,
2003-02-15,Lagos,26.2,24.1,25.5,95.0,52.1,100.0,8.33,rain,14.8,190.3,1011.2,90.0,,0.5,1.0,,
2003-02-16,Lagos,26.2,24.1,25.5,95.0,52.1,100.0,8.33,rain,14.8,190.3,1011.2,90.0,,0.5,1.0,,
2003-02-17,Lagos,26.2,24.1,25.5,95.0,52.1,100.0,8.33,rain,14.8,190.3,1011.2,90.0,,0.5,1.0,,
2003-02-18,Lagos,26.2,24.1,25.5,95.0,52.1,100.0,8.33,rain,14.8,190.3,1011.2,90.0,,0.5,1.0,,
2003-02-19,Lagos,26.2,24.1,25.5,95.0,52.1,100.0,8.33,rain,14.8,190.3,1011.2,90.0,,0.5,1.0,,
2003-02-20,Lagos,26.2,24.1,25.5,95.0,52.1,100.0,8.33,rain,14.8,190.3,1011.2,90.0,,0.5,1.0,,
2003-02-21,Lagos,26.2,24.1,25.5,95.0,52.1,100.0,8.33,rain,14.8,190.3,1011.2,90.0,,0.5,1.0,,
2003-02-22,Lagos,26.2,24.1,25.5,95.0,52.1,100.0,8.33,rain,14.8,190.3,1011.2,90.0,,0.5,1.0,,
2003-02-23,Lagos,26.2,24.1,25.5,95.0,52.1,100.0,8.33,rain,14.8,190.3,1011.2,90.0,,0.5,1.0,,
2003-02-24,Lagos,26.2,24.1,25.5,95.0,52.1,100.0,8.33,rain,14.8,190.3,1011.2,90.0,,0.5,1.0,,
2003-02-25,Lagos,26.2,24.1,25.5,95.0,52.1,100.0,8.33,rain,14.8,190.3,1011.2,90.0,,0.5,1.0,,
2003-02-26,Lagos,26.2,24.1,25.5,95.0,52.1,100.0,8.33,rain,14.8,190.3,1011.2,90.0,,0.5,1.0,,
2003-02-27,Lagos,26.2,24.1,25.5,95.0,52.1,100.0,8.33,rain,14.8,190.3,1011.2,90.0,,0.5,1.0,,
2003-02-28,Lagos,26.2,24.1,25.5,95.0,52.1,100.0,8.33,rain,14.8,190.3,1011.2,90.0,,0.5,1.0,,
2003-03-01,Lagos,26.2,24.1,25.5,95.0,52.1,100.0,8.33,rain,14.8,190.3,1011.2,90.0,,0.5,1.0,,
2003-03-02,Lagos,26.2,24.1,25.5,95.0,52.1,100.0,8.33,rain,14.8,190.3,1011.2,90.0,,0.5,1.0,,
2003-03-03,Lagos,26.2,24.1,25.5,95.0,52.1,100.0,8.33,rain,14.8,190.3,1011.2,90.0,,0.5,1.0,,
2003-03-04,Lagos,26.2,24.1,25.5,95.0,52.1,100.0,8.33,rain,14.8,190.3,1011.2,90.0,,0.5,1.0,,
2003-03-05,Lagos,26.2,24.1,25.5,95.0,52.1,100.0,8.33,rain,14.8,190.3,1011.2,90.0,,0.5,1.0,,
2003-03-06,Lagos,26.2,24.1,25.5,95.0,52.1,100.0,8.33,rain,14.8,190.3,1011.2,90.0,,0.5,1.0,,
2003-03-07,Lagos,26.2,24.1,25.5,95.0,52.1,100.0,8.33,rain,14.8,190.3,1011.2,90.0,,0.5,1.0,,
2003-03-08,Lagos,26.2,24.1,25.5,95.0,52.1,100.0,8.33,rain,14.8,190.3,1011.2,90.0,,0.5,1.0,,
2003-03-09,Lagos,26.2,24.1,25.5,95.0,52.1,100.0,8.33,rain,14.8,190.3,1011.2,90.0,,0.5,1.0,,
2003-03-10,Lagos,26.2,24.1,25.5,95.0,52.1,100.0,8.33,rain,14.8,190.3,1011.2,90.0,,0.5,1.0,,
2003-03-11,Lagos,26.2,24.1,25.5,95.0,52.1,100.0,8.33,rain,14.8,190.3,1011.2,90.0,,0.5,1.0,,
2003-03-12,Lagos,26.2,24.1,25.5,95.0,52.1,100.0,8.33,rain,14.8,190.3,1011.2,90.0,,0.5,1.0,,
2003-03-13,Lagos,26.2,24.1,25.5,95.0,52.1,100.0,8.33,rain,14.8,190.3,1011.2,90.0,,0.5,1.0,,
2003-03-14,Lagos,26.2,24.1,25.5,95.0,52.1,100.0,8.33,rain,14.8,190.3,1011.2,90.0,,0.5,1.0,,
2003-03-15,Lagos,26.2,24.1,25.5,95.0,52.1,100.0,8.33,rain,14.8,190.3,1011.2,90.0,,0.5,1.0,,
2003-03-16,Lagos,26.2,24.1,25.5,95.0,52.1,100.0,8.33,rain,14.8,190.3,1011.2,90.0,,0.5,1.0,,
2003-03-17,Lagos,26.2,24.1,25.5,95.0,52.1,100.0,8.33,rain,14.8,190.3,1011.2,90.0,,0.5,1.0,,
2003-03-18,Lagos,26.2,24.1,25.5,95.0,52.1,100.0,8.33,rain,14.8,190.3,1011.2,90.0,,0.5,1.0,,
2003-03-19,Lagos,26.2,24.1,25.5,95.0,52.1,100.0,8.33,rain,14.8,190.3,1011.2,90.0,,0.5,1.0,,
2003-03-20,Lagos,26.2,24.1,25.5,95.0,52.1,100.0,8.33,rain,14.8,190.3,1011.2,90.0,,0.5,1.0,,
2003-03-21,Lagos,26.2,24.1,25.5,95.0,52.1,100.0,8.33,rain,14.8,190.3,1011.2,90.0,,0.5,1.0,,
2003-03-22,Lagos,26.2,24.1,25.5,95.0,52.1,100.0,8.33,rain,14.8,190.3,1011.2,90.0,,0.5,1.0,,
2003-03-23,Lagos,26.2,24.1,25.5,95.0,52.1,100.0,8.33,rain,14.8,190.3,1011.2,90.0,,0.5,1.0,,
2003-03-24,Lagos,26.2,24.1,25.5,95.0,52.1,100.0,8.33,rain,14.8,190.3,1011.2,90.0,,0.5,1.0,,
2003-03-25,Lagos,26.2,24.1,25.5,95.0,52.1,100.0,8.33,rain,14.8,190.3,1011.2,90.0,,0.5,1.0,,
2003-03-26,Lagos,26.2,24.1,25.5,95.0,52.1,100.0,8.33,rain,14.8,190.3,1011.2,90.0,,0.5,1.0,,
2003-03-27,Lagos,26.2,24.1,25.5,95.0,52.1,100.0,8.33,rain,14.8,190.3,1011.2,90.0,,0.5,1.0,,
2003-03-28,Lagos,26.2,24.1,25.5,95.0,52.1,100.0,8.33,rain,14.8,190.3,1011.2,90.0,,0.5,1.0,,
2003-03-29,Lagos,26.2,24.1,25.5,95.0,52.1,100.0,8.33,rain,14.8,190.3,1011.2,90.0,,0.5,1.0,,
2003-03-30,Lagos,26.2,24.1,25.5,95.0,52.1,100.0,8.33,rain,14.8,190.3,1011.2,90.0,,0.5,1.0,,
2003-03-31,Lagos,26.2,24.1,25.5,95.0,52.1,100.0,8.33,rain,14.8,190.3,1011.2,90.0,,0.5,1.0,,
2003-04-01,Lagos,26.2,24.1,25.5,95.0,52.1,100.0,8.33,rain,14.8,190.3,1011.2,90.0,,0.5,1.0,,
2003-04-02,Lagos,26.2,24.1,25.5,95.0,52.1,100.0,8.33,rain,14.8,190.3,1011.2,90.0,,0.5,1.0,,
2003-04-03,Lagos,26.2,24.1,25.5,95.0,52.1,100.0,8.33,rain,14.8,190.3,1011.2,90.0,,0.5,1.0,,
2003-04-04,Lagos,26.2,24.1,25.5,95.0,52.1,100.0,8.33,rain,14.8,190.3,1011.2,90.0,,0.5,1.0,,
2003-04-05,Lagos,26.2,24.1,25.5,95.0,52.1,100.0,8.33,rain,14.8,190.3,1011.2,90.0,,0.5,1.0,,
2003-04-06,Lagos,26.2,24.1,25.5,95.0,52.1,100.0,8.33,rain,14.8,190.3,1011.2,90.0,,0.5,1.0,,
2003-04-07,Lagos,26.2,24.1,25.5,95.0,52.1,100.0,8.33,rain,14.8,190.3,1011.2,90.0,,0.5,1.0,,
2003-04-08,Lagos,26.2,24.1,25.5,95.0,52.1,100.0,8.33,rain,14.8,190.3,1011.2,90.0,,0.5,1.0,,
2003-04-09,Lagos,26.2,24.1,25.5,95.0,52.1,100.0,8.33,rain,14.8,190.3,1011.2,90.0,,0.5,1.0,,
2003-04-10,Lagos,26.2,24.1,25.5,95.0,52.1,100.0,8.33,rain,14.8,190.3,1011.2,90.0,,0.5,1.0,,
2003-04-11,Lagos,26.2,24.1,25.5,95.0,52.1,100.0,8.33,rain,14.8,190.3,1011.2,90.0,,0.5,1.0,,
2003-04-12,Lagos,26.2,24.1,25.5,95.0,52.1,100.0,8.33,rain,14.8,190.3,1011.2,90.0,,0.5,1.0,,
2003-04-13,Lagos,26.2,24.1,25.5,95.0,52.1,100.0,8.33,rain,14.8,190.3,1011.2,90.0,,0.5,1.0,,
2003-04-14,Lagos,26.2,24.1,25.5,95.0,52.1,100.0,8.33,rain,14.8,190.3,1011.2,90.0,,0.5,1.0,,
2003-04-15,Lagos,26.2,24.1,25.5,95.0,52.1,100.0,8.33,rain,14.8,190.3,1011.2,90.0,,0.5,1.0,,
2003-04-16,Lagos,26.2,24.1,25.5,95.0,52.1,100.0,8.33,rain,14.8,190.3,1011.2,90.0,,0.5,1.0,,
2003-04-17,Lagos,26.2,24.1,25.5,95.0,52.1,100.0,8.33,rain,14.8,190.3,1011.2,90.0,,0.5,1.0,,
2003-04-18,Lagos,26.2,24.1,25.5,95.0,52.1,100.0,8.33,rain,14.8,190.3,1011.2,90.0,,0.5,1.0,,
2003-04-19,Lagos,26.2,24.1,25.5,95.0,52.1,100.0,8.33,rain,14.8,190.3,1011.2,90.0,,0.5,1.0,,
2003-04-20,Lagos,26.2,24.1,25.5,95.0,52.1,100.0,8.33,rain,14.8,190.3,1011.2,90.0,,0.5,1.0,,
2003-04-21,Lagos,26.2,24.1,25.5,95.0,52.1,100.0,8.33,rain,14.8,190.3,1011.2,90.0,,0.5,1.0,,
2003-04-22,Lagos,26.2,24.1,25.5,95.0,52.1,100.0,8.33,rain,14.8,190.3,1011.2,90.0,,0.5,1.0,,
2003-04-23,Lagos,26.2,24.1,25.5,95.0,52.1,100.0,8.33,rain,14.8,190.3,1011.2,90.0,,0.5,1.0,,
2003-04-24,Lagos,26.2,24.1,25.5,95.0,52.1,100.0,8.33,rain,14.8,190.3,1011.2,90.0,,0.5,1.0,,
2003-04-25,Lagos,26.2,24.1,25.5,95.0,52.1,100.0,8.33,rain,14.8,190.3,1011.2,90.0,,0.5,1.0,,
2003-04-26,Lagos,26.2,24.1,25.5,95.0,52.1,100.0,8.33,rain,14.8,190.3,1011.2,90.0,,0.5,1.0,,
2003-04-27,Lagos,26.2,24.1,25.5,95.0,52.1,100.0,8.33,rain,14.8,190.3,1011.2,90.0,,0.5,1.0,,
2003-04-28,Lagos,26.2,24.1,25.5,95.0,52.1,100.0,8.33,rain,14.8,190.3,1011.2,90.0,,0.5,1.0,,
2003-04-29,Lagos,26.2,24.1,25.5,95.0,52.1,100.0,8.33,rain,14.8,190.3,1011.2,90.0,,0.5,1.0,,
2003-04-30,Lagos,26.2,24.1,25.5,95.0,52.1,100.0,8.33,rain,14.8,190.3,1011.2,90.0,,0.5,1.0,,
2003-05-01,Lagos,26.2,24.1,25.5,95.0,52.1,100.0,8.33,rain,14.8,190.3,1011.2,90.0,,0.5,1.0,,
2003-05-02,Lagos,26.2,24.1,25.5,95.0,52.1,100.0,8.33,rain,14.8,190.3,1011.2,90.0,,0.5,1.0,,
2003-05-03,Lagos,26.2,24.1,25.5,95.0,52.1,100.0,8.33,rain,14.8,190.3,1011.2,90.0,,0.5,1.0,,
2003-05-04,Lagos,26.2,24.1,25.5,95.0,52.1,100.0,8.33,rain,14.8,190.3,1011.2,90.0,,0.5,1.0,,
2003-05-05,Lagos,26.2,24.1,25.5,95.0,52.1,100.0,8.33,rain,14.8,190.3,1011.2,90.0,,0.5,1.0,,
2003-05-06,Lagos,26.2,24.1,25.5,95.0,52.1,100.0,8.33,rain,14.8,190.3,1011.2,90.0,,0.5,1.0,,
2003-05-07,Lagos,26.2,24.1,25.5,95.0,52.1,100.0,8.33,rain,14.8,190.3,1011.2,90.0,,0.5,1.0,,
2003-05-08,Lagos,26.2,24.1,25.5,95.0,52.1,100.0,8.33,rain,14.8,190.3,1011.2,90.0,,0.5,1.0,,
2003-05-09,Lagos,26.2,24.1,25.5,95.0,52.1,100.0,8.33,rain,14.8,190.3,1011.2,90.0,,0.5,1.0,,
2003-05-10,Lagos,26.2,24.1,25.5,95.0,52.1,100.0,8.33,rain,14.8,190.3,1011.2,90.0,,0.5,1.0,,
2003-05-11,Lagos,26.2,24.1,25.5,95.0,52.1,100.0,8.33,rain,14.8,190.3,1011.2,90.0,,0.5,1.0,,
2003-05-12,Lagos,26.2,24.1,25.5,95.0,52.1,100.0,8.33,rain,14.8,190.3,1011.2,90.0,,0.5,1.0,,
2003-05-13,Lagos,26.2,24.1,25.5,95.0,52.1,100.0,8.33,rain,14.8,190.3,1011.2,90.0,,0.5,1.0,,
2003-05-14,Lagos,26.2,24.1,25.5,95.0,52.1,100.0,8.33,rain,14.8,190.3,1011.2,90.0,,0.5,1.0,,
2003-05-15,Lagos,26.2,24.1,25.5,95.0,52.1,100.0,8.33,rain,14.8,190.3,1011.2,90.0,,0.5,1.0,,
2003-05-16,Lagos,26.2,24.1,25.5,95.0,52.1,100.0,8.33,rain,14.8,190.3,1011.2,90.0,,0.5,1.0,,
2003-05-17,Lagos,26.2,24.1,25.5,95.0,52.1,100.0,8.33,rain,14.8,190.3,1011.2,90.0,,0.5,1.0,,
2003-05-18,Lagos,26.2,24.1,25.5,95.0,52.1,100.0,8.33,rain,14.8,190.3,1011.2,90.0,,0.5,1.0,,
2003-05-19,Lagos,26.2,24.1,25.5,95.0,52.1,100.0,8.33,rain,14.8,190.3,1011.2,90.0,,0.5,1.0,,
2003-05-20,Lagos,26.2,24.1,25.5,95.0,52.1,100.0,8.33,rain,14.8,190.3,1011.2,90.0,,0.5,1.0,,
2003-05-21,Lagos,26.2,24.1,25.5,95.0,52.1,100.0,8.33,rain,14.8,190.3,1011.2,90.0,,0.5,1.0,,
2003-05-22,Lagos,26.2,24.1,25.5,95.0,52.1,100.0,8.33,rain,14.8,190.3,1011.2,90.0,,0.5,1.0,,
2003-05-23,Lagos,26.2,24.1,25.5,95.0,52.1,100.0,8.33,rain,14.8,190.3,1011.2,90.0,,0.5,1.0,,
2003-05-24,Lagos,26.2,24.1,25.5,95.0,52.1,100.0,8.33,rain,14.8,190.3,1011.2,90.0,,0.5,1.0,,
2003-05-25,Lagos,26.2,24.1,25.5,95.0,52.1,100.0,8.33,rain,14.8,190.3,1011.2,90.0,,0.5,1.0,,
2003-05-26,Lagos,30.1,26.4,28.6,75.1,5.1,100.0,4.17,rain,27.7,200.2,1010.4,90.0,,0.84,0.0,,
2003-05-27,Lagos,30.1,26.4,28.6,75.1,5.1,100.0,4.17,rain,27.7,200.2,1010.4,90.0,,0.84,0.0,,
2003-05-28,Lagos,30.1,26.4,28.6,75.1,5.1,100.0,4.17,rain,27.7,200.2,1010.4,90.0,,0.84,0.0,,
2003-05-29,Lagos,30.1,26.4,28.6,75.1,5.1,100.0,4.17,rain,27.7,200.2,1010.4,90.0,,0.84,0.0,,
2003-05-30,Lagos,31.1,24.6,25.8,94.3,39.1,100.0,8.33,rain,18.4,226.4,1011.6,90.0,,0.98,1.0,,
2003-05-31,Lagos,30.1,24.4,26.5,90.1,2.0,100.0,4.17,rain,20.5,224.5,1011.8,90.0,,0.0,0.0,,
2003-06-01,Lagos,30.1,24.4,26.5,90.1,2.0,100.0,4.17,rain,20.5,224.5,1011.8,90.0,,0.0,0.0,,
2003-06-02,Lagos,28.2,25.7,27.0,91.7,0.3,100.0,4.17,rain,18.4,153.5,1012.5,90.0,,0.08,0.0,,
2003-06-03,Lagos,32.9,25.6,28.2,82.5,5.1,100.0,4.17,rain,27.7,201.5,1011.6,90.0,,0.11,0.0,,
2003-06-04,Lagos,32.9,25.6,28.2,82.5,5.1,100.0,4.17,rain,27.7,201.5,1011.6,90.0,,0.11,0.0,,
2003-06-05,Lagos,32.9,25.6,28.2,82.5,5.1,100.0,4.17,rain,27.7,201.5,1011.6,90.0,,0.11,0.0,,
2003-06-06,Lagos,32.9,25.6,28.2,82.5,5.1,100.0,4.17,rain,27.7,201.5,1011.6,90.0,,0.11,0.0,,
2003-06-07,Lagos,27.1,23.7,24.8,96.4,67.8,100.0,8.33,rain,13.0,247.9,1011.6,90.0,,0.25,1.0,,
2003-06-08,Lagos,27.1,23.7,24.8,96.4,67.8,100.0,8.33,rain,13.0,247.9,1011.6,90.0,,0.25,1.0,,
2003-06-09,Lagos,30.1,26.1,27.3,90.6,7.1,100.0,4.17,rain,31.3,223.7,1011.8,90.0,,0.32,0.0,,
2003-06-10,Lagos,30.1,26.1,27.3,90.6,7.1,100.0,4.17,rain,31.3,223.7,1011.8,90.0,,0.32,0.0,,
2003-06-11,Lagos,30.1,26.1,27.3,90.6,7.1,100.0,4.17,rain,31.3,223.7,1011.8,90.0,,0.32,0.0,,
2003-06-12,Lagos,30.1,26.1,27.3,90.6,7.1,100.0,4.17,rain,31.3,223.7,1011.8,90.0,,0.32,0.0,,
2003-06-13,Lagos,30.1,26.1,27.3,90.6,7.1,100.0,4.17,rain,31.3,223.7,1011.8,90.0,,0.32,0.0,,
2003-06-14,Lagos,30.1,26.1,27.3,90.6,7.1,100.0,4.17,rain,31.3,223.7,1011.8,90.0,,0.32,0.0,,
2003-06-15,Lagos,30.1,26.1,27.3,90.6,7.1,100.0,4.17,rain,31.3,223.7,1011.8,90.0,,0.32,0.0,,
2003-06-16,Lagos,30.1,24.1,26.4,91.1,17.0,100.0,8.33,rain,29.5,226.4,1011.2,90.0,,0.56,0.0,,
2003-06-17,Lagos,30.1,24.1,26.4,91.1,17.0,100.0,8.33,rain,29.5,226.4,1011.2,90.0,,0.56,0.0,,
2003-06-18,Lagos,30.1,24.1,26.4,91.1,17.0,100.0,8.33,rain,29.5,226.4,1011.2,90.0,,0.56,0.0,,
2003-06-19,Lagos,30.1,24.1,26.9,86.7,1.0,100.0,4.17,rain,33.5,215.7,1012.2,90.0,,0.66,0.0,,
2003-06-20,Lagos,30.1,24.4,26.7,88.5,6.1,100.0,4.17,rain,35.3,183.1,1011.3,90.0,,0.7,0.0,,
2003-06-21,Lagos,30.1,24.4,26.7,88.5,6.1,100.0,4.17,rain,35.3,183.1,1011.3,90.0,,0.7,0.0,,
2003-06-22,Lagos,26.2,23.1,24.3,95.6,3.0,100.0,4.17,rain,20.5,216.2,1012.4,90.0,,0.76,0.0,,
2003-06-23,Lagos,27.1,23.6,25.4,91.3,16.0,100.0,4.17,rain,25.9,218.8,1012.9,91.4,,0.79,0.0,,
2003-06-24,Lagos,28.1,23.9,25.8,87.8,0.5,100.0,4.17,rain,27.7,218.7,1013.3,90.0,,0.83,0.0,,
2003-06-25,Lagos,26.1,22.9,24.7,93.1,0.8,100.0,4.17,rain,29.5,218.3,1012.7,90.0,,0.86,0.0,,
2003-06-26,Lagos,27.1,22.6,24.7,88.8,6.1,100.0,4.17,rain,24.1,209.2,1013.2,90.0,,0.89,0.0,,
2003-06-27,Lagos,27.1,22.6,24.7,88.8,6.1,100.0,4.17,rain,24.1,209.2,1013.2,90.0,,0.89,0.0,,
2003-06-28,Lagos,27.1,22.6,24.7,88.8,6.1,100.0,4.17,rain,24.1,209.2,1013.2,90.0,,0.89,0.0,,
2003-06-29,Lagos,27.1,23.1,25.0,91.5,9.9,100.0,4.17,rain,40.7,222.3,1012.5,90.8,,0.0,0.0,,
2003-06-30,Lagos,27.1,23.1,25.0,91.5,9.9,100.0,4.17,rain,40.7,222.3,1012.5,90.8,,0.0,0.0,,
2003-07-01,Lagos,27.1,23.1,25.0,91.5,9.9,100.0,4.17,rain,40.7,222.3,1012.5,90.8,,0.0,0.0,,
2003-07-02,Lagos,27.1,23.1,25.0,91.5,9.9,100.0,4.17,rain,40.7,222.3,1012.5,90.8,,0.0,0.0,,
2003-07-03,Lagos,25.1,23.1,24.1,91.1,7.1,100.0,4.17,rain,25.9,216.1,1013.9,90.0,,0.13,0.0,,
2003-07-04,Lagos,30.1,22.1,25.0,87.5,10.9,100.0,4.17,rain,24.1,189.7,1013.0,90.0,,0.17,0.0,,
2003-07-05,Lagos,30.1,22.1,25.0,87.5,10.9,100.0,4.17,rain,24.1,189.7,1013.0,90.0,,0.17,0.0,,
2003-07-06,Lagos,30.1,22.1,25.0,87.5,10.9,100.0,4.17,rain,24.1,189.7,1013.0,90.0,,0.17,0.0,,
2003-07-07,Lagos,30.1,22.1,25.0,87.5,10.9,100.0,4.17,rain,24.1,189.7,1013.0,90.0,,0.17,0.0,,
2003-07-08,Lagos,30.1,22.1,25.0,87.5,10.9,100.0,4.17,rain,24.1,189.7,1013.0,90.0,,0.17,0.0,,
2003-07-09,Lagos,30.1,22.1,25.0,87.5,10.9,100.0,4.17,rain,24.1,189.7,1013.0,90.0,,0.17,0.0,,
2003-07-10,Lagos,30.1,22.1,25.0,87.5,10.9,100.0,4.17,rain,24.1,189.7,1013.0,90.0,,0.17,0.0,,
2003-07-11,Lagos,30.1,22.1,25.0,87.5,10.9,100.0,4.17,rain,24.1,189.7,1013.0,90.0,,0.17,0.0,,
2003-07-12,Lagos,30.1,22.1,25.0,87.5,10.9,100.0,4.17,rain,24.1,189.7,1013.0,90.0,,0.17,0.0,,
2003-07-13,Lagos,30.1,22.1,25.0,87.5,10.9,100.0,4.17,rain,24.1,189.7,1013.0,90.0,,0.17,0.0,,
2003-07-14,Lagos,30.1,22.1,25.0,87.5,10.9,100.0,4.17,rain,24.1,189.7,1013.0,90.0,,0.17,0.0,,
2003-07-15,Lagos,30.1,22.1,25.0,87.5,10.9,100.0,4.17,rain,24.1,189.7,1013.0,90.0,,0.17,0.0,,
2003-07-16,Lagos,30.1,22.1,25.0,87.5,10.9,100.0,4.17,rain,24.1,189.7,1013.0,90.0,,0.17,0.0,,
2003-07-17,Lagos,30.1,22.1,25.0,87.5,10.9,100.0,4.17,rain,24.1,189.7,1013.0,90.0,,0.17,0.0,,
2003-07-18,Lagos,29.1,24.9,25.7,91.0,7.1,100.0,4.17,rain,37.1,215.9,1015.0,90.0,,0.65,0.0,,
2003-07-19,Lagos,29.1,25.1,26.1,87.0,2.0,100.0,4.17,rain,33.5,231.6,1014.9,90.0,,0.68,0.0,,
2003-07-20,Lagos,29.1,25.1,26.1,87.0,2.0,100.0,4.17,rain,33.5,231.6,1014.9,90.0,,0.68,0.0,,
2003-07-21,Lagos,29.1,25.1,26.1,87.0,2.0,100.0,4.17,rain,33.5,231.6,1014.9,90.0,,0.68,0.0,,
2003-07-22,Lagos,29.1,25.1,26.1,87.0,2.0,100.0,4.17,rain,33.5,231.6,1014.9,90.0,,0.68,0.0,,
2003-07-23,Lagos,29.1,25.1,26.1,87.0,2.0,100.0,4.17,rain,33.5,231.6,1014.9,90.0,,0.68,0.0,,
2003-07-24,Lagos,29.1,25.1,26.1,87.0,2.0,100.0,4.17,rain,33.5,231.6,1014.9,90.0,,0.68,0.0,,
2003-07-25,Lagos,29.1,25.1,26.1,87.0,2.0,100.0,4.17,rain,33.5,231.6,1014.9,90.0,,0.68,0.0,,
2003-07-26,Lagos,29.1,25.1,26.1,87.0,2.0,100.0,4.17,rain,33.5,231.6,1014.9,90.0,,0.68,0.0,,
2003-07-27,Lagos,29.1,25.1,26.1,87.0,2.0,100.0,4.17,rain,33.5,231.6,1014.9,90.0,,0.68,0.0,,
2003-07-28,Lagos,29.1,25.1,26.1,87.0,2.0,100.0,4.17,rain,33.5,231.6,1014.9,90.0,,0.68,0.0,,
2003-07-29,Lagos,29.1,25.1,26.1,87.0,2.0,100.0,4.17,rain,33.5,231.6,1014.9,90.0,,0.68,0.0,,
2003-07-30,Lagos,29.1,25.1,26.1,87.0,2.0,100.0,4.17,rain,33.5,231.6,1014.9,90.0,,0.68,0.0,,
2003-07-31,Lagos,29.1,25.1,26.1,87.0,2.0,100.0,4.17,rain,33.5,231.6,1014.9,90.0,,0.68,0.0,,
2003-08-01,Lagos,29.1,25.1,26.1,87.0,2.0,100.0,4.17,rain,33.5,231.6,1014.9,90.0,,0.68,0.0,,
2003-08-02,Lagos,29.1,25.1,26.1,87.0,2.0,100.0,4.17,rain,33.5,231.6,1014.9,90.0,,0.68,0.0,,
2003-08-03,Lagos,29.1,25.1,26.1,87.0,2.0,100.0,4.17,rain,33.5,231.6,1014.9,90.0,,0.68,0.0,,
2003-08-04,Lagos,29.1,25.1,26.1,87.0,2.0,100.0,4.17,rain,33.5,231.6,1014.9,90.0,,0.68,0.0,,
2003-08-05,Lagos,29.1,25.1,26.1,87.0,2.0,100.0,4.17,rain,33.5,231.6,1014.9,90.0,,0.68,0.0,,
2003-08-06,Lagos,29.1,25.1,26.1,87.0,2.0,100.0,4.17,rain,33.5,231.6,1014.9,90.0,,0.68,0.0,,
2003-08-07,Lagos,29.1,25.1,26.1,87.0,2.0,100.0,4.17,rain,33.5,231.6,1014.9,90.0,,0.68,0.0,,
2003-08-08,Lagos,29.1,25.1,26.1,87.0,2.0,100.0,4.17,rain,33.5,231.6,1014.9,90.0,,0.68,0.0,,
2003-08-09,Lagos,29.1,25.1,26.1,87.0,2.0,100.0,4.17,rain,33.5,231.6,1014.9,90.0,,0.68,0.0,,
2003-08-10,Lagos,29.1,25.1,26.1,87.0,2.0,100.0,4.17,rain,33.5,231.6,1014.9,90.0,,0.68,0.0,,
2003-08-11,Lagos,29.1,25.1,26.1,87.0,2.0,100.0,4.17,rain,33.5,231.6,1014.9,90.0,,0.68,0.0,,
2003-08-12,Lagos,29.1,25.1,26.1,87.0,2.0,100.0,4.17,rain,33.5,231.6,1014.9,90.0,,0.68,0.0,,
2003-08-13,Lagos,29.1,25.1,26.1,87.0,2.0,100.0,4.17,rain,33.5,231.6,1014.9,90.0,,0.68,0.0,,
2003-08-14,Lagos,29.1,25.1,26.1,87.0,2.0,100.0,4.17,rain,33.5,231.6,1014.9,90.0,,0.68,0.0,,
2003-08-15,Lagos,29.1,25.1,26.1,87.0,2.0,100.0,4.17,rain,33.5,231.6,1014.9,90.0,,0.68,0.0,,
2003-08-16,Lagos,29.1,25.1,26.1,87.0,2.0,100.0,4.17,rain,33.5,231.6,1014.9,90.0,,0.68,0.0,,
2003-08-17,Lagos,29.1,25.1,26.1,87.0,2.0,100.0,4.17,rain,33.5,231.6,1014.9,90.0,,0.68,0.0,,
2003-08-18,Lagos,29.1,25.1,26.1,87.0,2.0,100.0,4.17,rain,33.5,231.6,1014.9,90.0,,0.68,0.0,,
2003-08-19,Lagos,29.1,25.1,26.1,87.0,2.0,100.0,4.17,rain,33.5,231.6,1014.9,90.0,,0.68,0.0,,
2003-08-20,Lagos,28.1,23.1,24.9,89.8,2.0,100.0,4.17,rain,22.3,218.9,1013.0,90.0,,0.75,0.0,,
2003-08-21,Lagos,28.1,22.9,25.1,89.2,5.1,100.0,4.17,rain,22.3,219.9,1013.1,90.0,,0.8,0.0,,
2003-08-22,Lagos,28.1,22.9,25.1,89.2,5.1,100.0,4.17,rain,22.3,219.9,1013.1,90.0,,0.8,0.0,,
2003-08-23,Lagos,27.1,23.7,25.2,87.1,1.0,100.0,4.17,rain,18.4,207.3,1013.5,90.0,,0.86,0.0,,
2003-08-24,Lagos,27.1,23.7,25.2,87.1,1.0,100.0,4.17,rain,18.4,207.3,1013.5,90.0,,0.86,0.0,,
2003-08-25,Lagos,27.1,23.7,25.2,87.1,1.0,100.0,4.17,rain,18.4,207.3,1013.5,90.0,,0.86,0.0,,
2003-08-26,Lagos,27.1,23.7,25.2,87.1,1.0,100.0,4.17,rain,18.4,207.3,1013.5,90.0,,0.86,0.0,,
2003-08-27,Lagos,27.1,23.7,25.2,87.1,1.0,100.0,4.17,rain,18.4,207.3,1013.5,90.0,,0.86,0.0,,
2003-08-28,Lagos,27.1,23.7,25.2,87.1,1.0,100.0,4.17,rain,18.4,207.3,1013.5,90.0,,0.86,0.0,,
2003-08-29,Lagos,27.1,23.7,25.2,87.1,1.0,100.0,4.17,rain,18.4,207.3,1013.5,90.0,,0.86,0.0,,
2003-08-30,Lagos,27.1,23.7,25.2,87.1,1.0,100.0,4.17,rain,18.4,207.3,1013.5,90.0,,0.86,0.0,,
2003-08-31,Lagos,27.1,23.7,25.2,87.1,1.0,100.0,4.17,rain,18.4,207.3,1013.5,90.0,,0.86,0.0,,
2003-09-01,Lagos,27.1,23.7,25.2,87.1,1.0,100.0,4.17,rain,18.4,207.3,1013.5,90.0,,0.86,0.0,,
2003-09-02,Lagos,27.1,23.7,25.2,87.1,1.0,100.0,4.17,rain,18.4,207.3,1013.5,90.0,,0.86,0.0,,
2003-09-03,Lagos,27.1,23.7,25.2,87.1,1.0,100.0,4.17,rain,18.4,207.3,1013.5,90.0,,0.86,0.0,,
2003-09-04,Lagos,27.1,23.7,25.2,87.1,1.0,100.0,4.17,rain,18.4,207.3,1013.5,90.0,,0.86,0.0,,
2003-09-05,Lagos,27.1,23.7,25.2,87.1,1.0,100.0,4.17,rain,18.4,207.3,1013.5,90.0,,0.86,0.0,,
2003-09-06,Lagos,27.1,23.7,25.2,87.1,1.0,100.0,4.17,rain,18.4,207.3,1013.5,90.0,,0.86,0.0,,
2003-09-07,Lagos,27.1,23.7,25.2,87.1,1.0,100.0,4.17,rain,18.4,207.3,1013.5,90.0,,0.86,0.0,,
2003-09-08,Lagos,27.1,23.7,25.2,87.1,1.0,100.0,4.17,rain,18.4,207.3,1013.5,90.0,,0.86,0.0,,
2003-09-09,Lagos,27.1,23.7,25.2,87.1,1.0,100.0,4.17,rain,18.4,207.3,1013.5,90.0,,0.86,0.0,,
2003-09-10,Lagos,27.1,23.7,25.2,87.1,1.0,100.0,4.17,rain,18.4,207.3,1013.5,90.0,,0.86,0.0,,
2003-09-11,Lagos,27.1,23.7,25.2,87.1,1.0,100.0,4.17,rain,18.4,207.3,1013.5,90.0,,0.86,0.0,,
2003-09-12,Lagos,27.1,23.7,25.2,87.1,1.0,100.0,4.17,rain,18.4,207.3,1013.5,90.0,,0.86,0.0,,
2003-09-13,Lagos,27.1,23.7,25.2,87.1,1.0,100.0,4.17,rain,18.4,207.3,1013.5,90.0,,0.86,0.0,,
2003-09-14,Lagos,27.1,23.7,25.2,87.1,1.0,100.0,4.17,rain,18.4,207.3,1013.5,90.0,,0.86,0.0,,
2003-09-15,Lagos,27.1,23.7,25.2,87.1,1.0,100.0,4.17,rain,18.4,207.3,1013.5,90.0,,0.86,0.0,,
2003-09-16,Lagos,27.1,23.7,25.2,87.1,1.0,100.0,4.17,rain,18.4,207.3,1013.5,90.0,,0.86,0.0,,
2003-09-17,Lagos,27.1,23.7,25.2,87.1,1.0,100.0,4.17,rain,18.4,207.3,1013.5,90.0,,0.86,0.0,,
2003-09-18,Lagos,27.1,23.7,25.2,87.1,1.0,100.0,4.17,rain,18.4,207.3,1013.5,90.0,,0.86,0.0,,
2003-09-19,Lagos,27.1,23.7,25.2,87.1,1.0,100.0,4.17,rain,18.4,207.3,1013.5,90.0,,0.86,0.0,,
2003-09-20,Lagos,27.1,23.7,25.2,87.1,1.0,100.0,4.17,rain,18.4,207.3,1013.5,90.0,,0.86,0.0,,
2003-09-21,Lagos,27.1,23.7,25.2,87.1,1.0,100.0,4.17,rain,18.4,207.3,1013.5,90.0,,0.86,0.0,,
2003-09-22,Lagos,27.1,23.7,25.2,87.1,1.0,100.0,4.17,rain,18.4,207.3,1013.5,90.0,,0.86,0.0,,
2003-09-23,Lagos,27.1,23.7,25.2,87.1,1.0,100.0,4.17,rain,18.4,207.3,1013.5,90.0,,0.86,0.0,,
2003-09-24,Lagos,27.1,23.7,25.2,87.1,1.0,100.0,4.17,rain,18.4,207.3,1013.5,90.0,,0.86,0.0,,
2003-09-25,Lagos,27.1,23.7,25.2,87.1,1.0,100.0,4.17,rain,18.4,207.3,1013.5,90.0,,0.86,0.0,,
2003-09-26,Lagos,27.1,23.7,25.2,87.1,1.0,100.0,4.17,rain,18.4,207.3,1013.5,90.0,,0.86,0.0,,
2003-09-27,Lagos,27.1,23.7,25.2,87.1,1.0,100.0,4.17,rain,18.4,207.3,1013.5,90.0,,0.86,0.0,,
2003-09-28,Lagos,27.1,23.7,25.2,87.1,1.0,100.0,4.17,rain,18.4,207.3,1013.5,90.0,,0.86,0.0,,
2003-09-29,Lagos,27.1,23.7,25.2,87.1,1.0,100.0,4.17,rain,18.4,207.3,1013.5,90.0,,0.86,0.0,,
2003-09-30,Lagos,27.1,23.7,25.2,87.1,1.0,100.0,4.17,rain,18.4,207.3,1013.5,90.0,,0.86,0.0,,
2003-10-01,Lagos,27.1,23.7,25.2,87.1,1.0,100.0,4.17,rain,18.4,207.3,1013.5,90.0,,0.86,0.0,,
2003-10-02,Lagos,27.1,23.7,25.2,87.1,1.0,100.0,4.17,rain,18.4,207.3,1013.5,90.0,,0.86,0.0,,
2003-10-03,Lagos,27.1,23.7,25.2,87.1,1.0,100.0,4.17,rain,18.4,207.3,1013.5,90.0,,0.86,0.0,,
2003-10-04,Lagos,27.1,23.7,25.2,87.1,1.0,100.0,4.17,rain,18.4,207.3,1013.5,90.0,,0.86,0.0,,
2003-10-05,Lagos,27.1,23.7,25.2,87.1,1.0,100.0,4.17,rain,18.4,207.3,1013.5,90.0,,0.86,0.0,,
2003-10-06,Lagos,27.1,23.7,25.2,87.1,1.0,100.0,4.17,rain,18.4,207.3,1013.5,90.0,,0.86,0.0,,
2003-10-07,Lagos,27.1,23.7,25.2,87.1,1.0,100.0,4.17,rain,18.4,207.3,1013.5,90.0,,0.86,0.0,,
2003-10-08,Lagos,27.1,23.7,25.2,87.1,1.0,100.0,4.17,rain,18.4,207.3,1013.5,90.0,,0.86,0.0,,
2003-10-09,Lagos,27.1,23.7,25.2,87.1,1.0,100.0,4.17,rain,18.4,207.3,1013.5,90.0,,0.86,0.0,,
2003-10-10,Lagos,27.1,23.7,25.2,87.1,1.0,100.0,4.17,rain,18.4,207.3,1013.5,90.0,,0.86,0.0,,
2003-10-11,Lagos,27.1,23.7,25.2,87.1,1.0,100.0,4.17,rain,18.4,207.3,1013.5,90.0,,0.86,0.0,,
2003-10-12,Lagos,27.1,23.7,25.2,87.1,1.0,100.0,4.17,rain,18.4,207.3,1013.5,90.0,,0.86,0.0,,
2003-10-13,Lagos,27.1,23.7,25.2,87.1,1.0,100.0,4.17,rain,18.4,207.3,1013.5,90.0,,0.86,0.0,,
2003-10-14,Lagos,27.1,23.7,25.2,87.1,1.0,100.0,4.17,rain,18.4,207.3,1013.5,90.0,,0.86,0.0,,
2003-10-15,Lagos,27.1,23.7,25.2,87.1,1.0,100.0,4.17,rain,18.4,207.3,1013.5,90.0,,0.86,0.0,,
2003-10-16,Lagos,27.1,23.7,25.2,87.1,1.0,100.0,4.17,rain,18.4,207.3,1013.5,90.0,,0.86,0.0,,
2003-10-17,Lagos,27.1,23.7,25.2,87.1,1.0,100.0,4.17,rain,18.4,207.3,1013.5,90.0,,0.86,0.0,,
2003-10-18,Lagos,27.1,23.7,25.2,87.1,1.0,100.0,4.17,rain,18.4,207.3,1013.5,90.0,,0.86,0.0,,
2003-10-19,Lagos,27.1,23.7,25.2,87.1,1.0,100.0,4.17,rain,18.4,207.3,1013.5,90.0,,0.86,0.0,,
2003-10-20,Lagos,27.1,23.7,25.2,87.1,1.0,100.0,4.17,rain,18.4,207.3,1013.5,90.0,,0.86,0.0,,
2003-10-21,Lagos,27.1,23.7,25.2,87.1,1.0,100.0,4.17,rain,18.4,207.3,1013.5,90.0,,0.86,0.0,,
2003-10-22,Lagos,27.1,23.7,25.2,87.1,1.0,100.0,4.17,rain,18.4,207.3,1013.5,90.0,,0.86,0.0,,
2003-10-23,Lagos,27.1,23.7,25.2,87.1,1.0,100.0,4.17,rain,18.4,207.3,1013.5,90.0,,0.86,0.0,,
2003-10-24,Lagos,27.1,23.7,25.2,87.1,1.0,100.0,4.17,rain,18.4,207.3,1013.5,90.0,,0.86,0.0,,
2003-10-25,Lagos,27.1,23.7,25.2,87.1,1.0,100.0,4.17,rain,18.4,207.3,1013.5,90.0,,0.86,0.0,,
2003-10-26,Lagos,27.1,23.7,25.2,87.1,1.0,100.0,4.17,rain,18.4,207.3,1013.5,90.0,,0.86,0.0,,
2003-10-27,Lagos,27.1,23.7,25.2,87.1,1.0,100.0,4.17,rain,18.4,207.3,1013.5,90.0,,0.86,0.0,,
2003-10-28,Lagos,27.1,23.7,25.2,87.1,1.0,100.0,4.17,rain,18.4,207.3,1013.5,90.0,,0.86,0.0,,
2003-10-29,Lagos,27.1,23.7,25.2,87.1,1.0,100.0,4.17,rain,18.4,207.3,1013.5,90.0,,0.86,0.0,,
2003-10-30,Lagos,27.1,23.7,25.2,87.1,1.0,100.0,4.17,rain,18.4,207.3,1013.5,90.0,,0.86,0.0,,
2003-10-31,Lagos,27.1,23.7,25.2,87.1,1.0,100.0,4.17,rain,18.4,207.3,1013.5,90.0,,0.86,0.0,,
2003-11-01,Lagos,27.1,23.7,25.2,87.1,1.0,100.0,4.17,rain,18.4,207.3,1013.5,90.0,,0.86,0.0,,
2003-11-02,Lagos,27.1,23.7,25.2,87.1,1.0,100.0,4.17,rain,18.4,207.3,1013.5,90.0,,0.86,0.0,,
2003-11-03,Lagos,27.1,23.7,25.2,87.1,1.0,100.0,4.17,rain,18.4,207.3,1013.5,90.0,,0.86,0.0,,
2003-11-04,Lagos,27.1,23.7,25.2,87.1,1.0,100.0,4.17,rain,18.4,207.3,1013.5,90.0,,0.86,0.0,,
2003-11-05,Lagos,27.1,23.7,25.2,87.1,1.0,100.0,4.17,rain,18.4,207.3,1013.5,90.0,,0.86,0.0,,
2003-11-06,Lagos,27.1,23.7,25.2,87.1,1.0,100.0,4.17,rain,18.4,207.3,1013.5,90.0,,0.86,0.0,,
2003-11-07,Lagos,27.1,23.7,25.2,87.1,1.0,100.0,4.17,rain,18.4,207.3,1013.5,90.0,,0.86,0.0,,
2003-11-08,Lagos,27.1,23.7,25.2,87.1,1.0,100.0,4.17,rain,18.4,207.3,1013.5,90.0,,0.86,0.0,,
2003-11-09,Lagos,27.1,23.7,25.2,87.1,1.0,100.0,4.17,rain,18.4,207.3,1013.5,90.0,,0.86,0.0,,
2003-11-10,Lagos,27.1,23.7,25.2,87.1,1.0,100.0,4.17,rain,18.4,207.3,1013.5,90.0,,0.86,0.0,,
2003-11-11,Lagos,27.1,23.7,25.2,87.1,1.0,100.0,4.17,rain,18.4,207.3,1013.5,90.0,,0.86,0.0,,
2003-11-12,Lagos,27.1,23.7,25.2,87.1,1.0,100.0,4.17,rain,18.4,207.3,1013.5,90.0,,0.86,0.0,,
2003-11-13,Lagos,27.1,23.7,25.2,87.1,1.0,100.0,4.17,rain,18.4,207.3,1013.5,90.0,,0.86,0.0,,
2003-11-14,Lagos,27.1,23.7,25.2,87.1,1.0,100.0,4.17,rain,18.4,207.3,1013.5,90.0,,0.86,0.0,,
2003-11-15,Lagos,27.1,23.7,25.2,87.1,1.0,100.0,4.17,rain,18.4,207.3,1013.5,90.0,,0.86,0.0,,
2003-11-16,Lagos,27.1,23.7,25.2,87.1,1.0,100.0,4.17,rain,18.4,207.3,1013.5,90.0,,0.86,0.0,,
2003-11-17,Lagos,27.1,23.7,25.2,87.1,1.0,100.0,4.17,rain,18.4,207.3,1013.5,90.0,,0.86,0.0,,
2003-11-18,Lagos,27.1,23.7,25.2,87.1,1.0,100.0,4.17,rain,18.4,207.3,1013.5,90.0,,0.86,0.0,,
2003-11-19,Lagos,27.1,23.7,25.2,87.1,1.0,100.0,4.17,rain,18.4,207.3,1013.5,90.0,,0.86,0.0,,
2003-11-20,Lagos,27.1,23.7,25.2,87.1,1.0,100.0,4.17,rain,18.4,207.3,1013.5,90.0,,0.86,0.0,,
2003-11-21,Lagos,27.1,23.7,25.2,87.1,1.0,100.0,4.17,rain,18.4,207.3,1013.5,90.0,,0.86,0.0,,
2003-11-22,Lagos,27.1,23.7,25.2,87.1,1.0,100.0,4.17,rain,18.4,207.3,1013.5,90.0,,0.86,0.0,,
2003-11-23,Lagos,27.1,23.7,25.2,87.1,1.0,100.0,4.17,rain,18.4,207.3,1013.5,90.0,,0.86,0.0,,
2003-11-24,Lagos,27.1,23.7,25.2,87.1,1.0,100.0,4.17,rain,18.4,207.3,1013.5,90.0,,0.86,0.0,,
2003-11-25,Lagos,27.1,23.7,25.2,87.1,1.0,100.0,4.17,rain,18.4,207.3,1013.5,90.0,,0.86,0.0,,
2003-11-26,Lagos,27.1,23.7,25.2,87.1,1.0,100.0,4.17,rain,18.4,207.3,1013.5,90.0,,0.86,0.0,,
2003-11-27,Lagos,27.1,23.7,25.2,87.1,1.0,100.0,4.17,rain,18.4,207.3,1013.5,90.0,,0.86,0.0,,
2003-11-28,Lagos,27.1,23.7,25.2,87.1,1.0,100.0,4.17,rain,18.4,207.3,1013.5,90.0,,0.86,0.0,,
2003-11-29,Lagos,27.1,23.7,25.2,87.1,1.0,100.0,4.17,rain,18.4,207.3,1013.5,90.0,,0.86,0.0,,
2003-11-30,Lagos,27.1,23.7,25.2,87.1,1.0,100.0,4.17,rain,18.4,207.3,1013.5,90.0,,0.86,0.0,,
2003-12-01,Lagos,27.1,23.7,25.2,87.1,1.0,100.0,4.17,rain,18.4,207.3,1013.5,90.0,,0.86,0.0,,
2003-12-02,Lagos,27.1,23.7,25.2,87.1,1.0,100.0,4.17,rain,18.4,207.3,1013.5,90.0,,0.86,0.0,,
2003-12-03,Lagos,27.1,23.7,25.2,87.1,1.0,100.0,4.17,rain,18.4,207.3,1013.5,90.0,,0.86,0.0,,
2003-12-04,Lagos,27.1,23.7,25.2,87.1,1.0,100.0,4.17,rain,18.4,207.3,1013.5,90.0,,0.86,0.0,,
2003-12-05,Lagos,27.1,23.7,25.2,87.1,1.0,100.0,4.17,rain,18.4,207.3,1013.5,90.0,,0.86,0.0,,
2003-12-06,Lagos,27.1,23.7,25.2,87.1,1.0,100.0,4.17,rain,18.4,207.3,1013.5,90.0,,0.86,0.0,,
2003-12-07,Lagos,27.1,23.7,25.2,87.1,1.0,100.0,4.17,rain,18.4,207.3,1013.5,90.0,,0.86,0.0,,
2003-12-08,Lagos,27.1,23.7,25.2,87.1,1.0,100.0,4.17,rain,18.4,207.3,1013.5,90.0,,0.86,0.0,,
2003-12-09,Lagos,27.1,23.7,25.2,87.1,1.0,100.0,4.17,rain,18.4,207.3,1013.5,90.0,,0.86,0.0,,
2003-12-10,Lagos,27.1,23.7,25.2,87.1,1.0,100.0,4.17,rain,18.4,207.3,1013.5,90.0,,0.86,0.0,,
2003-12-11,Lagos,27.1,23.7,25.2,87.1,1.0,100.0,4.17,rain,18.4,207.3,1013.5,90.0,,0.86,0.0,,
2003-12-12,Lagos,27.1,23.7,25.2,87.1,1.0,100.0,4.17,rain,18.4,207.3,1013.5,90.0,,0.86,0.0,,
2003-12-13,Lagos,27.1,23.7,25.2,87.1,1.0,100.0,4.17,rain,18.4,207.3,1013.5,90.0,,0.86,0.0,,
2003-12-14,Lagos,27.1,23.7,25.2,87.1,1.0,100.0,4.17,rain,18.4,207.3,1013.5,90.0,,0.86,0.0,,
2003-12-15,Lagos,27.1,23.7,25.2,87.1,1.0,100.0,4.17,rain,18.4,207.3,1013.5,90.0,,0.86,0.0,,
2003-12-16,Lagos,27.1,23.7,25.2,87.1,1.0,100.0,4.17,rain,18.4,207.3,1013.5,90.0,,0.86,0.0,,
2003-12-17,Lagos,27.1,23.7,25.2,87.1,1.0,100.0,4.17,rain,18.4,207.3,1013.5,90.0,,0.86,0.0,,
2003-12-18,Lagos,27.1,23.7,25.2,87.1,1.0,100.0,4.17,rain,18.4,207.3,1013.5,90.0,,0.86,0.0,,
2003-12-19,Lagos,27.1,23.7,25.2,87.1,1.0,100.0,4.17,rain,18.4,207.3,1013.5,90.0,,0.86,0.0,,
2003-12-20,Lagos,27.1,23.7,25.2,87.1,1.0,100.0,4.17,rain,18.4,207.3,1013.5,90.0,,0.86,0.0,,
2003-12-21,Lagos,27.1,23.7,25.2,87.1,1.0,100.0,4.17,rain,18.4,207.3,1013.5,90.0,,0.86,0.0,,
2003-12-22,Lagos,27.1,23.7,25.2,87.1,1.0,100.0,4.17,rain,18.4,207.3,1013.5,90.0,,0.86,0.0,,
2003-12-23,Lagos,27.1,23.7,25.2,87.1,1.0,100.0,4.17,rain,18.4,207.3,1013.5,90.0,,0.86,0.0,,
2003-12-24,Lagos,27.1,23.7,25.2,87.1,1.0,100.0,4.17,rain,18.4,207.3,1013.5,90.0,,0.86,0.0,,
2003-12-25,Lagos,27.1,23.7,25.2,87.1,1.0,100.0,4.17,rain,18.4,207.3,1013.5,90.0,,0.86,0.0,,
2003-12-26,Lagos,27.1,23.7,25.2,87.1,1.0,100.0,4.17,rain,18.4,207.3,1013.5,90.0,,0.86,0.0,,
2003-12-27,Lagos,27.1,23.7,25.2,87.1,1.0,100.0,4.17,rain,18.4,207.3,1013.5,90.0,,0.86,0.0,,
2003-12-28,Lagos,27.1,23.7,25.2,87.1,1.0,100.0,4.17,rain,18.4,207.3,1013.5,90.0,,0.86,0.0,,
2003-12-29,Lagos,27.1,23.7,25.2,87.1,1.0,100.0,4.17,rain,18.4,207.3,1013.5,90.0,,0.86,0.0,,
2003-12-30,Lagos,27.1,23.7,25.2,87.1,1.0,100.0,4.17,rain,18.4,207.3,1013.5,90.0,,0.86,0.0,,
2003-12-31,Lagos,27.1,23.7,25.2,87.1,1.0,100.0,4.17,rain,18.4,207.3,1013.5,90.0,,0.86,0.0,,
2004-01-01,Lagos,27.1,23.7,25.2,87.1,1.0,100.0,4.17,rain,18.4,207.3,1013.5,90.0,,0.86,0.0,,
2004-01-02,Lagos,27.1,23.7,25.2,87.1,1.0,100.0,4.17,rain,18.4,207.3,1013.5,90.0,,0.86,0.0,,
2004-01-03,Lagos,27.1,23.7,25.2,87.1,1.0,100.0,4.17,rain,18.4,207.3,1013.5,90.0,,0.86,0.0,,
2004-01-04,Lagos,27.1,23.7,25.2,87.1,1.0,100.0,4.17,rain,18.4,207.3,1013.5,90.0,,0.86,0.0,,
2004-01-05,Lagos,27.1,23.7,25.2,87.1,1.0,100.0,4.17,rain,18.4,207.3,1013.5,90.0,,0.86,0.0,,
2004-01-06,Lagos,27.1,23.7,25.2,87.1,1.0,100.0,4.17,rain,18.4,207.3,1013.5,90.0,,0.86,0.0,,
2004-01-07,Lagos,27.1,23.7,25.2,87.1,1.0,100.0,4.17,rain,18.4,207.3,1013.5,90.0,,0.86,0.0,,
2004-01-08,Lagos,27.1,23.7,25.2,87.1,1.0,100.0,4.17,rain,18.4,207.3,1013.5,90.0,,0.86,0.0,,
2004-01-09,Lagos,27.1,23.7,25.2,87.1,1.0,100.0,4.17,rain,18.4,207.3,1013.5,90.0,,0.86,0.0,,
2004-01-10,Lagos,27.1,23.7,25.2,87.1,1.0,100.0,4.17,rain,18.4,207.3,1013.5,90.0,,0.86,0.0,,
2004-01-11,Lagos,27.1,23.7,25.2,87.1,1.0,100.0,4.17,rain,18.4,207.3,1013.5,90.0,,0.86,0.0,,
2004-01-12,Lagos,27.1,23.7,25.2,87.1,1.0,100.0,4.17,rain,18.4,207.3,1013.5,90.0,,0.86,0.0,,
2004-01-13,Lagos,27.1,23.7,25.2,87.1,1.0,100.0,4.17,rain,18.4,207.3,1013.5,90.0,,0.86,0.0,,
2004-01-14,Lagos,27.1,23.7,25.2,87.1,1.0,100.0,4.17,rain,18.4,207.3,1013.5,90.0,,0.86,0.0,,
2004-01-15,Lagos,27.1,23.7,25.2,87.1,1.0,100.0,4.17,rain,18.4,207.3,1013.5,90.0,,0.86,0.0,,
2004-01-16,Lagos,27.1,23.7,25.2,87.1,1.0,100.0,4.17,rain,18.4,207.3,1013.5,90.0,,0.86,0.0,,
2004-01-17,Lagos,27.1,23.7,25.2,87.1,1.0,100.0,4.17,rain,18.4,207.3,1013.5,90.0,,0.86,0.0,,
2004-01-18,Lagos,27.1,23.7,25.2,87.1,1.0,100.0,4.17,rain,18.4,207.3,1013.5,90.0,,0.86,0.0,,
2004-01-19,Lagos,27.1,23.7,25.2,87.1,1.0,100.0,4.17,rain,18.4,207.3,1013.5,90.0,,0.86,0.0,,
2004-01-20,Lagos,27.1,23.7,25.2,87.1,1.0,100.0,4.17,rain,18.4,207.3,1013.5,90.0,,0.86,0.0,,
2004-01-21,Lagos,27.1,23.7,25.2,87.1,1.0,100.0,4.17,rain,18.4,207.3,1013.5,90.0,,0.86,0.0,,
2004-01-22,Lagos,27.1,23.7,25.2,87.1,1.0,100.0,4.17,rain,18.4,207.3,1013.5,90.0,,0.86,0.0,,
2004-01-23,Lagos,27.1,23.7,25.2,87.1,1.0,100.0,4.17,rain,18.4,207.3,1013.5,90.0,,0.86,0.0,,
2004-01-24,Lagos,27.1,23.7,25.2,87.1,1.0,100.0,4.17,rain,18.4,207.3,1013.5,90.0,,0.86,0.0,,
2004-01-25,Lagos,27.1,23.7,25.2,87.1,1.0,100.0,4.17,rain,18.4,207.3,1013.5,90.0,,0.86,0.0,,
2004-01-26,Lagos,27.1,23.7,25.2,87.1,1.0,100.0,4.17,rain,18.4,207.3,1013.5,90.0,,0.86,0.0,,
2004-01-27,Lagos,27.1,23.7,25.2,87.1,1.0,100.0,4.17,rain,18.4,207.3,1013.5,90.0,,0.86,0.0,,
2004-01-28,Lagos,27.1,23.7,25.2,87.1,1.0,100.0,4.17,rain,18.4,207.3,1013.5,90.0,,0.86,0.0,,
2004-01-29,Lagos,27.1,23.7,25.2,87.1,1.0,100.0,4.17,rain,18.4,207.3,1013.5,90.0,,0.86,0.0,,
2004-01-30,Lagos,27.1,23.7,25.2,87.1,1.0,100.0,4.17,rain,18.4,207.3,1013.5,90.0,,0.86,0.0,,
2004-01-31,Lagos,27.1,23.7,25.2,87.1,1.0,100.0,4.17,rain,18.4,207.3,1013.5,90.0,,0.86,0.0,,
2004-02-01,Lagos,27.1,23.7,25.2,87.1,1.0,100.0,4.17,rain,18.4,207.3,1013.5,90.0,,0.86,0.0,,
2004-02-02,Lagos,27.1,23.7,25.2,87.1,1.0,100.0,4.17,rain,18.4,207.3,1013.5,90.0,,0.86,0.0,,
2004-02-03,Lagos,27.1,23.7,25.2,87.1,1.0,100.0,4.17,rain,18.4,207.3,1013.5,90.0,,0.86,0.0,,
2004-02-04,Lagos,27.1,23.7,25.2,87.1,1.0,100.0,4.17,rain,18.4,207.3,1013.5,90.0,,0.86,0.0,,
2004-02-05,Lagos,27.1,23.7,25.2,87.1,1.0,100.0,4.17,rain,18.4,207.3,1013.5,90.0,,0.86,0.0,,
2004-02-06,Lagos,27.1,23.7,25.2,87.1,1.0,100.0,4.17,rain,18.4,207.3,1013.5,90.0,,0.86,0.0,,
2004-02-07,Lagos,27.1,23.7,25.2,87.1,1.0,100.0,4.17,rain,18.4,207.3,1013.5,90.0,,0.86,0.0,,
2004-02-08,Lagos,27.1,23.7,25.2,87.1,1.0,100.0,4.17,rain,18.4,207.3,1013.5,90.0,,0.86,0.0,,
2004-02-09,Lagos,27.1,23.7,25.2,87.1,1.0,100.0,4.17,rain,18.4,207.3,1013.5,90.0,,0.86,0.0,,
2004-02-10,Lagos,27.1,23.7,25.2,87.1,1.0,100.0,4.17,rain,18.4,207.3,1013.5,90.0,,0.86,0.0,,
2004-02-11,Lagos,27.1,23.7,25.2,87.1,1.0,100.0,4.17,rain,18.4,207.3,1013.5,90.0,,0.86,0.0,,
2004-02-12,Lagos,27.1,23.7,25.2,87.1,1.0,100.0,4.17,rain,18.4,207.3,1013.5,90.0,,0.86,0.0,,
2004-02-13,Lagos,27.1,23.7,25.2,87.1,1.0,100.0,4.17,rain,18.4,207.3,1013.5,90.0,,0.86,0.0,,
2004-02-14,Lagos,27.1,23.7,25.2,87.1,1.0,100.0,4.17,rain,18.4,207.3,1013.5,90.0,,0.86,0.0,,
2004-02-15,Lagos,27.1,23.7,25.2,87.1,1.0,100.0,4.17,rain,18.4,207.3,1013.5,90.0,,0.86,0.0,,
2004-02-16,Lagos,27.1,23.7,25.2,87.1,1.0,100.0,4.17,rain,18.4,207.3,1013.5,90.0,,0.86,0.0,,
2004-02-17,Lagos,27.1,23.7,25.2,87.1,1.0,100.0,4.17,rain,18.4,207.3,1013.5,90.0,,0.86,0.0,,
2004-02-18,Lagos,27.1,23.7,25.2,87.1,1.0,100.0,4.17,rain,18.4,207.3,1013.5,90.0,,0.86,0.0,,
2004-02-19,Lagos,27.1,23.7,25.2,87.1,1.0,100.0,4.17,rain,18.4,207.3,1013.5,90.0,,0.86,0.0,,
2004-02-20,Lagos,27.1,23.7,25.2,87.1,1.0,100.0,4.17,rain,18.4,207.3,1013.5,90.0,,0.86,0.0,,
2004-02-21,Lagos,27.1,23.7,25.2,87.1,1.0,100.0,4.17,rain,18.4,207.3,1013.5,90.0,,0.86,0.0,,
2004-02-22,Lagos,27.1,23.7,25.2,87.1,1.0,100.0,4.17,rain,18.4,207.3,1013.5,90.0,,0.86,0.0,,
2004-02-23,Lagos,27.1,23.7,25.2,87.1,1.0,100.0,4.17,rain,18.4,207.3,1013.5,90.0,,0.86,0.0,,
2004-02-24,Lagos,27.1,23.7,25.2,87.1,1.0,100.0,4.17,rain,18.4,207.3,1013.5,90.0,,0.86,0.0,,
2004-02-25,Lagos,27.1,23.7,25.2,87.1,1.0,100.0,4.17,rain,18.4,207.3,1013.5,90.0,,0.86,0.0,,
2004-02-26,Lagos,27.1,23.7,25.2,87.1,1.0,100.0,4.17,rain,18.4,207.3,1013.5,90.0,,0.86,0.0,,
2004-02-27,Lagos,27.1,23.7,25.2,87.1,1.0,100.0,4.17,rain,18.4,207.3,1013.5,90.0,,0.86,0.0,,
2004-02-28,Lagos,27.1,23.7,25.2,87.1,1.0,100.0,4.17,rain,18.4,207.3,1013.5,90.0,,0.86,0.0,,
2004-02-29,Lagos,27.1,23.7,25.2,87.1,1.0,100.0,4.17,rain,18.4,207.3,1013.5,90.0,,0.86,0.0,,
2004-03-01,Lagos,27.1,23.7,25.2,87.1,1.0,100.0,4.17,rain,18.4,207.3,1013.5,90.0,,0.86,0.0,,
2004-03-02,Lagos,27.1,23.7,25.2,87.1,1.0,100.0,4.17,rain,18.4,207.3,1013.5,90.0,,0.86,0.0,,
2004-03-03,Lagos,27.1,23.7,25.2,87.1,1.0,100.0,4.17,rain,18.4,207.3,1013.5,90.0,,0.86,0.0,,
2004-03-04,Lagos,27.1,23.7,25.2,87.1,1.0,100.0,4.17,rain,18.4,207.3,1013.5,90.0,,0.86,0.0,,
2004-03-05,Lagos,27.1,23.7,25.2,87.1,1.0,100.0,4.17,rain,18.4,207.3,1013.5,90.0,,0.86,0.0,,
2004-03-06,Lagos,27.1,23.7,25.2,87.1,1.0,100.0,4.17,rain,18.4,207.3,1013.5,90.0,,0.86,0.0,,
2004-03-07,Lagos,27.1,23.7,25.2,87.1,1.0,100.0,4.17,rain,18.4,207.3,1013.5,90.0,,0.86,0.0,,
2004-03-08,Lagos,27.1,23.7,25.2,87.1,1.0,100.0,4.17,rain,18.4,207.3,1013.5,90.0,,0.86,0.0,,
2004-03-09,Lagos,27.1,23.7,25.2,87.1,1.0,100.0,4.17,rain,18.4,207.3,1013.5,90.0,,0.86,0.0,,
2004-03-10,Lagos,27.1,23.7,25.2,87.1,1.0,100.0,4.17,rain,18.4,207.3,1013.5,90.0,,0.86,0.0,,
2004-03-11,Lagos,27.1,23.7,25.2,87.1,1.0,100.0,4.17,rain,18.4,207.3,1013.5,90.0,,0.86,0.0,,
2004-03-12,Lagos,27.1,23.7,25.2,87.1,1.0,100.0,4.17,rain,18.4,207.3,1013.5,90.0,,0.86,0.0,,
2004-03-13,Lagos,27.1,23.7,25.2,87.1,1.0,100.0,4.17,rain,18.4,207.3,1013.5,90.0,,0.86,0.0,,
2004-03-14,Lagos,27.1,23.7,25.2,87.1,1.0,100.0,4.17,rain,18.4,207.3,1013.5,90.0,,0.86,0.0,,
2004-03-15,Lagos,27.1,23.7,25.2,87.1,1.0,100.0,4.17,rain,18.4,207.3,1013.5,90.0,,0.86,0.0,,
2004-03-16,Lagos,27.1,23.7,25.2,87.1,1.0,100.0,4.17,rain,18.4,207.3,1013.5,90.0,,0.86,0.0,,
2004-03-17,Lagos,27.1,23.7,25.2,87.1,1.0,100.0,4.17,rain,18.4,207.3,1013.5,90.0,,0.86,0.0,,
2004-03-18,Lagos,27.1,23.7,25.2,87.1,1.0,100.0,4.17,rain,18.4,207.3,1013.5,90.0,,0.86,0.0,,
2004-03-19,Lagos,27.1,23.7,25.2,87.1,1.0,100.0,4.17,rain,18.4,207.3,1013.5,90.0,,0.86,0.0,,
2004-03-20,Lagos,27.1,23.7,25.2,87.1,1.0,100.0,4.17,rain,18.4,207.3,1013.5,90.0,,0.86,0.0,,
2004-03-21,Lagos,27.1,23.7,25.2,87.1,1.0,100.0,4.17,rain,18.4,207.3,1013.5,90.0,,0.86,0.0,,
2004-03-22,Lagos,27.1,23.7,25.2,87.1,1.0,100.0,4.17,rain,18.4,207.3,1013.5,90.0,,0.86,0.0,,
2004-03-23,Lagos,27.1,23.7,25.2,87.1,1.0,100.0,4.17,rain,18.4,207.3,1013.5,90.0,,0.86,0.0,,
2004-03-24,Lagos,27.1,23.7,25.2,87.1,1.0,100.0,4.17,rain,18.4,207.3,1013.5,90.0,,0.86,0.0,,
2004-03-25,Lagos,27.1,23.7,25.2,87.1,1.0,100.0,4.17,rain,18.4,207.3,1013.5,90.0,,0.86,0.0,,
2004-03-26,Lagos,27.1,23.7,25.2,87.1,1.0,100.0,4.17,rain,18.4,207.3,1013.5,90.0,,0.86,0.0,,
2004-03-27,Lagos,27.1,23.7,25.2,87.1,1.0,100.0,4.17,rain,18.4,207.3,1013.5,90.0,,0.86,0.0,,
2004-03-28,Lagos,27.1,23.7,25.2,87.1,1.0,100.0,4.17,rain,18.4,207.3,1013.5,90.0,,0.86,0.0,,
2004-03-29,Lagos,27.1,23.7,25.2,87.1,1.0,100.0,4.17,rain,18.4,207.3,1013.5,90.0,,0.86,0.0,,
2004-03-30,Lagos,27.1,23.7,25.2,87.1,1.0,100.0,4.17,rain,18.4,207.3,1013.5,90.0,,0.86,0.0,,
2004-03-31,Lagos,27.1,23.7,25.2,87.1,1.0,100.0,4.17,rain,18.4,207.3,1013.5,90.0,,0.86,0.0,,
2004-04-01,Lagos,27.1,23.7,25.2,87.1,1.0,100.0,4.17,rain,18.4,207.3,1013.5,90.0,,0.86,0.0,,
2004-04-02,Lagos,27.1,23.7,25.2,87.1,1.0,100.0,4.17,rain,18.4,207.3,1013.5,90.0,,0.86,0.0,,
2004-04-03,Lagos,27.1,23.7,25.2,87.1,1.0,100.0,4.17,rain,18.4,207.3,1013.5,90.0,,0.86,0.0,,
2004-04-04,Lagos,27.1,23.7,25.2,87.1,1.0,100.0,4.17,rain,18.4,207.3,1013.5,90.0,,0.86,0.0,,
2004-04-05,Lagos,27.1,23.7,25.2,87.1,1.0,100.0,4.17,rain,18.4,207.3,1013.5,90.0,,0.86,0.0,,
2004-04-06,Lagos,27.1,23.7,25.2,87.1,1.0,100.0,4.17,rain,18.4,207.3,1013.5,90.0,,0.86,0.0,,
2004-04-07,Lagos,27.1,23.7,25.2,87.1,1.0,100.0,4.17,rain,18.4,207.3,1013.5,90.0,,0.86,0.0,,
2004-04-08,Lagos,27.1,23.7,25.2,87.1,1.0,100.0,4.17,rain,18.4,207.3,1013.5,90.0,,0.86,0.0,,
2004-04-09,Lagos,27.1,23.7,25.2,87.1,1.0,100.0,4.17,rain,18.4,207.3,1013.5,90.0,,0.86,0.0,,
2004-04-10,Lagos,27.1,23.7,25.2,87.1,1.0,100.0,4.17,rain,18.4,207.3,1013.5,90.0,,0.86,0.0,,
2004-04-11,Lagos,27.1,23.7,25.2,87.1,1.0,100.0,4.17,rain,18.4,207.3,1013.5,90.0,,0.86,0.0,,
2004-04-12,Lagos,27.1,23.7,25.2,87.1,1.0,100.0,4.17,rain,18.4,207.3,1013.5,90.0,,0.86,0.0,,
2004-04-13,Lagos,27.1,23.7,25.2,87.1,1.0,100.0,4.17,rain,18.4,207.3,1013.5,90.0,,0.86,0.0,,
2004-04-14,Lagos,27.1,23.7,25.2,87.1,1.0,100.0,4.17,rain,18.4,207.3,1013.5,90.0,,0.86,0.0,,
2004-04-15,Lagos,27.1,23.7,25.2,87.1,1.0,100.0,4.17,rain,18.4,207.3,1013.5,90.0,,0.86,0.0,,
2004-04-16,Lagos,27.1,23.7,25.2,87.1,1.0,100.0,4.17,rain,18.4,207.3,1013.5,90.0,,0.86,0.0,,
2004-04-17,Lagos,27.1,23.7,25.2,87.1,1.0,100.0,4.17,rain,18.4,207.3,1013.5,90.0,,0.86,0.0,,
2004-04-18,Lagos,27.1,23.7,25.2,87.1,1.0,100.0,4.17,rain,18.4,207.3,1013.5,90.0,,0.86,0.0,,
2004-04-19,Lagos,27.1,23.7,25.2,87.1,1.0,100.0,4.17,rain,18.4,207.3,1013.5,90.0,,0.86,0.0,,
2004-04-20,Lagos,27.1,23.7,25.2,87.1,1.0,100.0,4.17,rain,18.4,207.3,1013.5,90.0,,0.86,0.0,,
2004-04-21,Lagos,27.1,23.7,25.2,87.1,1.0,100.0,4.17,rain,18.4,207.3,1013.5,90.0,,0.86,0.0,,
2004-04-22,Lagos,27.1,23.7,25.2,87.1,1.0,100.0,4.17,rain,18.4,207.3,1013.5,90.0,,0.86,0.0,,
2004-04-23,Lagos,27.1,23.7,25.2,87.1,1.0,100.0,4.17,rain,18.4,207.3,1013.5,90.0,,0.86,0.0,,
2004-04-24,Lagos,27.1,23.7,25.2,87.1,1.0,100.0,4.17,rain,18.4,207.3,1013.5,90.0,,0.86,0.0,,
2004-04-25,Lagos,27.1,23.7,25.2,87.1,1.0,100.0,4.17,rain,18.4,207.3,1013.5,90.0,,0.86,0.0,,
2004-04-26,Lagos,27.1,23.7,25.2,87.1,1.0,100.0,4.17,rain,18.4,207.3,1013.5,90.0,,0.86,0.0,,
2004-04-27,Lagos,27.1,23.7,25.2,87.1,1.0,100.0,4.17,rain,18.4,207.3,1013.5,90.0,,0.86,0.0,,
2004-04-28,Lagos,27.1,23.7,25.2,87.1,1.0,100.0,4.17,rain,18.4,207.3,1013.5,90.0,,0.86,0.0,,
2004-04-29,Lagos,27.1,23.7,25.2,87.1,1.0,100.0,4.17,rain,18.4,207.3,1013.5,90.0,,0.86,0.0,,
2004-04-30,Lagos,27.1,23.7,25.2,87.1,1.0,100.0,4.17,rain,18.4,207.3,1013.5,90.0,,0.86,0.0,,
2004-05-01,Lagos,27.1,23.7,25.2,87.1,1.0,100.0,4.17,rain,18.4,207.3,1013.5,90.0,,0.86,0.0,,
2004-05-02,Lagos,27.1,23.7,25.2,87.1,1.0,100.0,4.17,rain,18.4,207.3,1013.5,90.0,,0.86,0.0,,
2004-05-03,Lagos,27.1,23.7,25.2,87.1,1.0,100.0,4.17,rain,18.4,207.3,1013.5,90.0,,0.86,0.0,,
2004-05-04,Lagos,27.1,23.7,25.2,87.1,1.0,100.0,4.17,rain,18.4,207.3,1013.5,90.0,,0.86,0.0,,
2004-05-05,Lagos,27.1,23.7,25.2,87.1,1.0,100.0,4.17,rain,18.4,207.3,1013.5,90.0,,0.86,0.0,,
2004-05-06,Lagos,27.1,23.7,25.2,87.1,1.0,100.0,4.17,rain,18.4,207.3,1013.5,90.0,,0.86,0.0,,
2004-05-07,Lagos,27.1,23.7,25.2,87.1,1.0,100.0,4.17,rain,18.4,207.3,1013.5,90.0,,0.86,0.0,,
2004-05-08,Lagos,27.1,23.7,25.2,87.1,1.0,100.0,4.17,rain,18.4,207.3,1013.5,90.0,,0.86,0.0,,
2004-05-09,Lagos,27.1,23.7,25.2,87.1,1.0,100.0,4.17,rain,18.4,207.3,1013.5,90.0,,0.86,0.0,,
2004-05-10,Lagos,27.1,23.7,25.2,87.1,1.0,100.0,4.17,rain,18.4,207.3,1013.5,90.0,,0.86,0.0,,
2004-05-11,Lagos,27.1,23.7,25.2,87.1,1.0,100.0,4.17,rain,18.4,207.3,1013.5,90.0,,0.86,0.0,,
2004-05-12,Lagos,27.1,23.7,25.2,87.1,1.0,100.0,4.17,rain,18.4,207.3,1013.5,90.0,,0.86,0.0,,
2004-05-13,Lagos,27.1,23.7,25.2,87.1,1.0,100.0,4.17,rain,18.4,207.3,1013.5,90.0,,0.86,0.0,,
2004-05-14,Lagos,27.1,23.7,25.2,87.1,1.0,100.0,4.17,rain,18.4,207.3,1013.5,90.0,,0.86,0.0,,
2004-05-15,Lagos,27.1,23.7,25.2,87.1,1.0,100.0,4.17,rain,18.4,207.3,1013.5,90.0,,0.86,0.0,,
2004-05-16,Lagos,27.1,23.7,25.2,87.1,1.0,100.0,4.17,rain,18.4,207.3,1013.5,90.0,,0.86,0.0,,
2004-05-17,Lagos,27.1,23.7,25.2,87.1,1.0,100.0,4.17,rain,18.4,207.3,1013.5,90.0,,0.86,0.0,,
2004-05-18,Lagos,27.1,23.7,25.2,87.1,1.0,100.0,4.17,rain,18.4,207.3,1013.5,90.0,,0.86,0.0,,
2004-05-19,Lagos,30.6,30.6,30.6,78.3,1.0,100.0,4.17,rain,9.4,250.0,1013.5,90.0,,0.0,0.0,,
2004-05-20,Lagos,30.6,30.6,30.6,78.3,1.0,100.0,4.17,rain,9.4,250.0,1013.5,90.0,,0.0,0.0,,
2004-05-21,Lagos,30.6,30.6,30.6,78.3,1.0,100.0,4.17,rain,9.4,250.0,1013.5,90.0,,0.0,0.0,,
2004-05-22,Lagos,30.6,30.6,30.6,78.3,1.0,100.0,4.17,rain,9.4,250.0,1013.5,90.0,,0.0,0.0,,
2004-05-23,Lagos,25.7,25.1,25.4,95.7,23.1,100.0,4.17,rain,20.5,30.5,1013.9,90.0,,0.14,0.0,,
2004-05-24,Lagos,25.7,25.1,25.4,95.7,23.1,100.0,4.17,rain,20.5,30.5,1013.9,90.0,,0.14,0.0,,
2004-05-25,Lagos,25.7,25.1,25.4,95.7,23.1,100.0,4.17,rain,20.5,30.5,1013.9,90.0,,0.14,0.0,,
2004-05-26,Lagos,25.7,25.1,25.4,95.7,23.1,100.0,4.17,rain,20.5,30.5,1013.9,90.0,,0.14,0.0,,
2004-05-27,Lagos,25.7,25.1,25.4,95.7,23.1,100.0,4.17,rain,20.5,30.5,1013.9,90.0,,0.14,0.0,,
2004-05-28,Lagos,25.7,25.1,25.4,95.7,23.1,100.0,4.17,rain,20.5,30.5,1013.9,90.0,,0.14,0.0,,
2004-05-29,Lagos,25.7,25.1,25.4,95.7,23.1,100.0,4.17,rain,20.5,30.5,1013.9,90.0,,0.14,0.0,,
2004-05-30,Lagos,25.7,25.1,25.4,95.7,23.1,100.0,4.17,rain,20.5,30.5,1013.9,90.0,,0.14,0.0,,
2004-05-31,Lagos,25.7,25.1,25.4,95.7,23.1,100.0,4.17,rain,20.5,30.5,1013.9,90.0,,0.14,0.0,,
2004-06-01,Lagos,25.7,25.1,25.4,95.7,23.1,100.0,4.17,rain,20.5,30.5,1013.9,90.0,,0.14,0.0,,
2004-06-02,Lagos,25.7,25.1,25.4,95.7,23.1,100.0,4.17,rain,20.5,30.5,1013.9,90.0,,0.14,0.0,,
2004-06-03,Lagos,25.7,25.1,25.4,95.7,23.1,100.0,4.17,rain,20.5,30.5,1013.9,90.0,,0.14,0.0,,
2004-06-04,Lagos,25.7,25.1,25.4,95.7,23.1,100.0,4.17,rain,20.5,30.5,1013.9,90.0,,0.14,0.0,,
2004-06-05,Lagos,25.7,25.1,25.4,95.7,23.1,100.0,4.17,rain,20.5,30.5,1013.9,90.0,,0.14,0.0,,
2004-06-06,Lagos,31.4,24.4,28.7,82.6,2.0,100.0,4.17,rain,27.7,242.6,1013.8,90.0,,0.61,0.0,,
2004-06-07,Lagos,28.1,22.1,25.7,91.9,8.9,100.0,4.17,rain,22.3,19.6,1013.9,93.3,,0.65,0.0,,
2004-06-08,Lagos,28.1,22.1,25.7,91.9,8.9,100.0,4.17,rain,22.3,19.6,1013.9,93.3,,0.65,0.0,,
2004-06-09,Lagos,28.1,22.1,25.7,91.9,8.9,100.0,4.17,rain,22.3,19.6,1013.9,93.3,,0.65,0.0,,
2004-06-10,Lagos,28.1,22.1,25.7,91.9,8.9,100.0,4.17,rain,22.3,19.6,1013.9,93.3,,0.65,0.0,,
2004-06-11,Lagos,28.1,22.1,25.7,91.9,8.9,100.0,4.17,rain,22.3,19.6,1013.9,93.3,,0.65,0.0,,
2004-06-12,Lagos,28.1,22.1,25.7,91.9,8.9,100.0,4.17,rain,22.3,19.6,1013.9,93.3,,0.65,0.0,,
2004-06-13,Lagos,28.1,22.1,25.7,91.9,8.9,100.0,4.17,rain,22.3,19.6,1013.9,93.3,,0.65,0.0,,
2004-06-14,Lagos,28.1,22.1,25.7,91.9,8.9,100.0,4.17,rain,22.3,19.6,1013.9,93.3,,0.65,0.0,,
2004-06-15,Lagos,28.1,22.1,25.7,91.9,8.9,100.0,4.17,rain,22.3,19.6,1013.9,93.3,,0.65,0.0,,
2004-06-16,Lagos,28.1,22.1,25.7,91.9,8.9,100.0,4.17,rain,22.3,19.6,1013.9,93.3,,0.65,0.0,,
2004-06-17,Lagos,28.1,23.1,26.5,86.3,3.0,100.0,4.17,rain,25.9,237.3,1014.2,90.0,,0.0,0.0,,
2004-06-18,Lagos,26.2,24.1,25.4,94.9,17.0,100.0,4.17,rain,25.9,242.0,1015.0,91.4,,0.02,0.0,,
2004-06-19,Lagos,26.2,24.1,25.4,94.9,17.0,100.0,4.17,rain,25.9,242.0,1015.0,91.4,,0.02,0.0,,
2004-06-20,Lagos,26.2,24.1,25.4,94.9,17.0,100.0,4.17,rain,25.9,242.0,1015.0,91.4,,0.02,0.0,,
2004-06-21,Lagos,26.2,24.1,25.4,94.9,17.0,100.0,4.17,rain,25.9,242.0,1015.0,91.4,,0.02,0.0,,
2004-06-22,Lagos,26.2,24.1,25.4,94.9,17.0,100.0,4.17,rain,25.9,242.0,1015.0,91.4,,0.02,0.0,,
2004-06-23,Lagos,26.2,24.1,25.4,94.9,17.0,100.0,4.17,rain,25.9,242.0,1015.0,91.4,,0.02,0.0,,
2004-06-24,Lagos,26.2,24.1,25.4,94.9,17.0,100.0,4.17,rain,25.9,242.0,1015.0,91.4,,0.02,0.0,,
2004-06-25,Lagos,26.2,24.1,25.4,94.9,17.0,100.0,4.17,rain,25.9,242.0,1015.0,91.4,,0.02,0.0,,
2004-06-26,Lagos,26.2,24.1,25.4,94.9,17.0,100.0,4.17,rain,25.9,242.0,1015.0,91.4,,0.02,0.0,,
2004-06-27,Lagos,26.2,24.1,25.4,94.9,17.0,100.0,4.17,rain,25.9,242.0,1015.0,91.4,,0.02,0.0,,
2004-06-28,Lagos,26.1,24.9,25.3,88.5,6.1,100.0,4.17,rain,22.3,241.3,1013.2,90.0,,0.36,0.0,,
2004-06-29,Lagos,26.1,24.9,25.3,88.5,6.1,100.0,4.17,rain,22.3,241.3,1013.2,90.0,,0.36,0.0,,
2004-06-30,Lagos,26.1,24.9,25.3,88.5,6.1,100.0,4.17,rain,22.3,241.3,1013.2,90.0,,0.36,0.0,,
2004-07-01,Lagos,26.1,24.9,25.3,88.5,6.1,100.0,4.17,rain,22.3,241.3,1013.2,90.0,,0.36,0.0,,
2004-07-02,Lagos,26.1,24.9,25.3,88.5,6.1,100.0,4.17,rain,22.3,241.3,1013.2,90.0,,0.36,0.0,,
2004-07-03,Lagos,26.1,24.9,25.3,88.5,6.1,100.0,4.17,rain,22.3,241.3,1013.2,90.0,,0.36,0.0,,
2004-07-04,Lagos,30.1,25.1,27.9,84.9,21.1,100.0,4.17,rain,25.9,247.5,1013.7,83.3,,0.57,0.0,,
2004-07-05,Lagos,30.1,25.1,27.9,84.9,21.1,100.0,4.17,rain,25.9,247.5,1013.7,83.3,,0.57,0.0,,
2004-07-06,Lagos,30.1,25.1,27.9,84.9,21.1,100.0,4.17,rain,25.9,247.5,1013.7,83.3,,0.57,0.0,,
2004-07-07,Lagos,30.1,25.1,27.9,84.9,21.1,100.0,4.17,rain,25.9,247.5,1013.7,83.3,,0.57,0.0,,
2004-07-08,Lagos,30.1,25.1,27.9,84.9,21.1,100.0,4.17,rain,25.9,247.5,1013.7,83.3,,0.57,0.0,,
2004-07-09,Lagos,28.2,23.6,25.3,93.1,22.1,100.0,8.33,rain,37.1,243.0,1010.1,93.8,,0.75,0.0,,
2004-07-10,Lagos,26.1,24.1,24.8,95.7,8.9,100.0,4.17,rain,29.5,221.0,1011.4,90.0,,0.77,0.0,,
2004-07-11,Lagos,26.1,24.1,24.8,95.7,8.9,100.0,4.17,rain,29.5,221.0,1011.4,90.0,,0.77,0.0,,
2004-07-12,Lagos,26.1,24.1,24.8,95.7,8.9,100.0,4.17,rain,29.5,221.0,1011.4,90.0,,0.77,0.0,,
2004-07-13,Lagos,26.1,24.1,24.8,95.7,8.9,100.0,4.17,rain,29.5,221.0,1011.4,90.0,,0.77,0.0,,
2004-07-14,Lagos,26.1,24.1,24.8,95.7,8.9,100.0,4.17,rain,29.5,221.0,1011.4,90.0,,0.77,0.0,,
2004-07-15,Lagos,26.1,24.1,24.8,95.7,8.9,100.0,4.17,rain,29.5,221.0,1011.4,90.0,,0.77,0.0,,
2004-07-16,Lagos,26.1,24.1,24.8,95.7,8.9,100.0,4.17,rain,29.5,221.0,1011.4,90.0,,0.77,0.0,,
2004-07-17,Lagos,30.1,24.4,27.6,80.1,89.9,100.0,4.17,rain,33.5,253.6,1013.4,90.0,,0.0,1.0,,
2004-07-18,Lagos,30.1,24.4,27.6,80.1,89.9,100.0,4.17,rain,33.5,253.6,1013.4,90.0,,0.0,1.0,,
2004-07-19,Lagos,30.1,24.4,27.6,80.1,89.9,100.0,4.17,rain,33.5,253.6,1013.4,90.0,,0.0,1.0,,
2004-07-20,Lagos,30.1,24.4,27.6,80.1,89.9,100.0,4.17,rain,33.5,253.6,1013.4,90.0,,0.0,1.0,,
2004-07-21,Lagos,30.1,24.4,27.6,80.1,89.9,100.0,4.17,rain,33.5,253.6,1013.4,90.0,,0.0,1.0,,
2004-07-22,Lagos,30.1,24.4,27.6,80.1,89.9,100.0,4.17,rain,33.5,253.6,1013.4,90.0,,0.0,1.0,,
2004-07-23,Lagos,30.1,24.4,27.6,80.1,89.9,100.0,4.17,rain,33.5,253.6,1013.4,90.0,,0.0,1.0,,
2004-07-24,Lagos,30.1,24.4,27.6,80.1,89.9,100.0,4.17,rain,33.5,253.6,1013.4,90.0,,0.0,1.0,,
2004-07-25,Lagos,30.1,24.4,27.6,80.1,89.9,100.0,4.17,rain,33.5,253.6,1013.4,90.0,,0.0,1.0,,
2004-07-26,Lagos,30.1,24.4,27.6,80.1,89.9,100.0,4.17,rain,33.5,253.6,1013.4,90.0,,0.0,1.0,,
2004-07-27,Lagos,30.1,24.4,27.6,80.1,89.9,100.0,4.17,rain,33.5,253.6,1013.4,90.0,,0.0,1.0,,
2004-07-28,Lagos,30.1,24.4,27.6,80.1,89.9,100.0,4.17,rain,33.5,253.6,1013.4,90.0,,0.0,1.0,,
2004-07-29,Lagos,30.1,24.4,27.6,80.1,89.9,100.0,4.17,rain,33.5,253.6,1013.4,90.0,,0.0,1.0,,
2004-07-30,Lagos,30.1,24.4,27.6,80.1,89.9,100.0,4.17,rain,33.5,253.6,1013.4,90.0,,0.0,1.0,,
2004-07-31,Lagos,30.1,24.4,27.6,80.1,89.9,100.0,4.17,rain,33.5,253.6,1013.4,90.0,,0.0,1.0,,
2004-08-01,Lagos,30.1,24.4,27.6,80.1,89.9,100.0,4.17,rain,33.5,253.6,1013.4,90.0,,0.0,1.0,,
2004-08-02,Lagos,30.1,24.4,27.6,80.1,89.9,100.0,4.17,rain,33.5,253.6,1013.4,90.0,,0.0,1.0,,
2004-08-03,Lagos,30.1,24.4,27.6,80.1,89.9,100.0,4.17,rain,33.5,253.6,1013.4,90.0,,0.0,1.0,,
2004-08-04,Lagos,30.1,24.4,27.6,80.1,89.9,100.0,4.17,rain,33.5,253.6,1013.4,90.0,,0.0,1.0,,
2004-08-05,Lagos,30.1,24.4,27.6,80.1,89.9,100.0,4.17,rain,33.5,253.6,1013.4,90.0,,0.0,1.0,,
2004-08-06,Lagos,30.1,24.4,27.6,80.1,89.9,100.0,4.17,rain,33.5,253.6,1013.4,90.0,,0.0,1.0,,
2004-08-07,Lagos,30.1,24.4,27.6,80.1,89.9,100.0,4.17,rain,33.5,253.6,1013.4,90.0,,0.0,1.0,,
2004-08-08,Lagos,30.1,24.4,27.6,80.1,89.9,100.0,4.17,rain,33.5,253.6,1013.4,90.0,,0.0,1.0,,
2004-08-09,Lagos,27.2,23.1,24.8,88.6,2.0,100.0,4.17,rain,25.9,252.7,1013.9,91.3,,0.78,0.0,,
2004-08-10,Lagos,25.1,23.4,24.2,96.0,2.0,100.0,4.17,rain,27.7,244.2,1014.8,90.0,,0.82,0.0,,
2004-08-11,Lagos,25.1,23.4,24.2,96.0,2.0,100.0,4.17,rain,27.7,244.2,1014.8,90.0,,0.82,0.0,,
2004-08-12,Lagos,25.1,23.4,24.2,96.0,2.0,100.0,4.17,rain,27.7,244.2,1014.8,90.0,,0.82,0.0,,
2004-08-13,Lagos,25.1,23.4,24.2,96.0,2.0,100.0,4.17,rain,27.7,244.2,1014.8,90.0,,0.82,0.0,,
2004-08-14,Lagos,25.1,23.4,24.2,96.0,2.0,100.0,4.17,rain,27.7,244.2,1014.8,90.0,,0.82,0.0,,
2004-08-15,Lagos,25.1,23.4,24.2,96.0,2.0,100.0,4.17,rain,27.7,244.2,1014.8,90.0,,0.82,0.0,,
2004-08-16,Lagos,25.1,23.4,24.2,96.0,2.0,100.0,4.17,rain,27.7,244.2,1014.8,90.0,,0.82,0.0,,
2004-08-17,Lagos,25.1,23.4,24.2,96.0,2.0,100.0,4.17,rain,27.7,244.2,1014.8,90.0,,0.82,0.0,,
2004-08-18,Lagos,25.1,23.4,24.2,96.0,2.0,100.0,4.17,rain,27.7,244.2,1014.8,90.0,,0.82,0.0,,
2004-08-19,Lagos,25.1,23.4,24.2,96.0,2.0,100.0,4.17,rain,27.7,244.2,1014.8,90.0,,0.82,0.0,,
2004-08-20,Lagos,25.1,23.4,24.2,96.0,2.0,100.0,4.17,rain,27.7,244.2,1014.8,90.0,,0.82,0.0,,
2004-08-21,Lagos,25.1,23.4,24.2,96.0,2.0,100.0,4.17,rain,27.7,244.2,1014.8,90.0,,0.82,0.0,,
2004-08-22,Lagos,25.1,23.4,24.2,96.0,2.0,100.0,4.17,rain,27.7,244.2,1014.8,90.0,,0.82,0.0,,
2004-08-23,Lagos,29.1,24.6,26.8,82.1,0.5,100.0,4.17,rain,44.3,226.5,1013.2,90.0,,0.25,0.0,,
2004-08-24,Lagos,28.9,23.9,26.8,82.0,2.5,100.0,4.17,rain,27.7,233.0,1012.9,90.0,,0.3,0.0,,
2004-08-25,Lagos,28.9,23.9,26.8,82.0,2.5,100.0,4.17,rain,27.7,233.0,1012.9,90.0,,0.3,0.0,,
2004-08-26,Lagos,27.1,24.4,25.7,89.1,14.0,100.0,4.17,rain,33.5,244.8,1013.9,90.0,,0.37,0.0,,
2004-08-27,Lagos,29.2,24.1,27.0,79.8,3.0,100.0,4.17,rain,33.5,232.9,1012.3,88.9,,0.41,0.0,,
2004-08-28,Lagos,28.1,23.1,25.6,90.0,39.1,100.0,4.17,rain,22.3,230.4,1012.4,90.0,,0.44,1.0,,
2004-08-29,Lagos,28.1,23.1,25.6,90.0,39.1,100.0,4.17,rain,22.3,230.4,1012.4,90.0,,0.44,1.0,,
2004-08-30,Lagos,28.1,23.1,25.6,90.0,39.1,100.0,4.17,rain,22.3,230.4,1012.4,90.0,,0.44,1.0,,
2004-08-31,Lagos,28.1,23.1,25.6,90.0,39.1,100.0,4.17,rain,22.3,230.4,1012.4,90.0,,0.44,1.0,,
2004-09-01,Lagos,27.1,22.1,24.5,94.4,23.9,100.0,4.17,rain,29.5,217.3,1014.2,90.0,,0.58,0.0,,
2004-09-02,Lagos,27.1,22.1,24.5,94.4,23.9,100.0,4.17,rain,29.5,217.3,1014.2,90.0,,0.58,0.0,,
2004-09-03,Lagos,24.6,23.9,24.3,96.5,1.0,100.0,4.17,rain,25.9,230.0,1014.2,90.0,,0.64,0.0,,
2004-09-04,Lagos,24.6,23.9,24.3,96.5,1.0,100.0,4.17,rain,25.9,230.0,1014.2,90.0,,0.64,0.0,,
2004-09-05,Lagos,24.6,23.9,24.3,96.5,1.0,100.0,4.17,rain,25.9,230.0,1014.2,90.0,,0.64,0.0,,
2004-09-06,Lagos,27.1,22.1,25.6,81.9,1.0,100.0,4.17,rain,22.3,237.2,1010.7,90.0,,0.75,0.0,,
2004-09-07,Lagos,27.1,22.1,25.6,81.9,1.0,100.0,4.17,rain,22.3,237.2,1010.7,90.0,,0.75,0.0,,
2004-09-08,Lagos,29.1,22.1,27.1,81.5,26.9,100.0,4.17,rain,24.1,237.5,1010.5,92.5,,0.8,0.0,,
2004-09-09,Lagos,27.1,21.6,24.8,88.1,4.1,100.0,4.17,rain,14.8,2.3,1011.9,90.0,,0.83,0.0,,
2004-09-10,Lagos,27.1,21.6,24.8,88.1,4.1,100.0,4.17,rain,14.8,2.3,1011.9,90.0,,0.83,0.0,,
2004-09-11,Lagos,27.1,21.6,24.8,88.1,4.1,100.0,4.17,rain,14.8,2.3,1011.9,90.0,,0.83,0.0,,
2004-09-12,Lagos,27.1,21.6,24.8,88.1,4.1,100.0,4.17,rain,14.8,2.3,1011.9,90.0,,0.83,0.0,,
2004-09-13,Lagos,27.1,21.6,24.8,88.1,4.1,100.0,4.17,rain,14.8,2.3,1011.9,90.0,,0.83,0.0,,
2004-09-14,Lagos,25.2,23.1,24.0,98.1,7.9,100.0,4.17,rain,16.6,214.4,1014.1,90.0,,0.0,0.0,,
2004-09-15,Lagos,25.2,23.1,24.0,98.1,7.9,100.0,4.17,rain,16.6,214.4,1014.1,90.0,,0.0,0.0,,
2004-09-16,Lagos,25.2,23.1,24.0,98.1,7.9,100.0,4.17,rain,16.6,214.4,1014.1,90.0,,0.0,0.0,,
2004-09-17,Lagos,29.9,25.1,27.2,86.8,0.5,100.0,4.17,rain,27.7,224.9,1012.2,85.6,,0.1,0.0,,
2004-09-18,Lagos,29.9,25.1,27.2,86.8,0.5,100.0,4.17,rain,27.7,224.9,1012.2,85.6,,0.1,0.0,,
2004-09-19,Lagos,29.9,25.1,27.2,86.8,0.5,100.0,4.17,rain,27.7,224.9,1012.2,85.6,,0.1,0.0,,
2004-09-20,Lagos,29.1,24.6,27.4,84.0,2.0,100.0,4.17,rain,22.3,213.5,1012.4,90.0,,0.21,0.0,,
2004-09-21,Lagos,28.9,21.6,25.5,84.2,5.1,100.0,4.17,rain,37.1,109.8,1013.4,74.3,,0.25,0.0,,
2004-09-22,Lagos,27.1,23.1,25.3,88.2,1.0,100.0,4.17,rain,25.9,203.8,1013.1,90.0,,0.28,0.0,,
2004-09-23,Lagos,27.1,23.1,25.3,88.2,1.0,100.0,4.17,rain,25.9,203.8,1013.1,90.0,,0.28,0.0,,
2004-09-24,Lagos,27.1,23.1,25.3,88.2,1.0,100.0,4.17,rain,25.9,203.8,1013.1,90.0,,0.28,0.0,,
2004-09-25,Lagos,27.1,23.1,25.3,88.2,1.0,100.0,4.17,rain,25.9,203.8,1013.1,90.0,,0.28,0.0,,
2004-09-26,Lagos,27.1,23.1,25.3,88.2,1.0,100.0,4.17,rain,25.9,203.8,1013.1,90.0,,0.28,0.0,,
2004-09-27,Lagos,27.1,23.1,25.3,88.2,1.0,100.0,4.17,rain,25.9,203.8,1013.1,90.0,,0.28,0.0,,
2004-09-28,Lagos,27.1,23.1,25.3,88.2,1.0,100.0,4.17,rain,25.9,203.8,1013.1,90.0,,0.28,0.0,,
2004-09-29,Lagos,28.1,24.7,26.3,88.4,4.1,100.0,4.17,rain,25.9,180.0,1013.1,90.0,,0.53,0.0,,
2004-09-30,Lagos,29.4,23.2,26.7,81.3,35.0,100.0,4.17,rain,27.7,197.1,1013.1,82.0,,0.56,1.0,,
2004-10-01,Lagos,29.4,23.2,26.7,81.3,35.0,100.0,4.17,rain,27.7,197.1,1013.1,82.0,,0.56,1.0,,
2004-10-02,Lagos,29.4,23.2,26.7,81.3,35.0,100.0,4.17,rain,27.7,197.1,1013.1,82.0,,0.56,1.0,,
2004-10-03,Lagos,29.4,23.2,26.7,81.3,35.0,100.0,4.17,rain,27.7,197.1,1013.1,82.0,,0.56,1.0,,
2004-10-04,Lagos,29.4,23.2,26.7,81.3,35.0,100.0,4.17,rain,27.7,197.1,1013.1,82.0,,0.56,1.0,,
2004-10-05,Lagos,29.6,24.6,27.8,83.2,30.0,100.0,8.33,rain,27.7,197.8,1013.1,90.0,,0.72,0.0,,
2004-10-06,Lagos,30.1,23.4,26.8,83.0,30.0,100.0,4.17,rain,18.4,252.5,1012.9,90.0,,0.75,0.0,,
2004-10-07,Lagos,30.1,23.4,26.8,83.0,30.0,100.0,4.17,rain,18.4,252.5,1012.9,90.0,,0.75,0.0,,
2004-10-08,Lagos,30.1,23.4,26.8,83.0,30.0,100.0,4.17,rain,18.4,252.5,1012.9,90.0,,0.75,0.0,,
2004-10-09,Lagos,29.1,24.2,26.0,91.8,10.9,100.0,4.17,rain,13.0,225.8,1012.9,90.0,,0.85,0.0,,
2004-10-10,Lagos,29.1,24.2,26.0,91.8,10.9,100.0,4.17,rain,13.0,225.8,1012.9,90.0,,0.85,0.0,,
2004-10-11,Lagos,29.1,24.2,26.0,91.8,10.9,100.0,4.17,rain,13.0,225.8,1012.9,90.0,,0.85,0.0,,
2004-10-12,Lagos,29.1,24.2,26.0,91.8,10.9,100.0,4.17,rain,13.0,225.8,1012.9,90.0,,0.85,0.0,,
2004-10-13,Lagos,29.1,24.2,26.0,91.8,10.9,100.0,4.17,rain,13.0,225.8,1012.9,90.0,,0.85,0.0,,
2004-10-14,Lagos,29.1,24.2,26.0,91.8,10.9,100.0,4.17,rain,13.0,225.8,1012.9,90.0,,0.85,0.0,,
2004-10-15,Lagos,29.1,24.2,26.0,91.8,10.9,100.0,4.17,rain,13.0,225.8,1012.9,90.0,,0.85,0.0,,
2004-10-16,Lagos,29.1,24.2,26.0,91.8,10.9,100.0,4.17,rain,13.0,225.8,1012.9,90.0,,0.85,0.0,,
2004-10-17,Lagos,29.1,24.2,26.0,91.8,10.9,100.0,4.17,rain,13.0,225.8,1012.9,90.0,,0.85,0.0,,
2004-10-18,Lagos,29.1,24.2,26.0,91.8,10.9,100.0,4.17,rain,13.0,225.8,1012.9,90.0,,0.85,0.0,,
2004-10-19,Lagos,29.1,24.2,26.0,91.8,10.9,100.0,4.17,rain,13.0,225.8,1012.9,90.0,,0.85,0.0,,
2004-10-20,Lagos,27.1,24.1,25.2,93.1,1.0,100.0,4.17,rain,51.8,55.7,1012.2,90.0,,0.25,0.0,,
2004-10-21,Lagos,27.1,24.1,25.2,93.1,1.0,100.0,4.17,rain,51.8,55.7,1012.2,90.0,,0.25,0.0,,
2004-10-22,Lagos,27.1,24.1,25.2,93.1,1.0,100.0,4.17,rain,51.8,55.7,1012.2,90.0,,0.25,0.0,,
2004-10-23,Lagos,27.1,24.1,25.2,93.1,1.0,100.0,4.17,rain,51.8,55.7,1012.2,90.0,,0.25,0.0,,
2004-10-24,Lagos,27.1,24.1,25.2,93.1,1.0,100.0,4.17,rain,51.8,55.7,1012.2,90.0,,0.25,0.0,,
2004-10-25,Lagos,28.2,22.1,26.0,85.0,1.0,100.0,4.17,rain,22.3,215.7,1011.4,86.0,,0.4,0.0,,
2004-10-26,Lagos,28.2,22.1,26.0,85.0,1.0,100.0,4.17,rain,22.3,215.7,1011.4,86.0,,0.4,0.0,,
2004-10-27,Lagos,28.2,22.1,26.0,85.0,1.0,100.0,4.17,rain,22.3,215.7,1011.4,86.0,,0.4,0.0,,
2004-10-28,Lagos,28.2,22.1,26.0,85.0,1.0,100.0,4.17,rain,22.3,215.7,1011.4,86.0,,0.4,0.0,,
2004-10-29,Lagos,28.2,22.1,26.0,85.0,1.0,100.0,4.17,rain,22.3,215.7,1011.4,86.0,,0.4,0.0,,
2004-10-30,Lagos,28.2,22.1,26.0,85.0,1.0,100.0,4.17,rain,22.3,215.7,1011.4,86.0,,0.4,0.0,,
2004-10-31,Lagos,28.2,22.1,26.0,85.0,1.0,100.0,4.17,rain,22.3,215.7,1011.4,86.0,,0.4,0.0,,
2004-11-01,Lagos,28.2,22.1,26.0,85.0,1.0,100.0,4.17,rain,22.3,215.7,1011.4,86.0,,0.4,0.0,,
2004-11-02,Lagos,28.2,22.1,26.0,85.0,1.0,100.0,4.17,rain,22.3,215.7,1011.4,86.0,,0.4,0.0,,
2004-11-03,Lagos,28.2,22.1,26.0,85.0,1.0,100.0,4.17,rain,22.3,215.7,1011.4,86.0,,0.4,0.0,,
2004-11-04,Lagos,28.2,22.1,26.0,85.0,1.0,100.0,4.17,rain,22.3,215.7,1011.4,86.0,,0.4,0.0,,
2004-11-05,Lagos,29.1,23.4,26.4,86.7,24.9,100.0,4.17,rain,22.3,209.5,1011.4,90.0,,0.75,0.0,,
2004-11-06,Lagos,29.1,23.4,26.4,86.7,24.9,100.0,4.17,rain,22.3,209.5,1011.4,90.0,,0.75,0.0,,
2004-11-07,Lagos,29.1,23.4,26.4,86.7,24.9,100.0,4.17,rain,22.3,209.5,1011.4,90.0,,0.75,0.0,,
2004-11-08,Lagos,29.1,23.4,26.4,86.7,24.9,100.0,4.17,rain,22.3,209.5,1011.4,90.0,,0.75,0.0,,
2004-11-09,Lagos,29.1,23.4,26.4,86.7,24.9,100.0,4.17,rain,22.3,209.5,1011.4,90.0,,0.75,0.0,,
2004-11-10,Lagos,29.1,23.4,26.4,86.7,24.9,100.0,4.17,rain,22.3,209.5,1011.4,90.0,,0.75,0.0,,
2004-11-11,Lagos,29.1,23.4,26.4,86.7,24.9,100.0,4.17,rain,22.3,209.5,1011.4,90.0,,0.75,0.0,,
2004-11-12,Lagos,29.1,23.4,26.4,86.7,24.9,100.0,4.17,rain,22.3,209.5,1011.4,90.0,,0.75,0.0,,
2004-11-13,Lagos,29.1,23.4,26.4,86.7,24.9,100.0,4.17,rain,22.3,209.5,1011.4,90.0,,0.75,0.0,,
2004-11-14,Lagos,29.1,23.4,26.4,86.7,24.9,100.0,4.17,rain,22.3,209.5,1011.4,90.0,,0.75,0.0,,
2004-11-15,Lagos,29.1,23.4,26.4,86.7,24.9,100.0,4.17,rain,22.3,209.5,1011.4,90.0,,0.75,0.0,,
2004-11-16,Lagos,29.1,23.4,26.4,86.7,24.9,100.0,4.17,rain,22.3,209.5,1011.4,90.0,,0.75,0.0,,
2004-11-17,Lagos,29.1,23.4,26.4,86.7,24.9,100.0,4.17,rain,22.3,209.5,1011.4,90.0,,0.75,0.0,,
2004-11-18,Lagos,29.1,23.4,26.4,86.7,24.9,100.0,4.17,rain,22.3,209.5,1011.4,90.0,,0.75,0.0,,
2004-11-19,Lagos,29.1,23.4,26.4,86.7,24.9,100.0,4.17,rain,22.3,209.5,1011.4,90.0,,0.75,0.0,,
2004-11-20,Lagos,29.1,23.4,26.4,86.7,24.9,100.0,4.17,rain,22.3,209.5,1011.4,90.0,,0.75,0.0,,
2004-11-21,Lagos,29.1,23.4,26.4,86.7,24.9,100.0,4.17,rain,22.3,209.5,1011.4,90.0,,0.75,0.0,,
2004-11-22,Lagos,29.1,23.4,26.4,86.7,24.9,100.0,4.17,rain,22.3,209.5,1011.4,90.0,,0.75,0.0,,
2004-11-23,Lagos,29.1,23.4,26.4,86.7,24.9,100.0,4.17,rain,22.3,209.5,1011.4,90.0,,0.75,0.0,,
2004-11-24,Lagos,29.1,23.4,26.4,86.7,24.9,100.0,4.17,rain,22.3,209.5,1011.4,90.0,,0.75,0.0,,
2004-11-25,Lagos,29.1,23.4,26.4,86.7,24.9,100.0,4.17,rain,22.3,209.5,1011.4,90.0,,0.75,0.0,,
2004-11-26,Lagos,29.1,23.4,26.4,86.7,24.9,100.0,4.17,rain,22.3,209.5,1011.4,90.0,,0.75,0.0,,
2004-11-27,Lagos,29.1,23.4,26.4,86.7,24.9,100.0,4.17,rain,22.3,209.5,1011.4,90.0,,0.75,0.0,,
2004-11-28,Lagos,29.1,23.4,26.4,86.7,24.9,100.0,4.17,rain,22.3,209.5,1011.4,90.0,,0.75,0.0,,
2004-11-29,Lagos,29.1,23.4,26.4,86.7,24.9,100.0,4.17,rain,22.3,209.5,1011.4,90.0,,0.75,0.0,,
2004-11-30,Lagos,29.1,23.4,26.4,86.7,24.9,100.0,4.17,rain,22.3,209.5,1011.4,90.0,,0.75,0.0,,
2004-12-01,Lagos,29.1,23.4,26.4,86.7,24.9,100.0,4.17,rain,22.3,209.5,1011.4,90.0,,0.75,0.0,,
2004-12-02,Lagos,29.1,23.4,26.4,86.7,24.9,100.0,4.17,rain,22.3,209.5,1011.4,90.0,,0.75,0.0,,
2004-12-03,Lagos,29.1,23.4,26.4,86.7,24.9,100.0,4.17,rain,22.3,209.5,1011.4,90.0,,0.75,0.0,,
2004-12-04,Lagos,29.1,23.4,26.4,86.7,24.9,100.0,4.17,rain,22.3,209.5,1011.4,90.0,,0.75,0.0,,
2004-12-05,Lagos,29.1,23.4,26.4,86.7,24.9,100.0,4.17,rain,22.3,209.5,1011.4,90.0,,0.75,0.0,,
2004-12-06,Lagos,29.1,23.4,26.4,86.7,24.9,100.0,4.17,rain,22.3,209.5,1011.4,90.0,,0.75,0.0,,
2004-12-07,Lagos,29.1,23.4,26.4,86.7,24.9,100.0,4.17,rain,22.3,209.5,1011.4,90.0,,0.75,0.0,,
2004-12-08,Lagos,29.1,23.4,26.4,86.7,24.9,100.0,4.17,rain,22.3,209.5,1011.4,90.0,,0.75,0.0,,
2004-12-09,Lagos,29.1,23.4,26.4,86.7,24.9,100.0,4.17,rain,22.3,209.5,1011.4,90.0,,0.75,0.0,,
2004-12-10,Lagos,29.1,23.4,26.4,86.7,24.9,100.0,4.17,rain,22.3,209.5,1011.4,90.0,,0.75,0.0,,
2004-12-11,Lagos,29.1,23.4,26.4,86.7,24.9,100.0,4.17,rain,22.3,209.5,1011.4,90.0,,0.75,0.0,,
2004-12-12,Lagos,29.1,23.4,26.4,86.7,24.9,100.0,4.17,rain,22.3,209.5,1011.4,90.0,,0.75,0.0,,
2004-12-13,Lagos,29.1,23.4,26.4,86.7,24.9,100.0,4.17,rain,22.3,209.5,1011.4,90.0,,0.75,0.0,,
2004-12-14,Lagos,29.1,23.4,26.4,86.7,24.9,100.0,4.17,rain,22.3,209.5,1011.4,90.0,,0.75,0.0,,
2004-12-15,Lagos,29.1,23.4,26.4,86.7,24.9,100.0,4.17,rain,22.3,209.5,1011.4,90.0,,0.75,0.0,,
2004-12-16,Lagos,29.1,23.4,26.4,86.7,24.9,100.0,4.17,rain,22.3,209.5,1011.4,90.0,,0.75,0.0,,
2004-12-17,Lagos,29.1,23.4,26.4,86.7,24.9,100.0,4.17,rain,22.3,209.5,1011.4,90.0,,0.75,0.0,,
2004-12-18,Lagos,29.1,23.4,26.4,86.7,24.9,100.0,4.17,rain,22.3,209.5,1011.4,90.0,,0.75,0.0,,
2004-12-19,Lagos,29.1,23.4,26.4,86.7,24.9,100.0,4.17,rain,22.3,209.5,1011.4,90.0,,0.75,0.0,,
2004-12-20,Lagos,29.1,23.4,26.4,86.7,24.9,100.0,4.17,rain,22.3,209.5,1011.4,90.0,,0.75,0.0,,
2004-12-21,Lagos,29.1,23.4,26.4,86.7,24.9,100.0,4.17,rain,22.3,209.5,1011.4,90.0,,0.75,0.0,,
2004-12-22,Lagos,29.1,23.4,26.4,86.7,24.9,100.0,4.17,rain,22.3,209.5,1011.4,90.0,,0.75,0.0,,
2004-12-23,Lagos,29.1,23.4,26.4,86.7,24.9,100.0,4.17,rain,22.3,209.5,1011.4,90.0,,0.75,0.0,,
2004-12-24,Lagos,29.1,23.4,26.4,86.7,24.9,100.0,4.17,rain,22.3,209.5,1011.4,90.0,,0.75,0.0,,
2004-12-25,Lagos,29.1,23.4,26.4,86.7,24.9,100.0,4.17,rain,22.3,209.5,1011.4,90.0,,0.75,0.0,,
2004-12-26,Lagos,29.1,23.4,26.4,86.7,24.9,100.0,4.17,rain,22.3,209.5,1011.4,90.0,,0.75,0.0,,
2004-12-27,Lagos,29.1,23.4,26.4,86.7,24.9,100.0,4.17,rain,22.3,209.5,1011.4,90.0,,0.75,0.0,,
2004-12-28,Lagos,29.1,23.4,26.4,86.7,24.9,100.0,4.17,rain,22.3,209.5,1011.4,90.0,,0.75,0.0,,
2004-12-29,Lagos,29.1,23.4,26.4,86.7,24.9,100.0,4.17,rain,22.3,209.5,1011.4,90.0,,0.75,0.0,,
2004-12-30,Lagos,29.1,23.4,26.4,86.7,24.9,100.0,4.17,rain,22.3,209.5,1011.4,90.0,,0.75,0.0,,
2004-12-31,Lagos,29.1,23.4,26.4,86.7,24.9,100.0,4.17,rain,22.3,209.5,1011.4,90.0,,0.75,0.0,,
2005-01-01,Lagos,29.1,23.4,26.4,86.7,24.9,100.0,4.17,rain,22.3,209.5,1011.4,90.0,,0.75,0.0,,
2005-01-02,Lagos,29.1,23.4,26.4,86.7,24.9,100.0,4.17,rain,22.3,209.5,1011.4,90.0,,0.75,0.0,,
2005-01-03,Lagos,29.1,23.4,26.4,86.7,24.9,100.0,4.17,rain,22.3,209.5,1011.4,90.0,,0.75,0.0,,
2005-01-04,Lagos,29.1,23.4,26.4,86.7,24.9,100.0,4.17,rain,22.3,209.5,1011.4,90.0,,0.75,0.0,,
2005-01-05,Lagos,29.1,23.4,26.4,86.7,24.9,100.0,4.17,rain,22.3,209.5,1011.4,90.0,,0.75,0.0,,
2005-01-06,Lagos,29.1,23.4,26.4,86.7,24.9,100.0,4.17,rain,22.3,209.5,1011.4,90.0,,0.75,0.0,,
2005-01-07,Lagos,29.1,23.4,26.4,86.7,24.9,100.0,4.17,rain,22.3,209.5,1011.4,90.0,,0.75,0.0,,
2005-01-08,Lagos,29.1,23.4,26.4,86.7,24.9,100.0,4.17,rain,22.3,209.5,1011.4,90.0,,0.75,0.0,,
2005-01-09,Lagos,29.1,23.4,26.4,86.7,24.9,100.0,4.17,rain,22.3,209.5,1011.4,90.0,,0.75,0.0,,
2005-01-10,Lagos,29.1,23.4,26.4,86.7,24.9,100.0,4.17,rain,22.3,209.5,1011.4,90.0,,0.75,0.0,,
2005-01-11,Lagos,29.1,23.4,26.4,86.7,24.9,100.0,4.17,rain,22.3,209.5,1011.4,90.0,,0.75,0.0,,
2005-01-12,Lagos,29.1,23.4,26.4,86.7,24.9,100.0,4.17,rain,22.3,209.5,1011.4,90.0,,0.75,0.0,,
2005-01-13,Lagos,29.1,23.4,26.4,86.7,24.9,100.0,4.17,rain,22.3,209.5,1011.4,90.0,,0.75,0.0,,
2005-01-14,Lagos,29.1,23.4,26.4,86.7,24.9,100.0,4.17,rain,22.3,209.5,1011.4,90.0,,0.75,0.0,,
2005-01-15,Lagos,29.1,23.4,26.4,86.7,24.9,100.0,4.17,rain,22.3,209.5,1011.4,90.0,,0.75,0.0,,
2005-01-16,Lagos,29.1,23.4,26.4,86.7,24.9,100.0,4.17,rain,22.3,209.5,1011.4,90.0,,0.75,0.0,,
2005-01-17,Lagos,29.1,23.4,26.4,86.7,24.9,100.0,4.17,rain,22.3,209.5,1011.4,90.0,,0.75,0.0,,
2005-01-18,Lagos,29.1,23.4,26.4,86.7,24.9,100.0,4.17,rain,22.3,209.5,1011.4,90.0,,0.75,0.0,,
2005-01-19,Lagos,29.1,23.4,26.4,86.7,24.9,100.0,4.17,rain,22.3,209.5,1011.4,90.0,,0.75,0.0,,
2005-01-20,Lagos,29.1,23.4,26.4,86.7,24.9,100.0,4.17,rain,22.3,209.5,1011.4,90.0,,0.75,0.0,,
2005-01-21,Lagos,29.1,23.4,26.4,86.7,24.9,100.0,4.17,rain,22.3,209.5,1011.4,90.0,,0.75,0.0,,
2005-01-22,Lagos,29.1,23.4,26.4,86.7,24.9,100.0,4.17,rain,22.3,209.5,1011.4,90.0,,0.75,0.0,,
2005-01-23,Lagos,29.1,23.4,26.4,86.7,24.9,100.0,4.17,rain,22.3,209.5,1011.4,90.0,,0.75,0.0,,
2005-01-24,Lagos,29.1,23.4,26.4,86.7,24.9,100.0,4.17,rain,22.3,209.5,1011.4,90.0,,0.75,0.0,,
2005-01-25,Lagos,29.1,23.4,26.4,86.7,24.9,100.0,4.17,rain,22.3,209.5,1011.4,90.0,,0.75,0.0,,
2005-01-26,Lagos,29.1,23.4,26.4,86.7,24.9,100.0,4.17,rain,22.3,209.5,1011.4,90.0,,0.75,0.0,,
2005-01-27,Lagos,29.1,23.4,26.4,86.7,24.9,100.0,4.17,rain,22.3,209.5,1011.4,90.0,,0.75,0.0,,
2005-01-28,Lagos,29.1,23.4,26.4,86.7,24.9,100.0,4.17,rain,22.3,209.5,1011.4,90.0,,0.75,0.0,,
2005-01-29,Lagos,29.1,23.4,26.4,86.7,24.9,100.0,4.17,rain,22.3,209.5,1011.4,90.0,,0.75,0.0,,
2005-01-30,Lagos,29.1,23.4,26.4,86.7,24.9,100.0,4.17,rain,22.3,209.5,1011.4,90.0,,0.75,0.0,,
2005-01-31,Lagos,29.1,23.4,26.4,86.7,24.9,100.0,4.17,rain,22.3,209.5,1011.4,90.0,,0.75,0.0,,
2005-02-01,Lagos,29.1,23.4,26.4,86.7,24.9,100.0,4.17,rain,22.3,209.5,1011.4,90.0,,0.75,0.0,,
2005-02-02,Lagos,29.1,23.4,26.4,86.7,24.9,100.0,4.17,rain,22.3,209.5,1011.4,90.0,,0.75,0.0,,
2005-02-03,Lagos,29.1,23.4,26.4,86.7,24.9,100.0,4.17,rain,22.3,209.5,1011.4,90.0,,0.75,0.0,,
2005-02-04,Lagos,29.1,23.4,26.4,86.7,24.9,100.0,4.17,rain,22.3,209.5,1011.4,90.0,,0.75,0.0,,
2005-02-05,Lagos,29.1,23.4,26.4,86.7,24.9,100.0,4.17,rain,22.3,209.5,1011.4,90.0,,0.75,0.0,,
2005-02-06,Lagos,26.1,22.9,24.0,93.0,7.1,100.0,4.17,rain,22.3,243.9,1008.9,75.7,,0.91,0.0,,
2005-02-07,Lagos,26.1,22.9,24.0,93.0,7.1,100.0,4.17,rain,22.3,243.9,1008.9,75.7,,0.91,0.0,,
2005-02-08,Lagos,26.1,22.9,24.0,93.0,7.1,100.0,4.17,rain,22.3,243.9,1008.9,75.7,,0.91,0.0,,
2005-02-09,Lagos,30.2,25.6,28.4,86.9,5.1,100.0,4.17,rain,25.9,258.6,1010.4,90.0,,0.02,0.0,,
2005-02-10,Lagos,30.2,25.6,28.4,86.9,5.1,100.0,4.17,rain,25.9,258.6,1010.4,90.0,,0.02,0.0,,
2005-02-11,Lagos,30.2,25.6,28.4,86.9,5.1,100.0,4.17,rain,25.9,258.6,1010.4,90.0,,0.02,0.0,,
2005-02-12,Lagos,30.2,25.6,28.4,86.9,5.1,100.0,4.17,rain,25.9,258.6,1010.4,90.0,,0.02,0.0,,
2005-02-13,Lagos,30.2,25.6,28.4,86.9,5.1,100.0,4.17,rain,25.9,258.6,1010.4,90.0,,0.02,0.0,,
2005-02-14,Lagos,30.2,25.6,28.4,86.9,5.1,100.0,4.17,rain,25.9,258.6,1010.4,90.0,,0.02,0.0,,
2005-02-15,Lagos,30.2,25.6,28.4,86.9,5.1,100.0,4.17,rain,25.9,258.6,1010.4,90.0,,0.02,0.0,,
2005-02-16,Lagos,30.2,25.6,28.4,86.9,5.1,100.0,4.17,rain,25.9,258.6,1010.4,90.0,,0.02,0.0,,
2005-02-17,Lagos,30.2,25.6,28.4,86.9,5.1,100.0,4.17,rain,25.9,258.6,1010.4,90.0,,0.02,0.0,,
2005-02-18,Lagos,30.2,25.6,28.4,86.9,5.1,100.0,4.17,rain,25.9,258.6,1010.4,90.0,,0.02,0.0,,
2005-02-19,Lagos,30.2,25.6,28.4,86.9,5.1,100.0,4.17,rain,25.9,258.6,1010.4,90.0,,0.02,0.0,,
2005-02-20,Lagos,30.2,25.6,28.4,86.9,5.1,100.0,4.17,rain,25.9,258.6,1010.4,90.0,,0.02,0.0,,
2005-02-21,Lagos,30.2,25.6,28.4,86.9,5.1,100.0,4.17,rain,25.9,258.6,1010.4,90.0,,0.02,0.0,,
2005-02-22,Lagos,30.2,25.6,28.4,86.9,5.1,100.0,4.17,rain,25.9,258.6,1010.4,90.0,,0.02,0.0,,
2005-02-23,Lagos,30.2,25.6,28.4,86.9,5.1,100.0,4.17,rain,25.9,258.6,1010.4,90.0,,0.02,0.0,,
2005-02-24,Lagos,30.2,25.6,28.4,86.9,5.1,100.0,4.17,rain,25.9,258.6,1010.4,90.0,,0.02,0.0,,
2005-02-25,Lagos,30.2,25.6,28.4,86.9,5.1,100.0,4.17,rain,25.9,258.6,1010.4,90.0,,0.02,0.0,,
2005-02-26,Lagos,30.2,25.6,28.4,86.9,5.1,100.0,4.17,rain,25.9,258.6,1010.4,90.0,,0.02,0.0,,
2005-02-27,Lagos,30.2,25.6,28.4,86.9,5.1,100.0,4.17,rain,25.9,258.6,1010.4,90.0,,0.02,0.0,,
2005-02-28,Lagos,30.2,25.6,28.4,86.9,5.1,100.0,4.17,rain,25.9,258.6,1010.4,90.0,,0.02,0.0,,
2005-03-01,Lagos,30.2,25.6,28.4,86.9,5.1,100.0,4.17,rain,25.9,258.6,1010.4,90.0,,0.02,0.0,,
2005-03-02,Lagos,30.2,25.6,28.4,86.9,5.1,100.0,4.17,rain,25.9,258.6,1010.4,90.0,,0.02,0.0,,
2005-03-03,Lagos,30.2,25.6,28.4,86.9,5.1,100.0,4.17,rain,25.9,258.6,1010.4,90.0,,0.02,0.0,,
2005-03-04,Lagos,30.2,25.6,28.4,86.9,5.1,100.0,4.17,rain,25.9,258.6,1010.4,90.0,,0.02,0.0,,
2005-03-05,Lagos,30.2,25.6,28.4,86.9,5.1,100.0,4.17,rain,25.9,258.6,1010.4,90.0,,0.02,0.0,,
2005-03-06,Lagos,30.2,25.6,28.4,86.9,5.1,100.0,4.17,rain,25.9,258.6,1010.4,90.0,,0.02,0.0,,
2005-03-07,Lagos,30.2,25.6,28.4,86.9,5.1,100.0,4.17,rain,25.9,258.6,1010.4,90.0,,0.02,0.0,,
2005-03-08,Lagos,30.2,25.6,28.4,86.9,5.1,100.0,4.17,rain,25.9,258.6,1010.4,90.0,,0.02,0.0,,
2005-03-09,Lagos,30.2,25.6,28.4,86.9,5.1,100.0,4.17,rain,25.9,258.6,1010.4,90.0,,0.02,0.0,,
2005-03-10,Lagos,32.2,23.6,28.3,79.2,9.9,100.0,4.17,rain,27.7,234.9,1010.4,90.0,,0.0,0.0,,
2005-03-11,Lagos,27.1,26.6,26.9,97.1,210.4,100.0,4.17,rain,0.0,234.9,1010.2,90.0,,0.03,1.0,,
2005-03-12,Lagos,27.1,26.6,26.9,97.1,210.4,100.0,4.17,rain,0.0,234.9,1010.2,90.0,,0.03,1.0,,
2005-03-13,Lagos,27.1,26.6,26.9,97.1,210.4,100.0,4.17,rain,0.0,234.9,1010.2,90.0,,0.03,1.0,,
2005-03-14,Lagos,27.1,26.6,26.9,97.1,210.4,100.0,4.17,rain,0.0,234.9,1010.2,90.0,,0.03,1.0,,
2005-03-15,Lagos,27.1,26.6,26.9,97.1,210.4,100.0,4.17,rain,0.0,234.9,1010.2,90.0,,0.03,1.0,,
2005-03-16,Lagos,27.1,26.6,26.9,97.1,210.4,100.0,4.17,rain,0.0,234.9,1010.2,90.0,,0.03,1.0,,
2005-03-17,Lagos,27.1,26.6,26.9,97.1,210.4,100.0,4.17,rain,0.0,234.9,1010.2,90.0,,0.03,1.0,,
2005-03-18,Lagos,27.1,26.6,26.9,97.1,210.4,100.0,4.17,rain,0.0,234.9,1010.2,90.0,,0.03,1.0,,
2005-03-19,Lagos,27.1,26.6,26.9,97.1,210.4,100.0,4.17,rain,0.0,234.9,1010.2,90.0,,0.03,1.0,,
2005-03-20,Lagos,27.1,26.6,26.9,97.1,210.4,100.0,4.17,rain,0.0,234.9,1010.2,90.0,,0.03,1.0,,
2005-03-21,Lagos,27.1,26.6,26.9,97.1,210.4,100.0,4.17,rain,0.0,234.9,1010.2,90.0,,0.03,1.0,,
2005-03-22,Lagos,27.1,26.6,26.9,97.1,210.4,100.0,4.17,rain,0.0,234.9,1010.2,90.0,,0.03,1.0,,
2005-03-23,Lagos,27.1,26.6,26.9,97.1,210.4,100.0,4.17,rain,0.0,234.9,1010.2,90.0,,0.03,1.0,,
2005-03-24,Lagos,27.1,26.6,26.9,97.1,210.4,100.0,4.17,rain,0.0,234.9,1010.2,90.0,,0.03,1.0,,
2005-03-25,Lagos,27.1,26.6,26.9,97.1,210.4,100.0,4.17,rain,0.0,234.9,1010.2,90.0,,0.03,1.0,,
2005-03-26,Lagos,27.1,26.6,26.9,97.1,210.4,100.0,4.17,rain,0.0,234.9,1010.2,90.0,,0.03,1.0,,
2005-03-27,Lagos,27.1,26.6,26.9,97.1,210.4,100.0,4.17,rain,0.0,234.9,1010.2,90.0,,0.03,1.0,,
2005-03-28,Lagos,27.1,26.6,26.9,97.1,210.4,100.0,4.17,rain,0.0,234.9,1010.2,90.0,,0.03,1.0,,
2005-03-29,Lagos,27.1,26.6,26.9,97.1,210.4,100.0,4.17,rain,0.0,234.9,1010.2,90.0,,0.03,1.0,,
2005-03-30,Lagos,27.1,26.6,26.9,97.1,210.4,100.0,4.17,rain,0.0,234.9,1010.2,90.0,,0.03,1.0,,
2005-03-31,Lagos,27.1,26.6,26.9,97.1,210.4,100.0,4.17,rain,0.0,234.9,1010.2,90.0,,0.03,1.0,,
2005-04-01,Lagos,27.1,26.6,26.9,97.1,210.4,100.0,4.17,rain,0.0,234.9,1010.2,90.0,,0.03,1.0,,
2005-04-02,Lagos,27.1,26.6,26.9,97.1,210.4,100.0,4.17,rain,0.0,234.9,1010.2,90.0,,0.03,1.0,,
2005-04-03,Lagos,27.1,26.6,26.9,97.1,210.4,100.0,4.17,rain,0.0,234.9,1010.2,90.0,,0.03,1.0,,
2005-04-04,Lagos,27.1,26.6,26.9,97.1,210.4,100.0,4.17,rain,0.0,234.9,1010.2,90.0,,0.03,1.0,,
2005-04-05,Lagos,27.1,26.6,26.9,97.1,210.4,100.0,4.17,rain,0.0,234.9,1010.2,90.0,,0.03,1.0,,
2005-04-06,Lagos,27.1,26.6,26.9,97.1,210.4,100.0,4.17,rain,0.0,234.9,1010.2,90.0,,0.03,1.0,,
2005-04-07,Lagos,27.1,26.6,26.9,97.1,210.4,100.0,4.17,rain,0.0,234.9,1010.2,90.0,,0.03,1.0,,
2005-04-08,Lagos,27.1,26.6,26.9,97.1,210.4,100.0,4.17,rain,0.0,234.9,1010.2,90.0,,0.03,1.0,,
2005-04-09,Lagos,27.1,26.6,26.9,97.1,210.4,100.0,4.17,rain,0.0,234.9,1010.2,90.0,,0.03,1.0,,
2005-04-10,Lagos,27.1,26.6,26.9,97.1,210.4,100.0,4.17,rain,0.0,234.9,1010.2,90.0,,0.03,1.0,,
2005-04-11,Lagos,27.1,26.6,26.9,97.1,210.4,100.0,4.17,rain,0.0,234.9,1010.2,90.0,,0.03,1.0,,
2005-04-12,Lagos,27.1,26.6,26.9,97.1,210.4,100.0,4.17,rain,0.0,234.9,1010.2,90.0,,0.03,1.0,,
2005-04-13,Lagos,27.1,26.6,26.9,97.1,210.4,100.0,4.17,rain,0.0,234.9,1010.2,90.0,,0.03,1.0,,
2005-04-14,Lagos,33.1,28.1,31.0,76.4,2.0,100.0,4.17,rain,33.5,224.8,1009.5,90.0,,0.18,0.0,,
2005-04-15,Lagos,33.1,28.1,31.0,76.4,2.0,100.0,4.17,rain,33.5,224.8,1009.5,90.0,,0.18,0.0,,
2005-04-16,Lagos,33.1,28.1,31.0,76.4,2.0,100.0,4.17,rain,33.5,224.8,1009.5,90.0,,0.18,0.0,,
2005-04-17,Lagos,33.1,28.1,31.0,76.4,2.0,100.0,4.17,rain,33.5,224.8,1009.5,90.0,,0.18,0.0,,
2005-04-18,Lagos,33.1,28.1,31.0,76.4,2.0,100.0,4.17,rain,33.5,224.8,1009.5,90.0,,0.18,0.0,,
2005-04-19,Lagos,33.1,28.1,31.0,76.4,2.0,100.0,4.17,rain,33.5,224.8,1009.5,90.0,,0.18,0.0,,
2005-04-20,Lagos,30.7,23.7,26.4,90.1,5.1,100.0,4.17,rain,22.3,291.1,1009.5,92.0,,0.37,0.0,,
2005-04-21,Lagos,30.7,23.7,26.4,90.1,5.1,100.0,4.17,rain,22.3,291.1,1009.5,92.0,,0.37,0.0,,
2005-04-22,Lagos,30.7,23.7,26.4,90.1,5.1,100.0,4.17,rain,22.3,291.1,1009.5,92.0,,0.37,0.0,,
2005-04-23,Lagos,30.7,23.7,26.4,90.1,5.1,100.0,4.17,rain,22.3,291.1,1009.5,92.0,,0.37,0.0,,
2005-04-24,Lagos,32.1,26.2,30.1,77.8,37.1,100.0,4.17,rain,27.7,231.1,1008.1,90.0,,0.5,1.0,,
2005-04-25,Lagos,32.1,26.2,30.1,77.8,37.1,100.0,4.17,rain,27.7,231.1,1008.1,90.0,,0.5,1.0,,
2005-04-26,Lagos,32.1,26.2,30.1,77.8,37.1,100.0,4.17,rain,27.7,231.1,1008.1,90.0,,0.5,1.0,,
2005-04-27,Lagos,32.1,26.2,30.1,77.8,37.1,100.0,4.17,rain,27.7,231.1,1008.1,90.0,,0.5,1.0,,
2005-04-28,Lagos,32.1,26.2,30.1,77.8,37.1,100.0,4.17,rain,27.7,231.1,1008.1,90.0,,0.5,1.0,,
2005-04-29,Lagos,32.1,26.2,30.1,77.8,37.1,100.0,4.17,rain,27.7,231.1,1008.1,90.0,,0.5,1.0,,
2005-04-30,Lagos,32.1,26.2,30.1,77.8,37.1,100.0,4.17,rain,27.7,231.1,1008.1,90.0,,0.5,1.0,,
2005-05-01,Lagos,32.6,25.7,29.8,78.9,1.0,100.0,4.17,rain,37.1,236.2,1011.5,90.0,,0.75,0.0,,
2005-05-02,Lagos,32.6,25.7,29.8,78.9,1.0,100.0,4.17,rain,37.1,236.2,1011.5,90.0,,0.75,0.0,,
2005-05-03,Lagos,32.6,25.7,29.8,78.9,1.0,100.0,4.17,rain,37.1,236.2,1011.5,90.0,,0.75,0.0,,
2005-05-04,Lagos,32.6,25.7,29.8,78.9,1.0,100.0,4.17,rain,37.1,236.2,1011.5,90.0,,0.75,0.0,,
2005-05-05,Lagos,32.6,25.7,29.8,78.9,1.0,100.0,4.17,rain,37.1,236.2,1011.5,90.0,,0.75,0.0,,
2005-05-06,Lagos,32.6,25.7,29.8,78.9,1.0,100.0,4.17,rain,37.1,236.2,1011.5,90.0,,0.75,0.0,,
2005-05-07,Lagos,32.6,25.7,29.8,78.9,1.0,100.0,4.17,rain,37.1,236.2,1011.5,90.0,,0.75,0.0,,
2005-05-08,Lagos,29.1,26.1,27.9,82.6,6.1,100.0,4.17,rain,29.5,242.1,1012.8,90.0,,0.0,0.0,,
2005-05-09,Lagos,29.1,26.1,27.9,82.6,6.1,100.0,4.17,rain,29.5,242.1,1012.8,90.0,,0.0,0.0,,
2005-05-10,Lagos,29.1,26.1,27.9,82.6,6.1,100.0,4.17,rain,29.5,242.1,1012.8,90.0,,0.0,0.0,,
2005-05-11,Lagos,29.1,26.1,27.9,82.6,6.1,100.0,4.17,rain,29.5,242.1,1012.8,90.0,,0.0,0.0,,
2005-05-12,Lagos,29.1,26.1,27.9,82.6,6.1,100.0,4.17,rain,29.5,242.1,1012.8,90.0,,0.0,0.0,,
2005-05-13,Lagos,29.1,26.1,27.9,82.6,6.1,100.0,4.17,rain,29.5,242.1,1012.8,90.0,,0.0,0.0,,
2005-05-14,Lagos,29.1,26.1,27.9,82.6,6.1,100.0,4.17,rain,29.5,242.1,1012.8,90.0,,0.0,0.0,,
2005-05-15,Lagos,30.7,23.9,28.0,86.7,31.0,100.0,4.17,rain,22.3,243.8,1009.7,90.0,,0.23,1.0,,
2005-05-16,Lagos,30.7,23.9,28.0,86.7,31.0,100.0,4.17,rain,22.3,243.8,1009.7,90.0,,0.23,1.0,,
2005-05-17,Lagos,30.7,23.9,28.0,86.7,31.0,100.0,4.17,rain,22.3,243.8,1009.7,90.0,,0.23,1.0,,
2005-05-18,Lagos,30.1,25.1,27.9,83.0,1.0,100.0,4.17,rain,27.7,109.7,1010.1,90.0,,0.33,0.0,,
2005-05-19,Lagos,30.1,25.1,27.9,83.0,1.0,100.0,4.17,rain,27.7,109.7,1010.1,90.0,,0.33,0.0,,
2005-05-20,Lagos,30.1,25.1,27.9,83.0,1.0,100.0,4.17,rain,27.7,109.7,1010.1,90.0,,0.33,0.0,,
2005-05-21,Lagos,30.1,25.1,27.9,83.0,1.0,100.0,4.17,rain,27.7,109.7,1010.1,90.0,,0.33,0.0,,
2005-05-22,Lagos,30.1,25.1,27.9,83.0,1.0,100.0,4.17,rain,27.7,109.7,1010.1,90.0,,0.33,0.0,,
2005-05-23,Lagos,30.1,25.1,27.9,83.0,1.0,100.0,4.17,rain,27.7,109.7,1010.1,90.0,,0.33,0.0,,
2005-05-24,Lagos,30.1,25.1,27.9,83.0,1.0,100.0,4.17,rain,27.7,109.7,1010.1,90.0,,0.33,0.0,,
2005-05-25,Lagos,32.4,26.2,29.9,81.0,180.5,100.0,4.17,rain,35.3,252.8,1011.2,88.6,,0.56,1.0,,
2005-05-26,Lagos,32.4,26.2,29.9,81.0,180.5,100.0,4.17,rain,35.3,252.8,1011.2,88.6,,0.56,1.0,,
2005-05-27,Lagos,31.1,24.6,27.6,85.8,3.0,100.0,4.17,rain,22.3,215.7,1012.2,90.0,,0.63,0.0,,
2005-05-28,Lagos,31.1,24.6,27.6,85.8,3.0,100.0,4.17,rain,22.3,215.7,1012.2,90.0,,0.63,0.0,,
2005-05-29,Lagos,31.1,24.6,27.6,85.8,3.0,100.0,4.17,rain,22.3,215.7,1012.2,90.0,,0.63,0.0,,
2005-05-30,Lagos,26.1,23.1,24.5,97.4,18.1,100.0,8.33,rain,29.5,171.7,1012.4,91.7,,0.75,0.0,,
2005-05-31,Lagos,26.1,23.1,24.5,97.4,18.1,100.0,8.33,rain,29.5,171.7,1012.4,91.7,,0.75,0.0,,
2005-06-01,Lagos,31.1,23.2,27.9,85.2,15.0,100.0,4.17,rain,25.9,238.1,1012.2,90.0,,0.81,0.0,,
2005-06-02,Lagos,29.1,24.7,28.1,86.3,1.0,100.0,4.17,rain,22.3,231.9,1011.0,85.6,,0.84,0.0,,
2005-06-03,Lagos,29.1,24.7,28.1,86.3,1.0,100.0,4.17,rain,22.3,231.9,1011.0,85.6,,0.84,0.0,,
2005-06-04,Lagos,29.1,24.9,27.6,89.5,180.3,100.0,4.17,rain,20.5,256.3,1011.2,90.0,,0.91,1.0,,
2005-06-05,Lagos,30.9,23.2,28.0,81.9,1.0,100.0,4.17,rain,22.3,258.3,1010.2,90.0,,0.95,0.0,,
2005-06-06,Lagos,30.1,23.4,27.3,88.6,27.9,100.0,8.33,rain,33.5,234.5,1011.1,90.0,,0.0,0.0,,
2005-06-07,Lagos,30.1,23.4,27.3,88.6,27.9,100.0,8.33,rain,33.5,234.5,1011.1,90.0,,0.0,0.0,,
2005-06-08,Lagos,30.1,23.4,27.3,88.6,27.9,100.0,8.33,rain,33.5,234.5,1011.1,90.0,,0.0,0.0,,
2005-06-09,Lagos,30.1,23.4,27.3,88.6,27.9,100.0,8.33,rain,33.5,234.5,1011.1,90.0,,0.0,0.0,,
2005-06-10,Lagos,30.1,23.4,27.3,88.6,27.9,100.0,8.33,rain,33.5,234.5,1011.1,90.0,,0.0,0.0,,
2005-06-11,Lagos,28.1,22.1,23.8,95.1,145.0,100.0,8.33,rain,18.4,279.5,1012.3,88.8,,0.15,1.0,,
2005-06-12,Lagos,24.9,22.7,23.6,98.1,34.0,100.0,4.17,rain,22.3,340.0,1012.3,93.3,,0.18,1.0,,
2005-06-13,Lagos,24.9,22.7,23.6,98.1,34.0,100.0,4.17,rain,22.3,340.0,1012.3,93.3,,0.18,1.0,,
2005-06-14,Lagos,24.9,22.7,23.6,98.1,34.0,100.0,4.17,rain,22.3,340.0,1012.3,93.3,,0.18,1.0,,
2005-06-15,Lagos,24.9,22.7,23.6,98.1,34.0,100.0,4.17,rain,22.3,340.0,1012.3,93.3,,0.18,1.0,,
2005-06-16,Lagos,24.9,22.7,23.6,98.1,34.0,100.0,4.17,rain,22.3,340.0,1012.3,93.3,,0.18,1.0,,
2005-06-17,Lagos,24.9,22.7,23.6,98.1,34.0,100.0,4.17,rain,22.3,340.0,1012.3,93.3,,0.18,1.0,,
2005-06-18,Lagos,24.9,22.7,23.6,98.1,34.0,100.0,4.17,rain,22.3,340.0,1012.3,93.3,,0.18,1.0,,
2005-06-19,Lagos,24.9,22.7,23.6,98.1,34.0,100.0,4.17,rain,22.3,340.0,1012.3,93.3,,0.18,1.0,,
2005-06-20,Lagos,24.9,22.7,23.6,98.1,34.0,100.0,4.17,rain,22.3,340.0,1012.3,93.3,,0.18,1.0,,
2005-06-21,Lagos,24.9,22.7,23.6,98.1,34.0,100.0,4.17,rain,22.3,340.0,1012.3,93.3,,0.18,1.0,,
2005-06-22,Lagos,24.9,22.7,23.6,98.1,34.0,100.0,4.17,rain,22.3,340.0,1012.3,93.3,,0.18,1.0,,
2005-06-23,Lagos,24.9,22.7,23.6,98.1,34.0,100.0,4.17,rain,22.3,340.0,1012.3,93.3,,0.18,1.0,,
2005-06-24,Lagos,24.9,22.7,23.6,98.1,34.0,100.0,4.17,rain,22.3,340.0,1012.3,93.3,,0.18,1.0,,
2005-06-25,Lagos,26.6,25.4,26.0,92.3,2.0,100.0,4.17,rain,22.3,240.0,1012.9,90.0,,0.61,0.0,,
2005-06-26,Lagos,26.6,25.4,26.0,92.3,2.0,100.0,4.17,rain,22.3,240.0,1012.9,90.0,,0.61,0.0,,
2005-06-27,Lagos,26.6,25.4,26.0,92.3,2.0,100.0,4.17,rain,22.3,240.0,1012.9,90.0,,0.61,0.0,,
2005-06-28,Lagos,26.6,25.4,26.0,92.3,2.0,100.0,4.17,rain,22.3,240.0,1012.9,90.0,,0.61,0.0,,
2005-06-29,Lagos,26.6,25.4,26.0,92.3,2.0,100.0,4.17,rain,22.3,240.0,1012.9,90.0,,0.61,0.0,,
2005-06-30,Lagos,28.1,25.1,26.4,88.4,5.1,100.0,4.17,rain,29.5,259.2,1013.7,90.0,,0.79,0.0,,
2005-07-01,Lagos,28.1,25.1,26.4,88.4,5.1,100.0,4.17,rain,29.5,259.2,1013.7,90.0,,0.79,0.0,,
2005-07-02,Lagos,28.1,25.1,26.4,88.4,5.1,100.0,4.17,rain,29.5,259.2,1013.7,90.0,,0.79,0.0,,
2005-07-03,Lagos,28.1,25.1,26.4,88.4,5.1,100.0,4.17,rain,29.5,259.2,1013.7,90.0,,0.79,0.0,,
2005-07-04,Lagos,28.1,25.1,26.4,88.4,5.1,100.0,4.17,rain,29.5,259.2,1013.7,90.0,,0.79,0.0,,
2005-07-05,Lagos,28.1,25.1,26.4,88.4,5.1,100.0,4.17,rain,29.5,259.2,1013.7,90.0,,0.79,0.0,,
2005-07-06,Lagos,28.1,25.1,26.4,88.4,5.1,100.0,4.17,rain,29.5,259.2,1013.7,90.0,,0.79,0.0,,
2005-07-07,Lagos,28.1,25.1,26.4,88.4,5.1,100.0,4.17,rain,29.5,259.2,1013.7,90.0,,0.79,0.0,,
2005-07-08,Lagos,28.1,25.1,26.4,88.4,5.1,100.0,4.17,rain,29.5,259.2,1013.7,90.0,,0.79,0.0,,
2005-07-09,Lagos,28.1,25.1,26.4,88.4,5.1,100.0,4.17,rain,29.5,259.2,1013.7,90.0,,0.79,0.0,,
2005-07-10,Lagos,28.1,25.1,26.4,88.4,5.1,100.0,4.17,rain,29.5,259.2,1013.7,90.0,,0.79,0.0,,
2005-07-11,Lagos,28.1,25.1,26.4,88.4,5.1,100.0,4.17,rain,29.5,259.2,1013.7,90.0,,0.79,0.0,,
2005-07-12,Lagos,28.1,25.1,26.4,88.4,5.1,100.0,4.17,rain,29.5,259.2,1013.7,90.0,,0.79,0.0,,
2005-07-13,Lagos,28.1,25.1,26.4,88.4,5.1,100.0,4.17,rain,29.5,259.2,1013.7,90.0,,0.79,0.0,,
2005-07-14,Lagos,28.1,25.1,26.4,88.4,5.1,100.0,4.17,rain,29.5,259.2,1013.7,90.0,,0.79,0.0,,
2005-07-15,Lagos,28.1,25.1,26.4,88.4,5.1,100.0,4.17,rain,29.5,259.2,1013.7,90.0,,0.79,0.0,,
2005-07-16,Lagos,28.1,25.1,26.4,88.4,5.1,100.0,4.17,rain,29.5,259.2,1013.7,90.0,,0.79,0.0,,
2005-07-17,Lagos,28.1,25.1,26.4,88.4,5.1,100.0,4.17,rain,29.5,259.2,1013.7,90.0,,0.79,0.0,,
2005-07-18,Lagos,29.1,27.1,27.9,84.2,21.1,100.0,4.17,rain,33.5,232.9,1012.4,90.0,,0.4,0.0,,
2005-07-19,Lagos,29.1,27.1,27.9,84.2,21.1,100.0,4.17,rain,33.5,232.9,1012.4,90.0,,0.4,0.0,,
2005-07-20,Lagos,29.1,27.1,27.9,84.2,21.1,100.0,4.17,rain,33.5,232.9,1012.4,90.0,,0.4,0.0,,
2005-07-21,Lagos,29.1,27.1,27.9,84.2,21.1,100.0,4.17,rain,33.5,232.9,1012.4,90.0,,0.4,0.0,,
2005-07-22,Lagos,29.1,27.1,27.9,84.2,21.1,100.0,4.17,rain,33.5,232.9,1012.4,90.0,,0.4,0.0,,
2005-07-23,Lagos,29.1,27.1,27.9,84.2,21.1,100.0,4.17,rain,33.5,232.9,1012.4,90.0,,0.4,0.0,,
2005-07-24,Lagos,29.1,27.1,27.9,84.2,21.1,100.0,4.17,rain,33.5,232.9,1012.4,90.0,,0.4,0.0,,
2005-07-25,Lagos,29.1,27.1,27.9,84.2,21.1,100.0,4.17,rain,33.5,232.9,1012.4,90.0,,0.4,0.0,,
2005-07-26,Lagos,29.1,27.1,27.9,84.2,21.1,100.0,4.17,rain,33.5,232.9,1012.4,90.0,,0.4,0.0,,
2005-07-27,Lagos,29.1,27.1,27.9,84.2,21.1,100.0,4.17,rain,33.5,232.9,1012.4,90.0,,0.4,0.0,,
2005-07-28,Lagos,29.1,27.1,27.9,84.2,21.1,100.0,4.17,rain,33.5,232.9,1012.4,90.0,,0.4,0.0,,
2005-07-29,Lagos,29.1,27.1,27.9,84.2,21.1,100.0,4.17,rain,33.5,232.9,1012.4,90.0,,0.4,0.0,,
2005-07-30,Lagos,29.1,27.1,27.9,84.2,21.1,100.0,4.17,rain,33.5,232.9,1012.4,90.0,,0.4,0.0,,
2005-07-31,Lagos,29.1,27.1,27.9,84.2,21.1,100.0,4.17,rain,33.5,232.9,1012.4,90.0,,0.4,0.0,,
2005-08-01,Lagos,29.1,27.1,27.9,84.2,21.1,100.0,4.17,rain,33.5,232.9,1012.4,90.0,,0.4,0.0,,
2005-08-02,Lagos,29.1,27.1,27.9,84.2,21.1,100.0,4.17,rain,33.5,232.9,1012.4,90.0,,0.4,0.0,,
2005-08-03,Lagos,29.1,27.1,27.9,84.2,21.1,100.0,4.17,rain,33.5,232.9,1012.4,90.0,,0.4,0.0,,
2005-08-04,Lagos,29.1,27.1,27.9,84.2,21.1,100.0,4.17,rain,33.5,232.9,1012.4,90.0,,0.4,0.0,,
2005-08-05,Lagos,29.1,27.1,27.9,84.2,21.1,100.0,4.17,rain,33.5,232.9,1012.4,90.0,,0.4,0.0,,
2005-08-06,Lagos,29.1,27.1,27.9,84.2,21.1,100.0,4.17,rain,33.5,232.9,1012.4,90.0,,0.4,0.0,,
2005-08-07,Lagos,29.1,27.1,27.9,84.2,21.1,100.0,4.17,rain,33.5,232.9,1012.4,90.0,,0.4,0.0,,
2005-08-08,Lagos,29.1,27.1,27.9,84.2,21.1,100.0,4.17,rain,33.5,232.9,1012.4,90.0,,0.4,0.0,,
2005-08-09,Lagos,29.1,27.1,27.9,84.2,21.1,100.0,4.17,rain,33.5,232.9,1012.4,90.0,,0.4,0.0,,
2005-08-10,Lagos,29.1,27.1,27.9,84.2,21.1,100.0,4.17,rain,33.5,232.9,1012.4,90.0,,0.4,0.0,,
2005-08-11,Lagos,29.1,27.1,27.9,84.2,21.1,100.0,4.17,rain,33.5,232.9,1012.4,90.0,,0.4,0.0,,
2005-08-12,Lagos,29.1,27.1,27.9,84.2,21.1,100.0,4.17,rain,33.5,232.9,1012.4,90.0,,0.4,0.0,,
2005-08-13,Lagos,29.1,27.1,27.9,84.2,21.1,100.0,4.17,rain,33.5,232.9,1012.4,90.0,,0.4,0.0,,
2005-08-14,Lagos,29.1,27.1,27.9,84.2,21.1,100.0,4.17,rain,33.5,232.9,1012.4,90.0,,0.4,0.0,,
2005-08-15,Lagos,29.1,27.1,27.9,84.2,21.1,100.0,4.17,rain,33.5,232.9,1012.4,90.0,,0.4,0.0,,
2005-08-16,Lagos,29.1,27.1,27.9,84.2,21.1,100.0,4.17,rain,33.5,232.9,1012.4,90.0,,0.4,0.0,,
2005-08-17,Lagos,29.1,27.1,27.9,84.2,21.1,100.0,4.17,rain,33.5,232.9,1012.4,90.0,,0.4,0.0,,
2005-08-18,Lagos,29.1,27.1,27.9,84.2,21.1,100.0,4.17,rain,33.5,232.9,1012.4,90.0,,0.4,0.0,,
2005-08-19,Lagos,29.1,27.1,27.9,84.2,21.1,100.0,4.17,rain,33.5,232.9,1012.4,90.0,,0.4,0.0,,
2005-08-20,Lagos,29.1,27.1,27.9,84.2,21.1,100.0,4.17,rain,33.5,232.9,1012.4,90.0,,0.4,0.0,,
2005-08-21,Lagos,29.1,27.1,27.9,84.2,21.1,100.0,4.17,rain,33.5,232.9,1012.4,90.0,,0.4,0.0,,
2005-08-22,Lagos,29.1,27.1,27.9,84.2,21.1,100.0,4.17,rain,33.5,232.9,1012.4,90.0,,0.4,0.0,,
2005-08-23,Lagos,26.1,23.7,25.5,83.1,52.1,100.0,4.17,rain,31.3,246.6,1014.1,89.0,,0.62,1.0,,
2005-08-24,Lagos,26.1,23.7,25.5,83.1,52.1,100.0,4.17,rain,31.3,246.6,1014.1,89.0,,0.62,1.0,,
2005-08-25,Lagos,26.1,23.7,25.5,83.1,52.1,100.0,4.17,rain,31.3,246.6,1014.1,89.0,,0.62,1.0,,
2005-08-26,Lagos,26.1,23.7,25.5,83.1,52.1,100.0,4.17,rain,31.3,246.6,1014.1,89.0,,0.62,1.0,,
2005-08-27,Lagos,26.1,23.7,25.5,83.1,52.1,100.0,4.17,rain,31.3,246.6,1014.1,89.0,,0.62,1.0,,
2005-08-28,Lagos,26.1,23.7,25.5,83.1,52.1,100.0,4.17,rain,31.3,246.6,1014.1,89.0,,0.62,1.0,,
2005-08-29,Lagos,26.1,23.7,25.5,83.1,52.1,100.0,4.17,rain,31.3,246.6,1014.1,89.0,,0.62,1.0,,
2005-08-30,Lagos,26.1,23.7,25.5,83.1,52.1,100.0,4.17,rain,31.3,246.6,1014.1,89.0,,0.62,1.0,,
2005-08-31,Lagos,26.1,23.7,25.5,83.1,52.1,100.0,4.17,rain,31.3,246.6,1014.1,89.0,,0.62,1.0,,
2005-09-01,Lagos,26.1,23.7,25.5,83.1,52.1,100.0,4.17,rain,31.3,246.6,1014.1,89.0,,0.62,1.0,,
2005-09-02,Lagos,26.1,23.7,25.5,83.1,52.1,100.0,4.17,rain,31.3,246.6,1014.1,89.0,,0.62,1.0,,
2005-09-03,Lagos,26.1,23.7,25.5,83.1,52.1,100.0,4.17,rain,31.3,246.6,1014.1,89.0,,0.62,1.0,,
2005-09-04,Lagos,26.1,23.7,25.5,83.1,52.1,100.0,4.17,rain,31.3,246.6,1014.1,89.0,,0.62,1.0,,
2005-09-05,Lagos,26.1,23.7,25.5,83.1,52.1,100.0,4.17,rain,31.3,246.6,1014.1,89.0,,0.62,1.0,,
2005-09-06,Lagos,26.1,23.7,25.5,83.1,52.1,100.0,4.17,rain,31.3,246.6,1014.1,89.0,,0.62,1.0,,
2005-09-07,Lagos,26.1,23.7,25.5,83.1,52.1,100.0,4.17,rain,31.3,246.6,1014.1,89.0,,0.62,1.0,,
2005-09-08,Lagos,26.1,23.7,25.5,83.1,52.1,100.0,4.17,rain,31.3,246.6,1014.1,89.0,,0.62,1.0,,
2005-09-09,Lagos,26.1,23.7,25.5,83.1,52.1,100.0,4.17,rain,31.3,246.6,1014.1,89.0,,0.62,1.0,,
2005-09-10,Lagos,26.1,23.7,25.5,83.1,52.1,100.0,4.17,rain,31.3,246.6,1014.1,89.0,,0.62,1.0,,
2005-09-11,Lagos,26.1,23.7,25.5,83.1,52.1,100.0,4.17,rain,31.3,246.6,1014.1,89.0,,0.62,1.0,,
2005-09-12,Lagos,26.1,23.7,25.5,83.1,52.1,100.0,4.17,rain,31.3,246.6,1014.1,89.0,,0.62,1.0,,
2005-09-13,Lagos,26.1,23.7,25.5,83.1,52.1,100.0,4.17,rain,31.3,246.6,1014.1,89.0,,0.62,1.0,,
2005-09-14,Lagos,26.1,23.7,25.5,83.1,52.1,100.0,4.17,rain,31.3,246.6,1014.1,89.0,,0.62,1.0,,
2005-09-15,Lagos,26.1,23.7,25.5,83.1,52.1,100.0,4.17,rain,31.3,246.6,1014.1,89.0,,0.62,1.0,,
2005-09-16,Lagos,26.1,23.7,25.5,83.1,52.1,100.0,4.17,rain,31.3,246.6,1014.1,89.0,,0.62,1.0,,
2005-09-17,Lagos,26.1,23.7,25.5,83.1,52.1,100.0,4.17,rain,31.3,246.6,1014.1,89.0,,0.62,1.0,,
2005-09-18,Lagos,26.1,23.7,25.5,83.1,52.1,100.0,4.17,rain,31.3,246.6,1014.1,89.0,,0.62,1.0,,
2005-09-19,Lagos,26.1,23.7,25.5,83.1,52.1,100.0,4.17,rain,31.3,246.6,1014.1,89.0,,0.62,1.0,,
2005-09-20,Lagos,26.1,23.7,25.5,83.1,52.1,100.0,4.17,rain,31.3,246.6,1014.1,89.0,,0.62,1.0,,
2005-09-21,Lagos,26.1,23.7,25.5,83.1,52.1,100.0,4.17,rain,31.3,246.6,1014.1,89.0,,0.62,1.0,,
2005-09-22,Lagos,26.1,23.7,25.5,83.1,52.1,100.0,4.17,rain,31.3,246.6,1014.1,89.0,,0.62,1.0,,
2005-09-23,Lagos,26.1,23.7,25.5,83.1,52.1,100.0,4.17,rain,31.3,246.6,1014.1,89.0,,0.62,1.0,,
2005-09-24,Lagos,26.1,23.7,25.5,83.1,52.1,100.0,4.17,rain,31.3,246.6,1014.1,89.0,,0.62,1.0,,
2005-09-25,Lagos,26.1,23.7,25.5,83.1,52.1,100.0,4.17,rain,31.3,246.6,1014.1,89.0,,0.62,1.0,,
2005-09-26,Lagos,26.1,23.7,25.5,83.1,52.1,100.0,4.17,rain,31.3,246.6,1014.1,89.0,,0.62,1.0,,
2005-09-27,Lagos,26.1,23.7,25.5,83.1,52.1,100.0,4.17,rain,31.3,246.6,1014.1,89.0,,0.62,1.0,,
2005-09-28,Lagos,26.1,23.7,25.5,83.1,52.1,100.0,4.17,rain,31.3,246.6,1014.1,89.0,,0.62,1.0,,
2005-09-29,Lagos,26.1,23.7,25.5,83.1,52.1,100.0,4.17,rain,31.3,246.6,1014.1,89.0,,0.62,1.0,,
2005-09-30,Lagos,26.1,23.7,25.5,83.1,52.1,100.0,4.17,rain,31.3,246.6,1014.1,89.0,,0.62,1.0,,
2005-10-01,Lagos,26.1,23.7,25.5,83.1,52.1,100.0,4.17,rain,31.3,246.6,1014.1,89.0,,0.62,1.0,,
2005-10-02,Lagos,26.1,23.7,25.5,83.1,52.1,100.0,4.17,rain,31.3,246.6,1014.1,89.0,,0.62,1.0,,
2005-10-03,Lagos,26.1,23.7,25.5,83.1,52.1,100.0,4.17,rain,31.3,246.6,1014.1,89.0,,0.62,1.0,,
2005-10-04,Lagos,26.1,23.7,25.5,83.1,52.1,100.0,4.17,rain,31.3,246.6,1014.1,89.0,,0.62,1.0,,
2005-10-05,Lagos,27.1,22.1,24.0,95.2,13.0,100.0,4.17,rain,18.4,344.8,1014.3,87.0,,0.07,0.0,,
2005-10-06,Lagos,27.1,22.1,24.0,95.2,13.0,100.0,4.17,rain,18.4,344.8,1014.3,87.0,,0.07,0.0,,
2005-10-07,Lagos,27.1,22.1,24.0,95.2,13.0,100.0,4.17,rain,18.4,344.8,1014.3,87.0,,0.07,0.0,,
2005-10-08,Lagos,27.1,22.1,24.0,95.2,13.0,100.0,4.17,rain,18.4,344.8,1014.3,87.0,,0.07,0.0,,
2005-10-09,Lagos,30.6,26.4,28.3,80.2,2.0,100.0,4.17,rain,22.3,243.7,1010.0,90.0,,0.21,0.0,,
2005-10-10,Lagos,30.1,25.1,28.1,85.3,297.7,100.0,4.17,rain,27.7,206.7,1013.2,90.0,,0.25,1.0,,
2005-10-11,Lagos,27.4,23.4,25.4,87.4,2.0,100.0,4.17,rain,16.6,242.5,1011.1,90.0,,0.29,0.0,,
2005-10-12,Lagos,27.4,23.4,25.4,87.4,2.0,100.0,4.17,rain,16.6,242.5,1011.1,90.0,,0.29,0.0,,
2005-10-13,Lagos,27.4,23.4,25.4,87.4,2.0,100.0,4.17,rain,16.6,242.5,1011.1,90.0,,0.29,0.0,,
2005-10-14,Lagos,27.4,23.4,25.4,87.4,2.0,100.0,4.17,rain,16.6,242.5,1011.1,90.0,,0.29,0.0,,
2005-10-15,Lagos,27.4,23.4,25.4,87.4,2.0,100.0,4.17,rain,16.6,242.5,1011.1,90.0,,0.29,0.0,,
2005-10-16,Lagos,27.4,23.4,25.4,87.4,2.0,100.0,4.17,rain,16.6,242.5,1011.1,90.0,,0.29,0.0,,
2005-10-17,Lagos,27.4,23.4,25.4,87.4,2.0,100.0,4.17,rain,16.6,242.5,1011.1,90.0,,0.29,0.0,,
2005-10-18,Lagos,27.4,23.4,25.4,87.4,2.0,100.0,4.17,rain,16.6,242.5,1011.1,90.0,,0.29,0.0,,
2005-10-19,Lagos,27.4,23.4,25.4,87.4,2.0,100.0,4.17,rain,16.6,242.5,1011.1,90.0,,0.29,0.0,,
2005-10-20,Lagos,30.4,23.9,27.6,85.9,30.0,100.0,4.17,rain,33.5,135.3,1013.2,90.0,,0.59,0.0,,
2005-10-21,Lagos,30.4,23.9,27.6,85.9,30.0,100.0,4.17,rain,33.5,135.3,1013.2,90.0,,0.59,0.0,,
2005-10-22,Lagos,30.4,23.9,27.6,85.9,30.0,100.0,4.17,rain,33.5,135.3,1013.2,90.0,,0.59,0.0,,
2005-10-23,Lagos,30.4,23.9,27.6,85.9,30.0,100.0,4.17,rain,33.5,135.3,1013.2,90.0,,0.59,0.0,,
2005-10-24,Lagos,30.4,23.9,27.6,85.9,30.0,100.0,4.17,rain,33.5,135.3,1013.2,90.0,,0.59,0.0,,
2005-10-25,Lagos,30.4,23.9,27.6,85.9,30.0,100.0,4.17,rain,33.5,135.3,1013.2,90.0,,0.59,0.0,,
2005-10-26,Lagos,30.4,23.9,27.6,85.9,30.0,100.0,4.17,rain,33.5,135.3,1013.2,90.0,,0.59,0.0,,
2005-10-27,Lagos,30.4,23.9,27.6,85.9,30.0,100.0,4.17,rain,33.5,135.3,1013.2,90.0,,0.59,0.0,,
2005-10-28,Lagos,30.4,23.9,27.6,85.9,30.0,100.0,4.17,rain,33.5,135.3,1013.2,90.0,,0.59,0.0,,
2005-10-29,Lagos,30.4,23.9,27.6,85.9,30.0,100.0,4.17,rain,33.5,135.3,1013.2,90.0,,0.59,0.0,,
2005-10-30,Lagos,30.4,23.9,27.6,85.9,30.0,100.0,4.17,rain,33.5,135.3,1013.2,90.0,,0.59,0.0,,
2005-10-31,Lagos,30.4,23.9,27.6,85.9,30.0,100.0,4.17,rain,33.5,135.3,1013.2,90.0,,0.59,0.0,,
2005-11-01,Lagos,25.4,23.4,24.7,95.1,3.0,100.0,4.17,rain,22.3,88.3,1012.4,94.0,,0.98,0.0,,
2005-11-02,Lagos,25.4,23.4,24.7,95.1,3.0,100.0,4.17,rain,22.3,88.3,1012.4,94.0,,0.98,0.0,,
2005-11-03,Lagos,27.2,23.2,25.2,95.9,4.1,100.0,4.17,rain,14.8,270.0,1012.4,90.0,,0.05,0.0,,
2005-11-04,Lagos,27.2,23.2,25.2,95.9,4.1,100.0,4.17,rain,14.8,270.0,1012.4,90.0,,0.05,0.0,,
2005-11-05,Lagos,27.2,23.2,25.2,95.9,4.1,100.0,4.17,rain,14.8,270.0,1012.4,90.0,,0.05,0.0,,
2005-11-06,Lagos,27.2,23.2,25.2,95.9,4.1,100.0,4.17,rain,14.8,270.0,1012.4,90.0,,0.05,0.0,,
2005-11-07,Lagos,27.2,23.2,25.2,95.9,4.1,100.0,4.17,rain,14.8,270.0,1012.4,90.0,,0.05,0.0,,
2005-11-08,Lagos,27.2,23.2,25.2,95.9,4.1,100.0,4.17,rain,14.8,270.0,1012.4,90.0,,0.05,0.0,,
2005-11-09,Lagos,27.2,23.2,25.2,95.9,4.1,100.0,4.17,rain,14.8,270.0,1012.4,90.0,,0.05,0.0,,
2005-11-10,Lagos,27.2,23.2,25.2,95.9,4.1,100.0,4.17,rain,14.8,270.0,1012.4,90.0,,0.05,0.0,,
2005-11-11,Lagos,27.2,23.2,25.2,95.9,4.1,100.0,4.17,rain,14.8,270.0,1012.4,90.0,,0.05,0.0,,
2005-11-12,Lagos,27.2,23.2,25.2,95.9,4.1,100.0,4.17,rain,14.8,270.0,1012.4,90.0,,0.05,0.0,,
2005-11-13,Lagos,27.2,23.2,25.2,95.9,4.1,100.0,4.17,rain,14.8,270.0,1012.4,90.0,,0.05,0.0,,
2005-11-14,Lagos,27.2,23.2,25.2,95.9,4.1,100.0,4.17,rain,14.8,270.0,1012.4,90.0,,0.05,0.0,,
2005-11-15,Lagos,27.2,23.2,25.2,95.9,4.1,100.0,4.17,rain,14.8,270.0,1012.4,90.0,,0.05,0.0,,
2005-11-16,Lagos,27.2,23.2,25.2,95.9,4.1,100.0,4.17,rain,14.8,270.0,1012.4,90.0,,0.05,0.0,,
2005-11-17,Lagos,27.2,23.2,25.2,95.9,4.1,100.0,4.17,rain,14.8,270.0,1012.4,90.0,,0.05,0.0,,
2005-11-18,Lagos,27.2,23.2,25.2,95.9,4.1,100.0,4.17,rain,14.8,270.0,1012.4,90.0,,0.05,0.0,,
2005-11-19,Lagos,27.2,23.2,25.2,95.9,4.1,100.0,4.17,rain,14.8,270.0,1012.4,90.0,,0.05,0.0,,
2005-11-20,Lagos,27.2,23.2,25.2,95.9,4.1,100.0,4.17,rain,14.8,270.0,1012.4,90.0,,0.05,0.0,,
2005-11-21,Lagos,27.2,23.2,25.2,95.9,4.1,100.0,4.17,rain,14.8,270.0,1012.4,90.0,,0.05,0.0,,
2005-11-22,Lagos,27.2,23.2,25.2,95.9,4.1,100.0,4.17,rain,14.8,270.0,1012.4,90.0,,0.05,0.0,,
2005-11-23,Lagos,27.2,23.2,25.2,95.9,4.1,100.0,4.17,rain,14.8,270.0,1012.4,90.0,,0.05,0.0,,
2005-11-24,Lagos,27.2,23.2,25.2,95.9,4.1,100.0,4.17,rain,14.8,270.0,1012.4,90.0,,0.05,0.0,,
2005-11-25,Lagos,27.2,23.2,25.2,95.9,4.1,100.0,4.17,rain,14.8,270.0,1012.4,90.0,,0.05,0.0,,
2005-11-26,Lagos,27.2,23.2,25.2,95.9,4.1,100.0,4.17,rain,14.8,270.0,1012.4,90.0,,0.05,0.0,,
2005-11-27,Lagos,27.2,23.2,25.2,95.9,4.1,100.0,4.17,rain,14.8,270.0,1012.4,90.0,,0.05,0.0,,
2005-11-28,Lagos,27.2,23.2,25.2,95.9,4.1,100.0,4.17,rain,14.8,270.0,1012.4,90.0,,0.05,0.0,,
2005-11-29,Lagos,27.2,23.2,25.2,95.9,4.1,100.0,4.17,rain,14.8,270.0,1012.4,90.0,,0.05,0.0,,
2005-11-30,Lagos,27.2,23.2,25.2,95.9,4.1,100.0,4.17,rain,14.8,270.0,1012.4,90.0,,0.05,0.0,,
2005-12-01,Lagos,27.2,23.2,25.2,95.9,4.1,100.0,4.17,rain,14.8,270.0,1012.4,90.0,,0.05,0.0,,
2005-12-02,Lagos,27.2,23.2,25.2,95.9,4.1,100.0,4.17,rain,14.8,270.0,1012.4,90.0,,0.05,0.0,,
2005-12-03,Lagos,27.2,23.2,25.2,95.9,4.1,100.0,4.17,rain,14.8,270.0,1012.4,90.0,,0.05,0.0,,
2005-12-04,Lagos,27.2,23.2,25.2,95.9,4.1,100.0,4.17,rain,14.8,270.0,1012.4,90.0,,0.05,0.0,,
2005-12-05,Lagos,27.2,23.2,25.2,95.9,4.1,100.0,4.17,rain,14.8,270.0,1012.4,90.0,,0.05,0.0,,
2005-12-06,Lagos,27.2,23.2,25.2,95.9,4.1,100.0,4.17,rain,14.8,270.0,1012.4,90.0,,0.05,0.0,,
2005-12-07,Lagos,27.2,23.2,25.2,95.9,4.1,100.0,4.17,rain,14.8,270.0,1012.4,90.0,,0.05,0.0,,
2005-12-08,Lagos,27.2,23.2,25.2,95.9,4.1,100.0,4.17,rain,14.8,270.0,1012.4,90.0,,0.05,0.0,,
2005-12-09,Lagos,27.2,23.2,25.2,95.9,4.1,100.0,4.17,rain,14.8,270.0,1012.4,90.0,,0.05,0.0,,
2005-12-10,Lagos,27.2,23.2,25.2,95.9,4.1,100.0,4.17,rain,14.8,270.0,1012.4,90.0,,0.05,0.0,,
2005-12-11,Lagos,27.2,23.2,25.2,95.9,4.1,100.0,4.17,rain,14.8,270.0,1012.4,90.0,,0.05,0.0,,
2005-12-12,Lagos,27.2,23.2,25.2,95.9,4.1,100.0,4.17,rain,14.8,270.0,1012.4,90.0,,0.05,0.0,,
2005-12-13,Lagos,27.2,23.2,25.2,95.9,4.1,100.0,4.17,rain,14.8,270.0,1012.4,90.0,,0.05,0.0,,
2005-12-14,Lagos,27.2,23.2,25.2,95.9,4.1,100.0,4.17,rain,14.8,270.0,1012.4,90.0,,0.05,0.0,,
2005-12-15,Lagos,27.2,23.2,25.2,95.9,4.1,100.0,4.17,rain,14.8,270.0,1012.4,90.0,,0.05,0.0,,
2005-12-16,Lagos,27.2,23.2,25.2,95.9,4.1,100.0,4.17,rain,14.8,270.0,1012.4,90.0,,0.05,0.0,,
2005-12-17,Lagos,27.2,23.2,25.2,95.9,4.1,100.0,4.17,rain,14.8,270.0,1012.4,90.0,,0.05,0.0,,
2005-12-18,Lagos,27.2,23.2,25.2,95.9,4.1,100.0,4.17,rain,14.8,270.0,1012.4,90.0,,0.05,0.0,,
2005-12-19,Lagos,27.2,23.2,25.2,95.9,4.1,100.0,4.17,rain,14.8,270.0,1012.4,90.0,,0.05,0.0,,
2005-12-20,Lagos,27.2,23.2,25.2,95.9,4.1,100.0,4.17,rain,14.8,270.0,1012.4,90.0,,0.05,0.0,,
2005-12-21,Lagos,27.2,23.2,25.2,95.9,4.1,100.0,4.17,rain,14.8,270.0,1012.4,90.0,,0.05,0.0,,
2005-12-22,Lagos,27.2,23.2,25.2,95.9,4.1,100.0,4.17,rain,14.8,270.0,1012.4,90.0,,0.05,0.0,,
2005-12-23,Lagos,27.2,23.2,25.2,95.9,4.1,100.0,4.17,rain,14.8,270.0,1012.4,90.0,,0.05,0.0,,
2005-12-24,Lagos,27.2,23.2,25.2,95.9,4.1,100.0,4.17,rain,14.8,270.0,1012.4,90.0,,0.05,0.0,,
2005-12-25,Lagos,27.2,23.2,25.2,95.9,4.1,100.0,4.17,rain,14.8,270.0,1012.4,90.0,,0.05,0.0,,
2005-12-26,Lagos,27.2,23.2,25.2,95.9,4.1,100.0,4.17,rain,14.8,270.0,1012.4,90.0,,0.05,0.0,,
2005-12-27,Lagos,27.2,23.2,25.2,95.9,4.1,100.0,4.17,rain,14.8,270.0,1012.4,90.0,,0.05,0.0,,
2005-12-28,Lagos,27.2,23.2,25.2,95.9,4.1,100.0,4.17,rain,14.8,270.0,1012.4,90.0,,0.05,0.0,,
2005-12-29,Lagos,27.2,23.2,25.2,95.9,4.1,100.0,4.17,rain,14.8,270.0,1012.4,90.0,,0.05,0.0,,
2005-12-30,Lagos,27.2,23.2,25.2,95.9,4.1,100.0,4.17,rain,14.8,270.0,1012.4,90.0,,0.05,0.0,,
2005-12-31,Lagos,27.2,23.2,25.2,95.9,4.1,100.0,4.17,rain,14.8,270.0,1012.4,90.0,,0.05,0.0,,
2006-01-01,Lagos,27.2,23.2,25.2,95.9,4.1,100.0,4.17,rain,14.8,270.0,1012.4,90.0,,0.05,0.0,,
2006-01-02,Lagos,27.2,23.2,25.2,95.9,4.1,100.0,4.17,rain,14.8,270.0,1012.4,90.0,,0.05,0.0,,
2006-01-03,Lagos,27.2,23.2,25.2,95.9,4.1,100.0,4.17,rain,14.8,270.0,1012.4,90.0,,0.05,0.0,,
2006-01-04,Lagos,27.2,23.2,25.2,95.9,4.1,100.0,4.17,rain,14.8,270.0,1012.4,90.0,,0.05,0.0,,
2006-01-05,Lagos,27.2,23.2,25.2,95.9,4.1,100.0,4.17,rain,14.8,270.0,1012.4,90.0,,0.05,0.0,,
2006-01-06,Lagos,27.2,23.2,25.2,95.9,4.1,100.0,4.17,rain,14.8,270.0,1012.4,90.0,,0.05,0.0,,
2006-01-07,Lagos,27.2,23.2,25.2,95.9,4.1,100.0,4.17,rain,14.8,270.0,1012.4,90.0,,0.05,0.0,,
2006-01-08,Lagos,27.2,23.2,25.2,95.9,4.1,100.0,4.17,rain,14.8,270.0,1012.4,90.0,,0.05,0.0,,
2006-01-09,Lagos,27.2,23.2,25.2,95.9,4.1,100.0,4.17,rain,14.8,270.0,1012.4,90.0,,0.05,0.0,,
2006-01-10,Lagos,27.2,23.2,25.2,95.9,4.1,100.0,4.17,rain,14.8,270.0,1012.4,90.0,,0.05,0.0,,
2006-01-11,Lagos,27.2,23.2,25.2,95.9,4.1,100.0,4.17,rain,14.8,270.0,1012.4,90.0,,0.05,0.0,,
2006-01-12,Lagos,27.2,23.2,25.2,95.9,4.1,100.0,4.17,rain,14.8,270.0,1012.4,90.0,,0.05,0.0,,
2006-01-13,Lagos,27.2,23.2,25.2,95.9,4.1,100.0,4.17,rain,14.8,270.0,1012.4,90.0,,0.05,0.0,,
2006-01-14,Lagos,27.2,23.2,25.2,95.9,4.1,100.0,4.17,rain,14.8,270.0,1012.4,90.0,,0.05,0.0,,
2006-01-15,Lagos,27.2,23.2,25.2,95.9,4.1,100.0,4.17,rain,14.8,270.0,1012.4,90.0,,0.05,0.0,,
2006-01-16,Lagos,27.2,23.2,25.2,95.9,4.1,100.0,4.17,rain,14.8,270.0,1012.4,90.0,,0.05,0.0,,
2006-01-17,Lagos,27.2,23.2,25.2,95.9,4.1,100.0,4.17,rain,14.8,270.0,1012.4,90.0,,0.05,0.0,,
2006-01-18,Lagos,27.2,23.2,25.2,95.9,4.1,100.0,4.17,rain,14.8,270.0,1012.4,90.0,,0.05,0.0,,
2006-01-19,Lagos,27.2,23.2,25.2,95.9,4.1,100.0,4.17,rain,14.8,270.0,1012.4,90.0,,0.05,0.0,,
2006-01-20,Lagos,27.2,23.2,25.2,95.9,4.1,100.0,4.17,rain,14.8,270.0,1012.4,90.0,,0.05,0.0,,
2006-01-21,Lagos,27.2,23.2,25.2,95.9,4.1,100.0,4.17,rain,14.8,270.0,1012.4,90.0,,0.05,0.0,,
2006-01-22,Lagos,27.2,23.2,25.2,95.9,4.1,100.0,4.17,rain,14.8,270.0,1012.4,90.0,,0.05,0.0,,
2006-01-23,Lagos,27.2,23.2,25.2,95.9,4.1,100.0,4.17,rain,14.8,270.0,1012.4,90.0,,0.05,0.0,,
2006-01-24,Lagos,27.2,23.2,25.2,95.9,4.1,100.0,4.17,rain,14.8,270.0,1012.4,90.0,,0.05,0.0,,
2006-01-25,Lagos,27.2,23.2,25.2,95.9,4.1,100.0,4.17,rain,14.8,270.0,1012.4,90.0,,0.05,0.0,,
2006-01-26,Lagos,27.2,23.2,25.2,95.9,4.1,100.0,4.17,rain,14.8,270.0,1012.4,90.0,,0.05,0.0,,
2006-01-27,Lagos,31.1,27.1,29.2,84.7,1.0,100.0,4.17,rain,33.5,226.8,1010.7,85.6,,0.93,0.0,,
2006-01-28,Lagos,31.1,27.1,29.2,84.7,1.0,100.0,4.17,rain,33.5,226.8,1010.7,85.6,,0.93,0.0,,
2006-01-29,Lagos,31.1,27.1,29.2,84.7,1.0,100.0,4.17,rain,33.5,226.8,1010.7,85.6,,0.93,0.0,,
2006-01-30,Lagos,31.1,27.1,29.2,84.7,1.0,100.0,4.17,rain,33.5,226.8,1010.7,85.6,,0.93,0.0,,
2006-01-31,Lagos,31.1,27.1,29.2,84.7,1.0,100.0,4.17,rain,33.5,226.8,1010.7,85.6,,0.93,0.0,,
2006-02-01,Lagos,31.1,27.1,29.2,84.7,1.0,100.0,4.17,rain,33.5,226.8,1010.7,85.6,,0.93,0.0,,
2006-02-02,Lagos,31.1,27.1,29.2,84.7,1.0,100.0,4.17,rain,33.5,226.8,1010.7,85.6,,0.93,0.0,,
2006-02-03,Lagos,31.1,27.1,29.2,84.7,1.0,100.0,4.17,rain,33.5,226.8,1010.7,85.6,,0.93,0.0,,
2006-02-04,Lagos,31.1,27.1,29.2,84.7,1.0,100.0,4.17,rain,33.5,226.8,1010.7,85.6,,0.93,0.0,,
2006-02-05,Lagos,31.1,27.1,29.2,84.7,1.0,100.0,4.17,rain,33.5,226.8,1010.7,85.6,,0.93,0.0,,
2006-02-06,Lagos,31.1,27.1,29.2,84.7,1.0,100.0,4.17,rain,33.5,226.8,1010.7,85.6,,0.93,0.0,,
2006-02-07,Lagos,31.1,27.1,29.2,84.7,1.0,100.0,4.17,rain,33.5,226.8,1010.7,85.6,,0.93,0.0,,
2006-02-08,Lagos,31.1,27.1,29.2,84.7,1.0,100.0,4.17,rain,33.5,226.8,1010.7,85.6,,0.93,0.0,,
2006-02-09,Lagos,31.1,27.1,29.2,84.7,1.0,100.0,4.17,rain,33.5,226.8,1010.7,85.6,,0.93,0.0,,
2006-02-10,Lagos,31.1,27.1,29.2,84.7,1.0,100.0,4.17,rain,33.5,226.8,1010.7,85.6,,0.93,0.0,,
2006-02-11,Lagos,31.1,27.1,29.2,84.7,1.0,100.0,4.17,rain,33.5,226.8,1010.7,85.6,,0.93,0.0,,
2006-02-12,Lagos,31.1,26.6,28.6,87.3,2.0,100.0,4.17,rain,25.9,211.9,1011.4,90.0,,0.47,0.0,,
2006-02-13,Lagos,31.1,26.6,28.6,87.3,2.0,100.0,4.17,rain,25.9,211.9,1011.4,90.0,,0.47,0.0,,
2006-02-14,Lagos,27.1,25.2,26.2,92.6,2.0,100.0,4.17,rain,18.4,270.0,1011.4,90.0,,0.54,0.0,,
2006-02-15,Lagos,27.1,25.2,26.2,92.6,2.0,100.0,4.17,rain,18.4,270.0,1011.4,90.0,,0.54,0.0,,
2006-02-16,Lagos,27.1,25.2,26.2,92.6,2.0,100.0,4.17,rain,18.4,270.0,1011.4,90.0,,0.54,0.0,,
2006-02-17,Lagos,27.1,25.2,26.2,92.6,2.0,100.0,4.17,rain,18.4,270.0,1011.4,90.0,,0.54,0.0,,
2006-02-18,Lagos,27.1,25.2,26.2,92.6,2.0,100.0,4.17,rain,18.4,270.0,1011.4,90.0,,0.54,0.0,,
2006-02-19,Lagos,27.1,25.2,26.2,92.6,2.0,100.0,4.17,rain,18.4,270.0,1011.4,90.0,,0.54,0.0,,
2006-02-20,Lagos,27.1,25.2,26.2,92.6,2.0,100.0,4.17,rain,18.4,270.0,1011.4,90.0,,0.54,0.0,,
2006-02-21,Lagos,27.1,25.2,26.2,92.6,2.0,100.0,4.17,rain,18.4,270.0,1011.4,90.0,,0.54,0.0,,
2006-02-22,Lagos,27.1,25.2,26.2,92.6,2.0,100.0,4.17,rain,18.4,270.0,1011.4,90.0,,0.54,0.0,,
2006-02-23,Lagos,27.1,25.2,26.2,92.6,2.0,100.0,4.17,rain,18.4,270.0,1011.4,90.0,,0.54,0.0,,
2006-02-24,Lagos,27.1,25.2,26.2,92.6,2.0,100.0,4.17,rain,18.4,270.0,1011.4,90.0,,0.54,0.0,,
2006-02-25,Lagos,27.1,25.2,26.2,92.6,2.0,100.0,4.17,rain,18.4,270.0,1011.4,90.0,,0.54,0.0,,
2006-02-26,Lagos,27.1,25.2,26.2,92.6,2.0,100.0,4.17,rain,18.4,270.0,1011.4,90.0,,0.54,0.0,,
2006-02-27,Lagos,27.1,25.2,26.2,92.6,2.0,100.0,4.17,rain,18.4,270.0,1011.4,90.0,,0.54,0.0,,
2006-02-28,Lagos,27.1,25.2,26.2,92.6,2.0,100.0,4.17,rain,18.4,270.0,1011.4,90.0,,0.54,0.0,,
2006-03-01,Lagos,27.1,25.2,26.2,92.6,2.0,100.0,4.17,rain,18.4,270.0,1011.4,90.0,,0.54,0.0,,
2006-03-02,Lagos,32.7,23.2,28.0,78.6,11.9,100.0,4.17,rain,42.5,262.0,1011.4,90.0,,0.08,0.0,,
2006-03-03,Lagos,32.7,23.2,28.0,78.6,11.9,100.0,4.17,rain,42.5,262.0,1011.4,90.0,,0.08,0.0,,
2006-03-04,Lagos,32.7,23.2,28.0,78.6,11.9,100.0,4.17,rain,42.5,262.0,1011.4,90.0,,0.08,0.0,,
2006-03-05,Lagos,32.7,23.2,28.0,78.6,11.9,100.0,4.17,rain,42.5,262.0,1011.4,90.0,,0.08,0.0,,
2006-03-06,Lagos,32.7,23.2,28.0,78.6,11.9,100.0,4.17,rain,42.5,262.0,1011.4,90.0,,0.08,0.0,,
2006-03-07,Lagos,32.7,23.2,28.0,78.6,11.9,100.0,4.17,rain,42.5,262.0,1011.4,90.0,,0.08,0.0,,
2006-03-08,Lagos,32.7,23.2,28.0,78.6,11.9,100.0,4.17,rain,42.5,262.0,1011.4,90.0,,0.08,0.0,,
2006-03-09,Lagos,32.7,23.2,28.0,78.6,11.9,100.0,4.17,rain,42.5,262.0,1011.4,90.0,,0.08,0.0,,
2006-03-10,Lagos,32.7,23.2,28.0,78.6,11.9,100.0,4.17,rain,42.5,262.0,1011.4,90.0,,0.08,0.0,,
2006-03-11,Lagos,34.1,25.7,30.7,72.6,30.5,100.0,4.17,rain,20.5,257.4,1011.4,90.0,,0.38,1.0,,
2006-03-12,Lagos,34.1,25.7,30.7,72.6,30.5,100.0,4.17,rain,20.5,257.4,1011.4,90.0,,0.38,1.0,,
2006-03-13,Lagos,34.1,25.7,30.7,72.6,30.5,100.0,4.17,rain,20.5,257.4,1011.4,90.0,,0.38,1.0,,
2006-03-14,Lagos,34.1,25.7,30.7,72.6,30.5,100.0,4.17,rain,20.5,257.4,1011.4,90.0,,0.38,1.0,,
2006-03-15,Lagos,34.1,25.7,30.7,72.6,30.5,100.0,4.17,rain,20.5,257.4,1011.4,90.0,,0.38,1.0,,
2006-03-16,Lagos,34.1,25.7,30.7,72.6,30.5,100.0,4.17,rain,20.5,257.4,1011.4,90.0,,0.38,1.0,,
2006-03-17,Lagos,33.1,23.1,28.2,80.5,22.1,100.0,4.17,rain,29.5,278.1,1009.3,90.0,,0.59,0.0,,
2006-03-18,Lagos,33.1,27.1,30.4,78.1,50.3,100.0,4.17,rain,35.3,241.3,1009.1,90.0,,0.62,1.0,,
2006-03-19,Lagos,33.1,27.1,30.4,78.1,50.3,100.0,4.17,rain,35.3,241.3,1009.1,90.0,,0.62,1.0,,
2006-03-20,Lagos,33.1,27.1,30.4,78.1,50.3,100.0,4.17,rain,35.3,241.3,1009.1,90.0,,0.62,1.0,,
2006-03-21,Lagos,33.1,27.1,30.4,78.1,50.3,100.0,4.17,rain,35.3,241.3,1009.1,90.0,,0.62,1.0,,
2006-03-22,Lagos,33.1,27.1,30.4,78.1,50.3,100.0,4.17,rain,35.3,241.3,1009.1,90.0,,0.62,1.0,,
2006-03-23,Lagos,32.6,22.9,29.0,79.2,17.0,100.0,4.17,rain,25.9,215.0,1010.0,86.4,,0.79,0.0,,
2006-03-24,Lagos,32.6,22.9,29.0,79.2,17.0,100.0,4.17,rain,25.9,215.0,1010.0,86.4,,0.79,0.0,,
2006-03-25,Lagos,32.6,22.9,29.0,79.2,17.0,100.0,4.17,rain,25.9,215.0,1010.0,86.4,,0.79,0.0,,
2006-03-26,Lagos,33.2,28.1,30.3,78.2,60.5,100.0,4.17,rain,31.3,239.6,1009.1,90.0,,0.9,1.0,,
2006-03-27,Lagos,33.2,28.1,30.3,78.2,60.5,100.0,4.17,rain,31.3,239.6,1009.1,90.0,,0.9,1.0,,
2006-03-28,Lagos,33.2,28.1,30.3,78.2,60.5,100.0,4.17,rain,31.3,239.6,1009.1,90.0,,0.9,1.0,,
2006-03-29,Lagos,33.2,28.1,30.3,78.2,60.5,100.0,4.17,rain,31.3,239.6,1009.1,90.0,,0.9,1.0,,
2006-03-30,Lagos,33.2,28.1,30.3,78.2,60.5,100.0,4.17,rain,31.3,239.6,1009.1,90.0,,0.9,1.0,,
2006-03-31,Lagos,33.2,28.1,30.3,78.2,60.5,100.0,4.17,rain,31.3,239.6,1009.1,90.0,,0.9,1.0,,
2006-04-01,Lagos,33.2,28.1,30.3,78.2,60.5,100.0,4.17,rain,31.3,239.6,1009.1,90.0,,0.9,1.0,,
2006-04-02,Lagos,33.2,28.1,30.3,78.2,60.5,100.0,4.17,rain,31.3,239.6,1009.1,90.0,,0.9,1.0,,
2006-04-03,Lagos,33.2,28.1,30.3,78.2,60.5,100.0,4.17,rain,31.3,239.6,1009.1,90.0,,0.9,1.0,,
2006-04-04,Lagos,33.2,28.1,30.3,78.2,60.5,100.0,4.17,rain,31.3,239.6,1009.1,90.0,,0.9,1.0,,
2006-04-05,Lagos,33.2,28.1,30.3,78.2,60.5,100.0,4.17,rain,31.3,239.6,1009.1,90.0,,0.9,1.0,,
2006-04-06,Lagos,33.2,28.1,30.3,78.2,60.5,100.0,4.17,rain,31.3,239.6,1009.1,90.0,,0.9,1.0,,
2006-04-07,Lagos,33.2,28.1,30.3,78.2,60.5,100.0,4.17,rain,31.3,239.6,1009.1,90.0,,0.9,1.0,,
2006-04-08,Lagos,33.2,28.1,30.3,78.2,60.5,100.0,4.17,rain,31.3,239.6,1009.1,90.0,,0.9,1.0,,
2006-04-09,Lagos,33.2,28.1,30.3,78.2,60.5,100.0,4.17,rain,31.3,239.6,1009.1,90.0,,0.9,1.0,,
2006-04-10,Lagos,33.2,28.1,30.3,78.2,60.5,100.0,4.17,rain,31.3,239.6,1009.1,90.0,,0.9,1.0,,
2006-04-11,Lagos,33.2,28.1,30.3,78.2,60.5,100.0,4.17,rain,31.3,239.6,1009.1,90.0,,0.9,1.0,,
2006-04-12,Lagos,33.2,28.1,30.3,78.2,60.5,100.0,4.17,rain,31.3,239.6,1009.1,90.0,,0.9,1.0,,
2006-04-13,Lagos,33.2,28.1,30.3,78.2,60.5,100.0,4.17,rain,31.3,239.6,1009.1,90.0,,0.9,1.0,,
2006-04-14,Lagos,33.2,28.1,30.3,78.2,60.5,100.0,4.17,rain,31.3,239.6,1009.1,90.0,,0.9,1.0,,
2006-04-15,Lagos,33.2,28.1,30.3,78.2,60.5,100.0,4.17,rain,31.3,239.6,1009.1,90.0,,0.9,1.0,,
2006-04-16,Lagos,33.2,28.1,30.3,78.2,60.5,100.0,4.17,rain,31.3,239.6,1009.1,90.0,,0.9,1.0,,
2006-04-17,Lagos,33.1,23.6,30.3,74.3,1.0,100.0,4.17,rain,35.3,244.9,1007.5,88.8,,0.63,0.0,,
2006-04-18,Lagos,33.1,23.6,30.3,74.3,1.0,100.0,4.17,rain,35.3,244.9,1007.5,88.8,,0.63,0.0,,
2006-04-19,Lagos,31.1,28.1,29.8,82.3,2.0,100.0,4.17,rain,27.7,268.8,1010.4,90.0,,0.7,0.0,,
2006-04-20,Lagos,31.1,28.1,29.8,82.3,2.0,100.0,4.17,rain,27.7,268.8,1010.4,90.0,,0.7,0.0,,
2006-04-21,Lagos,31.1,28.1,29.8,82.3,2.0,100.0,4.17,rain,27.7,268.8,1010.4,90.0,,0.7,0.0,,
2006-04-22,Lagos,31.1,28.1,29.8,82.3,2.0,100.0,4.17,rain,27.7,268.8,1010.4,90.0,,0.7,0.0,,
2006-04-23,Lagos,31.1,28.1,29.8,82.3,2.0,100.0,4.17,rain,27.7,268.8,1010.4,90.0,,0.7,0.0,,
2006-04-24,Lagos,31.1,28.1,29.8,82.3,2.0,100.0,4.17,rain,27.7,268.8,1010.4,90.0,,0.7,0.0,,
2006-04-25,Lagos,31.1,28.1,29.8,82.3,2.0,100.0,4.17,rain,27.7,268.8,1010.4,90.0,,0.7,0.0,,
2006-04-26,Lagos,31.1,28.1,29.8,82.3,2.0,100.0,4.17,rain,27.7,268.8,1010.4,90.0,,0.7,0.0,,
2006-04-27,Lagos,31.1,28.1,29.8,82.3,2.0,100.0,4.17,rain,27.7,268.8,1010.4,90.0,,0.7,0.0,,
2006-04-28,Lagos,31.1,28.1,29.8,82.3,2.0,100.0,4.17,rain,27.7,268.8,1010.4,90.0,,0.7,0.0,,
2006-04-29,Lagos,33.7,26.1,29.1,81.7,60.5,100.0,4.17,rain,40.7,260.5,1009.7,90.0,,0.05,1.0,,
2006-04-30,Lagos,33.7,26.1,29.1,81.7,60.5,100.0,4.17,rain,40.7,260.5,1009.7,90.0,,0.05,1.0,,
2006-05-01,Lagos,33.7,26.1,29.1,81.7,60.5,100.0,4.17,rain,40.7,260.5,1009.7,90.0,,0.05,1.0,,
2006-05-02,Lagos,32.1,24.9,28.9,82.5,2.0,100.0,4.17,rain,33.5,231.6,1011.0,91.7,,0.15,0.0,,
2006-05-03,Lagos,32.1,24.9,28.9,82.5,2.0,100.0,4.17,rain,33.5,231.6,1011.0,91.7,,0.15,0.0,,
2006-05-04,Lagos,32.1,24.9,28.9,82.5,2.0,100.0,4.17,rain,33.5,231.6,1011.0,91.7,,0.15,0.0,,
2006-05-05,Lagos,32.1,24.9,28.9,82.5,2.0,100.0,4.17,rain,33.5,231.6,1011.0,91.7,,0.15,0.0,,
2006-05-06,Lagos,32.1,24.9,28.9,82.5,2.0,100.0,4.17,rain,33.5,231.6,1011.0,91.7,,0.15,0.0,,
2006-05-07,Lagos,34.1,23.4,29.7,81.2,36.1,100.0,4.17,rain,83.2,117.5,1010.0,91.0,,0.31,1.0,,
2006-05-08,Lagos,34.1,23.4,29.7,81.2,36.1,100.0,4.17,rain,83.2,117.5,1010.0,91.0,,0.31,1.0,,
2006-05-09,Lagos,34.1,23.4,29.7,81.2,36.1,100.0,4.17,rain,83.2,117.5,1010.0,91.0,,0.31,1.0,,
2006-05-10,Lagos,27.1,22.1,24.7,92.9,31.0,100.0,4.17,rain,33.5,61.8,1010.8,90.0,,0.41,1.0,,
2006-05-11,Lagos,33.1,24.9,30.2,73.9,1.0,100.0,4.17,rain,22.3,232.9,1009.7,90.0,,0.44,0.0,,
2006-05-12,Lagos,33.1,24.9,30.2,73.9,1.0,100.0,4.17,rain,22.3,232.9,1009.7,90.0,,0.44,0.0,,
2006-05-13,Lagos,33.1,24.9,30.2,73.9,1.0,100.0,4.17,rain,22.3,232.9,1009.7,90.0,,0.44,0.0,,
2006-05-14,Lagos,33.1,24.9,30.2,73.9,1.0,100.0,4.17,rain,22.3,232.9,1009.7,90.0,,0.44,0.0,,
2006-05-15,Lagos,33.1,24.9,30.2,73.9,1.0,100.0,4.17,rain,22.3,232.9,1009.7,90.0,,0.44,0.0,,
2006-05-16,Lagos,27.1,24.1,25.4,94.9,7.1,100.0,8.33,rain,18.4,294.7,1012.3,92.7,,0.61,0.0,,
2006-05-17,Lagos,27.1,24.1,25.4,94.9,7.1,100.0,8.33,rain,18.4,294.7,1012.3,92.7,,0.61,0.0,,
2006-05-18,Lagos,27.1,24.1,25.4,94.9,7.1,100.0,8.33,rain,18.4,294.7,1012.3,92.7,,0.61,0.0,,
2006-05-19,Lagos,27.1,24.1,25.4,94.9,7.1,100.0,8.33,rain,18.4,294.7,1012.3,92.7,,0.61,0.0,,
2006-05-20,Lagos,25.1,23.7,24.4,98.4,16.0,100.0,4.17,rain,22.3,220.5,1011.4,87.0,,0.75,0.0,,
2006-05-21,Lagos,31.1,22.7,27.7,84.5,50.0,100.0,8.33,rain,29.5,225.7,1011.5,90.0,,0.79,1.0,,
2006-05-22,Lagos,31.1,22.7,27.7,84.5,50.0,100.0,8.33,rain,29.5,225.7,1011.5,90.0,,0.79,1.0,,
2006-05-23,Lagos,31.1,22.7,27.7,84.5,50.0,100.0,8.33,rain,29.5,225.7,1011.5,90.0,,0.79,1.0,,
2006-05-24,Lagos,31.1,24.9,28.0,84.9,271.5,100.0,8.33,rain,31.3,238.9,1012.7,90.0,,0.9,1.0,,
2006-05-25,Lagos,31.1,24.9,28.0,84.9,271.5,100.0,8.33,rain,31.3,238.9,1012.7,90.0,,0.9,1.0,,
2006-05-26,Lagos,31.1,24.9,28.0,84.9,271.5,100.0,8.33,rain,31.3,238.9,1012.7,90.0,,0.9,1.0,,
2006-05-27,Lagos,29.2,24.9,28.2,84.7,230.2,100.0,4.17,rain,27.7,221.3,1012.7,90.0,,0.0,1.0,,
2006-05-28,Lagos,25.4,22.1,24.0,97.2,15.0,100.0,4.17,rain,22.3,188.0,1013.3,90.0,,0.04,0.0,,
2006-05-29,Lagos,25.4,22.1,24.0,97.2,15.0,100.0,4.17,rain,22.3,188.0,1013.3,90.0,,0.04,0.0,,
2006-05-30,Lagos,31.1,22.1,25.5,92.1,54.1,100.0,4.17,rain,50.0,211.6,1012.3,81.7,,0.1,1.0,,
2006-05-31,Lagos,31.1,22.1,25.5,92.1,54.1,100.0,4.17,rain,50.0,211.6,1012.3,81.7,,0.1,1.0,,
2006-06-01,Lagos,31.1,22.1,25.5,92.1,54.1,100.0,4.17,rain,50.0,211.6,1012.3,81.7,,0.1,1.0,,
2006-06-02,Lagos,31.1,22.1,25.5,92.1,54.1,100.0,4.17,rain,50.0,211.6,1012.3,81.7,,0.1,1.0,,
2006-06-03,Lagos,27.6,22.9,26.0,89.1,6.1,100.0,4.17,rain,22.3,258.4,1010.3,89.2,,0.23,0.0,,
2006-06-04,Lagos,27.6,22.9,26.0,89.1,6.1,100.0,4.17,rain,22.3,258.4,1010.3,89.2,,0.23,0.0,,
2006-06-05,Lagos,29.2,25.4,27.6,89.0,2.0,100.0,4.17,rain,13.0,228.5,1011.9,90.0,,0.3,0.0,,
2006-06-06,Lagos,29.2,25.4,27.6,89.0,2.0,100.0,4.17,rain,13.0,228.5,1011.9,90.0,,0.3,0.0,,
2006-06-07,Lagos,31.1,25.1,26.9,91.4,0.8,100.0,4.17,rain,37.1,254.2,1010.6,90.0,,0.36,0.0,,
2006-06-08,Lagos,30.6,24.2,28.9,82.5,4.3,100.0,4.17,rain,33.5,239.7,1010.4,90.0,,0.39,0.0,,
2006-06-09,Lagos,28.6,21.9,24.3,95.9,84.1,100.0,4.17,rain,29.5,330.5,1010.6,88.9,,0.43,1.0,,
2006-06-10,Lagos,28.6,21.9,24.3,95.9,84.1,100.0,4.17,rain,29.5,330.5,1010.6,88.9,,0.43,1.0,,
2006-06-11,Lagos,31.1,24.1,28.0,81.8,3.0,100.0,4.17,rain,33.5,247.2,1012.1,90.0,,0.5,0.0,,
2006-06-12,Lagos,31.1,24.1,28.0,81.8,3.0,100.0,4.17,rain,33.5,247.2,1012.1,90.0,,0.5,0.0,,
2006-06-13,Lagos,32.1,25.1,29.1,79.0,210.6,100.0,4.17,rain,31.3,243.8,1011.7,90.0,,0.56,1.0,,
2006-06-14,Lagos,32.1,25.1,29.1,79.0,210.6,100.0,4.17,rain,31.3,243.8,1011.7,90.0,,0.56,1.0,,
2006-06-15,Lagos,28.1,21.6,24.8,91.8,3.0,100.0,4.17,rain,18.4,165.3,1011.4,90.0,,0.63,0.0,,
2006-06-16,Lagos,28.1,21.6,24.8,91.8,3.0,100.0,4.17,rain,18.4,165.3,1011.4,90.0,,0.63,0.0,,
2006-06-17,Lagos,28.1,24.1,26.8,81.4,1.0,100.0,4.17,rain,37.1,250.9,1012.6,90.0,,0.7,0.0,,
2006-06-18,Lagos,28.1,24.1,26.8,81.4,1.0,100.0,4.17,rain,37.1,250.9,1012.6,90.0,,0.7,0.0,,
2006-06-19,Lagos,28.2,24.1,26.8,86.4,220.6,100.0,8.33,rain,24.1,272.8,1011.9,80.0,,0.78,1.0,,
2006-06-20,Lagos,25.1,23.1,24.1,95.7,2.0,100.0,4.17,rain,18.4,262.4,1014.2,90.0,,0.81,0.0,,
2006-06-21,Lagos,30.1,22.1,27.1,83.9,2.0,100.0,4.17,rain,25.9,236.1,1013.1,90.0,,0.85,0.0,,
2006-06-22,Lagos,30.1,22.1,27.1,83.9,2.0,100.0,4.17,rain,25.9,236.1,1013.1,90.0,,0.85,0.0,,
2006-06-23,Lagos,30.1,22.1,27.1,83.9,2.0,100.0,4.17,rain,25.9,236.1,1013.1,90.0,,0.85,0.0,,
2006-06-24,Lagos,29.1,23.1,27.2,87.4,13.0,100.0,4.17,rain,13.0,260.0,1011.9,90.0,,0.96,0.0,,
2006-06-25,Lagos,31.1,22.2,26.7,87.3,3.0,100.0,4.17,rain,14.8,260.3,1012.7,90.0,,0.0,0.0,,
2006-06-26,Lagos,31.1,22.2,26.7,87.3,3.0,100.0,4.17,rain,14.8,260.3,1012.7,90.0,,0.0,0.0,,
2006-06-27,Lagos,31.1,22.2,26.7,87.3,3.0,100.0,4.17,rain,14.8,260.3,1012.7,90.0,,0.0,0.0,,
2006-06-28,Lagos,31.1,22.2,26.7,87.3,3.0,100.0,4.17,rain,14.8,260.3,1012.7,90.0,,0.0,0.0,,
2006-06-29,Lagos,31.1,22.2,26.7,87.3,3.0,100.0,4.17,rain,14.8,260.3,1012.7,90.0,,0.0,0.0,,
2006-06-30,Lagos,31.1,22.2,26.7,87.3,3.0,100.0,4.17,rain,14.8,260.3,1012.7,90.0,,0.0,0.0,,
2006-07-01,Lagos,31.1,22.2,26.7,87.3,3.0,100.0,4.17,rain,14.8,260.3,1012.7,90.0,,0.0,0.0,,
2006-07-02,Lagos,31.1,22.2,26.7,87.3,3.0,100.0,4.17,rain,14.8,260.3,1012.7,90.0,,0.0,0.0,,
2006-07-03,Lagos,29.1,25.1,26.7,90.4,14.0,100.0,4.17,rain,33.5,276.2,1013.7,90.0,,0.25,0.0,,
2006-07-04,Lagos,29.1,25.1,26.7,90.4,14.0,100.0,4.17,rain,33.5,276.2,1013.7,90.0,,0.25,0.0,,
2006-07-05,Lagos,29.1,24.9,26.5,89.0,3.0,100.0,4.17,rain,63.0,256.3,1013.6,89.1,,0.32,0.0,,
2006-07-06,Lagos,26.2,24.1,24.9,95.8,6.1,100.0,4.17,rain,31.3,274.2,1015.4,90.0,,0.35,0.0,,
2006-07-07,Lagos,26.2,24.1,24.9,95.8,6.1,100.0,4.17,rain,31.3,274.2,1015.4,90.0,,0.35,0.0,,
2006-07-08,Lagos,26.2,24.1,24.9,95.8,6.1,100.0,4.17,rain,31.3,274.2,1015.4,90.0,,0.35,0.0,,
2006-07-09,Lagos,29.1,25.1,26.7,88.1,22.1,100.0,4.17,rain,25.9,268.0,1014.2,90.0,,0.45,0.0,,
2006-07-10,Lagos,29.1,25.1,26.7,88.1,22.1,100.0,4.17,rain,25.9,268.0,1014.2,90.0,,0.45,0.0,,
2006-07-11,Lagos,30.1,24.2,28.0,80.9,270.8,100.0,4.17,rain,33.5,264.7,1013.3,90.0,,0.5,1.0,,
2006-07-12,Lagos,30.1,24.2,28.0,80.9,270.8,100.0,4.17,rain,33.5,264.7,1013.3,90.0,,0.5,1.0,,
2006-07-13,Lagos,27.1,23.2,25.9,92.1,270.6,100.0,8.33,rain,25.9,249.4,1011.9,90.0,,0.58,1.0,,
2006-07-14,Lagos,27.1,25.7,26.5,87.6,180.6,100.0,4.17,rain,24.1,248.8,1012.8,90.0,,0.62,1.0,,
2006-07-15,Lagos,26.1,25.1,25.5,95.7,10.9,100.0,4.17,rain,25.9,259.4,1013.9,83.3,,0.65,0.0,,
2006-07-16,Lagos,26.1,25.1,25.5,95.7,10.9,100.0,4.17,rain,25.9,259.4,1013.9,83.3,,0.65,0.0,,
2006-07-17,Lagos,26.1,25.1,25.5,95.7,10.9,100.0,4.17,rain,25.9,259.4,1013.9,83.3,,0.65,0.0,,
2006-07-18,Lagos,27.1,24.1,25.7,92.6,5.1,100.0,4.17,rain,35.3,238.0,1012.8,90.0,,0.76,0.0,,
2006-07-19,Lagos,27.1,24.1,25.7,92.6,5.1,100.0,4.17,rain,35.3,238.0,1012.8,90.0,,0.76,0.0,,
2006-07-20,Lagos,27.1,24.1,25.7,92.6,5.1,100.0,4.17,rain,35.3,238.0,1012.8,90.0,,0.76,0.0,,
2006-07-21,Lagos,25.4,23.6,24.7,94.6,0.8,100.0,4.17,rain,25.9,262.4,1014.1,90.0,,0.87,0.0,,
2006-07-22,Lagos,25.4,23.6,24.7,94.6,0.8,100.0,4.17,rain,25.9,262.4,1014.1,90.0,,0.87,0.0,,
2006-07-23,Lagos,25.4,23.6,24.7,94.6,0.8,100.0,4.17,rain,25.9,262.4,1014.1,90.0,,0.87,0.0,,
2006-07-24,Lagos,25.4,23.6,24.7,94.6,0.8,100.0,4.17,rain,25.9,262.4,1014.1,90.0,,0.87,0.0,,
2006-07-25,Lagos,25.4,23.6,24.7,94.6,0.8,100.0,4.17,rain,25.9,262.4,1014.1,90.0,,0.87,0.0,,
2006-07-26,Lagos,25.4,23.6,24.7,94.6,0.8,100.0,4.17,rain,25.9,262.4,1014.1,90.0,,0.87,0.0,,
2006-07-27,Lagos,25.4,23.6,24.7,94.6,0.8,100.0,4.17,rain,25.9,262.4,1014.1,90.0,,0.87,0.0,,
2006-07-28,Lagos,25.4,23.6,24.7,94.6,0.8,100.0,4.17,rain,25.9,262.4,1014.1,90.0,,0.87,0.0,,
2006-07-29,Lagos,25.4,23.6,24.7,94.6,0.8,100.0,4.17,rain,25.9,262.4,1014.1,90.0,,0.87,0.0,,
2006-07-30,Lagos,25.4,23.6,24.7,94.6,0.8,100.0,4.17,rain,25.9,262.4,1014.1,90.0,,0.87,0.0,,
2006-07-31,Lagos,25.4,23.6,24.7,94.6,0.8,100.0,4.17,rain,25.9,262.4,1014.1,90.0,,0.87,0.0,,
2006-08-01,Lagos,25.4,23.6,24.7,94.6,0.8,100.0,4.17,rain,25.9,262.4,1014.1,90.0,,0.87,0.0,,
2006-08-02,Lagos,26.2,23.9,25.1,92.4,5.6,100.0,8.33,rain,33.5,263.3,1012.7,90.0,,0.25,0.0,,
2006-08-03,Lagos,26.1,23.9,24.5,94.9,23.1,100.0,8.33,rain,27.7,266.1,1013.1,90.0,,0.3,0.0,,
2006-08-04,Lagos,27.1,23.1,25.4,90.0,22.9,100.0,8.33,rain,40.7,261.9,1013.5,91.4,,0.34,0.0,,
2006-08-05,Lagos,29.1,23.4,26.4,84.2,247.7,100.0,4.17,rain,35.3,255.9,1013.3,90.0,,0.37,1.0,,
2006-08-06,Lagos,29.1,23.4,26.4,84.2,247.7,100.0,4.17,rain,35.3,255.9,1013.3,90.0,,0.37,1.0,,
2006-08-07,Lagos,29.1,23.4,26.4,84.2,247.7,100.0,4.17,rain,35.3,255.9,1013.3,90.0,,0.37,1.0,,
2006-08-08,Lagos,28.1,22.6,26.0,84.5,1.0,100.0,4.17,rain,35.3,237.1,1014.1,90.0,,0.47,0.0,,
2006-08-09,Lagos,28.1,22.6,26.0,84.5,1.0,100.0,4.17,rain,35.3,237.1,1014.1,90.0,,0.47,0.0,,
2006-08-10,Lagos,28.1,22.6,26.0,84.5,1.0,100.0,4.17,rain,35.3,237.1,1014.1,90.0,,0.47,0.0,,
2006-08-11,Lagos,28.1,22.6,26.0,84.5,1.0,100.0,4.17,rain,35.3,237.1,1014.1,90.0,,0.47,0.0,,
2006-08-12,Lagos,28.1,22.6,26.0,84.5,1.0,100.0,4.17,rain,35.3,237.1,1014.1,90.0,,0.47,0.0,,
2006-08-13,Lagos,28.1,22.6,26.0,84.5,1.0,100.0,4.17,rain,35.3,237.1,1014.1,90.0,,0.47,0.0,,
2006-08-14,Lagos,28.1,22.6,26.0,84.5,1.0,100.0,4.17,rain,35.3,237.1,1014.1,90.0,,0.47,0.0,,
2006-08-15,Lagos,28.1,22.6,26.0,84.5,1.0,100.0,4.17,rain,35.3,237.1,1014.1,90.0,,0.47,0.0,,
2006-08-16,Lagos,28.1,22.6,26.0,84.5,1.0,100.0,4.17,rain,35.3,237.1,1014.1,90.0,,0.47,0.0,,
2006-08-17,Lagos,28.1,22.6,26.0,84.5,1.0,100.0,4.17,rain,35.3,237.1,1014.1,90.0,,0.47,0.0,,
2006-08-18,Lagos,28.1,22.6,26.0,84.5,1.0,100.0,4.17,rain,35.3,237.1,1014.1,90.0,,0.47,0.0,,
2006-08-19,Lagos,28.1,22.6,26.0,84.5,1.0,100.0,4.17,rain,35.3,237.1,1014.1,90.0,,0.47,0.0,,
2006-08-20,Lagos,28.1,22.6,26.0,84.5,1.0,100.0,4.17,rain,35.3,237.1,1014.1,90.0,,0.47,0.0,,
2006-08-21,Lagos,28.1,22.6,26.0,84.5,1.0,100.0,4.17,rain,35.3,237.1,1014.1,90.0,,0.47,0.0,,
2006-08-22,Lagos,28.1,22.6,26.0,84.5,1.0,100.0,4.17,rain,35.3,237.1,1014.1,90.0,,0.47,0.0,,
2006-08-23,Lagos,28.1,22.6,26.0,84.5,1.0,100.0,4.17,rain,35.3,237.1,1014.1,90.0,,0.47,0.0,,
2006-08-24,Lagos,28.1,22.6,26.0,84.5,1.0,100.0,4.17,rain,35.3,237.1,1014.1,90.0,,0.47,0.0,,
2006-08-25,Lagos,28.1,22.6,26.0,84.5,1.0,100.0,4.17,rain,35.3,237.1,1014.1,90.0,,0.47,0.0,,
2006-08-26,Lagos,28.1,22.6,26.0,84.5,1.0,100.0,4.17,rain,35.3,237.1,1014.1,90.0,,0.47,0.0,,
2006-08-27,Lagos,28.1,22.6,26.0,84.5,1.0,100.0,4.17,rain,35.3,237.1,1014.1,90.0,,0.47,0.0,,
2006-08-28,Lagos,28.1,22.6,26.0,84.5,1.0,100.0,4.17,rain,35.3,237.1,1014.1,90.0,,0.47,0.0,,
2006-08-29,Lagos,28.1,22.6,26.0,84.5,1.0,100.0,4.17,rain,35.3,237.1,1014.1,90.0,,0.47,0.0,,
2006-08-30,Lagos,28.1,22.6,26.0,84.5,1.0,100.0,4.17,rain,35.3,237.1,1014.1,90.0,,0.47,0.0,,
2006-08-31,Lagos,28.1,22.6,26.0,84.5,1.0,100.0,4.17,rain,35.3,237.1,1014.1,90.0,,0.47,0.0,,
2006-09-01,Lagos,28.1,22.6,26.0,84.5,1.0,100.0,4.17,rain,35.3,237.1,1014.1,90.0,,0.47,0.0,,
2006-09-02,Lagos,28.1,22.6,26.0,84.5,1.0,100.0,4.17,rain,35.3,237.1,1014.1,90.0,,0.47,0.0,,
2006-09-03,Lagos,28.1,22.6,26.0,84.5,1.0,100.0,4.17,rain,35.3,237.1,1014.1,90.0,,0.47,0.0,,
2006-09-04,Lagos,28.1,22.6,26.0,84.5,1.0,100.0,4.17,rain,35.3,237.1,1014.1,90.0,,0.47,0.0,,
2006-09-05,Lagos,25.4,24.6,25.0,93.4,2.0,100.0,4.17,rain,22.3,245.7,1014.1,90.0,,0.42,0.0,,
2006-09-06,Lagos,25.4,24.6,25.0,93.4,2.0,100.0,4.17,rain,22.3,245.7,1014.1,90.0,,0.42,0.0,,
2006-09-07,Lagos,25.4,24.6,25.0,93.4,2.0,100.0,4.17,rain,22.3,245.7,1014.1,90.0,,0.42,0.0,,
2006-09-08,Lagos,25.7,23.1,24.4,94.3,36.1,100.0,4.17,rain,25.9,225.0,1014.1,90.0,,0.52,1.0,,
2006-09-09,Lagos,26.9,26.9,26.9,84.7,3.0,100.0,4.17,rain,37.1,240.0,1014.1,90.0,,0.56,0.0,,
2006-09-10,Lagos,26.9,26.9,26.9,84.7,3.0,100.0,4.17,rain,37.1,240.0,1014.1,90.0,,0.56,0.0,,
2006-09-11,Lagos,26.9,26.9,26.9,84.7,3.0,100.0,4.17,rain,37.1,240.0,1014.1,90.0,,0.56,0.0,,
2006-09-12,Lagos,26.9,26.9,26.9,84.7,3.0,100.0,4.17,rain,37.1,240.0,1014.1,90.0,,0.56,0.0,,
2006-09-13,Lagos,26.9,26.9,26.9,84.7,3.0,100.0,4.17,rain,37.1,240.0,1014.1,90.0,,0.56,0.0,,
2006-09-14,Lagos,26.9,26.9,26.9,84.7,3.0,100.0,4.17,rain,37.1,240.0,1014.1,90.0,,0.56,0.0,,
2006-09-15,Lagos,26.9,26.9,26.9,84.7,3.0,100.0,4.17,rain,37.1,240.0,1014.1,90.0,,0.56,0.0,,
2006-09-16,Lagos,26.9,26.9,26.9,84.7,3.0,100.0,4.17,rain,37.1,240.0,1014.1,90.0,,0.56,0.0,,
2006-09-17,Lagos,26.1,25.2,25.7,92.3,2.0,100.0,4.17,rain,25.9,270.0,1014.1,90.0,,0.83,0.0,,
2006-09-18,Lagos,26.1,25.2,25.7,92.3,2.0,100.0,4.17,rain,25.9,270.0,1014.1,90.0,,0.83,0.0,,
2006-09-19,Lagos,26.1,25.2,25.7,92.3,2.0,100.0,4.17,rain,25.9,270.0,1014.1,90.0,,0.83,0.0,,
2006-09-20,Lagos,26.1,25.2,25.7,92.3,2.0,100.0,4.17,rain,25.9,270.0,1014.1,90.0,,0.83,0.0,,
2006-09-21,Lagos,26.1,25.2,25.7,92.3,2.0,100.0,4.17,rain,25.9,270.0,1014.1,90.0,,0.83,0.0,,
2006-09-22,Lagos,26.1,25.2,25.7,92.3,2.0,100.0,4.17,rain,25.9,270.0,1014.1,90.0,,0.83,0.0,,
2006-09-23,Lagos,28.1,24.7,26.2,88.2,1.0,100.0,4.17,rain,20.5,263.7,1013.9,90.0,,0.03,0.0,,
2006-09-24,Lagos,28.1,24.7,26.2,88.2,1.0,100.0,4.17,rain,20.5,263.7,1013.9,90.0,,0.03,0.0,,
2006-09-25,Lagos,28.1,24.1,26.2,89.0,8.9,100.0,8.33,rain,33.5,240.3,1013.7,90.0,,0.1,0.0,,
2006-09-26,Lagos,28.1,24.1,26.2,89.0,8.9,100.0,8.33,rain,33.5,240.3,1013.7,90.0,,0.1,0.0,,
2006-09-27,Lagos,24.4,22.1,23.0,97.6,30.0,100.0,4.17,rain,14.8,240.0,1013.9,90.0,,0.17,0.0,,
2006-09-28,Lagos,24.4,22.1,23.0,97.6,30.0,100.0,4.17,rain,14.8,240.0,1013.9,90.0,,0.17,0.0,,
2006-09-29,Lagos,29.4,26.6,28.1,82.7,230.8,100.0,4.17,rain,37.1,259.6,1012.9,90.0,,0.24,1.0,,
2006-09-30,Lagos,27.1,24.1,25.7,92.2,7.9,100.0,4.17,rain,31.3,258.1,1012.9,91.0,,0.25,0.0,,
2006-10-01,Lagos,27.1,24.1,25.7,92.2,7.9,100.0,4.17,rain,31.3,258.1,1012.9,91.0,,0.25,0.0,,
2006-10-02,Lagos,27.1,24.1,25.7,92.2,7.9,100.0,4.17,rain,31.3,258.1,1012.9,91.0,,0.25,0.0,,
2006-10-03,Lagos,28.9,25.1,26.9,89.2,3.0,100.0,4.17,rain,27.7,251.1,1012.1,90.0,,0.37,0.0,,
2006-10-04,Lagos,27.9,23.1,26.1,86.5,6.1,100.0,4.17,rain,22.3,314.0,1013.3,90.0,,0.41,0.0,,
2006-10-05,Lagos,29.6,25.7,27.4,82.5,7.9,100.0,4.17,rain,27.7,256.2,1010.8,90.0,,0.44,0.0,,
2006-10-06,Lagos,30.2,24.2,27.6,83.5,1.0,100.0,4.17,rain,25.9,244.7,1010.8,88.8,,0.48,0.0,,
2006-10-07,Lagos,30.2,24.2,27.6,83.5,1.0,100.0,4.17,rain,25.9,244.7,1010.8,88.8,,0.48,0.0,,
2006-10-08,Lagos,30.2,24.2,27.6,83.5,1.0,100.0,4.17,rain,25.9,244.7,1010.8,88.8,,0.48,0.0,,
2006-10-09,Lagos,30.6,25.2,27.7,87.9,0.5,100.0,4.17,rain,33.5,233.1,1013.0,90.0,,0.58,0.0,,
2006-10-10,Lagos,30.6,25.2,27.7,87.9,0.5,100.0,4.17,rain,33.5,233.1,1013.0,90.0,,0.58,0.0,,
2006-10-11,Lagos,25.9,22.7,24.1,97.1,31.0,100.0,8.33,rain,35.3,107.0,1010.0,92.5,,0.64,1.0,,
2006-10-12,Lagos,25.9,22.7,24.1,97.1,31.0,100.0,8.33,rain,35.3,107.0,1010.0,92.5,,0.64,1.0,,
2006-10-13,Lagos,29.1,23.1,25.1,91.4,27.9,100.0,4.17,rain,18.4,190.0,1012.2,91.1,,0.71,0.0,,
2006-10-14,Lagos,29.1,23.1,25.1,91.4,27.9,100.0,4.17,rain,18.4,190.0,1012.2,91.1,,0.71,0.0,,
2006-10-15,Lagos,29.1,23.1,25.1,91.4,27.9,100.0,4.17,rain,18.4,190.0,1012.2,91.1,,0.71,0.0,,
2006-10-16,Lagos,29.1,23.1,25.1,91.4,27.9,100.0,4.17,rain,18.4,190.0,1012.2,91.1,,0.71,0.0,,
2006-10-17,Lagos,29.1,23.1,25.1,91.4,27.9,100.0,4.17,rain,18.4,190.0,1012.2,91.1,,0.71,0.0,,
2006-10-18,Lagos,29.1,23.1,25.1,91.4,27.9,100.0,4.17,rain,18.4,190.0,1012.2,91.1,,0.71,0.0,,
2006-10-19,Lagos,29.1,23.1,25.1,91.4,27.9,100.0,4.17,rain,18.4,190.0,1012.2,91.1,,0.71,0.0,,
2006-10-20,Lagos,29.1,23.1,25.1,91.4,27.9,100.0,4.17,rain,18.4,190.0,1012.2,91.1,,0.71,0.0,,
2006-10-21,Lagos,29.1,23.1,25.1,91.4,27.9,100.0,4.17,rain,18.4,190.0,1012.2,91.1,,0.71,0.0,,
2006-10-22,Lagos,29.1,23.1,25.1,91.4,27.9,100.0,4.17,rain,18.4,190.0,1012.2,91.1,,0.71,0.0,,
2006-10-23,Lagos,29.1,23.1,25.1,91.4,27.9,100.0,4.17,rain,18.4,190.0,1012.2,91.1,,0.71,0.0,,
2006-10-24,Lagos,31.2,23.1,28.4,77.3,130.9,100.0,4.17,rain,27.7,238.7,1012.7,90.0,,0.08,1.0,,
2006-10-25,Lagos,31.1,24.1,27.9,83.4,142.7,100.0,8.33,rain,28.8,246.9,1012.9,87.1,,0.11,1.0,,
2006-10-26,Lagos,29.1,26.6,27.8,86.2,41.9,100.0,4.17,rain,35.3,265.5,1011.4,90.0,,0.15,1.0,,
2006-10-27,Lagos,29.7,24.4,27.3,86.6,9.2,100.0,8.33,rain,27.7,226.0,1010.2,90.0,,0.18,0.0,,
2006-10-28,Lagos,29.7,24.4,27.3,86.6,9.2,100.0,8.33,rain,27.7,226.0,1010.2,90.0,,0.18,0.0,,
2006-10-29,Lagos,29.7,24.4,27.3,86.6,9.2,100.0,8.33,rain,27.7,226.0,1010.2,90.0,,0.18,0.0,,
2006-10-30,Lagos,29.7,24.4,27.3,86.6,9.2,100.0,8.33,rain,27.7,226.0,1010.2,90.0,,0.18,0.0,,
2006-10-31,Lagos,29.7,24.4,27.3,86.6,9.2,100.0,8.33,rain,27.7,226.0,1010.2,90.0,,0.18,0.0,,
2006-11-01,Lagos,32.1,26.1,28.3,84.1,0.5,100.0,4.17,rain,20.5,151.6,1010.7,90.0,,0.36,0.0,,
2006-11-02,Lagos,32.1,26.1,28.3,84.1,0.5,100.0,4.17,rain,20.5,151.6,1010.7,90.0,,0.36,0.0,,
2006-11-03,Lagos,32.1,26.1,28.3,84.1,0.5,100.0,4.17,rain,20.5,151.6,1010.7,90.0,,0.36,0.0,,
2006-11-04,Lagos,32.1,26.1,28.3,84.1,0.5,100.0,4.17,rain,20.5,151.6,1010.7,90.0,,0.36,0.0,,
2006-11-05,Lagos,32.1,26.1,28.3,84.1,0.5,100.0,4.17,rain,20.5,151.6,1010.7,90.0,,0.36,0.0,,
2006-11-06,Lagos,30.1,23.9,25.3,92.8,17.0,100.0,4.17,rain,22.3,240.0,1009.5,78.9,,0.53,0.0,,
2006-11-07,Lagos,30.1,23.9,25.3,92.8,17.0,100.0,4.17,rain,22.3,240.0,1009.5,78.9,,0.53,0.0,,
2006-11-08,Lagos,32.1,22.1,26.8,85.7,36.1,100.0,4.17,rain,22.3,12.4,1010.6,81.8,,0.59,1.0,,
2006-11-09,Lagos,34.1,24.1,28.5,77.1,39.9,100.0,4.17,rain,27.7,75.6,1010.8,47.5,,0.63,1.0,,
2006-11-10,Lagos,34.1,24.1,28.5,77.1,39.9,100.0,4.17,rain,27.7,75.6,1010.8,47.5,,0.63,1.0,,
2006-11-11,Lagos,34.1,24.1,28.5,77.1,39.9,100.0,4.17,rain,27.7,75.6,1010.8,47.5,,0.63,1.0,,
2006-11-12,Lagos,34.1,24.1,28.5,77.1,39.9,100.0,4.17,rain,27.7,75.6,1010.8,47.5,,0.63,1.0,,
2006-11-13,Lagos,34.1,24.1,28.5,77.1,39.9,100.0,4.17,rain,27.7,75.6,1010.8,47.5,,0.63,1.0,,
2006-11-14,Lagos,34.1,24.1,28.5,77.1,39.9,100.0,4.17,rain,27.7,75.6,1010.8,47.5,,0.63,1.0,,
2006-11-15,Lagos,34.1,24.1,28.5,77.1,39.9,100.0,4.17,rain,27.7,75.6,1010.8,47.5,,0.63,1.0,,
2006-11-16,Lagos,34.1,24.1,28.5,77.1,39.9,100.0,4.17,rain,27.7,75.6,1010.8,47.5,,0.63,1.0,,
2006-11-17,Lagos,34.1,24.1,28.5,77.1,39.9,100.0,4.17,rain,27.7,75.6,1010.8,47.5,,0.63,1.0,,
2006-11-18,Lagos,34.1,24.1,28.5,77.1,39.9,100.0,4.17,rain,27.7,75.6,1010.8,47.5,,0.63,1.0,,
2006-11-19,Lagos,34.1,24.1,28.5,77.1,39.9,100.0,4.17,rain,27.7,75.6,1010.8,47.5,,0.63,1.0,,
2006-11-20,Lagos,34.1,24.1,28.5,77.1,39.9,100.0,4.17,rain,27.7,75.6,1010.8,47.5,,0.63,1.0,,
2006-11-21,Lagos,34.1,24.1,28.5,77.1,39.9,100.0,4.17,rain,27.7,75.6,1010.8,47.5,,0.63,1.0,,
2006-11-22,Lagos,34.1,24.1,28.5,77.1,39.9,100.0,4.17,rain,27.7,75.6,1010.8,47.5,,0.63,1.0,,
2006-11-23,Lagos,34.1,24.1,28.5,77.1,39.9,100.0,4.17,rain,27.7,75.6,1010.8,47.5,,0.63,1.0,,
2006-11-24,Lagos,34.1,24.1,28.5,77.1,39.9,100.0,4.17,rain,27.7,75.6,1010.8,47.5,,0.63,1.0,,
2006-11-25,Lagos,34.1,24.1,28.5,77.1,39.9,100.0,4.17,rain,27.7,75.6,1010.8,47.5,,0.63,1.0,,
2006-11-26,Lagos,34.1,24.1,28.5,77.1,39.9,100.0,4.17,rain,27.7,75.6,1010.8,47.5,,0.63,1.0,,
2006-11-27,Lagos,34.1,24.1,28.5,77.1,39.9,100.0,4.17,rain,27.7,75.6,1010.8,47.5,,0.63,1.0,,
2006-11-28,Lagos,34.1,24.1,28.5,77.1,39.9,100.0,4.17,rain,27.7,75.6,1010.8,47.5,,0.63,1.0,,
2006-11-29,Lagos,34.1,24.1,28.5,77.1,39.9,100.0,4.17,rain,27.7,75.6,1010.8,47.5,,0.63,1.0,,
2006-11-30,Lagos,34.1,24.1,28.5,77.1,39.9,100.0,4.17,rain,27.7,75.6,1010.8,47.5,,0.63,1.0,,
2006-12-01,Lagos,32.4,24.7,27.3,88.0,5.1,100.0,4.17,rain,25.9,242.4,1010.5,61.4,,0.37,0.0,,
2006-12-02,Lagos,32.4,24.7,27.3,88.0,5.1,100.0,4.17,rain,25.9,242.4,1010.5,61.4,,0.37,0.0,,
2006-12-03,Lagos,32.4,24.7,27.3,88.0,5.1,100.0,4.17,rain,25.9,242.4,1010.5,61.4,,0.37,0.0,,
2006-12-04,Lagos,32.4,24.7,27.3,88.0,5.1,100.0,4.17,rain,25.9,242.4,1010.5,61.4,,0.37,0.0,,
2006-12-05,Lagos,32.4,24.7,27.3,88.0,5.1,100.0,4.17,rain,25.9,242.4,1010.5,61.4,,0.37,0.0,,
2006-12-06,Lagos,32.4,24.7,27.3,88.0,5.1,100.0,4.17,rain,25.9,242.4,1010.5,61.4,,0.37,0.0,,
2006-12-07,Lagos,32.4,24.7,27.3,88.0,5.1,100.0,4.17,rain,25.9,242.4,1010.5,61.4,,0.37,0.0,,
2006-12-08,Lagos,32.4,24.7,27.3,88.0,5.1,100.0,4.17,rain,25.9,242.4,1010.5,61.4,,0.37,0.0,,
2006-12-09,Lagos,32.4,24.7,27.3,88.0,5.1,100.0,4.17,rain,25.9,242.4,1010.5,61.4,,0.37,0.0,,
2006-12-10,Lagos,32.4,24.7,27.3,88.0,5.1,100.0,4.17,rain,25.9,242.4,1010.5,61.4,,0.37,0.0,,
2006-12-11,Lagos,32.4,24.7,27.3,88.0,5.1,100.0,4.17,rain,25.9,242.4,1010.5,61.4,,0.37,0.0,,
2006-12-12,Lagos,32.4,24.7,27.3,88.0,5.1,100.0,4.17,rain,25.9,242.4,1010.5,61.4,,0.37,0.0,,
2006-12-13,Lagos,32.4,24.7,27.3,88.0,5.1,100.0,4.17,rain,25.9,242.4,1010.5,61.4,,0.37,0.0,,
2006-12-14,Lagos,32.4,24.7,27.3,88.0,5.1,100.0,4.17,rain,25.9,242.4,1010.5,61.4,,0.37,0.0,,
2006-12-15,Lagos,32.4,24.7,27.3,88.0,5.1,100.0,4.17,rain,25.9,242.4,1010.5,61.4,,0.37,0.0,,
2006-12-16,Lagos,32.4,24.7,27.3,88.0,5.1,100.0,4.17,rain,25.9,242.4,1010.5,61.4,,0.37,0.0,,
2006-12-17,Lagos,32.4,24.7,27.3,88.0,5.1,100.0,4.17,rain,25.9,242.4,1010.5,61.4,,0.37,0.0,,
2006-12-18,Lagos,32.4,24.7,27.3,88.0,5.1,100.0,4.17,rain,25.9,242.4,1010.5,61.4,,0.37,0.0,,
2006-12-19,Lagos,32.4,24.7,27.3,88.0,5.1,100.0,4.17,rain,25.9,242.4,1010.5,61.4,,0.37,0.0,,
2006-12-20,Lagos,32.4,24.7,27.3,88.0,5.1,100.0,4.17,rain,25.9,242.4,1010.5,61.4,,0.37,0.0,,
2006-12-21,Lagos,32.4,24.7,27.3,88.0,5.1,100.0,4.17,rain,25.9,242.4,1010.5,61.4,,0.37,0.0,,
2006-12-22,Lagos,32.4,24.7,27.3,88.0,5.1,100.0,4.17,rain,25.9,242.4,1010.5,61.4,,0.37,0.0,,
2006-12-23,Lagos,32.4,24.7,27.3,88.0,5.1,100.0,4.17,rain,25.9,242.4,1010.5,61.4,,0.37,0.0,,
2006-12-24,Lagos,32.4,24.7,27.3,88.0,5.1,100.0,4.17,rain,25.9,242.4,1010.5,61.4,,0.37,0.0,,
2006-12-25,Lagos,33.1,25.1,28.5,81.4,53.3,100.0,4.17,rain,22.3,255.4,1011.0,60.0,,0.17,1.0,,
2006-12-26,Lagos,33.1,25.1,28.5,81.4,53.3,100.0,4.17,rain,22.3,255.4,1011.0,60.0,,0.17,1.0,,
2006-12-27,Lagos,33.1,25.1,28.5,81.4,53.3,100.0,4.17,rain,22.3,255.4,1011.0,60.0,,0.17,1.0,,
2006-12-28,Lagos,33.1,25.1,28.5,81.4,53.3,100.0,4.17,rain,22.3,255.4,1011.0,60.0,,0.17,1.0,,
2006-12-29,Lagos,33.1,25.1,28.5,81.4,53.3,100.0,4.17,rain,22.3,255.4,1011.0,60.0,,0.17,1.0,,
2006-12-30,Lagos,33.1,25.1,28.5,81.4,53.3,100.0,4.17,rain,22.3,255.4,1011.0,60.0,,0.17,1.0,,
2006-12-31,Lagos,33.1,25.1,28.5,81.4,53.3,100.0,4.17,rain,22.3,255.4,1011.0,60.0,,0.17,1.0,,
2007-01-01,Lagos,33.1,25.1,28.5,81.4,53.3,100.0,4.17,rain,22.3,255.4,1011.0,60.0,,0.17,1.0,,
2007-01-02,Lagos,33.1,25.1,28.5,81.4,53.3,100.0,4.17,rain,22.3,255.4,1011.0,60.0,,0.17,1.0,,
2007-01-03,Lagos,33.1,25.1,28.5,81.4,53.3,100.0,4.17,rain,22.3,255.4,1011.0,60.0,,0.17,1.0,,
2007-01-04,Lagos,33.1,25.1,28.5,81.4,53.3,100.0,4.17,rain,22.3,255.4,1011.0,60.0,,0.17,1.0,,
2007-01-05,Lagos,33.1,25.1,28.5,81.4,53.3,100.0,4.17,rain,22.3,255.4,1011.0,60.0,,0.17,1.0,,
2007-01-06,Lagos,33.1,25.1,28.5,81.4,53.3,100.0,4.17,rain,22.3,255.4,1011.0,60.0,,0.17,1.0,,
2007-01-07,Lagos,33.1,25.1,28.5,81.4,53.3,100.0,4.17,rain,22.3,255.4,1011.0,60.0,,0.17,1.0,,
2007-01-08,Lagos,33.1,25.1,28.5,81.4,53.3,100.0,4.17,rain,22.3,255.4,1011.0,60.0,,0.17,1.0,,
2007-01-09,Lagos,33.1,25.1,28.5,81.4,53.3,100.0,4.17,rain,22.3,255.4,1011.0,60.0,,0.17,1.0,,
2007-01-10,Lagos,33.1,25.1,28.5,81.4,53.3,100.0,4.17,rain,22.3,255.4,1011.0,60.0,,0.17,1.0,,
2007-01-11,Lagos,33.1,25.1,28.5,81.4,53.3,100.0,4.17,rain,22.3,255.4,1011.0,60.0,,0.17,1.0,,
2007-01-12,Lagos,33.1,25.1,28.5,81.4,53.3,100.0,4.17,rain,22.3,255.4,1011.0,60.0,,0.17,1.0,,
2007-01-13,Lagos,33.1,25.1,28.5,81.4,53.3,100.0,4.17,rain,22.3,255.4,1011.0,60.0,,0.17,1.0,,
2007-01-14,Lagos,33.1,25.1,28.5,81.4,53.3,100.0,4.17,rain,22.3,255.4,1011.0,60.0,,0.17,1.0,,
2007-01-15,Lagos,33.1,25.1,28.5,81.4,53.3,100.0,4.17,rain,22.3,255.4,1011.0,60.0,,0.17,1.0,,
2007-01-16,Lagos,33.1,25.1,28.5,81.4,53.3,100.0,4.17,rain,22.3,255.4,1011.0,60.0,,0.17,1.0,,
2007-01-17,Lagos,33.1,25.1,28.5,81.4,53.3,100.0,4.17,rain,22.3,255.4,1011.0,60.0,,0.17,1.0,,
2007-01-18,Lagos,33.1,25.1,28.5,81.4,53.3,100.0,4.17,rain,22.3,255.4,1011.0,60.0,,0.17,1.0,,
2007-01-19,Lagos,33.1,25.1,28.5,81.4,53.3,100.0,4.17,rain,22.3,255.4,1011.0,60.0,,0.17,1.0,,
2007-01-20,Lagos,33.1,25.1,28.5,81.4,53.3,100.0,4.17,rain,22.3,255.4,1011.0,60.0,,0.17,1.0,,
2007-01-21,Lagos,33.1,25.1,28.5,81.4,53.3,100.0,4.17,rain,22.3,255.4,1011.0,60.0,,0.17,1.0,,
2007-01-22,Lagos,33.1,25.1,28.5,81.4,53.3,100.0,4.17,rain,22.3,255.4,1011.0,60.0,,0.17,1.0,,
2007-01-23,Lagos,33.1,25.1,28.5,81.4,53.3,100.0,4.17,rain,22.3,255.4,1011.0,60.0,,0.17,1.0,,
2007-01-24,Lagos,33.1,25.1,28.5,81.4,53.3,100.0,4.17,rain,22.3,255.4,1011.0,60.0,,0.17,1.0,,
2007-01-25,Lagos,33.1,25.1,28.5,81.4,53.3,100.0,4.17,rain,22.3,255.4,1011.0,60.0,,0.17,1.0,,
2007-01-26,Lagos,33.1,25.1,28.5,81.4,53.3,100.0,4.17,rain,22.3,255.4,1011.0,60.0,,0.17,1.0,,
2007-01-27,Lagos,33.1,25.1,28.5,81.4,53.3,100.0,4.17,rain,22.3,255.4,1011.0,60.0,,0.17,1.0,,
2007-01-28,Lagos,33.1,25.1,28.5,81.4,53.3,100.0,4.17,rain,22.3,255.4,1011.0,60.0,,0.17,1.0,,
2007-01-29,Lagos,33.1,25.1,28.5,81.4,53.3,100.0,4.17,rain,22.3,255.4,1011.0,60.0,,0.17,1.0,,
2007-01-30,Lagos,33.1,25.1,28.5,81.4,53.3,100.0,4.17,rain,22.3,255.4,1011.0,60.0,,0.17,1.0,,
2007-01-31,Lagos,33.1,25.1,28.5,81.4,53.3,100.0,4.17,rain,22.3,255.4,1011.0,60.0,,0.17,1.0,,
2007-02-01,Lagos,33.1,25.1,28.5,81.4,53.3,100.0,4.17,rain,22.3,255.4,1011.0,60.0,,0.17,1.0,,
2007-02-02,Lagos,33.1,25.1,28.5,81.4,53.3,100.0,4.17,rain,22.3,255.4,1011.0,60.0,,0.17,1.0,,
2007-02-03,Lagos,33.1,25.1,28.5,81.4,53.3,100.0,4.17,rain,22.3,255.4,1011.0,60.0,,0.17,1.0,,
2007-02-04,Lagos,33.1,25.1,28.5,81.4,53.3,100.0,4.17,rain,22.3,255.4,1011.0,60.0,,0.17,1.0,,
2007-02-05,Lagos,33.1,25.1,28.5,81.4,53.3,100.0,4.17,rain,22.3,255.4,1011.0,60.0,,0.17,1.0,,
2007-02-06,Lagos,33.1,25.1,28.5,81.4,53.3,100.0,4.17,rain,22.3,255.4,1011.0,60.0,,0.17,1.0,,
2007-02-07,Lagos,33.1,25.1,28.5,81.4,53.3,100.0,4.17,rain,22.3,255.4,1011.0,60.0,,0.17,1.0,,
2007-02-08,Lagos,33.1,25.1,28.5,81.4,53.3,100.0,4.17,rain,22.3,255.4,1011.0,60.0,,0.17,1.0,,
2007-02-09,Lagos,33.1,25.1,28.5,81.4,53.3,100.0,4.17,rain,22.3,255.4,1011.0,60.0,,0.17,1.0,,
2007-02-10,Lagos,33.1,25.1,28.5,81.4,53.3,100.0,4.17,rain,22.3,255.4,1011.0,60.0,,0.17,1.0,,
2007-02-11,Lagos,35.1,25.4,28.5,80.8,210.5,100.0,4.17,rain,55.4,251.5,1011.0,43.3,,0.8,1.0,,
2007-02-12,Lagos,35.1,25.4,28.5,80.8,210.5,100.0,4.17,rain,55.4,251.5,1011.0,43.3,,0.8,1.0,,
2007-02-13,Lagos,35.1,25.4,28.5,80.8,210.5,100.0,4.17,rain,55.4,251.5,1011.0,43.3,,0.8,1.0,,
2007-02-14,Lagos,35.1,25.4,28.5,80.8,210.5,100.0,4.17,rain,55.4,251.5,1011.0,43.3,,0.8,1.0,,
2007-02-15,Lagos,35.1,25.4,28.5,80.8,210.5,100.0,4.17,rain,55.4,251.5,1011.0,43.3,,0.8,1.0,,
2007-02-16,Lagos,35.1,25.4,28.5,80.8,210.5,100.0,4.17,rain,55.4,251.5,1011.0,43.3,,0.8,1.0,,
2007-02-17,Lagos,35.1,25.4,28.5,80.8,210.5,100.0,4.17,rain,55.4,251.5,1011.0,43.3,,0.8,1.0,,
2007-02-18,Lagos,35.1,25.4,28.5,80.8,210.5,100.0,4.17,rain,55.4,251.5,1011.0,43.3,,0.8,1.0,,
2007-02-19,Lagos,35.1,25.4,28.5,80.8,210.5,100.0,4.17,rain,55.4,251.5,1011.0,43.3,,0.8,1.0,,
2007-02-20,Lagos,35.1,25.4,28.5,80.8,210.5,100.0,4.17,rain,55.4,251.5,1011.0,43.3,,0.8,1.0,,
2007-02-21,Lagos,35.1,25.4,28.5,80.8,210.5,100.0,4.17,rain,55.4,251.5,1011.0,43.3,,0.8,1.0,,
2007-02-22,Lagos,35.1,25.4,28.5,80.8,210.5,100.0,4.17,rain,55.4,251.5,1011.0,43.3,,0.8,1.0,,
2007-02-23,Lagos,35.1,25.4,28.5,80.8,210.5,100.0,4.17,rain,55.4,251.5,1011.0,43.3,,0.8,1.0,,
2007-02-24,Lagos,35.1,25.4,28.5,80.8,210.5,100.0,4.17,rain,55.4,251.5,1011.0,43.3,,0.8,1.0,,
2007-02-25,Lagos,35.1,25.4,28.5,80.8,210.5,100.0,4.17,rain,55.4,251.5,1011.0,43.3,,0.8,1.0,,
2007-02-26,Lagos,35.1,25.4,28.5,80.8,210.5,100.0,4.17,rain,55.4,251.5,1011.0,43.3,,0.8,1.0,,
2007-02-27,Lagos,35.1,25.4,28.5,80.8,210.5,100.0,4.17,rain,55.4,251.5,1011.0,43.3,,0.8,1.0,,
2007-02-28,Lagos,35.1,25.4,28.5,80.8,210.5,100.0,4.17,rain,55.4,251.5,1011.0,43.3,,0.8,1.0,,
2007-03-01,Lagos,35.1,25.4,28.5,80.8,210.5,100.0,4.17,rain,55.4,251.5,1011.0,43.3,,0.8,1.0,,
2007-03-02,Lagos,35.1,25.4,28.5,80.8,210.5,100.0,4.17,rain,55.4,251.5,1011.0,43.3,,0.8,1.0,,
2007-03-03,Lagos,36.1,26.1,30.0,73.4,100.7,100.0,4.17,rain,28.1,239.1,1009.4,52.9,,0.48,1.0,,
2007-03-04,Lagos,36.1,26.1,30.0,73.4,100.7,100.0,4.17,rain,28.1,239.1,1009.4,52.9,,0.48,1.0,,
2007-03-05,Lagos,36.1,26.1,30.0,73.4,100.7,100.0,4.17,rain,28.1,239.1,1009.4,52.9,,0.48,1.0,,
2007-03-06,Lagos,36.1,26.1,30.0,73.4,100.7,100.0,4.17,rain,28.1,239.1,1009.4,52.9,,0.48,1.0,,
2007-03-07,Lagos,36.1,26.1,30.0,73.4,100.7,100.0,4.17,rain,28.1,239.1,1009.4,52.9,,0.48,1.0,,
2007-03-08,Lagos,36.1,26.1,30.0,73.4,100.7,100.0,4.17,rain,28.1,239.1,1009.4,52.9,,0.48,1.0,,
2007-03-09,Lagos,36.1,26.1,30.0,73.4,100.7,100.0,4.17,rain,28.1,239.1,1009.4,52.9,,0.48,1.0,,
2007-03-10,Lagos,36.1,26.1,30.0,73.4,100.7,100.0,4.17,rain,28.1,239.1,1009.4,52.9,,0.48,1.0,,
2007-03-11,Lagos,36.1,26.1,30.0,73.4,100.7,100.0,4.17,rain,28.1,239.1,1009.4,52.9,,0.48,1.0,,
2007-03-12,Lagos,36.1,26.1,30.0,73.4,100.7,100.0,4.17,rain,28.1,239.1,1009.4,52.9,,0.48,1.0,,
2007-03-13,Lagos,36.1,26.1,30.0,73.4,100.7,100.0,4.17,rain,28.1,239.1,1009.4,52.9,,0.48,1.0,,
2007-03-14,Lagos,36.1,26.1,30.0,73.4,100.7,100.0,4.17,rain,28.1,239.1,1009.4,52.9,,0.48,1.0,,
2007-03-15,Lagos,36.1,26.1,30.0,73.4,100.7,100.0,4.17,rain,28.1,239.1,1009.4,52.9,,0.48,1.0,,
2007-03-16,Lagos,36.1,26.1,30.0,73.4,100.7,100.0,4.17,rain,28.1,239.1,1009.4,52.9,,0.48,1.0,,
2007-03-17,Lagos,36.1,26.1,30.0,73.4,100.7,100.0,4.17,rain,28.1,239.1,1009.4,52.9,,0.48,1.0,,
2007-03-18,Lagos,36.1,26.1,30.0,73.4,100.7,100.0,4.17,rain,28.1,239.1,1009.4,52.9,,0.48,1.0,,
2007-03-19,Lagos,36.1,26.1,30.0,73.4,100.7,100.0,4.17,rain,28.1,239.1,1009.4,52.9,,0.48,1.0,,
2007-03-20,Lagos,36.1,26.1,30.0,73.4,100.7,100.0,4.17,rain,28.1,239.1,1009.4,52.9,,0.48,1.0,,
2007-03-21,Lagos,36.1,26.1,30.0,73.4,100.7,100.0,4.17,rain,28.1,239.1,1009.4,52.9,,0.48,1.0,,
2007-03-22,Lagos,36.1,26.1,30.0,73.4,100.7,100.0,4.17,rain,28.1,239.1,1009.4,52.9,,0.48,1.0,,
2007-03-23,Lagos,36.1,26.1,30.0,73.4,100.7,100.0,4.17,rain,28.1,239.1,1009.4,52.9,,0.48,1.0,,
2007-03-24,Lagos,33.1,26.1,29.4,80.6,8.9,100.0,4.17,rain,33.5,258.8,1009.2,80.5,,0.18,0.0,,
2007-03-25,Lagos,33.1,23.1,28.2,81.8,15.0,100.0,4.17,rain,37.1,236.8,1010.4,63.8,,0.25,0.0,,
2007-03-26,Lagos,33.1,23.1,28.2,81.8,15.0,100.0,4.17,rain,37.1,236.8,1010.4,63.8,,0.25,0.0,,
2007-03-27,Lagos,33.1,23.1,28.2,81.8,15.0,100.0,4.17,rain,37.1,236.8,1010.4,63.8,,0.25,0.0,,
2007-03-28,Lagos,33.1,23.1,28.2,81.8,15.0,100.0,4.17,rain,37.1,236.8,1010.4,63.8,,0.25,0.0,,
2007-03-29,Lagos,33.1,23.1,28.2,81.8,15.0,100.0,4.17,rain,37.1,236.8,1010.4,63.8,,0.25,0.0,,
2007-03-30,Lagos,33.1,23.1,28.2,81.8,15.0,100.0,4.17,rain,37.1,236.8,1010.4,63.8,,0.25,0.0,,
2007-03-31,Lagos,33.1,23.1,28.2,81.8,15.0,100.0,4.17,rain,37.1,236.8,1010.4,63.8,,0.25,0.0,,
2007-04-01,Lagos,33.1,24.1,27.8,83.9,5.1,100.0,4.17,rain,64.8,243.9,1007.6,79.4,,0.46,0.0,,
2007-04-02,Lagos,33.1,24.1,27.8,83.9,5.1,100.0,4.17,rain,64.8,243.9,1007.6,79.4,,0.46,0.0,,
2007-04-03,Lagos,33.1,24.1,27.8,83.9,5.1,100.0,4.17,rain,64.8,243.9,1007.6,79.4,,0.46,0.0,,
2007-04-04,Lagos,33.1,24.1,27.8,83.9,5.1,100.0,4.17,rain,64.8,243.9,1007.6,79.4,,0.46,0.0,,
2007-04-05,Lagos,33.1,24.1,27.8,83.9,5.1,100.0,4.17,rain,64.8,243.9,1007.6,79.4,,0.46,0.0,,
2007-04-06,Lagos,33.1,24.1,27.8,83.9,5.1,100.0,4.17,rain,64.8,243.9,1007.6,79.4,,0.46,0.0,,
2007-04-07,Lagos,33.1,24.1,27.8,83.9,5.1,100.0,4.17,rain,64.8,243.9,1007.6,79.4,,0.46,0.0,,
2007-04-08,Lagos,33.1,24.1,27.8,83.9,5.1,100.0,4.17,rain,64.8,243.9,1007.6,79.4,,0.46,0.0,,
2007-04-09,Lagos,33.1,24.1,27.8,83.9,5.1,100.0,4.17,rain,64.8,243.9,1007.6,79.4,,0.46,0.0,,
2007-04-10,Lagos,33.1,24.1,27.8,83.9,5.1,100.0,4.17,rain,64.8,243.9,1007.6,79.4,,0.46,0.0,,
2007-04-11,Lagos,33.1,24.1,27.8,83.9,5.1,100.0,4.17,rain,64.8,243.9,1007.6,79.4,,0.46,0.0,,
2007-04-12,Lagos,33.1,24.1,27.8,83.9,5.1,100.0,4.17,rain,64.8,243.9,1007.6,79.4,,0.46,0.0,,
2007-04-13,Lagos,33.1,24.1,27.8,83.9,5.1,100.0,4.17,rain,64.8,243.9,1007.6,79.4,,0.46,0.0,,
2007-04-14,Lagos,33.1,27.1,29.3,83.7,5.1,100.0,4.17,rain,44.3,256.6,1009.9,70.0,,0.9,0.0,,
2007-04-15,Lagos,33.1,27.1,29.3,83.7,5.1,100.0,4.17,rain,44.3,256.6,1009.9,70.0,,0.9,0.0,,
2007-04-16,Lagos,33.1,27.1,29.3,83.7,5.1,100.0,4.17,rain,44.3,256.6,1009.9,70.0,,0.9,0.0,,
2007-04-17,Lagos,33.1,27.1,29.3,83.7,5.1,100.0,4.17,rain,44.3,256.6,1009.9,70.0,,0.9,0.0,,
2007-04-18,Lagos,33.1,24.1,28.9,74.0,37.1,100.0,4.17,rain,37.1,242.4,1010.6,56.5,,0.03,1.0,,
2007-04-19,Lagos,33.1,24.1,28.9,74.0,37.1,100.0,4.17,rain,37.1,242.4,1010.6,56.5,,0.03,1.0,,
2007-04-20,Lagos,33.1,24.1,28.9,74.0,37.1,100.0,4.17,rain,37.1,242.4,1010.6,56.5,,0.03,1.0,,
2007-04-21,Lagos,33.1,24.1,28.9,74.0,37.1,100.0,4.17,rain,37.1,242.4,1010.6,56.5,,0.03,1.0,,
2007-04-22,Lagos,33.1,24.1,28.9,74.0,37.1,100.0,4.17,rain,37.1,242.4,1010.6,56.5,,0.03,1.0,,
2007-04-23,Lagos,33.1,24.1,28.9,74.0,37.1,100.0,4.17,rain,37.1,242.4,1010.6,56.5,,0.03,1.0,,
2007-04-24,Lagos,33.1,24.1,28.9,74.0,37.1,100.0,4.17,rain,37.1,242.4,1010.6,56.5,,0.03,1.0,,
2007-04-25,Lagos,33.1,24.1,28.9,74.0,37.1,100.0,4.17,rain,37.1,242.4,1010.6,56.5,,0.03,1.0,,
2007-04-26,Lagos,33.2,25.1,28.1,85.1,0.8,100.0,4.17,rain,42.5,259.4,1009.2,65.8,,0.3,0.0,,
2007-04-27,Lagos,28.1,24.1,26.6,90.6,8.1,100.0,8.33,rain,24.1,256.2,1011.6,74.1,,0.33,0.0,,
2007-04-28,Lagos,28.1,24.1,26.6,90.6,8.1,100.0,8.33,rain,24.1,256.2,1011.6,74.1,,0.33,0.0,,
2007-04-29,Lagos,33.1,23.4,27.0,89.6,11.9,100.0,4.17,rain,22.3,237.4,1011.4,67.5,,0.4,0.0,,
2007-04-30,Lagos,33.1,23.4,27.0,89.6,11.9,100.0,4.17,rain,22.3,237.4,1011.4,67.5,,0.4,0.0,,
2007-05-01,Lagos,33.1,23.4,27.0,89.6,11.9,100.0,4.17,rain,22.3,237.4,1011.4,67.5,,0.4,0.0,,
2007-05-02,Lagos,27.4,23.1,24.6,89.8,2.0,100.0,4.17,rain,27.7,29.1,1010.8,66.7,,0.5,0.0,,
2007-05-03,Lagos,27.4,23.1,24.6,89.8,2.0,100.0,4.17,rain,27.7,29.1,1010.8,66.7,,0.5,0.0,,
2007-05-04,Lagos,27.4,23.1,24.6,89.8,2.0,100.0,4.17,rain,27.7,29.1,1010.8,66.7,,0.5,0.0,,
2007-05-05,Lagos,27.4,23.1,24.6,89.8,2.0,100.0,4.17,rain,27.7,29.1,1010.8,66.7,,0.5,0.0,,
2007-05-06,Lagos,27.4,23.1,24.6,89.8,2.0,100.0,4.17,rain,27.7,29.1,1010.8,66.7,,0.5,0.0,,
2007-05-07,Lagos,27.4,23.1,24.6,89.8,2.0,100.0,4.17,rain,27.7,29.1,1010.8,66.7,,0.5,0.0,,
2007-05-08,Lagos,33.7,24.7,27.9,86.0,21.1,100.0,4.17,rain,29.5,168.5,1009.6,64.4,,0.71,0.0,,
2007-05-09,Lagos,33.7,24.7,27.9,86.0,21.1,100.0,4.17,rain,29.5,168.5,1009.6,64.4,,0.71,0.0,,
2007-05-10,Lagos,33.7,24.7,27.9,86.0,21.1,100.0,4.17,rain,29.5,168.5,1009.6,64.4,,0.71,0.0,,
2007-05-11,Lagos,26.7,22.9,25.1,95.4,94.0,100.0,8.33,rain,44.3,106.6,1010.5,54.7,,0.81,1.0,,
2007-05-12,Lagos,26.7,22.9,25.1,95.4,94.0,100.0,8.33,rain,44.3,106.6,1010.5,54.7,,0.81,1.0,,
2007-05-13,Lagos,26.7,22.9,25.1,95.4,94.0,100.0,8.33,rain,44.3,106.6,1010.5,54.7,,0.81,1.0,,
2007-05-14,Lagos,30.6,22.1,27.0,84.3,55.1,100.0,8.33,rain,37.1,142.7,1012.9,64.0,,0.92,1.0,,
2007-05-15,Lagos,30.6,22.1,27.0,84.3,55.1,100.0,8.33,rain,37.1,142.7,1012.9,64.0,,0.92,1.0,,
2007-05-16,Lagos,30.6,22.1,27.0,84.3,55.1,100.0,8.33,rain,37.1,142.7,1012.9,64.0,,0.92,1.0,,
2007-05-17,Lagos,30.6,22.1,27.0,84.3,55.1,100.0,8.33,rain,37.1,142.7,1012.9,64.0,,0.92,1.0,,
2007-05-18,Lagos,30.6,22.1,27.0,84.3,55.1,100.0,8.33,rain,37.1,142.7,1012.9,64.0,,0.92,1.0,,
2007-05-19,Lagos,30.6,22.1,27.0,84.3,55.1,100.0,8.33,rain,37.1,142.7,1012.9,64.0,,0.92,1.0,,
2007-05-20,Lagos,30.6,22.1,27.0,84.3,55.1,100.0,8.33,rain,37.1,142.7,1012.9,64.0,,0.92,1.0,,
2007-05-21,Lagos,30.1,23.1,26.7,88.1,30.0,100.0,8.33,rain,37.1,248.9,1009.6,61.0,,0.15,0.0,,
2007-05-22,Lagos,30.1,24.2,26.2,89.5,4.1,100.0,4.17,rain,51.8,214.0,1009.6,58.6,,0.19,0.0,,
2007-05-23,Lagos,30.1,24.2,26.2,89.5,4.1,100.0,4.17,rain,51.8,214.0,1009.6,58.6,,0.19,0.0,,
2007-05-24,Lagos,30.1,24.2,26.2,89.5,4.1,100.0,4.17,rain,51.8,214.0,1009.6,58.6,,0.19,0.0,,
2007-05-25,Lagos,31.1,24.1,27.4,87.5,41.9,100.0,4.17,rain,37.1,233.3,1011.8,60.4,,0.28,1.0,,
2007-05-26,Lagos,31.1,24.1,27.4,87.5,41.9,100.0,4.17,rain,37.1,233.3,1011.8,60.4,,0.28,1.0,,
2007-05-27,Lagos,28.1,24.1,25.8,90.9,9.9,100.0,4.17,rain,59.4,315.8,1011.3,52.9,,0.35,0.0,,
2007-05-28,Lagos,28.1,24.1,25.8,90.9,9.9,100.0,4.17,rain,59.4,315.8,1011.3,52.9,,0.35,0.0,,
2007-05-29,Lagos,28.1,24.1,25.8,90.9,9.9,100.0,4.17,rain,59.4,315.8,1011.3,52.9,,0.35,0.0,,
2007-05-30,Lagos,28.1,24.1,25.8,90.9,9.9,100.0,4.17,rain,59.4,315.8,1011.3,52.9,,0.35,0.0,,
2007-05-31,Lagos,28.1,24.1,25.8,90.9,9.9,100.0,4.17,rain,59.4,315.8,1011.3,52.9,,0.35,0.0,,
2007-06-01,Lagos,28.1,24.1,25.8,90.9,9.9,100.0,4.17,rain,59.4,315.8,1011.3,52.9,,0.35,0.0,,
2007-06-02,Lagos,28.1,22.1,24.5,95.0,38.1,100.0,8.33,rain,27.7,124.7,1011.7,74.7,,0.55,1.0,,
2007-06-03,Lagos,30.1,23.9,25.8,92.6,8.9,100.0,4.17,rain,37.1,250.2,1012.0,79.5,,0.59,0.0,,
2007-06-04,Lagos,29.1,24.1,25.9,89.3,3.0,100.0,4.17,rain,29.5,288.0,1013.1,71.8,,0.62,0.0,,
2007-06-05,Lagos,29.1,24.1,25.9,89.3,3.0,100.0,4.17,rain,29.5,288.0,1013.1,71.8,,0.62,0.0,,
2007-06-06,Lagos,29.1,24.1,25.9,89.3,3.0,100.0,4.17,rain,29.5,288.0,1013.1,71.8,,0.62,0.0,,
2007-06-07,Lagos,27.1,23.1,24.6,94.2,35.1,100.0,8.33,rain,31.3,269.0,1012.5,80.5,,0.73,1.0,,
2007-06-08,Lagos,27.1,23.1,24.6,94.2,35.1,100.0,8.33,rain,31.3,269.0,1012.5,80.5,,0.73,1.0,,
2007-06-09,Lagos,27.1,23.1,24.6,94.2,35.1,100.0,8.33,rain,31.3,269.0,1012.5,80.5,,0.73,1.0,,
2007-06-10,Lagos,29.9,22.1,24.6,94.5,23.1,100.0,4.17,rain,74.2,333.3,1012.2,63.7,,0.83,0.0,,
2007-06-11,Lagos,30.1,22.1,25.5,89.2,27.9,100.0,8.33,rain,40.7,264.5,1012.9,65.0,,0.87,0.0,,
2007-06-12,Lagos,30.1,22.1,25.5,89.2,27.9,100.0,8.33,rain,40.7,264.5,1012.9,65.0,,0.87,0.0,,
2007-06-13,Lagos,28.1,23.1,25.0,93.8,15.0,100.0,4.17,rain,83.2,353.5,1011.8,64.3,,0.94,0.0,,
2007-06-14,Lagos,28.1,23.1,25.0,93.8,15.0,100.0,4.17,rain,83.2,353.5,1011.8,64.3,,0.94,0.0,,
2007-06-15,Lagos,28.1,23.1,25.0,93.8,15.0,100.0,4.17,rain,83.2,353.5,1011.8,64.3,,0.94,0.0,,
2007-06-16,Lagos,28.1,23.1,25.0,93.8,15.0,100.0,4.17,rain,83.2,353.5,1011.8,64.3,,0.94,0.0,,
2007-06-17,Lagos,28.1,23.1,25.0,93.8,15.0,100.0,4.17,rain,83.2,353.5,1011.8,64.3,,0.94,0.0,,
2007-06-18,Lagos,28.6,25.1,26.7,88.6,14.0,100.0,4.17,rain,33.5,259.5,1012.2,62.0,,0.11,0.0,,
2007-06-19,Lagos,28.6,25.1,26.7,88.6,14.0,100.0,4.17,rain,33.5,259.5,1012.2,62.0,,0.11,0.0,,
2007-06-20,Lagos,26.1,23.7,25.1,96.5,4.1,100.0,4.17,rain,40.7,242.2,1012.7,53.6,,0.17,0.0,,
2007-06-21,Lagos,26.1,23.7,25.1,96.5,4.1,100.0,4.17,rain,40.7,242.2,1012.7,53.6,,0.17,0.0,,
2007-06-22,Lagos,26.1,23.7,25.1,96.5,4.1,100.0,4.17,rain,40.7,242.2,1012.7,53.6,,0.17,0.0,,
2007-06-23,Lagos,26.1,23.7,25.1,96.5,4.1,100.0,4.17,rain,40.7,242.2,1012.7,53.6,,0.17,0.0,,
2007-06-24,Lagos,28.9,24.1,25.7,91.4,21.1,100.0,8.33,rain,37.1,266.5,1012.8,68.5,,0.3,0.0,,
2007-06-25,Lagos,28.9,24.1,25.7,91.4,21.1,100.0,8.33,rain,37.1,266.5,1012.8,68.5,,0.3,0.0,,
2007-06-26,Lagos,28.9,24.1,25.7,91.4,21.1,100.0,8.33,rain,37.1,266.5,1012.8,68.5,,0.3,0.0,,
2007-06-27,Lagos,28.2,24.1,26.2,90.3,3.0,100.0,4.17,rain,37.1,262.3,1012.5,71.0,,0.4,0.0,,
2007-06-28,Lagos,26.1,23.1,24.6,96.5,42.9,100.0,8.33,rain,22.3,273.4,1013.4,71.4,,0.43,1.0,,
2007-06-29,Lagos,26.1,23.6,24.7,97.7,81.0,100.0,8.33,rain,9.4,240.0,1013.5,70.0,,0.46,1.0,,
2007-06-30,Lagos,26.1,23.6,24.7,97.7,81.0,100.0,8.33,rain,9.4,240.0,1013.5,70.0,,0.46,1.0,,
2007-07-01,Lagos,26.1,24.1,24.9,94.1,43.9,100.0,8.33,rain,35.3,266.4,1014.1,82.0,,0.53,1.0,,
2007-07-02,Lagos,26.1,24.1,24.9,94.1,43.9,100.0,8.33,rain,35.3,266.4,1014.1,82.0,,0.53,1.0,,
2007-07-03,Lagos,26.1,24.1,24.9,94.1,43.9,100.0,8.33,rain,35.3,266.4,1014.1,82.0,,0.53,1.0,,
2007-07-04,Lagos,26.1,24.1,24.9,94.1,43.9,100.0,8.33,rain,35.3,266.4,1014.1,82.0,,0.53,1.0,,
2007-07-05,Lagos,26.1,24.1,24.9,94.1,43.9,100.0,8.33,rain,35.3,266.4,1014.1,82.0,,0.53,1.0,,
2007-07-06,Lagos,26.1,24.1,24.9,94.1,43.9,100.0,8.33,rain,35.3,266.4,1014.1,82.0,,0.53,1.0,,
2007-07-07,Lagos,25.9,24.1,24.6,97.4,10.1,100.0,8.33,rain,33.5,252.4,1013.5,78.0,,0.75,0.0,,
2007-07-08,Lagos,25.9,24.1,24.6,97.4,10.1,100.0,8.33,rain,33.5,252.4,1013.5,78.0,,0.75,0.0,,
2007-07-09,Lagos,25.9,24.1,24.6,97.4,10.1,100.0,8.33,rain,33.5,252.4,1013.5,78.0,,0.75,0.0,,
2007-07-10,Lagos,25.9,24.1,24.6,97.4,10.1,100.0,8.33,rain,33.5,252.4,1013.5,78.0,,0.75,0.0,,
2007-07-11,Lagos,25.9,24.1,24.6,97.4,10.1,100.0,8.33,rain,33.5,252.4,1013.5,78.0,,0.75,0.0,,
2007-07-12,Lagos,25.9,24.1,24.6,97.4,10.1,100.0,8.33,rain,33.5,252.4,1013.5,78.0,,0.75,0.0,,
2007-07-13,Lagos,25.9,24.1,24.6,97.4,10.1,100.0,8.33,rain,33.5,252.4,1013.5,78.0,,0.75,0.0,,
2007-07-14,Lagos,25.9,24.1,24.6,97.4,10.1,100.0,8.33,rain,33.5,252.4,1013.5,78.0,,0.75,0.0,,
2007-07-15,Lagos,25.9,24.1,24.6,97.4,10.1,100.0,8.33,rain,33.5,252.4,1013.5,78.0,,0.75,0.0,,
2007-07-16,Lagos,25.9,24.1,24.6,97.4,10.1,100.0,8.33,rain,33.5,252.4,1013.5,78.0,,0.75,0.0,,
2007-07-17,Lagos,30.2,22.4,26.1,84.0,3.0,100.0,4.17,rain,37.1,252.7,1012.6,64.7,,0.1,0.0,,
2007-07-18,Lagos,28.2,24.9,26.2,89.3,2.0,100.0,4.17,rain,33.5,252.9,1012.2,77.3,,0.13,0.0,,
2007-07-19,Lagos,28.2,24.9,26.2,89.3,2.0,100.0,4.17,rain,33.5,252.9,1012.2,77.3,,0.13,0.0,,
2007-07-20,Lagos,28.2,24.1,25.8,92.5,1.0,100.0,4.17,rain,37.1,267.7,1012.3,67.0,,0.19,0.0,,
2007-07-21,Lagos,28.2,24.1,25.8,92.5,1.0,100.0,4.17,rain,37.1,267.7,1012.3,67.0,,0.19,0.0,,
2007-07-22,Lagos,29.1,24.1,26.5,86.0,1.0,100.0,4.17,rain,33.5,260.0,1012.1,74.7,,0.25,0.0,,
2007-07-23,Lagos,29.1,24.1,26.5,86.0,1.0,100.0,4.17,rain,33.5,260.0,1012.1,74.7,,0.25,0.0,,
2007-07-24,Lagos,29.1,24.1,26.5,86.0,1.0,100.0,4.17,rain,33.5,260.0,1012.1,74.7,,0.25,0.0,,
2007-07-25,Lagos,25.1,22.1,24.4,94.3,50.0,100.0,8.33,rain,22.3,258.0,1012.1,55.9,,0.35,1.0,,
2007-07-26,Lagos,26.1,22.9,24.2,95.7,64.1,100.0,8.33,rain,43.2,225.0,1011.6,74.7,,0.38,1.0,,
2007-07-27,Lagos,27.1,24.1,25.1,93.8,16.0,100.0,8.33,rain,35.3,254.1,1013.1,86.3,,0.42,0.0,,
2007-07-28,Lagos,27.1,24.1,25.1,93.8,16.0,100.0,8.33,rain,35.3,254.1,1013.1,86.3,,0.42,0.0,,
2007-07-29,Lagos,27.1,24.1,25.1,93.8,16.0,100.0,8.33,rain,35.3,254.1,1013.1,86.3,,0.42,0.0,,
2007-07-30,Lagos,27.1,24.1,25.1,93.8,16.0,100.0,8.33,rain,35.3,254.1,1013.1,86.3,,0.42,0.0,,
2007-07-31,Lagos,27.1,24.1,25.1,93.8,16.0,100.0,8.33,rain,35.3,254.1,1013.1,86.3,,0.42,0.0,,
2007-08-01,Lagos,27.1,24.1,25.1,93.8,16.0,100.0,8.33,rain,35.3,254.1,1013.1,86.3,,0.42,0.0,,
2007-08-02,Lagos,27.1,24.1,25.1,93.8,16.0,100.0,8.33,rain,35.3,254.1,1013.1,86.3,,0.42,0.0,,
2007-08-03,Lagos,27.1,24.1,25.1,93.8,16.0,100.0,8.33,rain,35.3,254.1,1013.1,86.3,,0.42,0.0,,
2007-08-04,Lagos,27.1,24.1,25.1,93.8,16.0,100.0,8.33,rain,35.3,254.1,1013.1,86.3,,0.42,0.0,,
2007-08-05,Lagos,27.1,24.1,25.1,93.8,16.0,100.0,8.33,rain,35.3,254.1,1013.1,86.3,,0.42,0.0,,
2007-08-06,Lagos,27.1,24.1,25.1,93.8,16.0,100.0,8.33,rain,35.3,254.1,1013.1,86.3,,0.42,0.0,,
2007-08-07,Lagos,27.1,24.1,25.1,93.8,16.0,100.0,8.33,rain,35.3,254.1,1013.1,86.3,,0.42,0.0,,
2007-08-08,Lagos,27.1,24.1,25.1,93.8,16.0,100.0,8.33,rain,35.3,254.1,1013.1,86.3,,0.42,0.0,,
2007-08-09,Lagos,27.1,24.1,25.1,93.8,16.0,100.0,8.33,rain,35.3,254.1,1013.1,86.3,,0.42,0.0,,
2007-08-10,Lagos,27.1,24.1,25.1,93.8,16.0,100.0,8.33,rain,35.3,254.1,1013.1,86.3,,0.42,0.0,,
2007-08-11,Lagos,27.1,24.1,25.1,93.8,16.0,100.0,8.33,rain,35.3,254.1,1013.1,86.3,,0.42,0.0,,
2007-08-12,Lagos,27.1,24.1,25.1,93.8,16.0,100.0,8.33,rain,35.3,254.1,1013.1,86.3,,0.42,0.0,,
2007-08-13,Lagos,27.1,24.1,25.1,93.8,16.0,100.0,8.33,rain,35.3,254.1,1013.1,86.3,,0.42,0.0,,
2007-08-14,Lagos,27.1,24.1,25.1,93.8,16.0,100.0,8.33,rain,35.3,254.1,1013.1,86.3,,0.42,0.0,,
2007-08-15,Lagos,27.1,24.1,25.1,93.8,16.0,100.0,8.33,rain,35.3,254.1,1013.1,86.3,,0.42,0.0,,
2007-08-16,Lagos,27.1,24.1,25.1,93.8,16.0,100.0,8.33,rain,35.3,254.1,1013.1,86.3,,0.42,0.0,,
2007-08-17,Lagos,27.1,24.1,25.1,93.8,16.0,100.0,8.33,rain,35.3,254.1,1013.1,86.3,,0.42,0.0,,
2007-08-18,Lagos,27.1,24.1,25.1,93.8,16.0,100.0,8.33,rain,35.3,254.1,1013.1,86.3,,0.42,0.0,,
2007-08-19,Lagos,27.1,24.1,25.1,93.8,16.0,100.0,8.33,rain,35.3,254.1,1013.1,86.3,,0.42,0.0,,
2007-08-20,Lagos,27.1,24.1,25.1,93.8,16.0,100.0,8.33,rain,35.3,254.1,1013.1,86.3,,0.42,0.0,,
2007-08-21,Lagos,27.1,24.1,25.1,93.8,16.0,100.0,8.33,rain,35.3,254.1,1013.1,86.3,,0.42,0.0,,
2007-08-22,Lagos,27.1,24.1,25.1,93.8,16.0,100.0,8.33,rain,35.3,254.1,1013.1,86.3,,0.42,0.0,,
2007-08-23,Lagos,27.1,24.1,25.1,93.8,16.0,100.0,8.33,rain,35.3,254.1,1013.1,86.3,,0.42,0.0,,
2007-08-24,Lagos,27.1,24.1,25.1,93.8,16.0,100.0,8.33,rain,35.3,254.1,1013.1,86.3,,0.42,0.0,,
2007-08-25,Lagos,27.1,24.1,25.1,93.8,16.0,100.0,8.33,rain,35.3,254.1,1013.1,86.3,,0.42,0.0,,
2007-08-26,Lagos,27.1,24.1,25.1,93.8,16.0,100.0,8.33,rain,35.3,254.1,1013.1,86.3,,0.42,0.0,,
2007-08-27,Lagos,27.1,24.1,25.1,93.8,16.0,100.0,8.33,rain,35.3,254.1,1013.1,86.3,,0.42,0.0,,
2007-08-28,Lagos,27.1,24.1,25.1,93.8,16.0,100.0,8.33,rain,35.3,254.1,1013.1,86.3,,0.42,0.0,,
2007-08-29,Lagos,27.1,24.1,25.1,93.8,16.0,100.0,8.33,rain,35.3,254.1,1013.1,86.3,,0.42,0.0,,
2007-08-30,Lagos,27.1,24.1,25.1,93.8,16.0,100.0,8.33,rain,35.3,254.1,1013.1,86.3,,0.42,0.0,,
2007-08-31,Lagos,27.1,24.1,25.1,93.8,16.0,100.0,8.33,rain,35.3,254.1,1013.1,86.3,,0.42,0.0,,
2007-09-01,Lagos,27.1,24.1,25.1,93.8,16.0,100.0,8.33,rain,35.3,254.1,1013.1,86.3,,0.42,0.0,,
2007-09-02,Lagos,27.1,24.1,25.1,93.8,16.0,100.0,8.33,rain,35.3,254.1,1013.1,86.3,,0.42,0.0,,
2007-09-03,Lagos,27.1,24.1,25.1,93.8,16.0,100.0,8.33,rain,35.3,254.1,1013.1,86.3,,0.42,0.0,,
2007-09-04,Lagos,27.1,24.1,25.1,93.8,16.0,100.0,8.33,rain,35.3,254.1,1013.1,86.3,,0.42,0.0,,
2007-09-05,Lagos,27.1,24.1,25.1,93.8,16.0,100.0,8.33,rain,35.3,254.1,1013.1,86.3,,0.42,0.0,,
2007-09-06,Lagos,27.1,24.1,25.1,93.8,16.0,100.0,8.33,rain,35.3,254.1,1013.1,86.3,,0.42,0.0,,
2007-09-07,Lagos,27.1,24.1,25.1,93.8,16.0,100.0,8.33,rain,35.3,254.1,1013.1,86.3,,0.42,0.0,,
2007-09-08,Lagos,27.1,24.1,25.1,93.8,16.0,100.0,8.33,rain,35.3,254.1,1013.1,86.3,,0.42,0.0,,
2007-09-09,Lagos,27.1,24.1,25.1,93.8,16.0,100.0,8.33,rain,35.3,254.1,1013.1,86.3,,0.42,0.0,,
2007-09-10,Lagos,27.1,24.1,25.1,93.8,16.0,100.0,8.33,rain,35.3,254.1,1013.1,86.3,,0.42,0.0,,
2007-09-11,Lagos,27.1,24.1,25.1,93.8,16.0,100.0,8.33,rain,35.3,254.1,1013.1,86.3,,0.42,0.0,,
2007-09-12,Lagos,27.1,24.1,25.1,93.8,16.0,100.0,8.33,rain,35.3,254.1,1013.1,86.3,,0.42,0.0,,
2007-09-13,Lagos,27.1,24.1,25.1,93.8,16.0,100.0,8.33,rain,35.3,254.1,1013.1,86.3,,0.42,0.0,,
2007-09-14,Lagos,27.1,24.1,25.1,93.8,16.0,100.0,8.33,rain,35.3,254.1,1013.1,86.3,,0.42,0.0,,
2007-09-15,Lagos,27.1,24.1,25.1,93.8,16.0,100.0,8.33,rain,35.3,254.1,1013.1,86.3,,0.42,0.0,,
2007-09-16,Lagos,27.1,24.1,25.1,93.8,16.0,100.0,8.33,rain,35.3,254.1,1013.1,86.3,,0.42,0.0,,
2007-09-17,Lagos,27.1,24.1,25.1,93.8,16.0,100.0,8.33,rain,35.3,254.1,1013.1,86.3,,0.42,0.0,,
2007-09-18,Lagos,27.1,24.1,25.1,93.8,16.0,100.0,8.33,rain,35.3,254.1,1013.1,86.3,,0.42,0.0,,
2007-09-19,Lagos,27.1,24.1,25.1,93.8,16.0,100.0,8.33,rain,35.3,254.1,1013.1,86.3,,0.42,0.0,,
2007-09-20,Lagos,27.1,24.1,25.1,93.8,16.0,100.0,8.33,rain,35.3,254.1,1013.1,86.3,,0.42,0.0,,
2007-09-21,Lagos,27.1,24.1,25.1,93.8,16.0,100.0,8.33,rain,35.3,254.1,1013.1,86.3,,0.42,0.0,,
2007-09-22,Lagos,27.1,24.1,25.1,93.8,16.0,100.0,8.33,rain,35.3,254.1,1013.1,86.3,,0.42,0.0,,
2007-09-23,Lagos,27.1,24.1,25.1,93.8,16.0,100.0,8.33,rain,35.3,254.1,1013.1,86.3,,0.42,0.0,,
2007-09-24,Lagos,27.1,24.1,25.1,93.8,16.0,100.0,8.33,rain,35.3,254.1,1013.1,86.3,,0.42,0.0,,
2007-09-25,Lagos,27.1,24.1,25.1,93.8,16.0,100.0,8.33,rain,35.3,254.1,1013.1,86.3,,0.42,0.0,,
2007-09-26,Lagos,27.1,24.1,25.1,93.8,16.0,100.0,8.33,rain,35.3,254.1,1013.1,86.3,,0.42,0.0,,
2007-09-27,Lagos,27.1,24.1,25.1,93.8,16.0,100.0,8.33,rain,35.3,254.1,1013.1,86.3,,0.42,0.0,,
2007-09-28,Lagos,27.1,24.1,25.1,93.8,16.0,100.0,8.33,rain,35.3,254.1,1013.1,86.3,,0.42,0.0,,
2007-09-29,Lagos,27.1,24.1,25.1,93.8,16.0,100.0,8.33,rain,35.3,254.1,1013.1,86.3,,0.42,0.0,,
2007-09-30,Lagos,27.1,24.1,25.1,93.8,16.0,100.0,8.33,rain,35.3,254.1,1013.1,86.3,,0.42,0.0,,
2007-10-01,Lagos,27.1,24.1,25.1,93.8,16.0,100.0,8.33,rain,35.3,254.1,1013.1,86.3,,0.42,0.0,,
2007-10-02,Lagos,27.1,24.1,25.1,93.8,16.0,100.0,8.33,rain,35.3,254.1,1013.1,86.3,,0.42,0.0,,
2007-10-03,Lagos,27.1,24.1,25.1,93.8,16.0,100.0,8.33,rain,35.3,254.1,1013.1,86.3,,0.42,0.0,,
2007-10-04,Lagos,27.1,24.1,25.1,93.8,16.0,100.0,8.33,rain,35.3,254.1,1013.1,86.3,,0.42,0.0,,
2007-10-05,Lagos,30.1,24.1,25.8,89.3,5.1,100.0,4.17,rain,25.9,181.9,1012.1,61.6,,0.8,0.0,,
2007-10-06,Lagos,30.1,24.1,25.8,89.3,5.1,100.0,4.17,rain,25.9,181.9,1012.1,61.6,,0.8,0.0,,
2007-10-07,Lagos,30.1,24.1,25.8,89.3,5.1,100.0,4.17,rain,25.9,181.9,1012.1,61.6,,0.8,0.0,,
2007-10-08,Lagos,30.1,24.1,25.8,89.3,5.1,100.0,4.17,rain,25.9,181.9,1012.1,61.6,,0.8,0.0,,
2007-10-09,Lagos,30.1,24.1,25.8,89.3,5.1,100.0,4.17,rain,25.9,181.9,1012.1,61.6,,0.8,0.0,,
2007-10-10,Lagos,30.1,24.1,25.8,89.3,5.1,100.0,4.17,rain,25.9,181.9,1012.1,61.6,,0.8,0.0,,
2007-10-11,Lagos,30.1,24.1,25.8,89.3,5.1,100.0,4.17,rain,25.9,181.9,1012.1,61.6,,0.8,0.0,,
2007-10-12,Lagos,30.1,24.1,25.8,89.3,5.1,100.0,4.17,rain,25.9,181.9,1012.1,61.6,,0.8,0.0,,
2007-10-13,Lagos,27.1,24.7,25.8,95.5,4.1,100.0,4.17,rain,22.3,259.3,1010.8,64.3,,0.08,0.0,,
2007-10-14,Lagos,27.1,24.7,25.8,95.5,4.1,100.0,4.17,rain,22.3,259.3,1010.8,64.3,,0.08,0.0,,
2007-10-15,Lagos,27.1,24.7,25.8,95.5,4.1,100.0,4.17,rain,22.3,259.3,1010.8,64.3,,0.08,0.0,,
2007-10-16,Lagos,27.1,24.7,25.8,95.5,4.1,100.0,4.17,rain,22.3,259.3,1010.8,64.3,,0.08,0.0,,
2007-10-17,Lagos,27.1,24.7,25.8,95.5,4.1,100.0,4.17,rain,22.3,259.3,1010.8,64.3,,0.08,0.0,,
2007-10-18,Lagos,27.1,24.7,25.8,95.5,4.1,100.0,4.17,rain,22.3,259.3,1010.8,64.3,,0.08,0.0,,
2007-10-19,Lagos,25.4,22.1,24.7,91.9,51.1,100.0,4.17,rain,29.5,125.2,1011.6,54.0,,0.25,1.0,,
2007-10-20,Lagos,25.4,22.1,24.7,91.9,51.1,100.0,4.17,rain,29.5,125.2,1011.6,54.0,,0.25,1.0,,
2007-10-21,Lagos,25.4,22.1,24.7,91.9,51.1,100.0,4.17,rain,29.5,125.2,1011.6,54.0,,0.25,1.0,,
2007-10-22,Lagos,25.4,22.1,24.7,91.9,51.1,100.0,4.17,rain,29.5,125.2,1011.6,54.0,,0.25,1.0,,
2007-10-23,Lagos,25.4,22.1,24.7,91.9,51.1,100.0,4.17,rain,29.5,125.2,1011.6,54.0,,0.25,1.0,,
2007-10-24,Lagos,25.4,22.1,24.7,91.9,51.1,100.0,4.17,rain,29.5,125.2,1011.6,54.0,,0.25,1.0,,
2007-10-25,Lagos,25.4,22.1,24.7,91.9,51.1,100.0,4.17,rain,29.5,125.2,1011.6,54.0,,0.25,1.0,,
2007-10-26,Lagos,25.4,22.1,24.7,91.9,51.1,100.0,4.17,rain,29.5,125.2,1011.6,54.0,,0.25,1.0,,
2007-10-27,Lagos,27.1,22.1,24.4,90.3,29.0,100.0,4.17,rain,59.0,108.0,1012.0,52.7,,0.54,0.0,,
2007-10-28,Lagos,27.1,22.1,24.4,90.3,29.0,100.0,4.17,rain,59.0,108.0,1012.0,52.7,,0.54,0.0,,
2007-10-29,Lagos,27.1,22.1,24.4,90.3,29.0,100.0,4.17,rain,59.0,108.0,1012.0,52.7,,0.54,0.0,,
2007-10-30,Lagos,27.1,22.1,24.4,90.3,29.0,100.0,4.17,rain,59.0,108.0,1012.0,52.7,,0.54,0.0,,
2007-10-31,Lagos,27.1,22.1,24.4,90.3,29.0,100.0,4.17,rain,59.0,108.0,1012.0,52.7,,0.54,0.0,,
2007-11-01,Lagos,27.1,22.1,24.4,90.3,29.0,100.0,4.17,rain,59.0,108.0,1012.0,52.7,,0.54,0.0,,
2007-11-02,Lagos,27.1,22.1,24.4,90.3,29.0,100.0,4.17,rain,59.0,108.0,1012.0,52.7,,0.54,0.0,,
2007-11-03,Lagos,27.1,22.1,24.4,90.3,29.0,100.0,4.17,rain,59.0,108.0,1012.0,52.7,,0.54,0.0,,
2007-11-04,Lagos,27.1,22.1,24.4,90.3,29.0,100.0,4.17,rain,59.0,108.0,1012.0,52.7,,0.54,0.0,,
2007-11-05,Lagos,32.1,23.1,26.7,85.1,16.0,100.0,4.17,rain,27.7,261.4,1010.9,65.7,,0.85,0.0,,
2007-11-06,Lagos,32.1,23.1,26.7,85.1,16.0,100.0,4.17,rain,27.7,261.4,1010.9,65.7,,0.85,0.0,,
2007-11-07,Lagos,32.1,23.1,26.7,85.1,16.0,100.0,4.17,rain,27.7,261.4,1010.9,65.7,,0.85,0.0,,
2007-11-08,Lagos,32.1,23.1,26.7,85.1,16.0,100.0,4.17,rain,27.7,261.4,1010.9,65.7,,0.85,0.0,,
2007-11-09,Lagos,32.1,23.1,26.7,85.1,16.0,100.0,4.17,rain,27.7,261.4,1010.9,65.7,,0.85,0.0,,
2007-11-10,Lagos,32.1,23.1,26.7,85.1,16.0,100.0,4.17,rain,27.7,261.4,1010.9,65.7,,0.85,0.0,,
2007-11-11,Lagos,32.1,23.1,26.7,85.1,16.0,100.0,4.17,rain,27.7,261.4,1010.9,65.7,,0.85,0.0,,
2007-11-12,Lagos,32.1,23.1,26.7,85.1,16.0,100.0,4.17,rain,27.7,261.4,1010.9,65.7,,0.85,0.0,,
2007-11-13,Lagos,32.1,23.1,26.7,85.1,16.0,100.0,4.17,rain,27.7,261.4,1010.9,65.7,,0.85,0.0,,
2007-11-14,Lagos,32.1,23.1,26.7,85.1,16.0,100.0,4.17,rain,27.7,261.4,1010.9,65.7,,0.85,0.0,,
2007-11-15,Lagos,32.1,23.1,26.7,85.1,16.0,100.0,4.17,rain,27.7,261.4,1010.9,65.7,,0.85,0.0,,
2007-11-16,Lagos,32.1,23.1,26.7,85.1,16.0,100.0,4.17,rain,27.7,261.4,1010.9,65.7,,0.85,0.0,,
2007-11-17,Lagos,32.1,23.1,26.7,85.1,16.0,100.0,4.17,rain,27.7,261.4,1010.9,65.7,,0.85,0.0,,
2007-11-18,Lagos,32.1,23.1,26.7,85.1,16.0,100.0,4.17,rain,27.7,261.4,1010.9,65.7,,0.85,0.0,,
2007-11-19,Lagos,32.1,23.1,26.7,85.1,16.0,100.0,4.17,rain,27.7,261.4,1010.9,65.7,,0.85,0.0,,
2007-11-20,Lagos,32.1,23.1,26.7,85.1,16.0,100.0,4.17,rain,27.7,261.4,1010.9,65.7,,0.85,0.0,,
2007-11-21,Lagos,32.1,23.1,26.7,85.1,16.0,100.0,4.17,rain,27.7,261.4,1010.9,65.7,,0.85,0.0,,
2007-11-22,Lagos,32.1,23.1,26.7,85.1,16.0,100.0,4.17,rain,27.7,261.4,1010.9,65.7,,0.85,0.0,,
2007-11-23,Lagos,32.1,23.1,26.7,85.1,16.0,100.0,4.17,rain,27.7,261.4,1010.9,65.7,,0.85,0.0,,
2007-11-24,Lagos,32.1,23.1,26.7,85.1,16.0,100.0,4.17,rain,27.7,261.4,1010.9,65.7,,0.85,0.0,,
2007-11-25,Lagos,32.1,23.1,26.7,85.1,16.0,100.0,4.17,rain,27.7,261.4,1010.9,65.7,,0.85,0.0,,
2007-11-26,Lagos,32.1,23.1,26.7,85.1,16.0,100.0,4.17,rain,27.7,261.4,1010.9,65.7,,0.85,0.0,,
2007-11-27,Lagos,32.1,23.1,26.7,85.1,16.0,100.0,4.17,rain,27.7,261.4,1010.9,65.7,,0.85,0.0,,
2007-11-28,Lagos,32.1,23.1,26.7,85.1,16.0,100.0,4.17,rain,27.7,261.4,1010.9,65.7,,0.85,0.0,,
2007-11-29,Lagos,32.1,23.1,26.7,85.1,16.0,100.0,4.17,rain,27.7,261.4,1010.9,65.7,,0.85,0.0,,
2007-11-30,Lagos,32.1,23.1,26.7,85.1,16.0,100.0,4.17,rain,27.7,261.4,1010.9,65.7,,0.85,0.0,,
2007-12-01,Lagos,32.1,23.1,26.7,85.1,16.0,100.0,4.17,rain,27.7,261.4,1010.9,65.7,,0.85,0.0,,
2007-12-02,Lagos,32.1,23.1,26.7,85.1,16.0,100.0,4.17,rain,27.7,261.4,1010.9,65.7,,0.85,0.0,,
2007-12-03,Lagos,32.1,23.1,26.7,85.1,16.0,100.0,4.17,rain,27.7,261.4,1010.9,65.7,,0.85,0.0,,
2007-12-04,Lagos,32.1,23.1,26.7,85.1,16.0,100.0,4.17,rain,27.7,261.4,1010.9,65.7,,0.85,0.0,,
2007-12-05,Lagos,32.1,23.1,26.7,85.1,16.0,100.0,4.17,rain,27.7,261.4,1010.9,65.7,,0.85,0.0,,
2007-12-06,Lagos,32.1,23.1,26.7,85.1,16.0,100.0,4.17,rain,27.7,261.4,1010.9,65.7,,0.85,0.0,,
2007-12-07,Lagos,32.1,23.1,26.7,85.1,16.0,100.0,4.17,rain,27.7,261.4,1010.9,65.7,,0.85,0.0,,
2007-12-08,Lagos,32.1,23.1,26.7,85.1,16.0,100.0,4.17,rain,27.7,261.4,1010.9,65.7,,0.85,0.0,,
2007-12-09,Lagos,32.1,23.1,26.7,85.1,16.0,100.0,4.17,rain,27.7,261.4,1010.9,65.7,,0.85,0.0,,
2007-12-10,Lagos,32.1,23.1,26.7,85.1,16.0,100.0,4.17,rain,27.7,261.4,1010.9,65.7,,0.85,0.0,,
2007-12-11,Lagos,32.1,23.1,26.7,85.1,16.0,100.0,4.17,rain,27.7,261.4,1010.9,65.7,,0.85,0.0,,
2007-12-12,Lagos,32.1,23.1,26.7,85.1,16.0,100.0,4.17,rain,27.7,261.4,1010.9,65.7,,0.85,0.0,,
2007-12-13,Lagos,32.1,23.1,26.7,85.1,16.0,100.0,4.17,rain,27.7,261.4,1010.9,65.7,,0.85,0.0,,
2007-12-14,Lagos,32.1,23.1,26.7,85.1,16.0,100.0,4.17,rain,27.7,261.4,1010.9,65.7,,0.85,0.0,,
2007-12-15,Lagos,32.1,23.1,26.7,85.1,16.0,100.0,4.17,rain,27.7,261.4,1010.9,65.7,,0.85,0.0,,
2007-12-16,Lagos,32.1,23.1,26.7,85.1,16.0,100.0,4.17,rain,27.7,261.4,1010.9,65.7,,0.85,0.0,,
2007-12-17,Lagos,32.1,23.1,26.7,85.1,16.0,100.0,4.17,rain,27.7,261.4,1010.9,65.7,,0.85,0.0,,
2007-12-18,Lagos,32.1,23.1,26.7,85.1,16.0,100.0,4.17,rain,27.7,261.4,1010.9,65.7,,0.85,0.0,,
2007-12-19,Lagos,32.1,23.1,26.7,85.1,16.0,100.0,4.17,rain,27.7,261.4,1010.9,65.7,,0.85,0.0,,
2007-12-20,Lagos,32.1,23.1,26.7,85.1,16.0,100.0,4.17,rain,27.7,261.4,1010.9,65.7,,0.85,0.0,,
2007-12-21,Lagos,32.1,23.1,26.7,85.1,16.0,100.0,4.17,rain,27.7,261.4,1010.9,65.7,,0.85,0.0,,
2007-12-22,Lagos,32.1,23.1,26.7,85.1,16.0,100.0,4.17,rain,27.7,261.4,1010.9,65.7,,0.85,0.0,,
2007-12-23,Lagos,32.1,23.1,26.7,85.1,16.0,100.0,4.17,rain,27.7,261.4,1010.9,65.7,,0.85,0.0,,
2007-12-24,Lagos,32.1,23.1,26.7,85.1,16.0,100.0,4.17,rain,27.7,261.4,1010.9,65.7,,0.85,0.0,,
2007-12-25,Lagos,32.1,23.1,26.7,85.1,16.0,100.0,4.17,rain,27.7,261.4,1010.9,65.7,,0.85,0.0,,
2007-12-26,Lagos,32.1,23.1,26.7,85.1,16.0,100.0,4.17,rain,27.7,261.4,1010.9,65.7,,0.85,0.0,,
2007-12-27,Lagos,32.1,23.1,26.7,85.1,16.0,100.0,4.17,rain,27.7,261.4,1010.9,65.7,,0.85,0.0,,
2007-12-28,Lagos,32.1,23.1,26.7,85.1,16.0,100.0,4.17,rain,27.7,261.4,1010.9,65.7,,0.85,0.0,,
2007-12-29,Lagos,32.1,23.1,26.7,85.1,16.0,100.0,4.17,rain,27.7,261.4,1010.9,65.7,,0.85,0.0,,
2007-12-30,Lagos,32.1,23.1,26.7,85.1,16.0,100.0,4.17,rain,27.7,261.4,1010.9,65.7,,0.85,0.0,,
2007-12-31,Lagos,32.1,23.1,26.7,85.1,16.0,100.0,4.17,rain,27.7,261.4,1010.9,65.7,,0.85,0.0,,
2008-01-01,Lagos,33.1,24.4,27.2,80.0,1.0,100.0,4.17,rain,20.5,305.9,1010.2,54.8,,0.77,0.0,,
2008-01-02,Lagos,33.1,24.4,27.2,80.0,1.0,100.0,4.17,rain,20.5,305.9,1010.2,54.8,,0.77,0.0,,
2008-01-03,Lagos,33.1,24.4,27.2,80.0,1.0,100.0,4.17,rain,20.5,305.9,1010.2,54.8,,0.77,0.0,,
2008-01-04,Lagos,33.1,24.4,27.2,80.0,1.0,100.0,4.17,rain,20.5,305.9,1010.2,54.8,,0.77,0.0,,
2008-01-05,Lagos,33.1,24.4,27.2,80.0,1.0,100.0,4.17,rain,20.5,305.9,1010.2,54.8,,0.77,0.0,,
2008-01-06,Lagos,33.1,24.4,27.2,80.0,1.0,100.0,4.17,rain,20.5,305.9,1010.2,54.8,,0.77,0.0,,
2008-01-07,Lagos,33.1,24.4,27.2,80.0,1.0,100.0,4.17,rain,20.5,305.9,1010.2,54.8,,0.77,0.0,,
2008-01-08,Lagos,33.1,24.4,27.2,80.0,1.0,100.0,4.17,rain,20.5,305.9,1010.2,54.8,,0.77,0.0,,
2008-01-09,Lagos,33.1,24.4,27.2,80.0,1.0,100.0,4.17,rain,20.5,305.9,1010.2,54.8,,0.77,0.0,,
2008-01-10,Lagos,33.1,24.4,27.2,80.0,1.0,100.0,4.17,rain,20.5,305.9,1010.2,54.8,,0.77,0.0,,
2008-01-11,Lagos,33.1,24.4,27.2,80.0,1.0,100.0,4.17,rain,20.5,305.9,1010.2,54.8,,0.77,0.0,,
2008-01-12,Lagos,33.1,24.4,27.2,80.0,1.0,100.0,4.17,rain,20.5,305.9,1010.2,54.8,,0.77,0.0,,
2008-01-13,Lagos,33.1,24.4,27.2,80.0,1.0,100.0,4.17,rain,20.5,305.9,1010.2,54.8,,0.77,0.0,,
2008-01-14,Lagos,33.1,24.4,27.2,80.0,1.0,100.0,4.17,rain,20.5,305.9,1010.2,54.8,,0.77,0.0,,
2008-01-15,Lagos,33.1,24.4,27.2,80.0,1.0,100.0,4.17,rain,20.5,305.9,1010.2,54.8,,0.77,0.0,,
2008-01-16,Lagos,33.1,24.4,27.2,80.0,1.0,100.0,4.17,rain,20.5,305.9,1010.2,54.8,,0.77,0.0,,
2008-01-17,Lagos,33.1,24.4,27.2,80.0,1.0,100.0,4.17,rain,20.5,305.9,1010.2,54.8,,0.77,0.0,,
2008-01-18,Lagos,33.1,24.4,27.2,80.0,1.0,100.0,4.17,rain,20.5,305.9,1010.2,54.8,,0.77,0.0,,
2008-01-19,Lagos,33.1,24.4,27.2,80.0,1.0,100.0,4.17,rain,20.5,305.9,1010.2,54.8,,0.77,0.0,,
2008-01-20,Lagos,33.1,24.4,27.2,80.0,1.0,100.0,4.17,rain,20.5,305.9,1010.2,54.8,,0.77,0.0,,
2008-01-21,Lagos,33.1,24.4,27.2,80.0,1.0,100.0,4.17,rain,20.5,305.9,1010.2,54.8,,0.77,0.0,,
2008-01-22,Lagos,33.1,24.4,27.2,80.0,1.0,100.0,4.17,rain,20.5,305.9,1010.2,54.8,,0.77,0.0,,
2008-01-23,Lagos,33.1,24.4,27.2,80.0,1.0,100.0,4.17,rain,20.5,305.9,1010.2,54.8,,0.77,0.0,,
2008-01-24,Lagos,33.1,24.4,27.2,80.0,1.0,100.0,4.17,rain,20.5,305.9,1010.2,54.8,,0.77,0.0,,
2008-01-25,Lagos,33.1,24.4,27.2,80.0,1.0,100.0,4.17,rain,20.5,305.9,1010.2,54.8,,0.77,0.0,,
2008-01-26,Lagos,33.1,24.4,27.2,80.0,1.0,100.0,4.17,rain,20.5,305.9,1010.2,54.8,,0.77,0.0,,
2008-01-27,Lagos,33.1,24.4,27.2,80.0,1.0,100.0,4.17,rain,20.5,305.9,1010.2,54.8,,0.77,0.0,,
2008-01-28,Lagos,33.1,24.4,27.2,80.0,1.0,100.0,4.17,rain,20.5,305.9,1010.2,54.8,,0.77,0.0,,
2008-01-29,Lagos,33.1,24.4,27.2,80.0,1.0,100.0,4.17,rain,20.5,305.9,1010.2,54.8,,0.77,0.0,,
2008-01-30,Lagos,33.1,24.4,27.2,80.0,1.0,100.0,4.17,rain,20.5,305.9,1010.2,54.8,,0.77,0.0,,
2008-01-31,Lagos,33.1,24.4,27.2,80.0,1.0,100.0,4.17,rain,20.5,305.9,1010.2,54.8,,0.77,0.0,,
2008-02-01,Lagos,33.1,24.4,27.2,80.0,1.0,100.0,4.17,rain,20.5,305.9,1010.2,54.8,,0.77,0.0,,
2008-02-02,Lagos,33.1,24.4,27.2,80.0,1.0,100.0,4.17,rain,20.5,305.9,1010.2,54.8,,0.77,0.0,,
2008-02-03,Lagos,33.1,24.4,27.2,80.0,1.0,100.0,4.17,rain,20.5,305.9,1010.2,54.8,,0.77,0.0,,
2008-02-04,Lagos,33.1,24.4,27.2,80.0,1.0,100.0,4.17,rain,20.5,305.9,1010.2,54.8,,0.77,0.0,,
2008-02-05,Lagos,33.1,24.4,27.2,80.0,1.0,100.0,4.17,rain,20.5,305.9,1010.2,54.8,,0.77,0.0,,
2008-02-06,Lagos,33.1,24.4,27.2,80.0,1.0,100.0,4.17,rain,20.5,305.9,1010.2,54.8,,0.77,0.0,,
2008-02-07,Lagos,33.1,24.4,27.2,80.0,1.0,100.0,4.17,rain,20.5,305.9,1010.2,54.8,,0.77,0.0,,
2008-02-08,Lagos,33.1,24.4,27.2,80.0,1.0,100.0,4.17,rain,20.5,305.9,1010.2,54.8,,0.77,0.0,,
2008-02-09,Lagos,33.1,24.4,27.2,80.0,1.0,100.0,4.17,rain,20.5,305.9,1010.2,54.8,,0.77,0.0,,
2008-02-10,Lagos,33.1,24.4,27.2,80.0,1.0,100.0,4.17,rain,20.5,305.9,1010.2,54.8,,0.77,0.0,,
2008-02-11,Lagos,33.1,24.4,27.2,80.0,1.0,100.0,4.17,rain,20.5,305.9,1010.2,54.8,,0.77,0.0,,
2008-02-12,Lagos,33.1,24.4,27.2,80.0,1.0,100.0,4.17,rain,20.5,305.9,1010.2,54.8,,0.77,0.0,,
2008-02-13,Lagos,33.1,24.4,27.2,80.0,1.0,100.0,4.17,rain,20.5,305.9,1010.2,54.8,,0.77,0.0,,
2008-02-14,Lagos,33.1,24.4,27.2,80.0,1.0,100.0,4.17,rain,20.5,305.9,1010.2,54.8,,0.77,0.0,,
2008-02-15,Lagos,33.1,24.4,27.2,80.0,1.0,100.0,4.17,rain,20.5,305.9,1010.2,54.8,,0.77,0.0,,
2008-02-16,Lagos,33.1,24.4,27.2,80.0,1.0,100.0,4.17,rain,20.5,305.9,1010.2,54.8,,0.77,0.0,,
2008-02-17,Lagos,33.1,24.4,27.2,80.0,1.0,100.0,4.17,rain,20.5,305.9,1010.2,54.8,,0.77,0.0,,
2008-02-18,Lagos,33.1,24.4,27.2,80.0,1.0,100.0,4.17,rain,20.5,305.9,1010.2,54.8,,0.77,0.0,,
2008-02-19,Lagos,33.1,24.4,27.2,80.0,1.0,100.0,4.17,rain,20.5,305.9,1010.2,54.8,,0.77,0.0,,
2008-02-20,Lagos,33.1,24.4,27.2,80.0,1.0,100.0,4.17,rain,20.5,305.9,1010.2,54.8,,0.77,0.0,,
2008-02-21,Lagos,33.1,24.4,27.2,80.0,1.0,100.0,4.17,rain,20.5,305.9,1010.2,54.8,,0.77,0.0,,
2008-02-22,Lagos,33.1,24.4,27.2,80.0,1.0,100.0,4.17,rain,20.5,305.9,1010.2,54.8,,0.77,0.0,,
2008-02-23,Lagos,33.1,24.4,27.2,80.0,1.0,100.0,4.17,rain,20.5,305.9,1010.2,54.8,,0.77,0.0,,
2008-02-24,Lagos,33.1,24.4,27.2,80.0,1.0,100.0,4.17,rain,20.5,305.9,1010.2,54.8,,0.77,0.0,,
2008-02-25,Lagos,33.1,24.4,27.2,80.0,1.0,100.0,4.17,rain,20.5,305.9,1010.2,54.8,,0.77,0.0,,
2008-02-26,Lagos,33.1,24.4,27.2,80.0,1.0,100.0,4.17,rain,20.5,305.9,1010.2,54.8,,0.77,0.0,,
2008-02-27,Lagos,33.1,24.4,27.2,80.0,1.0,100.0,4.17,rain,20.5,305.9,1010.2,54.8,,0.77,0.0,,
2008-02-28,Lagos,33.1,24.4,27.2,80.0,1.0,100.0,4.17,rain,20.5,305.9,1010.2,54.8,,0.77,0.0,,
2008-02-29,Lagos,33.1,24.4,27.2,80.0,1.0,100.0,4.17,rain,20.5,305.9,1010.2,54.8,,0.77,0.0,,
2008-03-01,Lagos,33.1,24.4,27.2,80.0,1.0,100.0,4.17,rain,20.5,305.9,1010.2,54.8,,0.77,0.0,,
2008-03-02,Lagos,33.1,24.4,27.2,80.0,1.0,100.0,4.17,rain,20.5,305.9,1010.2,54.8,,0.77,0.0,,
2008-03-03,Lagos,33.1,24.4,27.2,80.0,1.0,100.0,4.17,rain,20.5,305.9,1010.2,54.8,,0.77,0.0,,
2008-03-04,Lagos,33.1,24.4,27.2,80.0,1.0,100.0,4.17,rain,20.5,305.9,1010.2,54.8,,0.77,0.0,,
2008-03-05,Lagos,33.1,24.4,27.2,80.0,1.0,100.0,4.17,rain,20.5,305.9,1010.2,54.8,,0.77,0.0,,
2008-03-06,Lagos,33.1,24.4,27.2,80.0,1.0,100.0,4.17,rain,20.5,305.9,1010.2,54.8,,0.77,0.0,,
2008-03-07,Lagos,33.1,24.4,27.2,80.0,1.0,100.0,4.17,rain,20.5,305.9,1010.2,54.8,,0.77,0.0,,
2008-03-08,Lagos,33.1,24.4,27.2,80.0,1.0,100.0,4.17,rain,20.5,305.9,1010.2,54.8,,0.77,0.0,,
2008-03-09,Lagos,33.1,24.4,27.2,80.0,1.0,100.0,4.17,rain,20.5,305.9,1010.2,54.8,,0.77,0.0,,
2008-03-10,Lagos,33.1,24.4,27.2,80.0,1.0,100.0,4.17,rain,20.5,305.9,1010.2,54.8,,0.77,0.0,,
2008-03-11,Lagos,33.1,24.4,27.2,80.0,1.0,100.0,4.17,rain,20.5,305.9,1010.2,54.8,,0.77,0.0,,
2008-03-12,Lagos,33.1,24.4,27.2,80.0,1.0,100.0,4.17,rain,20.5,305.9,1010.2,54.8,,0.77,0.0,,
2008-03-13,Lagos,33.1,24.4,27.2,80.0,1.0,100.0,4.17,rain,20.5,305.9,1010.2,54.8,,0.77,0.0,,
2008-03-14,Lagos,33.1,24.4,27.2,80.0,1.0,100.0,4.17,rain,20.5,305.9,1010.2,54.8,,0.77,0.0,,
2008-03-15,Lagos,33.1,24.4,27.2,80.0,1.0,100.0,4.17,rain,20.5,305.9,1010.2,54.8,,0.77,0.0,,
2008-03-16,Lagos,33.1,24.4,27.2,80.0,1.0,100.0,4.17,rain,20.5,305.9,1010.2,54.8,,0.77,0.0,,
2008-03-17,Lagos,33.1,24.4,27.2,80.0,1.0,100.0,4.17,rain,20.5,305.9,1010.2,54.8,,0.77,0.0,,
2008-03-18,Lagos,33.1,24.4,27.2,80.0,1.0,100.0,4.17,rain,20.5,305.9,1010.2,54.8,,0.77,0.0,,
2008-03-19,Lagos,33.1,24.4,27.2,80.0,1.0,100.0,4.17,rain,20.5,305.9,1010.2,54.8,,0.77,0.0,,
2008-03-20,Lagos,33.1,24.4,27.2,80.0,1.0,100.0,4.17,rain,20.5,305.9,1010.2,54.8,,0.77,0.0,,
2008-03-21,Lagos,33.1,24.4,27.2,80.0,1.0,100.0,4.17,rain,20.5,305.9,1010.2,54.8,,0.77,0.0,,
2008-03-22,Lagos,33.1,24.4,27.2,80.0,1.0,100.0,4.17,rain,20.5,305.9,1010.2,54.8,,0.77,0.0,,
2008-03-23,Lagos,33.1,24.4,27.2,80.0,1.0,100.0,4.17,rain,20.5,305.9,1010.2,54.8,,0.77,0.0,,
2008-03-24,Lagos,33.1,24.4,27.2,80.0,1.0,100.0,4.17,rain,20.5,305.9,1010.2,54.8,,0.77,0.0,,
2008-03-25,Lagos,33.1,24.4,27.2,80.0,1.0,100.0,4.17,rain,20.5,305.9,1010.2,54.8,,0.77,0.0,,
2008-03-26,Lagos,33.1,24.4,27.2,80.0,1.0,100.0,4.17,rain,20.5,305.9,1010.2,54.8,,0.77,0.0,,
2008-03-27,Lagos,33.1,24.4,27.2,80.0,1.0,100.0,4.17,rain,20.5,305.9,1010.2,54.8,,0.77,0.0,,
2008-03-28,Lagos,33.1,24.4,27.2,80.0,1.0,100.0,4.17,rain,20.5,305.9,1010.2,54.8,,0.77,0.0,,
2008-03-29,Lagos,33.1,24.4,27.2,80.0,1.0,100.0,4.17,rain,20.5,305.9,1010.2,54.8,,0.77,0.0,,
2008-03-30,Lagos,33.1,24.4,27.2,80.0,1.0,100.0,4.17,rain,20.5,305.9,1010.2,54.8,,0.77,0.0,,
2008-03-31,Lagos,33.1,24.4,27.2,80.0,1.0,100.0,4.17,rain,20.5,305.9,1010.2,54.8,,0.77,0.0,,
2008-04-01,Lagos,33.1,24.4,27.2,80.0,1.0,100.0,4.17,rain,20.5,305.9,1010.2,54.8,,0.77,0.0,,
2008-04-02,Lagos,33.1,24.4,27.2,80.0,1.0,100.0,4.17,rain,20.5,305.9,1010.2,54.8,,0.77,0.0,,
2008-04-03,Lagos,33.1,24.4,27.2,80.0,1.0,100.0,4.17,rain,20.5,305.9,1010.2,54.8,,0.77,0.0,,
2008-04-04,Lagos,33.1,24.4,27.2,80.0,1.0,100.0,4.17,rain,20.5,305.9,1010.2,54.8,,0.77,0.0,,
2008-04-05,Lagos,33.1,24.4,27.2,80.0,1.0,100.0,4.17,rain,20.5,305.9,1010.2,54.8,,0.77,0.0,,
2008-04-06,Lagos,33.1,24.4,27.2,80.0,1.0,100.0,4.17,rain,20.5,305.9,1010.2,54.8,,0.77,0.0,,
2008-04-07,Lagos,33.1,24.4,27.2,80.0,1.0,100.0,4.17,rain,20.5,305.9,1010.2,54.8,,0.77,0.0,,
2008-04-08,Lagos,33.1,24.4,27.2,80.0,1.0,100.0,4.17,rain,20.5,305.9,1010.2,54.8,,0.77,0.0,,
2008-04-09,Lagos,33.1,24.4,27.2,80.0,1.0,100.0,4.17,rain,20.5,305.9,1010.2,54.8,,0.77,0.0,,
2008-04-10,Lagos,33.1,24.4,27.2,80.0,1.0,100.0,4.17,rain,20.5,305.9,1010.2,54.8,,0.77,0.0,,
2008-04-11,Lagos,33.1,24.4,27.2,80.0,1.0,100.0,4.17,rain,20.5,305.9,1010.2,54.8,,0.77,0.0,,
2008-04-12,Lagos,33.1,24.4,27.2,80.0,1.0,100.0,4.17,rain,20.5,305.9,1010.2,54.8,,0.77,0.0,,
2008-04-13,Lagos,33.1,24.4,27.2,80.0,1.0,100.0,4.17,rain,20.5,305.9,1010.2,54.8,,0.77,0.0,,
2008-04-14,Lagos,33.1,24.4,27.2,80.0,1.0,100.0,4.17,rain,20.5,305.9,1010.2,54.8,,0.77,0.0,,
2008-04-15,Lagos,33.1,24.4,27.2,80.0,1.0,100.0,4.17,rain,20.5,305.9,1010.2,54.8,,0.77,0.0,,
2008-04-16,Lagos,33.1,24.4,27.2,80.0,1.0,100.0,4.17,rain,20.5,305.9,1010.2,54.8,,0.77,0.0,,
2008-04-17,Lagos,33.1,24.4,27.2,80.0,1.0,100.0,4.17,rain,20.5,305.9,1010.2,54.8,,0.77,0.0,,
2008-04-18,Lagos,33.1,24.4,27.2,80.0,1.0,100.0,4.17,rain,20.5,305.9,1010.2,54.8,,0.77,0.0,,
2008-04-19,Lagos,33.1,24.4,27.2,80.0,1.0,100.0,4.17,rain,20.5,305.9,1010.2,54.8,,0.77,0.0,,
2008-04-20,Lagos,33.1,24.4,27.2,80.0,1.0,100.0,4.17,rain,20.5,305.9,1010.2,54.8,,0.77,0.0,,
2008-04-21,Lagos,33.1,24.4,27.2,80.0,1.0,100.0,4.17,rain,20.5,305.9,1010.2,54.8,,0.77,0.0,,
2008-04-22,Lagos,33.1,24.4,27.2,80.0,1.0,100.0,4.17,rain,20.5,305.9,1010.2,54.8,,0.77,0.0,,
2008-04-23,Lagos,33.1,24.4,27.2,80.0,1.0,100.0,4.17,rain,20.5,305.9,1010.2,54.8,,0.77,0.0,,
2008-04-24,Lagos,33.1,24.4,27.2,80.0,1.0,100.0,4.17,rain,20.5,305.9,1010.2,54.8,,0.77,0.0,,
2008-04-25,Lagos,33.1,24.4,27.2,80.0,1.0,100.0,4.17,rain,20.5,305.9,1010.2,54.8,,0.77,0.0,,
2008-04-26,Lagos,33.1,24.4,27.2,80.0,1.0,100.0,4.17,rain,20.5,305.9,1010.2,54.8,,0.77,0.0,,
2008-04-27,Lagos,33.1,24.4,27.2,80.0,1.0,100.0,4.17,rain,20.5,305.9,1010.2,54.8,,0.77,0.0,,
2008-04-28,Lagos,33.1,24.4,27.2,80.0,1.0,100.0,4.17,rain,20.5,305.9,1010.2,54.8,,0.77,0.0,,
2008-04-29,Lagos,33.1,24.4,27.2,80.0,1.0,100.0,4.17,rain,20.5,305.9,1010.2,54.8,,0.77,0.0,,
2008-04-30,Lagos,33.1,24.4,27.2,80.0,1.0,100.0,4.17,rain,20.5,305.9,1010.2,54.8,,0.77,0.0,,
2008-05-01,Lagos,33.1,24.4,27.2,80.0,1.0,100.0,4.17,rain,20.5,305.9,1010.2,54.8,,0.77,0.0,,
2008-05-02,Lagos,33.1,24.4,27.2,80.0,1.0,100.0,4.17,rain,20.5,305.9,1010.2,54.8,,0.77,0.0,,
2008-05-03,Lagos,33.1,24.4,27.2,80.0,1.0,100.0,4.17,rain,20.5,305.9,1010.2,54.8,,0.77,0.0,,
2008-05-04,Lagos,33.1,24.4,27.2,80.0,1.0,100.0,4.17,rain,20.5,305.9,1010.2,54.8,,0.77,0.0,,
2008-05-05,Lagos,33.1,24.4,27.2,80.0,1.0,100.0,4.17,rain,20.5,305.9,1010.2,54.8,,0.77,0.0,,
2008-05-06,Lagos,31.6,24.1,27.3,83.0,7.9,100.0,4.17,rain,77.8,87.7,1011.5,77.5,,0.03,0.0,,
2008-05-07,Lagos,32.1,23.1,26.7,80.1,23.1,100.0,8.33,rain,22.3,215.9,1011.8,52.5,,0.07,0.0,,
2008-05-08,Lagos,32.1,25.1,27.9,82.5,7.1,100.0,4.17,rain,40.7,204.6,1010.6,71.4,,0.1,0.0,,
2008-05-09,Lagos,32.1,25.1,27.9,82.5,7.1,100.0,4.17,rain,40.7,204.6,1010.6,71.4,,0.1,0.0,,
2008-05-10,Lagos,32.1,25.1,27.9,82.5,7.1,100.0,4.17,rain,40.7,204.6,1010.6,71.4,,0.1,0.0,,
2008-05-11,Lagos,27.1,23.1,25.7,89.5,46.0,100.0,4.17,rain,22.3,136.5,1010.8,54.7,,0.2,1.0,,
2008-05-12,Lagos,27.1,23.1,25.7,89.5,46.0,100.0,4.17,rain,22.3,136.5,1010.8,54.7,,0.2,1.0,,
2008-05-13,Lagos,31.2,25.1,27.4,85.3,1.0,100.0,4.17,rain,33.5,250.9,1011.8,61.0,,0.27,0.0,,
2008-05-14,Lagos,32.1,24.1,27.6,80.7,1.0,100.0,4.17,rain,22.3,353.9,1012.3,49.0,,0.31,0.0,,
2008-05-15,Lagos,32.1,24.1,27.6,80.7,1.0,100.0,4.17,rain,22.3,353.9,1012.3,49.0,,0.31,0.0,,
2008-05-16,Lagos,30.1,23.1,26.9,82.9,10.9,100.0,8.33,rain,25.9,212.7,1011.9,61.9,,0.38,0.0,,
2008-05-17,Lagos,30.1,23.1,26.9,82.9,10.9,100.0,8.33,rain,25.9,212.7,1011.9,61.9,,0.38,0.0,,
2008-05-18,Lagos,30.1,23.1,26.9,82.9,10.9,100.0,8.33,rain,25.9,212.7,1011.9,61.9,,0.38,0.0,,
2008-05-19,Lagos,30.1,23.1,26.9,82.9,10.9,100.0,8.33,rain,25.9,212.7,1011.9,61.9,,0.38,0.0,,
2008-05-20,Lagos,30.1,23.1,26.9,82.9,10.9,100.0,8.33,rain,25.9,212.7,1011.9,61.9,,0.38,0.0,,
2008-05-21,Lagos,32.1,23.1,26.5,80.7,2.0,100.0,4.17,rain,83.2,134.1,1009.9,68.3,,0.55,0.0,,
2008-05-22,Lagos,32.1,23.1,26.5,80.7,2.0,100.0,4.17,rain,83.2,134.1,1009.9,68.3,,0.55,0.0,,
2008-05-23,Lagos,32.1,23.1,26.5,80.7,2.0,100.0,4.17,rain,83.2,134.1,1009.9,68.3,,0.55,0.0,,
2008-05-24,Lagos,30.2,23.1,26.6,84.9,14.0,100.0,4.17,rain,33.5,230.5,1010.6,73.6,,0.65,0.0,,
2008-05-25,Lagos,31.1,24.1,27.0,82.8,11.9,100.0,4.17,rain,22.3,227.4,1011.4,63.3,,0.68,0.0,,
2008-05-26,Lagos,31.1,24.1,27.0,82.8,11.9,100.0,4.17,rain,22.3,227.4,1011.4,63.3,,0.68,0.0,,
2008-05-27,Lagos,31.1,24.1,27.0,82.8,11.9,100.0,4.17,rain,22.3,227.4,1011.4,63.3,,0.68,0.0,,
2008-05-28,Lagos,31.1,24.1,27.0,82.8,11.9,100.0,4.17,rain,22.3,227.4,1011.4,63.3,,0.68,0.0,,
2008-05-29,Lagos,31.1,24.1,27.0,82.8,11.9,100.0,4.17,rain,22.3,227.4,1011.4,63.3,,0.68,0.0,,
2008-05-30,Lagos,31.1,24.1,27.0,82.8,11.9,100.0,4.17,rain,22.3,227.4,1011.4,63.3,,0.68,0.0,,
2008-05-31,Lagos,31.1,24.1,27.0,82.8,11.9,100.0,4.17,rain,22.3,227.4,1011.4,63.3,,0.68,0.0,,
2008-06-01,Lagos,31.1,24.1,27.0,82.8,11.9,100.0,4.17,rain,22.3,227.4,1011.4,63.3,,0.68,0.0,,
2008-06-02,Lagos,31.1,24.1,27.0,82.8,11.9,100.0,4.17,rain,22.3,227.4,1011.4,63.3,,0.68,0.0,,
2008-06-03,Lagos,27.1,23.1,25.5,91.3,48.0,100.0,8.33,rain,27.7,207.7,1012.3,75.6,,0.0,1.0,,
2008-06-04,Lagos,29.6,23.1,26.0,85.9,1.0,100.0,4.17,rain,14.8,6.4,1013.5,71.1,,0.02,0.0,,
2008-06-05,Lagos,29.6,23.1,26.0,85.9,1.0,100.0,4.17,rain,14.8,6.4,1013.5,71.1,,0.02,0.0,,
2008-06-06,Lagos,27.2,22.1,25.6,89.9,25.9,100.0,4.17,rain,33.5,193.5,1012.1,67.1,,0.09,0.0,,
2008-06-07,Lagos,30.2,24.1,26.3,85.6,2.0,100.0,8.33,rain,37.1,227.1,1013.1,72.7,,0.12,0.0,,
2008-06-08,Lagos,25.1,22.1,24.0,93.2,67.1,100.0,4.17,rain,51.8,293.8,1013.1,66.0,,0.16,1.0,,
2008-06-09,Lagos,30.2,21.1,25.3,83.0,73.9,100.0,4.17,rain,29.5,239.4,1012.8,54.3,,0.19,1.0,,
2008-06-10,Lagos,30.2,21.1,25.3,83.0,73.9,100.0,4.17,rain,29.5,239.4,1012.8,54.3,,0.19,1.0,,
2008-06-11,Lagos,30.2,21.1,25.3,83.0,73.9,100.0,4.17,rain,29.5,239.4,1012.8,54.3,,0.19,1.0,,
2008-06-12,Lagos,30.2,21.1,25.3,83.0,73.9,100.0,4.17,rain,29.5,239.4,1012.8,54.3,,0.19,1.0,,
2008-06-13,Lagos,30.1,21.1,25.9,86.1,22.1,100.0,4.17,rain,50.0,203.6,1011.5,78.2,,0.32,0.0,,
2008-06-14,Lagos,27.9,22.1,25.0,89.2,11.9,100.0,4.17,rain,24.1,256.9,1012.8,63.0,,0.36,0.0,,
2008-06-15,Lagos,30.1,23.1,25.9,85.2,4.1,100.0,4.17,rain,27.7,246.2,1012.5,67.3,,0.39,0.0,,
2008-06-16,Lagos,29.6,23.1,26.3,85.5,19.1,100.0,4.17,rain,37.1,219.6,1011.7,70.9,,0.42,0.0,,
2008-06-17,Lagos,28.6,24.1,25.6,91.9,2.0,100.0,4.17,rain,11.2,224.6,1012.9,62.3,,0.46,0.0,,
2008-06-18,Lagos,28.6,24.1,25.6,91.9,2.0,100.0,4.17,rain,11.2,224.6,1012.9,62.3,,0.46,0.0,,
2008-06-19,Lagos,28.6,24.1,25.6,91.9,2.0,100.0,4.17,rain,11.2,224.6,1012.9,62.3,,0.46,0.0,,
2008-06-20,Lagos,28.6,24.1,25.6,91.9,2.0,100.0,4.17,rain,11.2,224.6,1012.9,62.3,,0.46,0.0,,
2008-06-21,Lagos,28.6,24.1,25.6,91.9,2.0,100.0,4.17,rain,11.2,224.6,1012.9,62.3,,0.46,0.0,,
2008-06-22,Lagos,27.2,24.1,25.4,90.0,2.0,100.0,4.17,rain,25.9,243.6,1012.4,66.7,,0.63,0.0,,
2008-06-23,Lagos,27.2,24.1,25.4,90.0,2.0,100.0,4.17,rain,25.9,243.6,1012.4,66.7,,0.63,0.0,,
2008-06-24,Lagos,26.1,24.1,25.0,93.3,4.1,100.0,4.17,rain,33.5,223.9,1012.7,74.3,,0.7,0.0,,
2008-06-25,Lagos,25.7,23.1,24.3,94.4,9.9,100.0,4.17,rain,14.8,310.0,1013.8,75.0,,0.73,0.0,,
2008-06-26,Lagos,25.7,23.1,24.3,94.4,9.9,100.0,4.17,rain,14.8,310.0,1013.8,75.0,,0.73,0.0,,
2008-06-27,Lagos,25.7,23.1,24.3,94.4,9.9,100.0,4.17,rain,14.8,310.0,1013.8,75.0,,0.73,0.0,,
2008-06-28,Lagos,25.7,23.1,24.3,94.4,9.9,100.0,4.17,rain,14.8,310.0,1013.8,75.0,,0.73,0.0,,
2008-06-29,Lagos,30.1,23.1,26.2,87.7,7.9,100.0,4.17,rain,18.4,236.6,1013.5,63.0,,0.87,0.0,,
2008-06-30,Lagos,30.1,23.1,26.2,87.7,7.9,100.0,4.17,rain,18.4,236.6,1013.5,63.0,,0.87,0.0,,
2008-07-01,Lagos,30.7,23.4,25.9,81.2,5.1,100.0,4.17,rain,35.3,14.1,1014.5,71.5,,0.94,0.0,,
2008-07-02,Lagos,30.7,23.4,25.9,81.2,5.1,100.0,4.17,rain,35.3,14.1,1014.5,71.5,,0.94,0.0,,
2008-07-03,Lagos,30.7,23.4,25.9,81.2,5.1,100.0,4.17,rain,35.3,14.1,1014.5,71.5,,0.94,0.0,,
2008-07-04,Lagos,30.7,23.4,25.9,81.2,5.1,100.0,4.17,rain,35.3,14.1,1014.5,71.5,,0.94,0.0,,
2008-07-05,Lagos,30.7,23.4,25.9,81.2,5.1,100.0,4.17,rain,35.3,14.1,1014.5,71.5,,0.94,0.0,,
2008-07-06,Lagos,30.7,23.4,25.9,81.2,5.1,100.0,4.17,rain,35.3,14.1,1014.5,71.5,,0.94,0.0,,
2008-07-07,Lagos,27.1,23.4,25.1,90.2,50.0,100.0,8.33,rain,55.4,232.6,1013.0,90.0,,0.14,1.0,,
2008-07-08,Lagos,26.1,23.1,24.6,90.8,2.0,100.0,4.17,rain,18.4,267.6,1014.7,63.3,,0.18,0.0,,
2008-07-09,Lagos,26.1,23.1,24.6,90.8,2.0,100.0,4.17,rain,18.4,267.6,1014.7,63.3,,0.18,0.0,,
2008-07-10,Lagos,26.1,23.1,24.6,90.8,2.0,100.0,4.17,rain,18.4,267.6,1014.7,63.3,,0.18,0.0,,
2008-07-11,Lagos,26.1,23.1,24.6,90.8,2.0,100.0,4.17,rain,18.4,267.6,1014.7,63.3,,0.18,0.0,,
2008-07-12,Lagos,28.4,23.9,25.4,88.2,3.0,100.0,4.17,rain,25.9,220.7,1013.1,71.8,,0.31,0.0,,
2008-07-13,Lagos,28.4,23.9,25.4,88.2,3.0,100.0,4.17,rain,25.9,220.7,1013.1,71.8,,0.31,0.0,,
2008-07-14,Lagos,28.4,23.9,25.4,88.2,3.0,100.0,4.17,rain,25.9,220.7,1013.1,71.8,,0.31,0.0,,
2008-07-15,Lagos,28.4,23.9,25.4,88.2,3.0,100.0,4.17,rain,25.9,220.7,1013.1,71.8,,0.31,0.0,,
2008-07-16,Lagos,28.4,23.9,25.4,88.2,3.0,100.0,4.17,rain,25.9,220.7,1013.1,71.8,,0.31,0.0,,
2008-07-17,Lagos,28.4,23.9,25.4,88.2,3.0,100.0,4.17,rain,25.9,220.7,1013.1,71.8,,0.31,0.0,,
2008-07-18,Lagos,27.1,23.7,24.7,92.9,30.0,100.0,4.17,rain,11.2,236.0,1014.2,69.5,,0.5,0.0,,
2008-07-19,Lagos,29.2,21.1,24.7,87.9,1.0,100.0,4.17,rain,24.1,212.0,1013.5,74.8,,0.54,0.0,,
2008-07-20,Lagos,29.4,24.1,26.3,85.1,31.0,100.0,4.17,rain,27.7,189.1,1014.2,68.9,,0.58,1.0,,
2008-07-21,Lagos,29.4,24.1,26.3,85.1,31.0,100.0,4.17,rain,27.7,189.1,1014.2,68.9,,0.58,1.0,,
2008-07-22,Lagos,28.6,22.1,24.7,88.9,67.1,100.0,4.17,rain,18.4,223.7,1013.7,70.0,,0.65,1.0,,
2008-07-23,Lagos,27.2,23.1,24.4,92.6,3.0,100.0,4.17,rain,20.5,213.6,1014.2,63.0,,0.68,0.0,,
2008-07-24,Lagos,29.1,23.1,24.7,91.0,5.4,100.0,8.33,rain,27.7,245.9,1014.7,66.7,,0.72,0.0,,
2008-07-25,Lagos,29.1,22.1,25.7,87.3,3.0,100.0,4.17,rain,24.1,241.4,1014.3,69.1,,0.75,0.0,,
2008-07-26,Lagos,27.1,24.9,25.8,88.6,24.9,100.0,4.17,rain,51.8,222.9,1013.8,80.4,,0.79,0.0,,
2008-07-27,Lagos,27.7,24.6,25.6,90.1,17.0,100.0,4.17,rain,33.5,208.9,1015.3,81.9,,0.82,0.0,,
2008-07-28,Lagos,27.7,24.6,25.6,90.1,17.0,100.0,4.17,rain,33.5,208.9,1015.3,81.9,,0.82,0.0,,
2008-07-29,Lagos,29.2,24.1,25.3,91.0,22.1,100.0,4.17,rain,24.1,230.9,1013.7,71.1,,0.89,0.0,,
2008-07-30,Lagos,26.1,23.1,24.6,91.7,23.1,100.0,4.17,rain,24.1,237.9,1013.2,82.9,,0.93,0.0,,
2008-07-31,Lagos,27.1,23.9,24.6,93.5,3.8,100.0,4.17,rain,5.4,300.0,1013.6,78.6,,0.97,0.0,,
2008-08-01,Lagos,27.1,23.9,24.6,93.5,3.8,100.0,4.17,rain,5.4,300.0,1013.6,78.6,,0.97,0.0,,
2008-08-02,Lagos,28.1,23.4,25.4,88.7,20.9,100.0,12.5,rain,33.5,212.2,1012.8,77.8,,0.03,0.0,,
2008-08-03,Lagos,26.9,24.1,25.2,88.6,4.0,100.0,8.33,rain,27.7,225.0,1012.5,78.6,,0.07,0.0,,
2008-08-04,Lagos,26.9,24.1,25.2,88.6,4.0,100.0,8.33,rain,27.7,225.0,1012.5,78.6,,0.07,0.0,,
2008-08-05,Lagos,26.9,24.1,25.2,88.6,4.0,100.0,8.33,rain,27.7,225.0,1012.5,78.6,,0.07,0.0,,
2008-08-06,Lagos,26.9,24.1,25.2,88.6,4.0,100.0,8.33,rain,27.7,225.0,1012.5,78.6,,0.07,0.0,,
2008-08-07,Lagos,26.9,24.1,25.2,88.6,4.0,100.0,8.33,rain,27.7,225.0,1012.5,78.6,,0.07,0.0,,
2008-08-08,Lagos,25.1,23.1,24.2,92.8,41.9,100.0,4.17,rain,27.7,221.7,1013.6,78.6,,0.25,1.0,,
2008-08-09,Lagos,25.1,23.1,24.2,92.8,41.9,100.0,4.17,rain,27.7,221.7,1013.6,78.6,,0.25,1.0,,
2008-08-10,Lagos,25.1,23.1,24.2,92.8,41.9,100.0,4.17,rain,27.7,221.7,1013.6,78.6,,0.25,1.0,,
2008-08-11,Lagos,25.1,23.1,24.2,92.8,41.9,100.0,4.17,rain,27.7,221.7,1013.6,78.6,,0.25,1.0,,
2008-08-12,Lagos,25.1,23.1,24.2,92.8,41.9,100.0,4.17,rain,27.7,221.7,1013.6,78.6,,0.25,1.0,,
2008-08-13,Lagos,25.1,23.1,24.2,92.8,41.9,100.0,4.17,rain,27.7,221.7,1013.6,78.6,,0.25,1.0,,
2008-08-14,Lagos,25.1,23.1,24.2,92.8,41.9,100.0,4.17,rain,27.7,221.7,1013.6,78.6,,0.25,1.0,,
2008-08-15,Lagos,25.1,23.1,24.2,92.8,41.9,100.0,4.17,rain,27.7,221.7,1013.6,78.6,,0.25,1.0,,
2008-08-16,Lagos,27.1,24.1,25.3,84.7,1.0,100.0,4.17,rain,37.1,233.4,1011.5,74.3,,0.5,0.0,,
2008-08-17,Lagos,27.1,24.1,25.3,84.7,1.0,100.0,4.17,rain,37.1,233.4,1011.5,74.3,,0.5,0.0,,
2008-08-18,Lagos,27.1,24.1,25.3,84.7,1.0,100.0,4.17,rain,37.1,233.4,1011.5,74.3,,0.5,0.0,,
2008-08-19,Lagos,27.1,24.1,25.3,84.7,1.0,100.0,4.17,rain,37.1,233.4,1011.5,74.3,,0.5,0.0,,
2008-08-20,Lagos,27.1,24.1,25.3,84.7,1.0,100.0,4.17,rain,37.1,233.4,1011.5,74.3,,0.5,0.0,,
2008-08-21,Lagos,27.1,24.1,25.3,84.7,1.0,100.0,4.17,rain,37.1,233.4,1011.5,74.3,,0.5,0.0,,
2008-08-22,Lagos,27.1,24.1,25.3,84.7,1.0,100.0,4.17,rain,37.1,233.4,1011.5,74.3,,0.5,0.0,,
2008-08-23,Lagos,30.1,23.1,25.8,84.4,5.1,100.0,4.17,rain,35.3,215.6,1013.7,63.6,,0.74,0.0,,
2008-08-24,Lagos,30.1,23.1,25.8,84.4,5.1,100.0,4.17,rain,35.3,215.6,1013.7,63.6,,0.74,0.0,,
2008-08-25,Lagos,30.1,23.1,25.8,84.4,5.1,100.0,4.17,rain,35.3,215.6,1013.7,63.6,,0.74,0.0,,
2008-08-26,Lagos,30.1,23.1,25.8,84.4,5.1,100.0,4.17,rain,35.3,215.6,1013.7,63.6,,0.74,0.0,,
2008-08-27,Lagos,30.1,23.1,25.8,84.4,5.1,100.0,4.17,rain,35.3,215.6,1013.7,63.6,,0.74,0.0,,
2008-08-28,Lagos,29.1,23.9,25.8,87.1,6.1,100.0,4.17,rain,37.1,236.9,1011.0,75.5,,0.91,0.0,,
2008-08-29,Lagos,28.9,23.9,25.7,86.9,3.8,100.0,8.33,rain,27.7,219.8,1011.6,78.9,,0.95,0.0,,
2008-08-30,Lagos,27.1,24.1,25.0,90.0,19.1,100.0,4.17,rain,18.4,242.5,1012.5,70.0,,0.0,0.0,,
2008-08-31,Lagos,26.6,24.1,25.1,89.4,2.0,100.0,4.17,rain,27.7,235.7,1011.7,66.2,,0.02,0.0,,
2008-09-01,Lagos,26.6,24.1,25.1,89.4,2.0,100.0,4.17,rain,27.7,235.7,1011.7,66.2,,0.02,0.0,,
2008-09-02,Lagos,25.1,24.1,24.5,95.9,9.9,100.0,4.17,rain,13.0,247.3,1012.2,83.3,,0.08,0.0,,
2008-09-03,Lagos,27.1,23.7,24.8,93.8,7.2,100.0,8.33,rain,22.3,236.8,1012.5,69.1,,0.12,0.0,,
2008-09-04,Lagos,25.1,22.1,23.7,93.5,16.0,100.0,4.17,rain,22.3,276.2,1012.3,74.0,,0.15,0.0,,
2008-09-05,Lagos,26.6,23.9,25.0,91.2,19.1,100.0,8.33,rain,33.5,206.8,1014.2,74.2,,0.18,0.0,,
2008-09-06,Lagos,26.6,23.9,25.0,91.2,19.1,100.0,8.33,rain,33.5,206.8,1014.2,74.2,,0.18,0.0,,
2008-09-07,Lagos,26.6,23.9,25.0,91.2,19.1,100.0,8.33,rain,33.5,206.8,1014.2,74.2,,0.18,0.0,,
2008-09-08,Lagos,29.4,24.1,26.3,85.3,11.9,100.0,4.17,rain,33.5,216.8,1013.2,70.0,,0.28,0.0,,
2008-09-09,Lagos,29.4,24.1,26.3,85.3,11.9,100.0,4.17,rain,33.5,216.8,1013.2,70.0,,0.28,0.0,,
2008-09-10,Lagos,29.4,24.1,26.3,85.3,11.9,100.0,4.17,rain,33.5,216.8,1013.2,70.0,,0.28,0.0,,
2008-09-11,Lagos,29.4,24.1,26.3,85.3,11.9,100.0,4.17,rain,33.5,216.8,1013.2,70.0,,0.28,0.0,,
2008-09-12,Lagos,29.4,24.1,26.3,85.3,11.9,100.0,4.17,rain,33.5,216.8,1013.2,70.0,,0.28,0.0,,
2008-09-13,Lagos,29.4,24.1,26.3,85.3,11.9,100.0,4.17,rain,33.5,216.8,1013.2,70.0,,0.28,0.0,,
2008-09-14,Lagos,29.4,24.1,26.3,85.3,11.9,100.0,4.17,rain,33.5,216.8,1013.2,70.0,,0.28,0.0,,
2008-09-15,Lagos,29.4,24.1,26.3,85.3,11.9,100.0,4.17,rain,33.5,216.8,1013.2,70.0,,0.28,0.0,,
2008-09-16,Lagos,29.4,24.1,26.3,85.3,11.9,100.0,4.17,rain,33.5,216.8,1013.2,70.0,,0.28,0.0,,
2008-09-17,Lagos,29.4,24.1,26.3,85.3,11.9,100.0,4.17,rain,33.5,216.8,1013.2,70.0,,0.28,0.0,,
2008-09-18,Lagos,29.4,24.1,26.3,85.3,11.9,100.0,4.17,rain,33.5,216.8,1013.2,70.0,,0.28,0.0,,
2008-09-19,Lagos,29.4,24.1,26.3,85.3,11.9,100.0,4.17,rain,33.5,216.8,1013.2,70.0,,0.28,0.0,,
2008-09-20,Lagos,29.4,24.1,26.3,85.3,11.9,100.0,4.17,rain,33.5,216.8,1013.2,70.0,,0.28,0.0,,
2008-09-21,Lagos,29.4,24.1,26.3,85.3,11.9,100.0,4.17,rain,33.5,216.8,1013.2,70.0,,0.28,0.0,,
2008-09-22,Lagos,29.4,24.1,26.3,85.3,11.9,100.0,4.17,rain,33.5,216.8,1013.2,70.0,,0.28,0.0,,
2008-09-23,Lagos,29.4,24.1,26.3,85.3,11.9,100.0,4.17,rain,33.5,216.8,1013.2,70.0,,0.28,0.0,,
2008-09-24,Lagos,29.4,24.1,26.3,85.3,11.9,100.0,4.17,rain,33.5,216.8,1013.2,70.0,,0.28,0.0,,
2008-09-25,Lagos,29.4,24.1,26.3,85.3,11.9,100.0,4.17,rain,33.5,216.8,1013.2,70.0,,0.28,0.0,,
2008-09-26,Lagos,29.4,24.1,26.3,85.3,11.9,100.0,4.17,rain,33.5,216.8,1013.2,70.0,,0.28,0.0,,
2008-09-27,Lagos,29.4,24.1,26.3,85.3,11.9,100.0,4.17,rain,33.5,216.8,1013.2,70.0,,0.28,0.0,,
2008-09-28,Lagos,29.4,24.1,26.3,85.3,11.9,100.0,4.17,rain,33.5,216.8,1013.2,70.0,,0.28,0.0,,
2008-09-29,Lagos,29.4,24.1,26.3,85.3,11.9,100.0,4.17,rain,33.5,216.8,1013.2,70.0,,0.28,0.0,,
2008-09-30,Lagos,29.4,24.1,26.3,85.3,11.9,100.0,4.17,rain,33.5,216.8,1013.2,70.0,,0.28,0.0,,
2008-10-01,Lagos,29.4,24.1,26.3,85.3,11.9,100.0,4.17,rain,33.5,216.8,1013.2,70.0,,0.28,0.0,,
2008-10-02,Lagos,29.4,24.1,26.3,85.3,11.9,100.0,4.17,rain,33.5,216.8,1013.2,70.0,,0.28,0.0,,
2008-10-03,Lagos,29.4,24.1,26.3,85.3,11.9,100.0,4.17,rain,33.5,216.8,1013.2,70.0,,0.28,0.0,,
2008-10-04,Lagos,29.4,24.1,26.3,85.3,11.9,100.0,4.17,rain,33.5,216.8,1013.2,70.0,,0.28,0.0,,
2008-10-05,Lagos,29.4,24.1,26.3,85.3,11.9,100.0,4.17,rain,33.5,216.8,1013.2,70.0,,0.28,0.0,,
2008-10-06,Lagos,29.4,24.1,26.3,85.3,11.9,100.0,4.17,rain,33.5,216.8,1013.2,70.0,,0.28,0.0,,
2008-10-07,Lagos,29.4,24.1,26.3,85.3,11.9,100.0,4.17,rain,33.5,216.8,1013.2,70.0,,0.28,0.0,,
2008-10-08,Lagos,29.4,24.1,26.3,85.3,11.9,100.0,4.17,rain,33.5,216.8,1013.2,70.0,,0.28,0.0,,
2008-10-09,Lagos,29.4,24.1,26.3,85.3,11.9,100.0,4.17,rain,33.5,216.8,1013.2,70.0,,0.28,0.0,,
2008-10-10,Lagos,29.4,24.1,26.3,85.3,11.9,100.0,4.17,rain,33.5,216.8,1013.2,70.0,,0.28,0.0,,
2008-10-11,Lagos,28.1,23.1,25.4,89.7,18.0,100.0,8.33,rain,14.8,192.6,1013.5,76.7,,0.39,0.0,,
2008-10-12,Lagos,28.1,23.1,25.4,89.7,18.0,100.0,8.33,rain,14.8,192.6,1013.5,76.7,,0.39,0.0,,
2008-10-13,Lagos,28.1,23.1,25.4,89.7,18.0,100.0,8.33,rain,14.8,192.6,1013.5,76.7,,0.39,0.0,,
2008-10-14,Lagos,28.1,23.1,25.4,89.7,18.0,100.0,8.33,rain,14.8,192.6,1013.5,76.7,,0.39,0.0,,
2008-10-15,Lagos,28.1,23.1,25.4,89.7,18.0,100.0,8.33,rain,14.8,192.6,1013.5,76.7,,0.39,0.0,,
2008-10-16,Lagos,32.4,22.9,28.5,77.0,6.1,100.0,4.17,rain,13.0,240.5,1012.9,59.4,,0.56,0.0,,
2008-10-17,Lagos,32.4,22.9,28.5,77.0,6.1,100.0,4.17,rain,13.0,240.5,1012.9,59.4,,0.56,0.0,,
2008-10-18,Lagos,30.1,23.1,25.3,87.3,30.0,100.0,4.17,rain,9.4,217.8,1012.3,62.6,,0.63,0.0,,
2008-10-19,Lagos,30.1,23.1,25.3,87.3,30.0,100.0,4.17,rain,9.4,217.8,1012.3,62.6,,0.63,0.0,,
2008-10-20,Lagos,30.1,23.1,25.3,87.3,30.0,100.0,4.17,rain,9.4,217.8,1012.3,62.6,,0.63,0.0,,
2008-10-21,Lagos,31.4,22.1,27.3,82.8,7.1,100.0,4.17,rain,25.9,228.5,1012.3,71.2,,0.75,0.0,,
2008-10-22,Lagos,27.4,23.1,25.2,91.6,3.0,100.0,4.17,rain,18.4,211.6,1013.1,67.1,,0.77,0.0,,
2008-10-23,Lagos,27.4,23.1,25.2,91.6,3.0,100.0,4.17,rain,18.4,211.6,1013.1,67.1,,0.77,0.0,,
2008-10-24,Lagos,27.4,23.1,25.2,91.6,3.0,100.0,4.17,rain,18.4,211.6,1013.1,67.1,,0.77,0.0,,
2008-10-25,Lagos,27.4,23.1,25.2,91.6,3.0,100.0,4.17,rain,18.4,211.6,1013.1,67.1,,0.77,0.0,,
2008-10-26,Lagos,27.7,26.6,27.2,89.7,1.0,100.0,4.17,rain,11.2,206.5,1013.1,90.0,,0.91,0.0,,
2008-10-27,Lagos,27.7,26.6,27.2,89.7,1.0,100.0,4.17,rain,11.2,206.5,1013.1,90.0,,0.91,0.0,,
2008-10-28,Lagos,27.7,26.6,27.2,89.7,1.0,100.0,4.17,rain,11.2,206.5,1013.1,90.0,,0.91,0.0,,
2008-10-29,Lagos,27.7,26.6,27.2,89.7,1.0,100.0,4.17,rain,11.2,206.5,1013.1,90.0,,0.91,0.0,,
2008-10-30,Lagos,27.7,26.6,27.2,89.7,1.0,100.0,4.17,rain,11.2,206.5,1013.1,90.0,,0.91,0.0,,
2008-10-31,Lagos,27.7,26.6,27.2,89.7,1.0,100.0,4.17,rain,11.2,206.5,1013.1,90.0,,0.91,0.0,,
2008-11-01,Lagos,32.9,23.1,27.7,79.7,1.0,100.0,4.17,rain,9.4,201.0,1011.0,68.3,,0.11,0.0,,
2008-11-02,Lagos,32.9,23.1,27.7,79.7,1.0,100.0,4.17,rain,9.4,201.0,1011.0,68.3,,0.11,0.0,,
2008-11-03,Lagos,28.2,25.1,26.8,90.7,3.0,100.0,4.17,rain,18.4,286.7,1011.8,71.4,,0.18,0.0,,
2008-11-04,Lagos,28.2,25.1,26.8,90.7,3.0,100.0,4.17,rain,18.4,286.7,1011.8,71.4,,0.18,0.0,,
2008-11-05,Lagos,28.2,25.1,26.8,90.7,3.0,100.0,4.17,rain,18.4,286.7,1011.8,71.4,,0.18,0.0,,
2008-11-06,Lagos,28.2,25.1,26.8,90.7,3.0,100.0,4.17,rain,18.4,286.7,1011.8,71.4,,0.18,0.0,,
2008-11-07,Lagos,31.1,24.1,27.2,85.9,50.0,100.0,4.17,rain,40.7,251.2,1010.3,78.0,,0.31,1.0,,
2008-11-08,Lagos,31.1,24.1,27.2,85.9,50.0,100.0,4.17,rain,40.7,251.2,1010.3,78.0,,0.31,1.0,,
2008-11-09,Lagos,31.1,24.1,27.2,85.9,50.0,100.0,4.17,rain,40.7,251.2,1010.3,78.0,,0.31,1.0,,
2008-11-10,Lagos,31.2,24.1,27.0,82.3,13.0,100.0,4.17,rain,20.5,234.6,1011.6,58.3,,0.41,0.0,,
2008-11-11,Lagos,31.2,22.9,26.8,82.1,0.5,100.0,4.17,rain,22.3,179.7,1012.2,67.6,,0.44,0.0,,
2008-11-12,Lagos,31.2,22.9,26.8,82.1,0.5,100.0,4.17,rain,22.3,179.7,1012.2,67.6,,0.44,0.0,,
2008-11-13,Lagos,31.2,22.9,26.8,82.1,0.5,100.0,4.17,rain,22.3,179.7,1012.2,67.6,,0.44,0.0,,
2008-11-14,Lagos,31.2,22.9,26.8,82.1,0.5,100.0,4.17,rain,22.3,179.7,1012.2,67.6,,0.44,0.0,,
2008-11-15,Lagos,31.2,22.9,26.8,82.1,0.5,100.0,4.17,rain,22.3,179.7,1012.2,67.6,,0.44,0.0,,
2008-11-16,Lagos,31.2,22.9,26.8,82.1,0.5,100.0,4.17,rain,22.3,179.7,1012.2,67.6,,0.44,0.0,,
2008-11-17,Lagos,31.2,22.9,26.8,82.1,0.5,100.0,4.17,rain,22.3,179.7,1012.2,67.6,,0.44,0.0,,
2008-11-18,Lagos,31.2,22.9,26.8,82.1,0.5,100.0,4.17,rain,22.3,179.7,1012.2,67.6,,0.44,0.0,,
2008-11-19,Lagos,31.2,22.9,26.8,82.1,0.5,100.0,4.17,rain,22.3,179.7,1012.2,67.6,,0.44,0.0,,
2008-11-20,Lagos,31.2,22.9,26.8,82.1,0.5,100.0,4.17,rain,22.3,179.7,1012.2,67.6,,0.44,0.0,,
2008-11-21,Lagos,31.1,25.1,27.9,84.3,1.0,100.0,4.17,rain,22.3,226.0,1012.9,52.5,,0.78,0.0,,
2008-11-22,Lagos,31.1,25.1,27.9,84.3,1.0,100.0,4.17,rain,22.3,226.0,1012.9,52.5,,0.78,0.0,,
2008-11-23,Lagos,31.1,25.1,27.9,84.3,1.0,100.0,4.17,rain,22.3,226.0,1012.9,52.5,,0.78,0.0,,
2008-11-24,Lagos,31.1,25.1,27.9,84.3,1.0,100.0,4.17,rain,22.3,226.0,1012.9,52.5,,0.78,0.0,,
2008-11-25,Lagos,32.1,25.1,27.8,86.8,0.3,100.0,4.17,rain,24.1,249.2,1011.6,57.1,,0.92,0.0,,
2008-11-26,Lagos,32.1,25.1,27.8,86.8,0.3,100.0,4.17,rain,24.1,249.2,1011.6,57.1,,0.92,0.0,,
2008-11-27,Lagos,32.1,25.1,27.8,86.8,0.3,100.0,4.17,rain,24.1,249.2,1011.6,57.1,,0.92,0.0,,
2008-11-28,Lagos,32.1,25.1,27.8,86.8,0.3,100.0,4.17,rain,24.1,249.2,1011.6,57.1,,0.92,0.0,,
2008-11-29,Lagos,32.1,25.1,27.8,86.8,0.3,100.0,4.17,rain,24.1,249.2,1011.6,57.1,,0.92,0.0,,
2008-11-30,Lagos,32.1,25.1,27.8,86.8,0.3,100.0,4.17,rain,24.1,249.2,1011.6,57.1,,0.92,0.0,,
2008-12-01,Lagos,32.1,25.1,27.8,86.8,0.3,100.0,4.17,rain,24.1,249.2,1011.6,57.1,,0.92,0.0,,
2008-12-02,Lagos,32.1,25.1,27.8,86.8,0.3,100.0,4.17,rain,24.1,249.2,1011.6,57.1,,0.92,0.0,,
2008-12-03,Lagos,32.1,25.1,27.8,86.8,0.3,100.0,4.17,rain,24.1,249.2,1011.6,57.1,,0.92,0.0,,
2008-12-04,Lagos,32.1,25.1,27.8,86.8,0.3,100.0,4.17,rain,24.1,249.2,1011.6,57.1,,0.92,0.0,,
2008-12-05,Lagos,30.1,24.1,26.2,88.3,10.9,100.0,4.17,rain,18.4,321.8,1010.8,67.8,,0.25,0.0,,
2008-12-06,Lagos,30.1,22.7,26.2,84.4,37.1,100.0,4.17,rain,14.8,21.9,1012.8,56.1,,0.29,1.0,,
2008-12-07,Lagos,30.1,22.7,26.2,84.4,37.1,100.0,4.17,rain,14.8,21.9,1012.8,56.1,,0.29,1.0,,
2008-12-08,Lagos,30.1,22.7,26.2,84.4,37.1,100.0,4.17,rain,14.8,21.9,1012.8,56.1,,0.29,1.0,,
2008-12-09,Lagos,30.1,22.7,26.2,84.4,37.1,100.0,4.17,rain,14.8,21.9,1012.8,56.1,,0.29,1.0,,
2008-12-10,Lagos,30.1,22.7,26.2,84.4,37.1,100.0,4.17,rain,14.8,21.9,1012.8,56.1,,0.29,1.0,,
2008-12-11,Lagos,30.1,22.7,26.2,84.4,37.1,100.0,4.17,rain,14.8,21.9,1012.8,56.1,,0.29,1.0,,
2008-12-12,Lagos,30.1,22.7,26.2,84.4,37.1,100.0,4.17,rain,14.8,21.9,1012.8,56.1,,0.29,1.0,,
2008-12-13,Lagos,30.1,22.7,26.2,84.4,37.1,100.0,4.17,rain,14.8,21.9,1012.8,56.1,,0.29,1.0,,
2008-12-14,Lagos,30.1,22.7,26.2,84.4,37.1,100.0,4.17,rain,14.8,21.9,1012.8,56.1,,0.29,1.0,,
2008-12-15,Lagos,30.1,22.7,26.2,84.4,37.1,100.0,4.17,rain,14.8,21.9,1012.8,56.1,,0.29,1.0,,
2008-12-16,Lagos,30.1,22.7,26.2,84.4,37.1,100.0,4.17,rain,14.8,21.9,1012.8,56.1,,0.29,1.0,,
2008-12-17,Lagos,30.1,22.7,26.2,84.4,37.1,100.0,4.17,rain,14.8,21.9,1012.8,56.1,,0.29,1.0,,
2008-12-18,Lagos,30.1,22.7,26.2,84.4,37.1,100.0,4.17,rain,14.8,21.9,1012.8,56.1,,0.29,1.0,,
2008-12-19,Lagos,30.1,22.7,26.2,84.4,37.1,100.0,4.17,rain,14.8,21.9,1012.8,56.1,,0.29,1.0,,
2008-12-20,Lagos,30.1,22.7,26.2,84.4,37.1,100.0,4.17,rain,14.8,21.9,1012.8,56.1,,0.29,1.0,,
2008-12-21,Lagos,30.1,22.7,26.2,84.4,37.1,100.0,4.17,rain,14.8,21.9,1012.8,56.1,,0.29,1.0,,
2008-12-22,Lagos,30.1,22.7,26.2,84.4,37.1,100.0,4.17,rain,14.8,21.9,1012.8,56.1,,0.29,1.0,,
2008-12-23,Lagos,30.1,22.7,26.2,84.4,37.1,100.0,4.17,rain,14.8,21.9,1012.8,56.1,,0.29,1.0,,
2008-12-24,Lagos,30.1,22.7,26.2,84.4,37.1,100.0,4.17,rain,14.8,21.9,1012.8,56.1,,0.29,1.0,,
2008-12-25,Lagos,30.1,22.7,26.2,84.4,37.1,100.0,4.17,rain,14.8,21.9,1012.8,56.1,,0.29,1.0,,
2008-12-26,Lagos,30.1,22.7,26.2,84.4,37.1,100.0,4.17,rain,14.8,21.9,1012.8,56.1,,0.29,1.0,,
2008-12-27,Lagos,30.1,22.7,26.2,84.4,37.1,100.0,4.17,rain,14.8,21.9,1012.8,56.1,,0.29,1.0,,
2008-12-28,Lagos,30.1,22.7,26.2,84.4,37.1,100.0,4.17,rain,14.8,21.9,1012.8,56.1,,0.29,1.0,,
2008-12-29,Lagos,30.1,22.7,26.2,84.4,37.1,100.0,4.17,rain,14.8,21.9,1012.8,56.1,,0.29,1.0,,
2008-12-30,Lagos,30.1,22.7,26.2,84.4,37.1,100.0,4.17,rain,14.8,21.9,1012.8,56.1,,0.29,1.0,,
2008-12-31,Lagos,30.1,22.7,26.2,84.4,37.1,100.0,4.17,rain,14.8,21.9,1012.8,56.1,,0.29,1.0,,
2009-01-01,Lagos,30.1,22.7,26.2,84.4,37.1,100.0,4.17,rain,14.8,21.9,1012.8,56.1,,0.29,1.0,,
2009-01-02,Lagos,30.1,22.7,26.2,84.4,37.1,100.0,4.17,rain,14.8,21.9,1012.8,56.1,,0.29,1.0,,
2009-01-03,Lagos,30.1,22.7,26.2,84.4,37.1,100.0,4.17,rain,14.8,21.9,1012.8,56.1,,0.29,1.0,,
2009-01-04,Lagos,30.1,22.7,26.2,84.4,37.1,100.0,4.17,rain,14.8,21.9,1012.8,56.1,,0.29,1.0,,
2009-01-05,Lagos,30.1,22.7,26.2,84.4,37.1,100.0,4.17,rain,14.8,21.9,1012.8,56.1,,0.29,1.0,,
2009-01-06,Lagos,30.1,22.7,26.2,84.4,37.1,100.0,4.17,rain,14.8,21.9,1012.8,56.1,,0.29,1.0,,
2009-01-07,Lagos,30.1,22.7,26.2,84.4,37.1,100.0,4.17,rain,14.8,21.9,1012.8,56.1,,0.29,1.0,,
2009-01-08,Lagos,30.1,22.7,26.2,84.4,37.1,100.0,4.17,rain,14.8,21.9,1012.8,56.1,,0.29,1.0,,
2009-01-09,Lagos,30.1,22.7,26.2,84.4,37.1,100.0,4.17,rain,14.8,21.9,1012.8,56.1,,0.29,1.0,,
2009-01-10,Lagos,30.1,22.7,26.2,84.4,37.1,100.0,4.17,rain,14.8,21.9,1012.8,56.1,,0.29,1.0,,
2009-01-11,Lagos,30.1,22.7,26.2,84.4,37.1,100.0,4.17,rain,14.8,21.9,1012.8,56.1,,0.29,1.0,,
2009-01-12,Lagos,30.1,22.7,26.2,84.4,37.1,100.0,4.17,rain,14.8,21.9,1012.8,56.1,,0.29,1.0,,
2009-01-13,Lagos,30.1,22.7,26.2,84.4,37.1,100.0,4.17,rain,14.8,21.9,1012.8,56.1,,0.29,1.0,,
2009-01-14,Lagos,30.1,22.7,26.2,84.4,37.1,100.0,4.17,rain,14.8,21.9,1012.8,56.1,,0.29,1.0,,
2009-01-15,Lagos,30.1,22.7,26.2,84.4,37.1,100.0,4.17,rain,14.8,21.9,1012.8,56.1,,0.29,1.0,,
2009-01-16,Lagos,30.1,22.7,26.2,84.4,37.1,100.0,4.17,rain,14.8,21.9,1012.8,56.1,,0.29,1.0,,
2009-01-17,Lagos,30.1,22.7,26.2,84.4,37.1,100.0,4.17,rain,14.8,21.9,1012.8,56.1,,0.29,1.0,,
2009-01-18,Lagos,30.1,22.7,26.2,84.4,37.1,100.0,4.17,rain,14.8,21.9,1012.8,56.1,,0.29,1.0,,
2009-01-19,Lagos,30.1,22.7,26.2,84.4,37.1,100.0,4.17,rain,14.8,21.9,1012.8,56.1,,0.29,1.0,,
2009-01-20,Lagos,30.1,22.7,26.2,84.4,37.1,100.0,4.17,rain,14.8,21.9,1012.8,56.1,,0.29,1.0,,
2009-01-21,Lagos,30.1,22.7,26.2,84.4,37.1,100.0,4.17,rain,14.8,21.9,1012.8,56.1,,0.29,1.0,,
2009-01-22,Lagos,30.1,22.7,26.2,84.4,37.1,100.0,4.17,rain,14.8,21.9,1012.8,56.1,,0.29,1.0,,
2009-01-23,Lagos,30.1,22.7,26.2,84.4,37.1,100.0,4.17,rain,14.8,21.9,1012.8,56.1,,0.29,1.0,,
2009-01-24,Lagos,30.1,22.7,26.2,84.4,37.1,100.0,4.17,rain,14.8,21.9,1012.8,56.1,,0.29,1.0,,
2009-01-25,Lagos,30.1,22.7,26.2,84.4,37.1,100.0,4.17,rain,14.8,21.9,1012.8,56.1,,0.29,1.0,,
2009-01-26,Lagos,30.1,22.7,26.2,84.4,37.1,100.0,4.17,rain,14.8,21.9,1012.8,56.1,,0.29,1.0,,
2009-01-27,Lagos,30.1,22.7,26.2,84.4,37.1,100.0,4.17,rain,14.8,21.9,1012.8,56.1,,0.29,1.0,,
2009-01-28,Lagos,30.1,22.7,26.2,84.4,37.1,100.0,4.17,rain,14.8,21.9,1012.8,56.1,,0.29,1.0,,
2009-01-29,Lagos,30.1,22.7,26.2,84.4,37.1,100.0,4.17,rain,14.8,21.9,1012.8,56.1,,0.29,1.0,,
2009-01-30,Lagos,30.1,22.7,26.2,84.4,37.1,100.0,4.17,rain,14.8,21.9,1012.8,56.1,,0.29,1.0,,
2009-01-31,Lagos,30.1,22.7,26.2,84.4,37.1,100.0,4.17,rain,14.8,21.9,1012.8,56.1,,0.29,1.0,,
2009-02-01,Lagos,30.1,22.7,26.2,84.4,37.1,100.0,4.17,rain,14.8,21.9,1012.8,56.1,,0.29,1.0,,
2009-02-02,Lagos,30.1,22.7,26.2,84.4,37.1,100.0,4.17,rain,14.8,21.9,1012.8,56.1,,0.29,1.0,,
2009-02-03,Lagos,30.1,22.7,26.2,84.4,37.1,100.0,4.17,rain,14.8,21.9,1012.8,56.1,,0.29,1.0,,
2009-02-04,Lagos,30.1,22.7,26.2,84.4,37.1,100.0,4.17,rain,14.8,21.9,1012.8,56.1,,0.29,1.0,,
2009-02-05,Lagos,30.1,22.7,26.2,84.4,37.1,100.0,4.17,rain,14.8,21.9,1012.8,56.1,,0.29,1.0,,
2009-02-06,Lagos,30.1,22.7,26.2,84.4,37.1,100.0,4.17,rain,14.8,21.9,1012.8,56.1,,0.29,1.0,,
2009-02-07,Lagos,30.1,22.7,26.2,84.4,37.1,100.0,4.17,rain,14.8,21.9,1012.8,56.1,,0.29,1.0,,
2009-02-08,Lagos,30.1,22.7,26.2,84.4,37.1,100.0,4.17,rain,14.8,21.9,1012.8,56.1,,0.29,1.0,,
2009-02-09,Lagos,30.1,22.7,26.2,84.4,37.1,100.0,4.17,rain,14.8,21.9,1012.8,56.1,,0.29,1.0,,
2009-02-10,Lagos,30.1,22.7,26.2,84.4,37.1,100.0,4.17,rain,14.8,21.9,1012.8,56.1,,0.29,1.0,,
2009-02-11,Lagos,30.1,22.7,26.2,84.4,37.1,100.0,4.17,rain,14.8,21.9,1012.8,56.1,,0.29,1.0,,
2009-02-12,Lagos,30.1,22.7,26.2,84.4,37.1,100.0,4.17,rain,14.8,21.9,1012.8,56.1,,0.29,1.0,,
2009-02-13,Lagos,30.1,22.7,26.2,84.4,37.1,100.0,4.17,rain,14.8,21.9,1012.8,56.1,,0.29,1.0,,
2009-02-14,Lagos,30.1,22.7,26.2,84.4,37.1,100.0,4.17,rain,14.8,21.9,1012.8,56.1,,0.29,1.0,,
2009-02-15,Lagos,30.1,22.7,26.2,84.4,37.1,100.0,4.17,rain,14.8,21.9,1012.8,56.1,,0.29,1.0,,
2009-02-16,Lagos,30.1,22.7,26.2,84.4,37.1,100.0,4.17,rain,14.8,21.9,1012.8,56.1,,0.29,1.0,,
2009-02-17,Lagos,30.1,22.7,26.2,84.4,37.1,100.0,4.17,rain,14.8,21.9,1012.8,56.1,,0.29,1.0,,
2009-02-18,Lagos,30.1,22.7,26.2,84.4,37.1,100.0,4.17,rain,14.8,21.9,1012.8,56.1,,0.29,1.0,,
2009-02-19,Lagos,30.1,22.7,26.2,84.4,37.1,100.0,4.17,rain,14.8,21.9,1012.8,56.1,,0.29,1.0,,
2009-02-20,Lagos,30.1,22.7,26.2,84.4,37.1,100.0,4.17,rain,14.8,21.9,1012.8,56.1,,0.29,1.0,,
2009-02-21,Lagos,30.1,22.7,26.2,84.4,37.1,100.0,4.17,rain,14.8,21.9,1012.8,56.1,,0.29,1.0,,
2009-02-22,Lagos,30.1,22.7,26.2,84.4,37.1,100.0,4.17,rain,14.8,21.9,1012.8,56.1,,0.29,1.0,,
2009-02-23,Lagos,30.1,22.7,26.2,84.4,37.1,100.0,4.17,rain,14.8,21.9,1012.8,56.1,,0.29,1.0,,
2009-02-24,Lagos,30.1,22.7,26.2,84.4,37.1,100.0,4.17,rain,14.8,21.9,1012.8,56.1,,0.29,1.0,,
2009-02-25,Lagos,30.1,22.7,26.2,84.4,37.1,100.0,4.17,rain,14.8,21.9,1012.8,56.1,,0.29,1.0,,
2009-02-26,Lagos,30.1,22.7,26.2,84.4,37.1,100.0,4.17,rain,14.8,21.9,1012.8,56.1,,0.29,1.0,,
2009-02-27,Lagos,30.1,22.7,26.2,84.4,37.1,100.0,4.17,rain,14.8,21.9,1012.8,56.1,,0.29,1.0,,
2009-02-28,Lagos,30.1,22.7,26.2,84.4,37.1,100.0,4.17,rain,14.8,21.9,1012.8,56.1,,0.29,1.0,,
2009-03-01,Lagos,30.1,22.7,26.2,84.4,37.1,100.0,4.17,rain,14.8,21.9,1012.8,56.1,,0.29,1.0,,
2009-03-02,Lagos,30.1,22.7,26.2,84.4,37.1,100.0,4.17,rain,14.8,21.9,1012.8,56.1,,0.29,1.0,,
2009-03-03,Lagos,30.1,22.7,26.2,84.4,37.1,100.0,4.17,rain,14.8,21.9,1012.8,56.1,,0.29,1.0,,
2009-03-04,Lagos,30.1,22.7,26.2,84.4,37.1,100.0,4.17,rain,14.8,21.9,1012.8,56.1,,0.29,1.0,,
2009-03-05,Lagos,30.1,22.7,26.2,84.4,37.1,100.0,4.17,rain,14.8,21.9,1012.8,56.1,,0.29,1.0,,
2009-03-06,Lagos,30.1,22.7,26.2,84.4,37.1,100.0,4.17,rain,14.8,21.9,1012.8,56.1,,0.29,1.0,,
2009-03-07,Lagos,30.1,22.7,26.2,84.4,37.1,100.0,4.17,rain,14.8,21.9,1012.8,56.1,,0.29,1.0,,
2009-03-08,Lagos,33.1,24.6,28.8,81.4,7.1,100.0,4.17,rain,35.3,207.0,1009.7,75.0,,0.41,0.0,,
2009-03-09,Lagos,33.1,24.6,28.8,81.4,7.1,100.0,4.17,rain,35.3,207.0,1009.7,75.0,,0.41,0.0,,
2009-03-10,Lagos,33.1,24.6,28.8,81.4,7.1,100.0,4.17,rain,35.3,207.0,1009.7,75.0,,0.41,0.0,,
2009-03-11,Lagos,32.1,23.1,27.4,83.3,5.1,100.0,4.17,rain,22.1,201.6,1009.1,74.2,,0.5,0.0,,
2009-03-12,Lagos,33.3,24.1,28.3,80.8,7.9,100.0,4.17,rain,18.4,230.1,1008.7,64.2,,0.54,0.0,,
2009-03-13,Lagos,30.1,24.1,26.4,85.3,7.9,100.0,4.17,rain,33.5,147.1,1010.1,65.2,,0.58,0.0,,
2009-03-14,Lagos,30.1,24.1,26.4,85.3,7.9,100.0,4.17,rain,33.5,147.1,1010.1,65.2,,0.58,0.0,,
2009-03-15,Lagos,30.1,24.1,26.4,85.3,7.9,100.0,4.17,rain,33.5,147.1,1010.1,65.2,,0.58,0.0,,
2009-03-16,Lagos,30.1,24.1,26.4,85.3,7.9,100.0,4.17,rain,33.5,147.1,1010.1,65.2,,0.58,0.0,,
2009-03-17,Lagos,30.1,24.1,26.4,85.3,7.9,100.0,4.17,rain,33.5,147.1,1010.1,65.2,,0.58,0.0,,
2009-03-18,Lagos,30.1,24.1,26.4,85.3,7.9,100.0,4.17,rain,33.5,147.1,1010.1,65.2,,0.58,0.0,,
2009-03-19,Lagos,30.1,24.1,26.4,85.3,7.9,100.0,4.17,rain,33.5,147.1,1010.1,65.2,,0.58,0.0,,
2009-03-20,Lagos,30.1,24.1,26.4,85.3,7.9,100.0,4.17,rain,33.5,147.1,1010.1,65.2,,0.58,0.0,,
2009-03-21,Lagos,30.1,24.1,26.4,85.3,7.9,100.0,4.17,rain,33.5,147.1,1010.1,65.2,,0.58,0.0,,
2009-03-22,Lagos,30.1,24.1,26.4,85.3,7.9,100.0,4.17,rain,33.5,147.1,1010.1,65.2,,0.58,0.0,,
2009-03-23,Lagos,30.1,24.1,26.4,85.3,7.9,100.0,4.17,rain,33.5,147.1,1010.1,65.2,,0.58,0.0,,
2009-03-24,Lagos,30.1,24.1,26.4,85.3,7.9,100.0,4.17,rain,33.5,147.1,1010.1,65.2,,0.58,0.0,,
2009-03-25,Lagos,30.1,24.1,26.4,85.3,7.9,100.0,4.17,rain,33.5,147.1,1010.1,65.2,,0.58,0.0,,
2009-03-26,Lagos,30.1,24.1,26.4,85.3,7.9,100.0,4.17,rain,33.5,147.1,1010.1,65.2,,0.58,0.0,,
2009-03-27,Lagos,30.1,24.1,26.4,85.3,7.9,100.0,4.17,rain,33.5,147.1,1010.1,65.2,,0.58,0.0,,
2009-03-28,Lagos,30.1,24.1,26.4,85.3,7.9,100.0,4.17,rain,33.5,147.1,1010.1,65.2,,0.58,0.0,,
2009-03-29,Lagos,33.1,23.1,27.3,81.2,4.1,100.0,4.17,rain,46.4,233.9,1008.0,75.0,,0.1,0.0,,
2009-03-30,Lagos,33.1,23.1,27.3,81.2,4.1,100.0,4.17,rain,46.4,233.9,1008.0,75.0,,0.1,0.0,,
2009-03-31,Lagos,33.1,23.1,27.3,81.2,4.1,100.0,4.17,rain,46.4,233.9,1008.0,75.0,,0.1,0.0,,
2009-04-01,Lagos,33.1,23.1,27.3,81.2,4.1,100.0,4.17,rain,46.4,233.9,1008.0,75.0,,0.1,0.0,,
2009-04-02,Lagos,33.1,23.1,27.3,81.2,4.1,100.0,4.17,rain,46.4,233.9,1008.0,75.0,,0.1,0.0,,
2009-04-03,Lagos,33.1,23.1,27.3,81.2,4.1,100.0,4.17,rain,46.4,233.9,1008.0,75.0,,0.1,0.0,,
2009-04-04,Lagos,33.1,23.1,27.3,81.2,4.1,100.0,4.17,rain,46.4,233.9,1008.0,75.0,,0.1,0.0,,
2009-04-05,Lagos,33.1,23.1,27.3,81.2,4.1,100.0,4.17,rain,46.4,233.9,1008.0,75.0,,0.1,0.0,,
2009-04-06,Lagos,33.1,23.1,27.3,81.2,4.1,100.0,4.17,rain,46.4,233.9,1008.0,75.0,,0.1,0.0,,
2009-04-07,Lagos,33.1,23.1,27.3,81.2,4.1,100.0,4.17,rain,46.4,233.9,1008.0,75.0,,0.1,0.0,,
2009-04-08,Lagos,29.1,22.1,25.9,86.5,49.0,100.0,8.33,rain,22.3,247.8,1011.9,66.3,,0.46,1.0,,
2009-04-09,Lagos,29.1,22.1,25.9,86.5,49.0,100.0,8.33,rain,22.3,247.8,1011.9,66.3,,0.46,1.0,,
2009-04-10,Lagos,29.1,22.1,25.9,86.5,49.0,100.0,8.33,rain,22.3,247.8,1011.9,66.3,,0.46,1.0,,
2009-04-11,Lagos,29.1,22.1,25.9,86.5,49.0,100.0,8.33,rain,22.3,247.8,1011.9,66.3,,0.46,1.0,,
2009-04-12,Lagos,29.1,22.1,25.9,86.5,49.0,100.0,8.33,rain,22.3,247.8,1011.9,66.3,,0.46,1.0,,
2009-04-13,Lagos,27.2,22.8,25.6,87.6,3.0,100.0,4.17,rain,40.7,24.2,1011.7,56.8,,0.62,0.0,,
2009-04-14,Lagos,27.2,22.8,25.6,87.6,3.0,100.0,4.17,rain,40.7,24.2,1011.7,56.8,,0.62,0.0,,
2009-04-15,Lagos,27.2,22.8,25.6,87.6,3.0,100.0,4.17,rain,40.7,24.2,1011.7,56.8,,0.62,0.0,,
2009-04-16,Lagos,27.2,22.8,25.6,87.6,3.0,100.0,4.17,rain,40.7,24.2,1011.7,56.8,,0.62,0.0,,
2009-04-17,Lagos,27.2,22.8,25.6,87.6,3.0,100.0,4.17,rain,40.7,24.2,1011.7,56.8,,0.62,0.0,,
2009-04-18,Lagos,32.1,23.1,27.5,81.3,15.0,100.0,4.17,rain,55.4,161.4,1011.5,67.5,,0.78,0.0,,
2009-04-19,Lagos,32.1,23.1,27.5,81.3,15.0,100.0,4.17,rain,55.4,161.4,1011.5,67.5,,0.78,0.0,,
2009-04-20,Lagos,32.1,23.1,27.5,81.3,15.0,100.0,4.17,rain,55.4,161.4,1011.5,67.5,,0.78,0.0,,
2009-04-21,Lagos,32.1,23.1,27.5,81.3,15.0,100.0,4.17,rain,55.4,161.4,1011.5,67.5,,0.78,0.0,,
2009-04-22,Lagos,32.1,23.1,27.5,81.3,15.0,100.0,4.17,rain,55.4,161.4,1011.5,67.5,,0.78,0.0,,
2009-04-23,Lagos,32.1,23.1,27.5,81.3,15.0,100.0,4.17,rain,55.4,161.4,1011.5,67.5,,0.78,0.0,,
2009-04-24,Lagos,30.6,22.1,26.2,88.3,7.1,100.0,4.17,rain,42.5,331.7,1009.8,53.2,,0.98,0.0,,
2009-04-25,Lagos,30.6,22.1,26.2,88.3,7.1,100.0,4.17,rain,42.5,331.7,1009.8,53.2,,0.98,0.0,,
2009-04-26,Lagos,30.6,22.1,26.2,88.3,7.1,100.0,4.17,rain,42.5,331.7,1009.8,53.2,,0.98,0.0,,
2009-04-27,Lagos,31.1,22.1,26.6,83.5,26.9,100.0,4.17,rain,20.6,222.0,1011.3,51.8,,0.08,0.0,,
2009-04-28,Lagos,31.1,22.1,26.6,83.5,26.9,100.0,4.17,rain,20.6,222.0,1011.3,51.8,,0.08,0.0,,
2009-04-29,Lagos,31.1,22.1,26.6,83.5,26.9,100.0,4.17,rain,20.6,222.0,1011.3,51.8,,0.08,0.0,,
2009-04-30,Lagos,31.1,22.1,26.6,83.5,26.9,100.0,4.17,rain,20.6,222.0,1011.3,51.8,,0.08,0.0,,
2009-05-01,Lagos,31.1,22.1,26.6,83.5,26.9,100.0,4.17,rain,20.6,222.0,1011.3,51.8,,0.08,0.0,,
2009-05-02,Lagos,31.1,22.1,26.6,83.5,26.9,100.0,4.17,rain,20.6,222.0,1011.3,51.8,,0.08,0.0,,
2009-05-03,Lagos,31.7,23.5,27.2,81.6,2.0,100.0,4.17,rain,18.4,113.0,1010.3,64.6,,0.3,0.0,,
2009-05-04,Lagos,31.7,23.5,27.2,81.6,2.0,100.0,4.17,rain,18.4,113.0,1010.3,64.6,,0.3,0.0,,
2009-05-05,Lagos,29.1,22.4,25.8,88.5,11.9,100.0,8.33,rain,24.1,141.6,1011.2,77.3,,0.37,0.0,,
2009-05-06,Lagos,28.1,23.1,25.2,93.6,13.0,100.0,8.33,rain,51.8,19.6,1012.1,66.4,,0.4,0.0,,
2009-05-07,Lagos,32.1,23.0,26.5,85.1,13.0,100.0,4.17,rain,16.6,302.0,1011.6,65.0,,0.44,0.0,,
2009-05-08,Lagos,30.1,24.0,27.0,83.1,3.0,100.0,4.17,rain,70.2,227.7,1011.9,74.8,,0.47,0.0,,
2009-05-09,Lagos,29.1,23.4,26.4,87.9,3.0,100.0,8.33,rain,31.3,234.1,1012.2,80.4,,0.5,0.0,,
2009-05-10,Lagos,30.1,23.1,25.2,89.6,1.0,100.0,4.17,rain,18.4,76.9,1011.7,67.8,,0.54,0.0,,
2009-05-11,Lagos,30.1,23.1,25.2,89.6,1.0,100.0,4.17,rain,18.4,76.9,1011.7,67.8,,0.54,0.0,,
2009-05-12,Lagos,30.1,23.1,25.2,89.6,1.0,100.0,4.17,rain,18.4,76.9,1011.7,67.8,,0.54,0.0,,
2009-05-13,Lagos,30.1,23.1,25.2,89.6,1.0,100.0,4.17,rain,18.4,76.9,1011.7,67.8,,0.54,0.0,,
2009-05-14,Lagos,30.1,23.1,25.2,89.6,1.0,100.0,4.17,rain,18.4,76.9,1011.7,67.8,,0.54,0.0,,
2009-05-15,Lagos,30.1,23.1,25.2,89.6,1.0,100.0,4.17,rain,18.4,76.9,1011.7,67.8,,0.54,0.0,,
2009-05-16,Lagos,30.1,23.1,25.2,89.6,1.0,100.0,4.17,rain,18.4,76.9,1011.7,67.8,,0.54,0.0,,
2009-05-17,Lagos,30.1,23.1,25.2,89.6,1.0,100.0,4.17,rain,18.4,76.9,1011.7,67.8,,0.54,0.0,,
2009-05-18,Lagos,30.1,23.1,25.2,89.6,1.0,100.0,4.17,rain,18.4,76.9,1011.7,67.8,,0.54,0.0,,
2009-05-19,Lagos,30.1,23.1,25.2,89.6,1.0,100.0,4.17,rain,18.4,76.9,1011.7,67.8,,0.54,0.0,,
2009-05-20,Lagos,30.1,23.1,25.2,89.6,1.0,100.0,4.17,rain,18.4,76.9,1011.7,67.8,,0.54,0.0,,
2009-05-21,Lagos,30.1,23.1,25.2,89.6,1.0,100.0,4.17,rain,18.4,76.9,1011.7,67.8,,0.54,0.0,,
2009-05-22,Lagos,30.1,23.1,25.2,89.6,1.0,100.0,4.17,rain,18.4,76.9,1011.7,67.8,,0.54,0.0,,
2009-05-23,Lagos,30.1,23.1,25.2,89.6,1.0,100.0,4.17,rain,18.4,76.9,1011.7,67.8,,0.54,0.0,,
2009-05-24,Lagos,32.0,25.1,27.7,84.6,7.1,100.0,4.17,rain,20.5,226.9,1011.8,47.0,,0.0,0.0,,
2009-05-25,Lagos,28.1,22.1,25.9,89.4,42.2,100.0,8.33,rain,92.5,79.2,1012.1,71.7,,0.03,1.0,,
2009-05-26,Lagos,32.1,24.1,27.8,79.6,4.1,100.0,4.17,rain,18.4,130.5,1011.4,50.7,,0.07,0.0,,
2009-05-27,Lagos,32.1,24.1,27.8,79.6,4.1,100.0,4.17,rain,18.4,130.5,1011.4,50.7,,0.07,0.0,,
2009-05-28,Lagos,32.1,24.1,27.8,79.6,4.1,100.0,4.17,rain,18.4,130.5,1011.4,50.7,,0.07,0.0,,
2009-05-29,Lagos,32.1,24.1,27.8,79.6,4.1,100.0,4.17,rain,18.4,130.5,1011.4,50.7,,0.07,0.0,,
2009-05-30,Lagos,29.5,22.8,25.5,86.6,49.0,100.0,8.33,rain,14.8,219.1,1012.3,80.8,,0.21,1.0,,
2009-05-31,Lagos,29.5,22.8,25.5,86.6,49.0,100.0,8.33,rain,14.8,219.1,1012.3,80.8,,0.21,1.0,,
2009-06-01,Lagos,29.5,22.8,25.5,86.6,49.0,100.0,8.33,rain,14.8,219.1,1012.3,80.8,,0.21,1.0,,
2009-06-02,Lagos,29.5,22.8,25.5,86.6,49.0,100.0,8.33,rain,14.8,219.1,1012.3,80.8,,0.21,1.0,,
2009-06-03,Lagos,29.5,22.8,25.5,86.6,49.0,100.0,8.33,rain,14.8,219.1,1012.3,80.8,,0.21,1.0,,
2009-06-04,Lagos,31.1,25.0,27.9,81.1,7.9,100.0,4.17,rain,24.1,181.6,1013.6,78.7,,0.38,0.0,,
2009-06-05,Lagos,31.1,23.1,26.5,86.6,15.0,100.0,4.17,rain,92.5,90.5,1014.2,61.3,,0.42,0.0,,
2009-06-06,Lagos,32.1,22.7,26.7,83.6,38.1,100.0,8.33,rain,14.8,212.9,1013.7,61.8,,0.45,1.0,,
2009-06-07,Lagos,32.1,22.7,26.7,83.6,38.1,100.0,8.33,rain,14.8,212.9,1013.7,61.8,,0.45,1.0,,
2009-06-08,Lagos,32.1,22.7,26.7,83.6,38.1,100.0,8.33,rain,14.8,212.9,1013.7,61.8,,0.45,1.0,,
2009-06-09,Lagos,32.1,22.7,26.7,83.6,38.1,100.0,8.33,rain,14.8,212.9,1013.7,61.8,,0.45,1.0,,
2009-06-10,Lagos,32.1,22.7,26.7,83.6,38.1,100.0,8.33,rain,14.8,212.9,1013.7,61.8,,0.45,1.0,,
2009-06-11,Lagos,27.1,24.1,25.2,91.7,9.9,100.0,8.33,rain,13.0,303.9,1012.9,68.2,,0.62,0.0,,
2009-06-12,Lagos,27.1,24.1,25.2,91.7,9.9,100.0,8.33,rain,13.0,303.9,1012.9,68.2,,0.62,0.0,,
2009-06-13,Lagos,30.2,23.1,26.1,87.0,19.1,100.0,8.33,rain,14.8,219.5,1013.8,59.1,,0.69,0.0,,
2009-06-14,Lagos,30.2,23.1,26.1,87.0,19.1,100.0,8.33,rain,14.8,219.5,1013.8,59.1,,0.69,0.0,,
2009-06-15,Lagos,30.2,22.1,26.2,87.8,55.9,100.0,4.17,rain,27.7,188.9,1013.2,66.7,,0.75,1.0,,
2009-06-16,Lagos,27.1,22.7,25.0,89.3,5.1,100.0,4.17,rain,14.8,311.7,1013.5,57.9,,0.79,0.0,,
2009-06-17,Lagos,28.6,24.1,25.6,90.0,3.0,100.0,4.17,rain,11.4,232.5,1013.7,56.7,,0.82,0.0,,
2009-06-18,Lagos,28.6,24.1,25.6,90.0,3.0,100.0,4.17,rain,11.4,232.5,1013.7,56.7,,0.82,0.0,,
2009-06-19,Lagos,28.6,24.1,25.6,90.0,3.0,100.0,4.17,rain,11.4,232.5,1013.7,56.7,,0.82,0.0,,
2009-06-20,Lagos,29.1,23.7,26.1,85.6,2.0,100.0,4.17,rain,14.8,150.3,1013.3,57.5,,0.92,0.0,,
2009-06-21,Lagos,29.1,23.9,25.5,91.9,36.1,100.0,12.5,rain,13.0,282.0,1014.0,73.5,,0.95,1.0,,
2009-06-22,Lagos,31.4,22.7,26.5,83.4,29.0,100.0,4.17,rain,16.6,285.5,1014.5,54.6,,0.0,0.0,,
2009-06-23,Lagos,31.4,22.7,26.5,83.4,29.0,100.0,4.17,rain,16.6,285.5,1014.5,54.6,,0.0,0.0,,
2009-06-24,Lagos,29.2,23.1,26.5,83.7,3.0,100.0,4.17,rain,44.3,166.0,1013.1,68.2,,0.06,0.0,,
2009-06-25,Lagos,27.1,24.1,25.8,91.9,7.1,100.0,12.5,rain,25.9,226.3,1013.6,79.5,,0.09,0.0,,
2009-06-26,Lagos,26.1,22.7,24.1,92.7,149.1,100.0,8.33,rain,46.4,288.2,1013.8,71.8,,0.12,1.0,,
2009-06-27,Lagos,28.1,22.1,24.2,89.9,9.9,100.0,4.17,rain,13.0,250.9,1014.7,51.3,,0.16,0.0,,
2009-06-28,Lagos,29.1,21.1,25.5,84.7,38.1,100.0,4.17,rain,20.5,321.5,1014.7,61.4,,0.19,1.0,,
2009-06-29,Lagos,29.1,21.1,25.5,84.7,38.1,100.0,4.17,rain,20.5,321.5,1014.7,61.4,,0.19,1.0,,
2009-06-30,Lagos,26.1,22.8,24.0,92.7,39.9,100.0,8.33,rain,55.4,118.7,1014.7,72.1,,0.26,1.0,,
2009-07-01,Lagos,26.1,22.8,24.0,92.7,39.9,100.0,8.33,rain,55.4,118.7,1014.7,72.1,,0.26,1.0,,
2009-07-02,Lagos,26.1,22.8,24.0,92.7,39.9,100.0,8.33,rain,55.4,118.7,1014.7,72.1,,0.26,1.0,,
2009-07-03,Lagos,26.1,22.8,24.0,92.7,39.9,100.0,8.33,rain,55.4,118.7,1014.7,72.1,,0.26,1.0,,
2009-07-04,Lagos,26.1,22.8,24.0,92.7,39.9,100.0,8.33,rain,55.4,118.7,1014.7,72.1,,0.26,1.0,,
2009-07-05,Lagos,26.1,22.8,24.0,92.7,39.9,100.0,8.33,rain,55.4,118.7,1014.7,72.1,,0.26,1.0,,
2009-07-06,Lagos,29.1,24.1,25.9,90.1,10.9,100.0,4.17,rain,16.6,242.6,1012.1,74.2,,0.47,0.0,,
2009-07-07,Lagos,29.1,24.1,25.9,90.1,10.9,100.0,4.17,rain,16.6,242.6,1012.1,74.2,,0.47,0.0,,
2009-07-08,Lagos,27.1,22.1,24.6,90.0,26.9,100.0,8.33,rain,13.0,296.6,1012.8,80.9,,0.54,0.0,,
2009-07-09,Lagos,27.1,22.1,24.6,90.0,26.9,100.0,8.33,rain,13.0,296.6,1012.8,80.9,,0.54,0.0,,
2009-07-10,Lagos,27.1,23.1,24.8,92.4,5.1,100.0,4.17,rain,18.4,247.6,1013.9,76.1,,0.6,0.0,,
2009-07-11,Lagos,26.1,23.1,24.5,92.6,36.8,100.0,12.5,rain,9.4,274.7,1015.1,80.5,,0.64,1.0,,
2009-07-12,Lagos,26.7,23.1,24.6,91.9,2.0,100.0,4.17,rain,14.8,259.4,1015.6,78.3,,0.67,0.0,,
2009-07-13,Lagos,27.7,23.1,24.6,90.3,99.1,100.0,4.17,rain,14.1,262.1,1014.9,52.5,,0.71,1.0,,
2009-07-14,Lagos,27.9,23.1,25.0,90.7,3.0,100.0,4.17,rain,27.7,235.2,1014.9,81.7,,0.74,0.0,,
2009-07-15,Lagos,27.9,23.1,25.0,90.7,3.0,100.0,4.17,rain,27.7,235.2,1014.9,81.7,,0.74,0.0,,
2009-07-16,Lagos,29.5,24.1,25.8,88.0,17.0,100.0,4.17,rain,18.4,239.6,1015.4,59.6,,0.81,0.0,,
2009-07-17,Lagos,29.5,24.1,25.8,88.0,17.0,100.0,4.17,rain,18.4,239.6,1015.4,59.6,,0.81,0.0,,
2009-07-18,Lagos,29.5,24.1,25.8,88.0,17.0,100.0,4.17,rain,18.4,239.6,1015.4,59.6,,0.81,0.0,,
2009-07-19,Lagos,29.5,24.1,25.8,88.0,17.0,100.0,4.17,rain,18.4,239.6,1015.4,59.6,,0.81,0.0,,
2009-07-20,Lagos,29.5,24.1,25.8,88.0,17.0,100.0,4.17,rain,18.4,239.6,1015.4,59.6,,0.81,0.0,,
2009-07-21,Lagos,29.5,24.1,25.8,88.0,17.0,100.0,4.17,rain,18.4,239.6,1015.4,59.6,,0.81,0.0,,
2009-07-22,Lagos,29.5,24.1,25.8,88.0,17.0,100.0,4.17,rain,18.4,239.6,1015.4,59.6,,0.81,0.0,,
2009-07-23,Lagos,29.5,24.1,25.8,88.0,17.0,100.0,4.17,rain,18.4,239.6,1015.4,59.6,,0.81,0.0,,
2009-07-24,Lagos,29.5,24.1,25.8,88.0,17.0,100.0,4.17,rain,18.4,239.6,1015.4,59.6,,0.81,0.0,,
2009-07-25,Lagos,29.5,24.1,25.8,88.0,17.0,100.0,4.17,rain,18.4,239.6,1015.4,59.6,,0.81,0.0,,
2009-07-26,Lagos,29.5,24.1,25.8,88.0,17.0,100.0,4.17,rain,18.4,239.6,1015.4,59.6,,0.81,0.0,,
2009-07-27,Lagos,29.5,24.1,25.8,88.0,17.0,100.0,4.17,rain,18.4,239.6,1015.4,59.6,,0.81,0.0,,
2009-07-28,Lagos,29.5,24.1,25.8,88.0,17.0,100.0,4.17,rain,18.4,239.6,1015.4,59.6,,0.81,0.0,,
2009-07-29,Lagos,29.5,24.1,25.8,88.0,17.0,100.0,4.17,rain,18.4,239.6,1015.4,59.6,,0.81,0.0,,
2009-07-30,Lagos,29.5,24.1,25.8,88.0,17.0,100.0,4.17,rain,18.4,239.6,1015.4,59.6,,0.81,0.0,,
2009-07-31,Lagos,29.5,24.1,25.8,88.0,17.0,100.0,4.17,rain,18.4,239.6,1015.4,59.6,,0.81,0.0,,
2009-08-01,Lagos,29.5,24.1,25.8,88.0,17.0,100.0,4.17,rain,18.4,239.6,1015.4,59.6,,0.81,0.0,,
2009-08-02,Lagos,29.5,24.1,25.8,88.0,17.0,100.0,4.17,rain,18.4,239.6,1015.4,59.6,,0.81,0.0,,
2009-08-03,Lagos,29.5,24.1,25.8,88.0,17.0,100.0,4.17,rain,18.4,239.6,1015.4,59.6,,0.81,0.0,,
2009-08-04,Lagos,29.5,24.1,25.8,88.0,17.0,100.0,4.17,rain,18.4,239.6,1015.4,59.6,,0.81,0.0,,
2009-08-05,Lagos,29.5,24.1,25.8,88.0,17.0,100.0,4.17,rain,18.4,239.6,1015.4,59.6,,0.81,0.0,,
2009-08-06,Lagos,29.5,24.1,25.8,88.0,17.0,100.0,4.17,rain,18.4,239.6,1015.4,59.6,,0.81,0.0,,
2009-08-07,Lagos,29.5,24.1,25.8,88.0,17.0,100.0,4.17,rain,18.4,239.6,1015.4,59.6,,0.81,0.0,,
2009-08-08,Lagos,29.5,24.1,25.8,88.0,17.0,100.0,4.17,rain,18.4,239.6,1015.4,59.6,,0.81,0.0,,
2009-08-09,Lagos,29.5,24.1,25.8,88.0,17.0,100.0,4.17,rain,18.4,239.6,1015.4,59.6,,0.81,0.0,,
2009-08-10,Lagos,29.5,24.1,25.8,88.0,17.0,100.0,4.17,rain,18.4,239.6,1015.4,59.6,,0.81,0.0,,
2009-08-11,Lagos,29.5,24.1,25.8,88.0,17.0,100.0,4.17,rain,18.4,239.6,1015.4,59.6,,0.81,0.0,,
2009-08-12,Lagos,29.5,24.1,25.8,88.0,17.0,100.0,4.17,rain,18.4,239.6,1015.4,59.6,,0.81,0.0,,
2009-08-13,Lagos,29.5,24.1,25.8,88.0,17.0,100.0,4.17,rain,18.4,239.6,1015.4,59.6,,0.81,0.0,,
2009-08-14,Lagos,29.5,24.1,25.8,88.0,17.0,100.0,4.17,rain,18.4,239.6,1015.4,59.6,,0.81,0.0,,
2009-08-15,Lagos,29.5,24.1,25.8,88.0,17.0,100.0,4.17,rain,18.4,239.6,1015.4,59.6,,0.81,0.0,,
2009-08-16,Lagos,29.5,24.1,25.8,88.0,17.0,100.0,4.17,rain,18.4,239.6,1015.4,59.6,,0.81,0.0,,
2009-08-17,Lagos,29.5,24.1,25.8,88.0,17.0,100.0,4.17,rain,18.4,239.6,1015.4,59.6,,0.81,0.0,,
2009-08-18,Lagos,29.5,24.1,25.8,88.0,17.0,100.0,4.17,rain,18.4,239.6,1015.4,59.6,,0.81,0.0,,
2009-08-19,Lagos,28.9,23.1,25.2,85.8,99.1,100.0,4.17,rain,20.5,233.0,1013.1,73.0,,0.97,1.0,,
2009-08-20,Lagos,28.1,23.1,24.8,88.0,10.9,100.0,4.17,rain,14.8,228.1,1013.2,71.4,,0.0,0.0,,
2009-08-21,Lagos,28.1,23.1,24.8,88.0,10.9,100.0,4.17,rain,14.8,228.1,1013.2,71.4,,0.0,0.0,,
2009-08-22,Lagos,28.1,23.1,24.8,88.0,10.9,100.0,4.17,rain,14.8,228.1,1013.2,71.4,,0.0,0.0,,
2009-08-23,Lagos,28.1,23.1,24.8,88.0,10.9,100.0,4.17,rain,14.8,228.1,1013.2,71.4,,0.0,0.0,,
2009-08-24,Lagos,28.1,23.1,24.8,88.0,10.9,100.0,4.17,rain,14.8,228.1,1013.2,71.4,,0.0,0.0,,
2009-08-25,Lagos,28.1,23.1,24.8,88.0,10.9,100.0,4.17,rain,14.8,228.1,1013.2,71.4,,0.0,0.0,,
2009-08-26,Lagos,28.1,23.1,24.8,88.0,10.9,100.0,4.17,rain,14.8,228.1,1013.2,71.4,,0.0,0.0,,
2009-08-27,Lagos,28.1,23.1,24.8,88.0,10.9,100.0,4.17,rain,14.8,228.1,1013.2,71.4,,0.0,0.0,,
2009-08-28,Lagos,28.1,23.6,25.2,87.3,0.3,100.0,4.17,rain,25.9,233.5,1012.8,69.6,,0.26,0.0,,
2009-08-29,Lagos,28.1,23.6,25.2,87.3,0.3,100.0,4.17,rain,25.9,233.5,1012.8,69.6,,0.26,0.0,,
2009-08-30,Lagos,28.1,23.6,25.2,87.3,0.3,100.0,4.17,rain,25.9,233.5,1012.8,69.6,,0.26,0.0,,
2009-08-31,Lagos,28.1,23.6,25.2,87.3,0.3,100.0,4.17,rain,25.9,233.5,1012.8,69.6,,0.26,0.0,,
2009-09-01,Lagos,28.1,23.6,25.2,87.3,0.3,100.0,4.17,rain,25.9,233.5,1012.8,69.6,,0.26,0.0,,
2009-09-02,Lagos,30.1,22.1,25.2,86.0,3.0,100.0,4.17,rain,13.0,229.4,1014.9,72.2,,0.43,0.0,,
2009-09-03,Lagos,28.1,23.7,25.2,88.7,4.1,100.0,4.17,rain,11.2,241.8,1014.7,65.8,,0.46,0.0,,
2009-09-04,Lagos,28.9,23.1,25.7,87.0,4.1,100.0,4.17,rain,17.6,238.8,1014.7,69.3,,0.5,0.0,,
2009-09-05,Lagos,26.3,24.1,24.8,92.2,23.9,100.0,4.17,rain,18.4,229.0,1014.7,82.3,,0.53,0.0,,
2009-09-06,Lagos,28.1,24.1,25.2,90.2,18.0,100.0,8.33,rain,14.8,225.7,1015.7,80.5,,0.56,0.0,,
2009-09-07,Lagos,28.1,24.1,25.2,90.2,18.0,100.0,8.33,rain,14.8,225.7,1015.7,80.5,,0.56,0.0,,
2009-09-08,Lagos,29.4,23.1,25.5,86.3,14.0,100.0,4.17,rain,17.1,223.7,1013.5,73.9,,0.63,0.0,,
2009-09-09,Lagos,29.4,23.1,25.5,86.3,14.0,100.0,4.17,rain,17.1,223.7,1013.5,73.9,,0.63,0.0,,
2009-09-10,Lagos,29.4,23.1,25.5,86.3,14.0,100.0,4.17,rain,17.1,223.7,1013.5,73.9,,0.63,0.0,,
2009-09-11,Lagos,29.4,23.1,25.5,86.3,14.0,100.0,4.17,rain,17.1,223.7,1013.5,73.9,,0.63,0.0,,
2009-09-12,Lagos,28.6,24.1,25.3,89.5,6.1,100.0,4.17,rain,14.8,240.4,1013.5,70.0,,0.75,0.0,,
2009-09-13,Lagos,29.1,23.1,25.3,89.0,6.1,100.0,8.33,rain,11.2,267.4,1014.5,67.4,,0.81,0.0,,
2009-09-14,Lagos,29.1,23.1,25.3,89.0,6.1,100.0,8.33,rain,11.2,267.4,1014.5,67.4,,0.81,0.0,,
2009-09-15,Lagos,29.1,23.1,25.3,89.0,6.1,100.0,8.33,rain,11.2,267.4,1014.5,67.4,,0.81,0.0,,
2009-09-16,Lagos,29.1,23.1,25.3,89.0,6.1,100.0,8.33,rain,11.2,267.4,1014.5,67.4,,0.81,0.0,,
2009-09-17,Lagos,29.1,23.1,25.3,89.0,6.1,100.0,8.33,rain,11.2,267.4,1014.5,67.4,,0.81,0.0,,
2009-09-18,Lagos,29.1,23.1,25.3,89.0,6.1,100.0,8.33,rain,11.2,267.4,1014.5,67.4,,0.81,0.0,,
2009-09-19,Lagos,29.1,23.1,25.3,89.0,6.1,100.0,8.33,rain,11.2,267.4,1014.5,67.4,,0.81,0.0,,
2009-09-20,Lagos,29.1,23.1,25.3,89.0,6.1,100.0,8.33,rain,11.2,267.4,1014.5,67.4,,0.81,0.0,,
2009-09-21,Lagos,29.1,23.1,25.3,89.0,6.1,100.0,8.33,rain,11.2,267.4,1014.5,67.4,,0.81,0.0,,
2009-09-22,Lagos,29.1,23.1,25.3,89.0,6.1,100.0,8.33,rain,11.2,267.4,1014.5,67.4,,0.81,0.0,,
2009-09-23,Lagos,29.1,23.1,25.3,89.0,6.1,100.0,8.33,rain,11.2,267.4,1014.5,67.4,,0.81,0.0,,
2009-09-24,Lagos,29.1,23.1,25.3,89.0,6.1,100.0,8.33,rain,11.2,267.4,1014.5,67.4,,0.81,0.0,,
2009-09-25,Lagos,32.1,22.1,25.4,84.6,6.1,100.0,4.17,rain,50.0,211.3,1012.8,54.2,,0.22,0.0,,
2009-09-26,Lagos,32.1,22.1,25.4,84.6,6.1,100.0,4.17,rain,50.0,211.3,1012.8,54.2,,0.22,0.0,,
2009-09-27,Lagos,32.1,22.1,25.4,84.6,6.1,100.0,4.17,rain,50.0,211.3,1012.8,54.2,,0.22,0.0,,
2009-09-28,Lagos,32.1,22.1,25.4,84.6,6.1,100.0,4.17,rain,50.0,211.3,1012.8,54.2,,0.22,0.0,,
2009-09-29,Lagos,32.1,22.1,25.4,84.6,6.1,100.0,4.17,rain,50.0,211.3,1012.8,54.2,,0.22,0.0,,
2009-09-30,Lagos,32.1,22.1,25.4,84.6,6.1,100.0,4.17,rain,50.0,211.3,1012.8,54.2,,0.22,0.0,,
2009-10-01,Lagos,32.1,22.1,25.4,84.6,6.1,100.0,4.17,rain,50.0,211.3,1012.8,54.2,,0.22,0.0,,
2009-10-02,Lagos,32.1,22.1,25.4,84.6,6.1,100.0,4.17,rain,50.0,211.3,1012.8,54.2,,0.22,0.0,,
2009-10-03,Lagos,30.7,24.6,26.3,87.0,4.1,100.0,4.17,rain,16.6,215.6,1013.4,75.5,,0.47,0.0,,
2009-10-04,Lagos,29.2,22.6,26.0,84.7,16.0,100.0,8.33,rain,11.2,233.7,1012.9,62.6,,0.5,0.0,,
2009-10-05,Lagos,27.1,24.1,25.2,92.1,2.0,100.0,4.17,rain,13.0,223.2,1012.9,75.0,,0.54,0.0,,
2009-10-06,Lagos,27.1,24.1,25.2,92.1,2.0,100.0,4.17,rain,13.0,223.2,1012.9,75.0,,0.54,0.0,,
2009-10-07,Lagos,27.1,24.1,25.2,92.1,2.0,100.0,4.17,rain,13.0,223.2,1012.9,75.0,,0.54,0.0,,
2009-10-08,Lagos,27.7,22.1,24.9,91.8,21.9,100.0,8.33,rain,16.6,178.6,1013.9,77.0,,0.65,0.0,,
2009-10-09,Lagos,27.7,22.1,24.9,91.8,21.9,100.0,8.33,rain,16.6,178.6,1013.9,77.0,,0.65,0.0,,
2009-10-10,Lagos,27.7,22.1,24.9,91.8,21.9,100.0,8.33,rain,16.6,178.6,1013.9,77.0,,0.65,0.0,,
2009-10-11,Lagos,27.7,22.1,24.9,91.8,21.9,100.0,8.33,rain,16.6,178.6,1013.9,77.0,,0.65,0.0,,
2009-10-12,Lagos,29.1,22.1,25.8,88.7,18.0,100.0,8.33,rain,25.9,239.2,1011.6,76.3,,0.79,0.0,,
2009-10-13,Lagos,29.1,24.1,26.2,88.3,3.0,100.0,4.17,rain,16.6,244.1,1011.5,75.8,,0.83,0.0,,
2009-10-14,Lagos,27.2,23.1,25.0,91.3,106.9,100.0,4.17,rain,13.0,240.7,1011.8,79.6,,0.86,1.0,,
2009-10-15,Lagos,27.2,23.1,25.0,91.3,106.9,100.0,4.17,rain,13.0,240.7,1011.8,79.6,,0.86,1.0,,
2009-10-16,Lagos,27.2,23.1,25.0,91.3,106.9,100.0,4.17,rain,13.0,240.7,1011.8,79.6,,0.86,1.0,,
2009-10-17,Lagos,27.2,23.1,25.0,91.3,106.9,100.0,4.17,rain,13.0,240.7,1011.8,79.6,,0.86,1.0,,
2009-10-18,Lagos,27.2,23.1,25.0,91.3,106.9,100.0,4.17,rain,13.0,240.7,1011.8,79.6,,0.86,1.0,,
2009-10-19,Lagos,27.2,23.1,25.0,91.3,106.9,100.0,4.17,rain,13.0,240.7,1011.8,79.6,,0.86,1.0,,
2009-10-20,Lagos,27.2,23.1,25.0,91.3,106.9,100.0,4.17,rain,13.0,240.7,1011.8,79.6,,0.86,1.0,,
2009-10-21,Lagos,27.2,23.1,25.0,91.3,106.9,100.0,4.17,rain,13.0,240.7,1011.8,79.6,,0.86,1.0,,
2009-10-22,Lagos,30.4,23.1,26.2,86.2,81.0,100.0,4.17,rain,13.0,234.1,1012.2,68.3,,0.14,1.0,,
2009-10-23,Lagos,30.4,23.1,26.2,86.2,81.0,100.0,4.17,rain,13.0,234.1,1012.2,68.3,,0.14,1.0,,
2009-10-24,Lagos,28.7,22.1,25.1,87.7,9.9,100.0,8.33,rain,68.4,352.6,1012.5,75.0,,0.2,0.0,,
2009-10-25,Lagos,29.5,23.1,25.9,85.0,1.0,100.0,4.17,rain,20.5,126.0,1011.2,53.8,,0.23,0.0,,
2009-10-26,Lagos,30.1,23.1,25.1,92.2,65.0,100.0,8.33,rain,20.5,259.9,1010.7,60.0,,0.25,1.0,,
2009-10-27,Lagos,31.1,22.1,25.5,89.6,4.1,100.0,4.17,rain,59.4,182.4,1012.0,66.7,,0.3,0.0,,
2009-10-28,Lagos,31.1,22.1,25.5,89.6,4.1,100.0,4.17,rain,59.4,182.4,1012.0,66.7,,0.3,0.0,,
2009-10-29,Lagos,27.0,23.1,24.4,93.0,8.9,100.0,4.17,rain,9.4,103.4,1011.3,73.9,,0.36,0.0,,
2009-10-30,Lagos,27.0,23.1,24.4,93.0,8.9,100.0,4.17,rain,9.4,103.4,1011.3,73.9,,0.36,0.0,,
2009-10-31,Lagos,27.0,23.1,24.4,93.0,8.9,100.0,4.17,rain,9.4,103.4,1011.3,73.9,,0.36,0.0,,
2009-11-01,Lagos,27.0,23.1,24.4,93.0,8.9,100.0,4.17,rain,9.4,103.4,1011.3,73.9,,0.36,0.0,,
2009-11-02,Lagos,27.0,23.1,24.4,93.0,8.9,100.0,4.17,rain,9.4,103.4,1011.3,73.9,,0.36,0.0,,
2009-11-03,Lagos,32.4,25.1,27.8,85.3,107.2,100.0,4.17,rain,14.8,236.7,1010.3,63.5,,0.52,1.0,,
2009-11-04,Lagos,32.4,25.1,27.8,85.3,107.2,100.0,4.17,rain,14.8,236.7,1010.3,63.5,,0.52,1.0,,
2009-11-05,Lagos,31.5,24.1,26.2,90.7,9.9,100.0,4.17,rain,20.5,267.1,1012.9,63.4,,0.59,0.0,,
2009-11-06,Lagos,31.5,24.1,26.2,90.7,9.9,100.0,4.17,rain,20.5,267.1,1012.9,63.4,,0.59,0.0,,
2009-11-07,Lagos,31.5,24.1,26.2,90.7,9.9,100.0,4.17,rain,20.5,267.1,1012.9,63.4,,0.59,0.0,,
2009-11-08,Lagos,31.5,24.1,26.2,90.7,9.9,100.0,4.17,rain,20.5,267.1,1012.9,63.4,,0.59,0.0,,
2009-11-09,Lagos,30.6,22.7,26.4,88.3,7.1,100.0,4.17,rain,11.2,236.5,1012.7,65.0,,0.75,0.0,,
2009-11-10,Lagos,31.1,22.5,25.6,84.8,5.9,100.0,4.17,rain,13.0,336.1,1011.9,64.4,,0.77,0.0,,
2009-11-11,Lagos,31.1,22.5,25.6,84.8,5.9,100.0,4.17,rain,13.0,336.1,1011.9,64.4,,0.77,0.0,,
2009-11-12,Lagos,31.1,22.5,25.6,84.8,5.9,100.0,4.17,rain,13.0,336.1,1011.9,64.4,,0.77,0.0,,
2009-11-13,Lagos,31.1,22.5,25.6,84.8,5.9,100.0,4.17,rain,13.0,336.1,1011.9,64.4,,0.77,0.0,,
2009-11-14,Lagos,31.1,22.5,25.6,84.8,5.9,100.0,4.17,rain,13.0,336.1,1011.9,64.4,,0.77,0.0,,
2009-11-15,Lagos,31.1,23.1,26.2,88.2,10.9,100.0,4.17,rain,13.0,252.6,1011.1,60.4,,0.95,0.0,,
2009-11-16,Lagos,31.1,23.1,26.2,88.2,10.9,100.0,4.17,rain,13.0,252.6,1011.1,60.4,,0.95,0.0,,
2009-11-17,Lagos,31.1,23.1,26.2,88.2,10.9,100.0,4.17,rain,13.0,252.6,1011.1,60.4,,0.95,0.0,,
2009-11-18,Lagos,31.1,23.1,26.2,88.2,10.9,100.0,4.17,rain,13.0,252.6,1011.1,60.4,,0.95,0.0,,
2009-11-19,Lagos,31.1,23.1,26.2,88.2,10.9,100.0,4.17,rain,13.0,252.6,1011.1,60.4,,0.95,0.0,,
2009-11-20,Lagos,31.1,23.1,26.2,88.2,10.9,100.0,4.17,rain,13.0,252.6,1011.1,60.4,,0.95,0.0,,
2009-11-21,Lagos,31.1,23.1,26.2,88.2,10.9,100.0,4.17,rain,13.0,252.6,1011.1,60.4,,0.95,0.0,,
2009-11-22,Lagos,31.1,23.1,26.2,88.2,10.9,100.0,4.17,rain,13.0,252.6,1011.1,60.4,,0.95,0.0,,
2009-11-23,Lagos,31.1,23.1,26.2,88.2,10.9,100.0,4.17,rain,13.0,252.6,1011.1,60.4,,0.95,0.0,,
2009-11-24,Lagos,31.1,23.1,26.2,88.2,10.9,100.0,4.17,rain,13.0,252.6,1011.1,60.4,,0.95,0.0,,
2009-11-25,Lagos,31.1,23.1,26.2,88.2,10.9,100.0,4.17,rain,13.0,252.6,1011.1,60.4,,0.95,0.0,,
2009-11-26,Lagos,31.1,23.1,26.2,88.2,10.9,100.0,4.17,rain,13.0,252.6,1011.1,60.4,,0.95,0.0,,
2009-11-27,Lagos,31.1,23.1,26.2,88.2,10.9,100.0,4.17,rain,13.0,252.6,1011.1,60.4,,0.95,0.0,,
2009-11-28,Lagos,31.1,23.1,26.2,88.2,10.9,100.0,4.17,rain,13.0,252.6,1011.1,60.4,,0.95,0.0,,
2009-11-29,Lagos,31.1,23.1,26.2,88.2,10.9,100.0,4.17,rain,13.0,252.6,1011.1,60.4,,0.95,0.0,,
2009-11-30,Lagos,31.1,23.1,26.2,88.2,10.9,100.0,4.17,rain,13.0,252.6,1011.1,60.4,,0.95,0.0,,
2009-12-01,Lagos,31.1,23.1,26.2,88.2,10.9,100.0,4.17,rain,13.0,252.6,1011.1,60.4,,0.95,0.0,,
2009-12-02,Lagos,31.1,23.1,26.2,88.2,10.9,100.0,4.17,rain,13.0,252.6,1011.1,60.4,,0.95,0.0,,
2009-12-03,Lagos,31.1,23.1,26.2,88.2,10.9,100.0,4.17,rain,13.0,252.6,1011.1,60.4,,0.95,0.0,,
2009-12-04,Lagos,31.1,23.1,26.2,88.2,10.9,100.0,4.17,rain,13.0,252.6,1011.1,60.4,,0.95,0.0,,
2009-12-05,Lagos,31.1,23.1,26.2,88.2,10.9,100.0,4.17,rain,13.0,252.6,1011.1,60.4,,0.95,0.0,,
2009-12-06,Lagos,31.1,23.1,26.2,88.2,10.9,100.0,4.17,rain,13.0,252.6,1011.1,60.4,,0.95,0.0,,
2009-12-07,Lagos,31.1,23.1,26.2,88.2,10.9,100.0,4.17,rain,13.0,252.6,1011.1,60.4,,0.95,0.0,,
2009-12-08,Lagos,31.1,23.1,26.2,88.2,10.9,100.0,4.17,rain,13.0,252.6,1011.1,60.4,,0.95,0.0,,
2009-12-09,Lagos,31.1,23.1,26.2,88.2,10.9,100.0,4.17,rain,13.0,252.6,1011.1,60.4,,0.95,0.0,,
2009-12-10,Lagos,31.1,23.1,26.2,88.2,10.9,100.0,4.17,rain,13.0,252.6,1011.1,60.4,,0.95,0.0,,
2009-12-11,Lagos,31.1,23.1,26.2,88.2,10.9,100.0,4.17,rain,13.0,252.6,1011.1,60.4,,0.95,0.0,,
2009-12-12,Lagos,31.1,23.1,26.2,88.2,10.9,100.0,4.17,rain,13.0,252.6,1011.1,60.4,,0.95,0.0,,
2009-12-13,Lagos,31.1,23.1,26.2,88.2,10.9,100.0,4.17,rain,13.0,252.6,1011.1,60.4,,0.95,0.0,,
2009-12-14,Lagos,31.1,23.1,26.2,88.2,10.9,100.0,4.17,rain,13.0,252.6,1011.1,60.4,,0.95,0.0,,
2009-12-15,Lagos,31.1,23.1,26.2,88.2,10.9,100.0,4.17,rain,13.0,252.6,1011.1,60.4,,0.95,0.0,,
2009-12-16,Lagos,31.1,23.1,26.2,88.2,10.9,100.0,4.17,rain,13.0,252.6,1011.1,60.4,,0.95,0.0,,
2009-12-17,Lagos,31.1,23.1,26.2,88.2,10.9,100.0,4.17,rain,13.0,252.6,1011.1,60.4,,0.95,0.0,,
2009-12-18,Lagos,31.1,23.1,26.2,88.2,10.9,100.0,4.17,rain,13.0,252.6,1011.1,60.4,,0.95,0.0,,
2009-12-19,Lagos,31.1,23.1,26.2,88.2,10.9,100.0,4.17,rain,13.0,252.6,1011.1,60.4,,0.95,0.0,,
2009-12-20,Lagos,31.1,23.1,26.2,88.2,10.9,100.0,4.17,rain,13.0,252.6,1011.1,60.4,,0.95,0.0,,
2009-12-21,Lagos,31.1,23.1,26.2,88.2,10.9,100.0,4.17,rain,13.0,252.6,1011.1,60.4,,0.95,0.0,,
2009-12-22,Lagos,31.1,23.1,26.2,88.2,10.9,100.0,4.17,rain,13.0,252.6,1011.1,60.4,,0.95,0.0,,
2009-12-23,Lagos,31.1,23.1,26.2,88.2,10.9,100.0,4.17,rain,13.0,252.6,1011.1,60.4,,0.95,0.0,,
2009-12-24,Lagos,31.1,23.1,26.2,88.2,10.9,100.0,4.17,rain,13.0,252.6,1011.1,60.4,,0.95,0.0,,
2009-12-25,Lagos,31.1,23.1,26.2,88.2,10.9,100.0,4.17,rain,13.0,252.6,1011.1,60.4,,0.95,0.0,,
2009-12-26,Lagos,31.1,23.1,26.2,88.2,10.9,100.0,4.17,rain,13.0,252.6,1011.1,60.4,,0.95,0.0,,
2009-12-27,Lagos,31.1,23.1,26.2,88.2,10.9,100.0,4.17,rain,13.0,252.6,1011.1,60.4,,0.95,0.0,,
2009-12-28,Lagos,31.1,23.1,26.2,88.2,10.9,100.0,4.17,rain,13.0,252.6,1011.1,60.4,,0.95,0.0,,
2009-12-29,Lagos,31.1,23.1,26.2,88.2,10.9,100.0,4.17,rain,13.0,252.6,1011.1,60.4,,0.95,0.0,,
2009-12-30,Lagos,31.1,23.1,26.2,88.2,10.9,100.0,4.17,rain,13.0,252.6,1011.1,60.4,,0.95,0.0,,
2009-12-31,Lagos,31.1,23.1,26.2,88.2,10.9,100.0,4.17,rain,13.0,252.6,1011.1,60.4,,0.95,0.0,,
2010-01-01,Lagos,31.1,23.1,26.2,88.2,10.9,100.0,4.17,rain,13.0,252.6,1011.1,60.4,,0.95,0.0,,
2010-01-02,Lagos,31.1,23.1,26.2,88.2,10.9,100.0,4.17,rain,13.0,252.6,1011.1,60.4,,0.95,0.0,,
2010-01-03,Lagos,31.1,23.1,26.2,88.2,10.9,100.0,4.17,rain,13.0,252.6,1011.1,60.4,,0.95,0.0,,
2010-01-04,Lagos,33.0,24.0,27.4,85.0,22.1,100.0,4.17,rain,14.8,242.6,1011.5,53.6,,0.63,0.0,,
2010-01-05,Lagos,33.0,24.0,27.4,85.0,22.1,100.0,4.17,rain,14.8,242.6,1011.5,53.6,,0.63,0.0,,
2010-01-06,Lagos,33.0,24.0,27.4,85.0,22.1,100.0,4.17,rain,14.8,242.6,1011.5,53.6,,0.63,0.0,,
2010-01-07,Lagos,33.0,24.0,27.4,85.0,22.1,100.0,4.17,rain,14.8,242.6,1011.5,53.6,,0.63,0.0,,
2010-01-08,Lagos,33.0,24.0,27.4,85.0,22.1,100.0,4.17,rain,14.8,242.6,1011.5,53.6,,0.63,0.0,,
2010-01-09,Lagos,33.0,24.0,27.4,85.0,22.1,100.0,4.17,rain,14.8,242.6,1011.5,53.6,,0.63,0.0,,
2010-01-10,Lagos,33.0,24.0,27.4,85.0,22.1,100.0,4.17,rain,14.8,242.6,1011.5,53.6,,0.63,0.0,,
2010-01-11,Lagos,33.0,24.0,27.4,85.0,22.1,100.0,4.17,rain,14.8,242.6,1011.5,53.6,,0.63,0.0,,
2010-01-12,Lagos,34.1,26.0,28.5,83.1,0.1,100.0,4.17,rain,33.5,254.5,1011.1,56.4,,0.9,0.0,,
2010-01-13,Lagos,34.0,25.0,28.7,81.8,0.5,100.0,16.67,rain,24.1,234.5,1011.3,56.0,,0.94,0.0,,
2010-01-14,Lagos,32.2,26.0,28.4,83.6,3.0,100.0,4.17,rain,29.5,252.2,1012.3,55.3,,0.97,0.0,,
2010-01-15,Lagos,28.3,23.1,25.4,91.7,11.9,100.0,4.17,rain,42.5,205.0,1013.7,67.5,,0.0,0.0,,
2010-01-16,Lagos,28.3,23.1,25.4,91.7,11.9,100.0,4.17,rain,42.5,205.0,1013.7,67.5,,0.0,0.0,,
2010-01-17,Lagos,28.3,23.1,25.4,91.7,11.9,100.0,4.17,rain,42.5,205.0,1013.7,67.5,,0.0,0.0,,
2010-01-18,Lagos,28.3,23.1,25.4,91.7,11.9,100.0,4.17,rain,42.5,205.0,1013.7,67.5,,0.0,0.0,,
2010-01-19,Lagos,28.3,23.1,25.4,91.7,11.9,100.0,4.17,rain,42.5,205.0,1013.7,67.5,,0.0,0.0,,
2010-01-20,Lagos,28.3,23.1,25.4,91.7,11.9,100.0,4.17,rain,42.5,205.0,1013.7,67.5,,0.0,0.0,,
2010-01-21,Lagos,28.3,23.1,25.4,91.7,11.9,100.0,4.17,rain,42.5,205.0,1013.7,67.5,,0.0,0.0,,
2010-01-22,Lagos,28.3,23.1,25.4,91.7,11.9,100.0,4.17,rain,42.5,205.0,1013.7,67.5,,0.0,0.0,,
2010-01-23,Lagos,28.3,23.1,25.4,91.7,11.9,100.0,4.17,rain,42.5,205.0,1013.7,67.5,,0.0,0.0,,
2010-01-24,Lagos,28.3,23.1,25.4,91.7,11.9,100.0,4.17,rain,42.5,205.0,1013.7,67.5,,0.0,0.0,,
2010-01-25,Lagos,28.3,23.1,25.4,91.7,11.9,100.0,4.17,rain,42.5,205.0,1013.7,67.5,,0.0,0.0,,
2010-01-26,Lagos,28.3,23.1,25.4,91.7,11.9,100.0,4.17,rain,42.5,205.0,1013.7,67.5,,0.0,0.0,,
2010-01-27,Lagos,28.3,23.1,25.4,91.7,11.9,100.0,4.17,rain,42.5,205.0,1013.7,67.5,,0.0,0.0,,
2010-01-28,Lagos,28.3,23.1,25.4,91.7,11.9,100.0,4.17,rain,42.5,205.0,1013.7,67.5,,0.0,0.0,,
2010-01-29,Lagos,28.3,23.1,25.4,91.7,11.9,100.0,4.17,rain,42.5,205.0,1013.7,67.5,,0.0,0.0,,
2010-01-30,Lagos,28.3,23.1,25.4,91.7,11.9,100.0,4.17,rain,42.5,205.0,1013.7,67.5,,0.0,0.0,,
2010-01-31,Lagos,28.3,23.1,25.4,91.7,11.9,100.0,4.17,rain,42.5,205.0,1013.7,67.5,,0.0,0.0,,
2010-02-01,Lagos,28.3,23.1,25.4,91.7,11.9,100.0,4.17,rain,42.5,205.0,1013.7,67.5,,0.0,0.0,,
2010-02-02,Lagos,28.3,23.1,25.4,91.7,11.9,100.0,4.17,rain,42.5,205.0,1013.7,67.5,,0.0,0.0,,
2010-02-03,Lagos,28.3,23.1,25.4,91.7,11.9,100.0,4.17,rain,42.5,205.0,1013.7,67.5,,0.0,0.0,,
2010-02-04,Lagos,28.3,23.1,25.4,91.7,11.9,100.0,4.17,rain,42.5,205.0,1013.7,67.5,,0.0,0.0,,
2010-02-05,Lagos,28.3,23.1,25.4,91.7,11.9,100.0,4.17,rain,42.5,205.0,1013.7,67.5,,0.0,0.0,,
2010-02-06,Lagos,28.3,23.1,25.4,91.7,11.9,100.0,4.17,rain,42.5,205.0,1013.7,67.5,,0.0,0.0,,
2010-02-07,Lagos,28.3,23.1,25.4,91.7,11.9,100.0,4.17,rain,42.5,205.0,1013.7,67.5,,0.0,0.0,,
2010-02-08,Lagos,28.3,23.1,25.4,91.7,11.9,100.0,4.17,rain,42.5,205.0,1013.7,67.5,,0.0,0.0,,
2010-02-09,Lagos,28.3,23.1,25.4,91.7,11.9,100.0,4.17,rain,42.5,205.0,1013.7,67.5,,0.0,0.0,,
2010-02-10,Lagos,28.3,23.1,25.4,91.7,11.9,100.0,4.17,rain,42.5,205.0,1013.7,67.5,,0.0,0.0,,
2010-02-11,Lagos,32.1,24.0,27.3,83.9,7.1,100.0,4.17,rain,39.8,217.0,1009.6,58.3,,0.91,0.0,,
2010-02-12,Lagos,33.0,24.0,27.9,83.4,0.3,100.0,4.17,rain,25.9,208.3,1009.5,56.8,,0.94,0.0,,
2010-02-13,Lagos,35.0,25.1,28.6,80.3,13.0,100.0,4.17,rain,44.3,164.0,1010.6,56.3,,0.98,0.0,,
2010-02-14,Lagos,34.1,24.0,27.7,74.6,10.9,100.0,4.17,rain,22.3,221.8,1010.0,45.9,,0.0,0.0,,
2010-02-15,Lagos,34.1,24.0,27.7,74.6,10.9,100.0,4.17,rain,22.3,221.8,1010.0,45.9,,0.0,0.0,,
2010-02-16,Lagos,34.1,24.0,27.7,74.6,10.9,100.0,4.17,rain,22.3,221.8,1010.0,45.9,,0.0,0.0,,
2010-02-17,Lagos,34.1,24.0,27.7,74.6,10.9,100.0,4.17,rain,22.3,221.8,1010.0,45.9,,0.0,0.0,,
2010-02-18,Lagos,34.1,24.0,27.7,74.6,10.9,100.0,4.17,rain,22.3,221.8,1010.0,45.9,,0.0,0.0,,
2010-02-19,Lagos,34.1,24.0,27.7,74.6,10.9,100.0,4.17,rain,22.3,221.8,1010.0,45.9,,0.0,0.0,,
2010-02-20,Lagos,34.1,24.0,27.7,74.6,10.9,100.0,4.17,rain,22.3,221.8,1010.0,45.9,,0.0,0.0,,
2010-02-21,Lagos,34.1,24.0,27.7,74.6,10.9,100.0,4.17,rain,22.3,221.8,1010.0,45.9,,0.0,0.0,,
2010-02-22,Lagos,34.1,24.0,27.7,74.6,10.9,100.0,4.17,rain,22.3,221.8,1010.0,45.9,,0.0,0.0,,
2010-02-23,Lagos,34.1,24.0,27.7,74.6,10.9,100.0,4.17,rain,22.3,221.8,1010.0,45.9,,0.0,0.0,,
2010-02-24,Lagos,34.1,24.0,27.7,74.6,10.9,100.0,4.17,rain,22.3,221.8,1010.0,45.9,,0.0,0.0,,
2010-02-25,Lagos,34.3,28.0,30.3,77.4,0.1,100.0,4.17,rain,24.5,211.5,1009.5,76.2,,0.39,0.0,,
2010-02-26,Lagos,35.1,28.0,30.5,76.3,0.1,100.0,4.17,rain,29.5,216.7,1009.7,52.7,,0.42,0.0,,
2010-02-27,Lagos,35.1,28.0,30.4,76.7,0.1,100.0,4.17,rain,30.9,217.2,1010.4,57.8,,0.46,0.0,,
2010-02-28,Lagos,35.1,28.0,30.4,76.7,0.1,100.0,4.17,rain,30.9,217.2,1010.4,57.8,,0.46,0.0,,
2010-03-01,Lagos,34.0,25.0,28.6,82.1,9.9,100.0,4.17,rain,14.8,209.1,1011.9,56.4,,0.53,0.0,,
2010-03-02,Lagos,34.0,25.0,28.6,82.1,9.9,100.0,4.17,rain,14.8,209.1,1011.9,56.4,,0.53,0.0,,
2010-03-03,Lagos,34.0,25.0,28.6,82.1,9.9,100.0,4.17,rain,14.8,209.1,1011.9,56.4,,0.53,0.0,,
2010-03-04,Lagos,34.0,25.0,28.6,82.1,9.9,100.0,4.17,rain,14.8,209.1,1011.9,56.4,,0.53,0.0,,
2010-03-05,Lagos,34.6,27.0,30.1,80.0,0.5,100.0,4.17,rain,22.3,213.4,1010.4,62.3,,0.66,0.0,,
2010-03-06,Lagos,33.6,24.0,28.9,78.3,2.0,100.0,4.17,rain,31.3,199.9,1010.6,45.2,,0.69,0.0,,
2010-03-07,Lagos,33.6,24.0,28.9,78.3,2.0,100.0,4.17,rain,31.3,199.9,1010.6,45.2,,0.69,0.0,,
2010-03-08,Lagos,33.6,24.0,28.9,78.3,2.0,100.0,4.17,rain,31.3,199.9,1010.6,45.2,,0.69,0.0,,
2010-03-09,Lagos,33.0,23.6,29.1,80.6,3.0,100.0,4.17,rain,38.9,203.7,1010.5,70.7,,0.79,0.0,,
2010-03-10,Lagos,33.0,23.0,27.6,78.8,3.0,100.0,4.17,rain,14.8,209.5,1010.5,48.1,,0.82,0.0,,
2010-03-11,Lagos,34.0,26.0,28.8,83.0,19.1,100.0,4.17,rain,16.6,221.1,1011.3,60.0,,0.85,0.0,,
2010-03-12,Lagos,32.0,26.8,29.2,77.5,0.1,100.0,4.17,rain,16.6,200.3,1011.2,51.9,,0.89,0.0,,
2010-03-13,Lagos,33.1,27.1,30.1,77.2,1.4,100.0,37.5,rain,35.3,211.3,1010.8,67.5,,0.92,0.0,,
2010-03-14,Lagos,33.1,27.1,30.1,77.2,1.4,100.0,37.5,rain,35.3,211.3,1010.8,67.5,,0.92,0.0,,
2010-03-15,Lagos,33.1,27.1,30.1,77.2,1.4,100.0,37.5,rain,35.3,211.3,1010.8,67.5,,0.92,0.0,,
2010-03-16,Lagos,33.1,27.1,30.1,77.2,1.4,100.0,37.5,rain,35.3,211.3,1010.8,67.5,,0.92,0.0,,
2010-03-17,Lagos,33.1,27.1,30.1,77.2,1.4,100.0,37.5,rain,35.3,211.3,1010.8,67.5,,0.92,0.0,,
2010-03-18,Lagos,33.1,27.1,30.1,77.2,1.4,100.0,37.5,rain,35.3,211.3,1010.8,67.5,,0.92,0.0,,
2010-03-19,Lagos,34.0,24.3,28.6,79.1,4.1,100.0,4.17,rain,51.8,196.7,1012.1,64.5,,0.13,0.0,,
2010-03-20,Lagos,32.0,24.0,27.9,79.2,0.1,100.0,4.17,rain,13.0,270.8,1012.0,55.1,,0.16,0.0,,
2010-03-21,Lagos,32.0,24.0,27.9,79.2,0.1,100.0,4.17,rain,13.0,270.8,1012.0,55.1,,0.16,0.0,,
2010-03-22,Lagos,32.0,24.0,27.9,79.2,0.1,100.0,4.17,rain,13.0,270.8,1012.0,55.1,,0.16,0.0,,
2010-03-23,Lagos,32.0,24.0,27.9,79.2,0.1,100.0,4.17,rain,13.0,270.8,1012.0,55.1,,0.16,0.0,,
2010-03-24,Lagos,32.0,24.0,27.9,79.2,0.1,100.0,4.17,rain,13.0,270.8,1012.0,55.1,,0.16,0.0,,
2010-03-25,Lagos,32.0,24.0,27.9,79.2,0.1,100.0,4.17,rain,13.0,270.8,1012.0,55.1,,0.16,0.0,,
2010-03-26,Lagos,32.0,24.0,27.9,79.2,0.1,100.0,4.17,rain,13.0,270.8,1012.0,55.1,,0.16,0.0,,
2010-03-27,Lagos,34.3,27.7,30.3,76.8,0.3,100.0,4.17,rain,14.8,201.3,1011.2,50.1,,0.41,0.0,,
2010-03-28,Lagos,32.1,23.9,29.1,80.7,32.0,100.0,4.17,rain,20.5,226.6,1011.3,39.5,,0.44,1.0,,
2010-03-29,Lagos,32.2,26.1,29.0,82.3,2.0,100.0,4.17,rain,19.1,213.6,1010.9,55.6,,0.48,0.0,,
2010-03-30,Lagos,33.3,27.0,29.1,81.7,3.0,100.0,4.17,rain,22.3,223.0,1011.0,65.1,,0.5,0.0,,
2010-03-31,Lagos,34.0,26.0,29.4,80.9,0.2,100.0,8.33,rain,14.8,211.6,1010.2,49.2,,0.54,0.0,,
2010-04-01,Lagos,34.0,23.1,29.8,79.1,0.2,100.0,4.17,rain,55.4,197.1,1009.6,54.2,,0.58,0.0,,
2010-04-02,Lagos,34.0,23.0,28.3,77.7,17.0,100.0,4.17,rain,18.7,219.3,1008.9,48.8,,0.61,0.0,,
2010-04-03,Lagos,34.0,23.0,28.3,77.7,17.0,100.0,4.17,rain,18.7,219.3,1008.9,48.8,,0.61,0.0,,
2010-04-04,Lagos,34.0,23.0,28.3,77.7,17.0,100.0,4.17,rain,18.7,219.3,1008.9,48.8,,0.61,0.0,,
2010-04-05,Lagos,34.1,27.2,30.0,79.6,0.2,100.0,4.17,rain,20.5,203.9,1009.6,57.7,,0.71,0.0,,
2010-04-06,Lagos,35.0,25.2,29.7,71.0,1.0,100.0,4.17,rain,18.4,231.9,1009.5,48.7,,0.75,0.0,,
2010-04-07,Lagos,35.0,25.2,29.7,71.0,1.0,100.0,4.17,rain,18.4,231.9,1009.5,48.7,,0.75,0.0,,
2010-04-08,Lagos,33.4,23.1,28.2,80.1,2.0,100.0,4.17,rain,18.4,192.2,1009.4,46.4,,0.8,0.0,,
2010-04-09,Lagos,33.4,23.1,28.2,80.1,2.0,100.0,4.17,rain,18.4,192.2,1009.4,46.4,,0.8,0.0,,
2010-04-10,Lagos,33.4,23.1,28.2,80.1,2.0,100.0,4.17,rain,18.4,192.2,1009.4,46.4,,0.8,0.0,,
2010-04-11,Lagos,33.4,23.1,28.2,80.1,2.0,100.0,4.17,rain,18.4,192.2,1009.4,46.4,,0.8,0.0,,
2010-04-12,Lagos,33.4,23.1,28.2,80.1,2.0,100.0,4.17,rain,18.4,192.2,1009.4,46.4,,0.8,0.0,,
2010-04-13,Lagos,34.0,28.0,30.2,78.1,0.1,100.0,4.17,rain,22.2,203.2,1009.7,58.1,,0.97,0.0,,
2010-04-14,Lagos,34.0,28.0,30.2,78.1,0.1,100.0,4.17,rain,22.2,203.2,1009.7,58.1,,0.97,0.0,,
2010-04-15,Lagos,33.0,27.0,28.8,82.7,230.1,100.0,4.17,rain,18.4,227.6,1010.2,56.7,,0.03,1.0,,
2010-04-16,Lagos,33.0,27.0,28.8,82.7,230.1,100.0,4.17,rain,18.4,227.6,1010.2,56.7,,0.03,1.0,,
2010-04-17,Lagos,32.3,23.0,27.7,84.7,38.1,100.0,4.17,rain,58.5,196.1,1011.5,55.2,,0.1,1.0,,
2010-04-18,Lagos,32.3,23.0,27.7,84.7,38.1,100.0,4.17,rain,58.5,196.1,1011.5,55.2,,0.1,1.0,,
2010-04-19,Lagos,32.3,23.0,27.7,84.7,38.1,100.0,4.17,rain,58.5,196.1,1011.5,55.2,,0.1,1.0,,
2010-04-20,Lagos,32.3,23.0,27.7,84.7,38.1,100.0,4.17,rain,58.5,196.1,1011.5,55.2,,0.1,1.0,,
2010-04-21,Lagos,32.5,28.0,29.7,79.6,0.2,100.0,4.17,rain,33.5,246.6,1011.0,62.5,,0.25,0.0,,
2010-04-22,Lagos,33.1,26.0,28.6,82.1,0.3,100.0,4.17,rain,37.1,238.1,1011.7,58.2,,0.28,0.0,,
2010-04-23,Lagos,32.7,25.8,29.3,79.4,0.4,100.0,4.17,rain,27.7,227.1,1011.9,63.2,,0.32,0.0,,
2010-04-24,Lagos,28.1,22.2,25.5,89.5,32.0,100.0,4.17,rain,43.7,6.8,1012.6,55.5,,0.36,1.0,,
2010-04-25,Lagos,28.1,22.2,25.5,89.5,32.0,100.0,4.17,rain,43.7,6.8,1012.6,55.5,,0.36,1.0,,
2010-04-26,Lagos,32.7,23.0,27.8,83.8,0.1,100.0,4.17,rain,55.4,159.8,1010.6,63.2,,0.43,0.0,,
2010-04-27,Lagos,32.9,23.7,27.3,84.1,3.0,100.0,4.17,rain,16.6,301.3,1010.9,74.2,,0.46,0.0,,
2010-04-28,Lagos,32.9,23.7,27.3,84.1,3.0,100.0,4.17,rain,16.6,301.3,1010.9,74.2,,0.46,0.0,,
2010-04-29,Lagos,32.9,23.7,27.3,84.1,3.0,100.0,4.17,rain,16.6,301.3,1010.9,74.2,,0.46,0.0,,
2010-04-30,Lagos,33.0,26.8,29.2,79.1,0.1,100.0,4.17,rain,20.5,194.8,1011.1,63.7,,0.56,0.0,,
2010-05-01,Lagos,32.1,26.0,28.9,81.2,3.0,100.0,4.17,rain,27.5,243.5,1011.4,56.6,,0.59,0.0,,
2010-05-02,Lagos,28.1,23.0,25.2,93.3,57.1,100.0,8.33,rain,51.8,80.5,1012.3,44.4,,0.63,1.0,,
2010-05-03,Lagos,28.1,23.0,25.2,93.3,57.1,100.0,8.33,rain,51.8,80.5,1012.3,44.4,,0.63,1.0,,
2010-05-04,Lagos,33.0,25.8,28.8,80.6,0.4,100.0,4.17,rain,27.7,237.4,1010.9,58.6,,0.69,0.0,,
2010-05-05,Lagos,33.0,25.8,28.8,80.6,0.4,100.0,4.17,rain,27.7,237.4,1010.9,58.6,,0.69,0.0,,
2010-05-06,Lagos,33.0,25.8,28.8,80.6,0.4,100.0,4.17,rain,27.7,237.4,1010.9,58.6,,0.69,0.0,,
2010-05-07,Lagos,32.0,25.9,28.0,80.6,1.2,100.0,4.17,rain,16.6,323.7,1011.6,62.8,,0.79,0.0,,
2010-05-08,Lagos,32.0,25.9,28.0,80.6,1.2,100.0,4.17,rain,16.6,323.7,1011.6,62.8,,0.79,0.0,,
2010-05-09,Lagos,32.0,25.9,28.0,80.6,1.2,100.0,4.17,rain,16.6,323.7,1011.6,62.8,,0.79,0.0,,
2010-05-10,Lagos,33.1,26.0,28.9,80.8,2.0,100.0,4.17,rain,22.3,171.2,1011.5,62.8,,0.88,0.0,,
2010-05-11,Lagos,33.1,26.0,28.9,80.8,2.0,100.0,4.17,rain,22.3,171.2,1011.5,62.8,,0.88,0.0,,
2010-05-12,Lagos,33.1,26.0,28.9,80.8,2.0,100.0,4.17,rain,22.3,171.2,1011.5,62.8,,0.88,0.0,,
2010-05-13,Lagos,33.1,26.0,28.9,80.8,2.0,100.0,4.17,rain,22.3,171.2,1011.5,62.8,,0.88,0.0,,
2010-05-14,Lagos,32.3,26.0,28.6,82.1,0.5,100.0,4.17,rain,25.9,203.2,1012.5,72.1,,0.0,0.0,,
2010-05-15,Lagos,32.3,26.0,28.6,82.1,0.5,100.0,4.17,rain,25.9,203.2,1012.5,72.1,,0.0,0.0,,
2010-05-16,Lagos,33.0,27.0,29.3,79.6,7.1,100.0,4.17,rain,18.3,200.1,1012.1,56.1,,0.09,0.0,,
2010-05-17,Lagos,30.0,23.0,26.9,87.2,2.0,100.0,4.17,rain,22.3,173.3,1011.5,66.4,,0.12,0.0,,
2010-05-18,Lagos,30.0,23.0,26.9,87.2,2.0,100.0,4.17,rain,22.3,173.3,1011.5,66.4,,0.12,0.0,,
2010-05-19,Lagos,30.0,23.0,26.9,87.2,2.0,100.0,4.17,rain,22.3,173.3,1011.5,66.4,,0.12,0.0,,
2010-05-20,Lagos,32.0,24.0,27.1,85.8,4.1,100.0,4.17,rain,64.8,93.8,1010.8,76.0,,0.23,0.0,,
2010-05-21,Lagos,30.0,23.7,26.6,84.2,0.1,100.0,4.17,rain,9.4,294.6,1012.2,59.8,,0.25,0.0,,
2010-05-22,Lagos,30.0,23.7,26.6,84.2,0.1,100.0,4.17,rain,9.4,294.6,1012.2,59.8,,0.25,0.0,,
2010-05-23,Lagos,32.2,26.1,28.5,83.3,0.1,100.0,4.17,rain,16.6,217.6,1011.7,61.6,,0.34,0.0,,
2010-05-24,Lagos,33.1,26.1,29.2,79.6,0.1,100.0,4.17,rain,16.6,218.4,1011.1,55.9,,0.37,0.0,,
2010-05-25,Lagos,32.9,26.8,29.1,81.5,0.1,100.0,4.17,rain,14.8,199.7,1010.8,56.1,,0.41,0.0,,
2010-05-26,Lagos,32.9,26.8,29.1,81.5,0.1,100.0,4.17,rain,14.8,199.7,1010.8,56.1,,0.41,0.0,,
2010-05-27,Lagos,32.9,26.8,29.1,81.5,0.1,100.0,4.17,rain,14.8,199.7,1010.8,56.1,,0.41,0.0,,
2010-05-28,Lagos,32.9,26.8,29.1,81.5,0.1,100.0,4.17,rain,14.8,199.7,1010.8,56.1,,0.41,0.0,,
2010-05-29,Lagos,31.0,24.0,27.1,82.5,2.0,100.0,4.17,rain,51.8,115.2,1012.2,63.9,,0.55,0.0,,
2010-05-30,Lagos,31.0,24.0,27.1,82.5,2.0,100.0,4.17,rain,51.8,115.2,1012.2,63.9,,0.55,0.0,,
2010-05-31,Lagos,30.0,23.5,26.6,87.6,5.1,100.0,4.17,rain,27.7,207.3,1013.6,67.5,,0.61,0.0,,
2010-06-01,Lagos,32.0,23.0,26.7,85.6,60.9,100.0,8.33,rain,11.2,230.1,1014.1,60.6,,0.64,1.0,,
2010-06-02,Lagos,29.1,24.0,26.5,89.7,0.7,100.0,4.17,rain,16.6,169.1,1014.7,45.8,,0.68,0.0,,
2010-06-03,Lagos,29.3,23.9,26.2,89.3,59.9,100.0,12.5,rain,15.5,202.0,1014.6,70.8,,0.71,1.0,,
2010-06-04,Lagos,27.5,23.8,24.8,95.0,59.0,100.0,8.33,rain,25.9,215.3,1015.3,62.2,,0.75,1.0,,
2010-06-05,Lagos,27.5,23.8,24.8,95.0,59.0,100.0,8.33,rain,25.9,215.3,1015.3,62.2,,0.75,1.0,,
2010-06-06,Lagos,31.7,25.0,27.2,86.9,0.3,100.0,12.5,rain,13.3,212.2,1015.3,64.8,,0.81,0.0,,
2010-06-07,Lagos,31.1,27.2,28.0,81.4,2.4,100.0,83.33,rain,22.3,193.3,1013.9,81.4,,0.84,0.0,,
2010-06-08,Lagos,28.6,25.1,27.9,83.4,2.4,100.0,75.0,rain,18.7,203.3,1013.1,62.7,,0.87,0.0,,
2010-06-09,Lagos,28.3,24.7,27.3,85.3,3.4,100.0,66.67,rain,20.9,220.2,1014.9,76.9,,0.9,0.0,,
2010-06-10,Lagos,30.7,23.8,26.5,86.5,2.0,100.0,4.17,rain,15.1,265.8,1014.5,65.5,,0.94,0.0,,
2010-06-11,Lagos,31.1,24.1,27.3,86.3,2.8,100.0,41.67,rain,13.0,255.2,1015.1,62.4,,0.97,0.0,,
2010-06-12,Lagos,31.9,25.0,28.0,84.3,1.8,100.0,37.5,rain,22.3,213.6,1013.6,64.0,,0.0,0.0,,
2010-06-13,Lagos,30.9,26.1,27.9,86.6,3.1,100.0,54.17,rain,23.4,204.8,1013.0,86.7,,0.04,0.0,,
2010-06-14,Lagos,28.2,25.1,27.1,89.3,16.0,100.0,4.17,rain,23.4,219.6,1013.5,72.3,,0.07,0.0,,
2010-06-15,Lagos,27.8,25.1,26.7,89.3,4.7,100.0,50.0,rain,21.2,240.2,1014.3,65.8,,0.11,0.0,,
2010-06-16,Lagos,28.1,24.0,26.6,87.1,5.1,100.0,62.5,rain,24.8,228.4,1014.9,76.5,,0.14,0.0,,
2010-06-17,Lagos,30.1,24.1,27.5,84.9,2.8,100.0,45.83,rain,22.7,236.8,1014.3,72.8,,0.18,0.0,,
2010-06-18,Lagos,30.6,25.0,27.8,83.2,4.1,100.0,54.17,rain,25.9,224.1,1013.0,72.5,,0.21,0.0,,
2010-06-19,Lagos,30.1,25.1,27.2,87.3,1.6,100.0,41.67,rain,27.7,218.6,1011.8,72.8,,0.25,0.0,,
2010-06-20,Lagos,27.7,26.0,27.3,84.0,6.2,100.0,79.17,rain,19.8,202.4,1012.0,79.1,,0.29,0.0,,
2010-06-21,Lagos,27.6,27.1,27.3,85.9,17.1,100.0,100.0,rain,18.7,224.1,1012.0,87.9,,0.32,0.0,,
2010-06-22,Lagos,28.2,27.5,27.9,83.3,13.6,100.0,100.0,rain,18.4,243.0,1012.0,82.7,,0.36,0.0,,
2010-06-23,Lagos,30.1,23.7,27.4,87.5,2.0,100.0,4.17,rain,33.5,226.1,1011.5,81.1,,0.39,0.0,,
2010-06-24,Lagos,30.9,22.1,26.9,85.3,28.4,100.0,70.83,rain,25.6,225.2,1012.3,67.4,,0.43,0.0,,
2010-06-25,Lagos,28.1,24.1,26.5,86.4,12.6,100.0,75.0,rain,24.5,245.6,1013.4,80.5,,0.46,0.0,,
2010-06-26,Lagos,27.2,23.7,26.5,85.0,6.1,100.0,62.5,rain,28.1,256.0,1013.4,83.5,,0.5,0.0,,
2010-06-27,Lagos,28.1,25.0,26.9,83.9,1.0,100.0,25.0,rain,17.3,240.5,1015.7,71.3,,0.53,0.0,,
2010-06-28,Lagos,28.0,26.0,27.1,81.6,0.6,100.0,25.0,rain,18.4,235.8,1015.0,67.1,,0.56,0.0,,
2010-06-29,Lagos,31.0,26.0,28.0,80.7,1.1,100.0,29.17,rain,33.5,245.3,1013.3,65.0,,0.6,0.0,,
2010-06-30,Lagos,31.0,26.0,28.0,80.7,1.1,100.0,29.17,rain,33.5,245.3,1013.3,65.0,,0.6,0.0,,
2010-07-01,Lagos,28.1,22.0,25.4,89.5,18.0,100.0,4.17,rain,27.7,255.4,1013.3,55.0,,0.66,0.0,,
2010-07-02,Lagos,30.1,22.9,25.7,83.4,2.0,100.0,4.17,rain,29.1,252.7,1013.8,66.7,,0.69,0.0,,
2010-07-03,Lagos,31.0,24.0,26.7,83.0,0.3,100.0,8.33,rain,25.9,247.5,1013.4,58.3,,0.73,0.0,,
2010-07-04,Lagos,29.1,22.0,25.7,86.4,18.0,100.0,4.17,rain,44.3,290.7,1014.1,63.2,,0.75,0.0,,
2010-07-05,Lagos,30.0,24.0,26.4,85.4,6.1,100.0,4.17,rain,27.4,254.4,1013.9,55.3,,0.79,0.0,,
2010-07-06,Lagos,30.0,24.0,26.4,87.2,5.1,100.0,4.17,rain,34.8,250.3,1013.0,66.9,,0.83,0.0,,
2010-07-07,Lagos,26.2,24.0,24.6,94.2,18.3,100.0,12.5,rain,22.3,274.7,1013.6,68.3,,0.86,0.0,,
2010-07-08,Lagos,30.1,23.0,26.1,89.6,7.9,100.0,4.17,rain,26.9,244.5,1014.4,60.1,,0.89,0.0,,
2010-07-09,Lagos,30.1,23.0,26.1,89.6,7.9,100.0,4.17,rain,26.9,244.5,1014.4,60.1,,0.89,0.0,,
2010-07-10,Lagos,28.0,23.0,25.4,90.5,51.8,100.0,8.33,rain,35.3,255.1,1014.0,65.1,,0.96,1.0,,
2010-07-11,Lagos,30.0,24.0,26.2,86.9,0.5,100.0,4.17,rain,18.4,253.4,1014.5,66.0,,0.0,0.0,,
2010-07-12,Lagos,30.0,24.0,26.3,85.8,0.3,100.0,12.5,rain,27.7,246.8,1014.0,53.3,,0.02,0.0,,
2010-07-13,Lagos,28.3,24.0,25.8,86.6,0.7,100.0,16.67,rain,25.9,249.4,1013.1,67.6,,0.06,0.0,,
2010-07-14,Lagos,29.0,23.1,25.9,86.8,1.1,100.0,8.33,rain,33.5,251.3,1013.2,63.8,,0.09,0.0,,
2010-07-15,Lagos,47.0,22.2,25.5,88.1,7.9,100.0,4.17,rain,27.7,246.2,1013.1,56.1,,0.13,0.0,,
2010-07-16,Lagos,28.0,22.2,25.0,90.1,5.1,100.0,8.33,rain,33.5,248.1,1013.0,76.4,,0.16,0.0,,
2010-07-17,Lagos,28.0,22.2,25.0,90.1,5.1,100.0,8.33,rain,33.5,248.1,1013.0,76.4,,0.16,0.0,,
2010-07-18,Lagos,28.0,22.2,25.0,90.1,5.1,100.0,8.33,rain,33.5,248.1,1013.0,76.4,,0.16,0.0,,
2010-07-19,Lagos,28.0,22.2,25.0,90.1,5.1,100.0,8.33,rain,33.5,248.1,1013.0,76.4,,0.16,0.0,,
2010-07-20,Lagos,28.0,22.2,25.0,90.1,5.1,100.0,8.33,rain,33.5,248.1,1013.0,76.4,,0.16,0.0,,
2010-07-21,Lagos,28.0,22.2,25.0,90.1,5.1,100.0,8.33,rain,33.5,248.1,1013.0,76.4,,0.16,0.0,,
2010-07-22,Lagos,28.0,22.2,25.0,90.1,5.1,100.0,8.33,rain,33.5,248.1,1013.0,76.4,,0.16,0.0,,
2010-07-23,Lagos,28.0,22.2,25.0,90.1,5.1,100.0,8.33,rain,33.5,248.1,1013.0,76.4,,0.16,0.0,,
2010-07-24,Lagos,28.0,22.2,25.0,90.1,5.1,100.0,8.33,rain,33.5,248.1,1013.0,76.4,,0.16,0.0,,
2010-07-25,Lagos,28.0,22.2,25.0,90.1,5.1,100.0,8.33,rain,33.5,248.1,1013.0,76.4,,0.16,0.0,,
2010-07-26,Lagos,28.0,22.2,25.0,90.1,5.1,100.0,8.33,rain,33.5,248.1,1013.0,76.4,,0.16,0.0,,
2010-07-27,Lagos,28.0,24.0,25.6,86.1,0.1,100.0,4.17,rain,34.8,247.3,1015.0,66.9,,0.55,0.0,,
2010-07-28,Lagos,30.0,24.0,26.3,84.2,0.1,100.0,4.17,rain,33.5,249.0,1016.1,70.4,,0.58,0.0,,
2010-07-29,Lagos,28.9,23.0,25.6,83.2,0.1,100.0,4.17,rain,33.5,255.2,1014.7,64.4,,0.61,0.0,,
2010-07-30,Lagos,28.9,23.0,25.6,83.2,0.1,100.0,4.17,rain,33.5,255.2,1014.7,64.4,,0.61,0.0,,
2010-07-31,Lagos,28.9,23.0,25.6,83.2,0.1,100.0,4.17,rain,33.5,255.2,1014.7,64.4,,0.61,0.0,,
2010-08-01,Lagos,28.9,23.0,25.6,83.2,0.1,100.0,4.17,rain,33.5,255.2,1014.7,64.4,,0.61,0.0,,
2010-08-02,Lagos,28.9,23.0,25.6,83.2,0.1,100.0,4.17,rain,33.5,255.2,1014.7,64.4,,0.61,0.0,,
2010-08-03,Lagos,28.9,23.0,25.6,83.2,0.1,100.0,4.17,rain,33.5,255.2,1014.7,64.4,,0.61,0.0,,
2010-08-04,Lagos,28.9,23.0,25.6,83.2,0.1,100.0,4.17,rain,33.5,255.2,1014.7,64.4,,0.61,0.0,,
2010-08-05,Lagos,28.9,23.0,25.6,83.2,0.1,100.0,4.17,rain,33.5,255.2,1014.7,64.4,,0.61,0.0,,
2010-08-06,Lagos,28.9,23.0,25.6,83.2,0.1,100.0,4.17,rain,33.5,255.2,1014.7,64.4,,0.61,0.0,,
2010-08-07,Lagos,26.6,24.0,25.3,89.9,24.1,100.0,8.33,rain,25.9,253.3,1014.6,79.9,,0.91,0.0,,
2010-08-08,Lagos,26.2,24.0,25.0,93.4,29.0,100.0,8.33,rain,31.3,254.6,1014.9,75.4,,0.94,0.0,,
2010-08-09,Lagos,27.1,23.7,25.4,89.0,0.5,100.0,4.17,rain,18.4,275.1,1015.3,71.8,,0.98,0.0,,
2010-08-10,Lagos,28.0,24.0,25.7,87.3,0.1,100.0,4.17,rain,27.7,256.6,1014.0,62.1,,0.0,0.0,,
2010-08-11,Lagos,27.5,24.8,25.6,89.2,2.0,100.0,4.17,rain,37.1,249.4,1013.9,73.0,,0.05,0.0,,
2010-08-12,Lagos,27.3,23.9,25.2,91.1,7.9,100.0,8.33,rain,27.7,246.2,1015.1,85.6,,0.08,0.0,,
2010-08-13,Lagos,27.8,23.5,25.2,87.4,4.6,100.0,8.33,rain,31.3,265.8,1014.6,71.8,,0.11,0.0,,
2010-08-14,Lagos,27.0,24.0,25.1,88.9,27.9,100.0,8.33,rain,27.7,246.3,1014.3,67.9,,0.15,0.0,,
2010-08-15,Lagos,27.0,24.0,25.1,88.9,27.9,100.0,8.33,rain,27.7,246.3,1014.3,67.9,,0.15,0.0,,
2010-08-16,Lagos,27.0,24.0,25.1,88.9,27.9,100.0,8.33,rain,27.7,246.3,1014.3,67.9,,0.15,0.0,,
2010-08-17,Lagos,27.4,22.0,24.6,87.3,24.1,100.0,8.33,rain,27.7,245.8,1014.0,65.2,,0.25,0.0,,
2010-08-18,Lagos,27.4,22.0,24.6,87.3,24.1,100.0,8.33,rain,27.7,245.8,1014.0,65.2,,0.25,0.0,,
2010-08-19,Lagos,27.4,22.0,24.6,87.3,24.1,100.0,8.33,rain,27.7,245.8,1014.0,65.2,,0.25,0.0,,
2010-08-20,Lagos,27.0,24.0,24.8,91.2,59.9,100.0,8.33,rain,33.5,256.0,1013.8,72.0,,0.35,1.0,,
2010-08-21,Lagos,27.0,24.0,24.8,91.2,59.9,100.0,8.33,rain,33.5,256.0,1013.8,72.0,,0.35,1.0,,
2010-08-22,Lagos,28.0,24.0,25.3,88.9,2.0,100.0,4.17,rain,33.1,256.3,1015.2,68.9,,0.42,0.0,,
2010-08-23,Lagos,28.0,24.0,25.3,88.9,2.0,100.0,4.17,rain,33.1,256.3,1015.2,68.9,,0.42,0.0,,
2010-08-24,Lagos,27.8,24.0,25.6,86.9,0.4,100.0,4.17,rain,33.1,265.0,1014.3,66.9,,0.5,0.0,,
2010-08-25,Lagos,26.3,24.0,25.0,91.9,1.0,100.0,4.17,rain,26.6,253.7,1015.0,72.2,,0.53,0.0,,
2010-08-26,Lagos,26.3,24.0,25.0,91.9,1.0,100.0,4.17,rain,26.6,253.7,1015.0,72.2,,0.53,0.0,,
2010-08-27,Lagos,26.3,24.0,25.0,91.9,1.0,100.0,4.17,rain,26.6,253.7,1015.0,72.2,,0.53,0.0,,
2010-08-28,Lagos,26.3,24.0,25.0,91.9,1.0,100.0,4.17,rain,26.6,253.7,1015.0,72.2,,0.53,0.0,,
2010-08-29,Lagos,26.3,24.0,25.0,91.9,1.0,100.0,4.17,rain,26.6,253.7,1015.0,72.2,,0.53,0.0,,
2010-08-30,Lagos,26.3,24.0,25.0,91.9,1.0,100.0,4.17,rain,26.6,253.7,1015.0,72.2,,0.53,0.0,,
2010-08-31,Lagos,29.0,24.0,26.2,86.6,0.1,100.0,4.17,rain,33.3,247.3,1013.3,82.5,,0.73,0.0,,
2010-09-01,Lagos,29.0,24.0,26.2,86.6,0.1,100.0,4.17,rain,33.3,247.3,1013.3,82.5,,0.73,0.0,,
2010-09-02,Lagos,29.0,24.0,26.2,86.6,0.1,100.0,4.17,rain,33.3,247.3,1013.3,82.5,,0.73,0.0,,
2010-09-03,Lagos,29.0,24.0,26.2,86.6,0.1,100.0,4.17,rain,33.3,247.3,1013.3,82.5,,0.73,0.0,,
2010-09-04,Lagos,27.0,23.9,25.1,90.9,18.0,100.0,12.5,rain,24.1,248.6,1012.8,72.8,,0.86,0.0,,
2010-09-05,Lagos,28.0,24.7,26.0,87.0,0.8,100.0,4.17,rain,38.9,258.8,1013.3,75.6,,0.9,0.0,,
2010-09-06,Lagos,28.0,24.7,26.0,87.0,0.8,100.0,4.17,rain,38.9,258.8,1013.3,75.6,,0.9,0.0,,
2010-09-07,Lagos,29.0,23.1,25.4,89.0,2.0,100.0,4.17,rain,27.7,265.4,1014.3,69.2,,0.97,0.0,,
2010-09-08,Lagos,28.0,22.0,24.8,89.8,105.2,100.0,8.33,rain,27.7,258.4,1014.2,74.1,,0.0,1.0,,
2010-09-09,Lagos,28.0,24.0,26.0,86.1,1.0,100.0,4.17,rain,27.7,255.5,1014.7,70.1,,0.03,0.0,,
2010-09-10,Lagos,29.0,24.0,25.5,89.0,41.9,100.0,8.33,rain,32.8,266.1,1014.1,62.7,,0.07,1.0,,
2010-09-11,Lagos,29.6,23.0,25.4,89.4,1.0,100.0,4.17,rain,37.1,255.0,1013.2,71.0,,0.1,0.0,,
2010-09-12,Lagos,29.6,23.0,25.4,89.4,1.0,100.0,4.17,rain,37.1,255.0,1013.2,71.0,,0.1,0.0,,
2010-09-13,Lagos,29.6,23.0,25.4,89.4,1.0,100.0,4.17,rain,37.1,255.0,1013.2,71.0,,0.1,0.0,,
2010-09-14,Lagos,29.5,24.0,25.9,87.5,7.1,100.0,8.33,rain,35.3,247.1,1012.8,69.7,,0.2,0.0,,
2010-09-15,Lagos,29.5,24.0,25.9,87.5,7.1,100.0,8.33,rain,35.3,247.1,1012.8,69.7,,0.2,0.0,,
2010-09-16,Lagos,29.1,23.0,25.2,88.8,2.0,100.0,4.17,rain,20.5,243.5,1012.9,59.0,,0.27,0.0,,
2010-09-17,Lagos,30.0,23.5,26.1,85.9,5.1,100.0,8.33,rain,33.0,251.0,1012.7,66.6,,0.3,0.0,,
2010-09-18,Lagos,28.2,23.1,25.6,88.0,1.0,100.0,4.17,rain,27.5,254.3,1013.7,73.5,,0.34,0.0,,
2010-09-19,Lagos,30.4,22.7,25.6,86.7,5.1,100.0,4.17,rain,33.5,260.5,1013.4,65.5,,0.37,0.0,,
2010-09-20,Lagos,29.0,23.0,25.8,85.6,2.8,100.0,4.17,rain,35.3,253.4,1012.0,65.4,,0.4,0.0,,
2010-09-21,Lagos,31.1,23.0,26.4,83.8,0.2,100.0,4.17,rain,29.5,250.3,1011.5,57.0,,0.44,0.0,,
2010-09-22,Lagos,29.0,24.0,26.4,87.3,4.0,100.0,8.33,rain,33.5,249.3,1011.7,68.1,,0.47,0.0,,
2010-09-23,Lagos,29.0,21.0,25.8,89.8,33.8,100.0,12.5,rain,37.1,259.0,1012.3,79.3,,0.5,1.0,,
2010-09-24,Lagos,29.0,22.1,25.5,86.6,46.0,100.0,4.17,rain,27.7,241.0,1013.0,71.4,,0.54,1.0,,
2010-09-25,Lagos,29.5,23.0,26.0,86.8,29.0,100.0,4.17,rain,20.5,227.6,1013.8,68.8,,0.57,0.0,,
2010-09-26,Lagos,29.8,24.0,26.6,84.0,0.8,100.0,12.5,rain,33.5,248.0,1012.5,74.1,,0.61,0.0,,
2010-09-27,Lagos,30.4,22.0,25.3,87.2,23.1,100.0,4.17,rain,27.7,246.7,1011.7,73.7,,0.64,0.0,,
2010-09-28,Lagos,30.5,24.0,26.4,85.1,4.1,100.0,4.17,rain,25.9,211.4,1011.7,68.1,,0.68,0.0,,
2010-09-29,Lagos,31.0,23.0,26.6,84.4,1.0,100.0,41.67,rain,27.4,237.3,1011.6,58.7,,0.71,0.0,,
2010-09-30,Lagos,26.9,26.6,26.8,88.0,7.3,100.0,100.0,rain,15.1,237.5,1011.6,76.3,,0.75,0.0,,
2010-10-01,Lagos,30.2,25.8,27.5,82.4,4.2,100.0,41.67,rain,24.1,247.9,1010.1,69.3,,0.75,0.0,,
2010-10-02,Lagos,30.2,25.8,27.5,82.4,4.2,100.0,41.67,rain,24.1,247.9,1010.1,69.3,,0.75,0.0,,
2010-10-03,Lagos,31.8,24.0,26.5,88.7,1.0,100.0,4.17,rain,22.3,248.8,1011.2,61.8,,0.85,0.0,,
2010-10-04,Lagos,29.3,23.0,26.0,87.0,3.1,100.0,4.17,rain,46.4,210.2,1012.0,67.2,,0.88,0.0,,
2010-10-05,Lagos,28.0,24.1,25.8,90.1,0.4,100.0,4.17,rain,25.9,235.9,1013.0,56.0,,0.92,0.0,,
2010-10-06,Lagos,28.0,24.1,25.8,90.1,0.4,100.0,4.17,rain,25.9,235.9,1013.0,56.0,,0.92,0.0,,
2010-10-07,Lagos,30.1,23.4,26.6,85.4,0.8,100.0,4.17,rain,33.5,267.5,1014.4,64.5,,0.0,0.0,,
2010-10-08,Lagos,31.0,23.0,27.1,83.0,1.0,100.0,8.33,rain,29.5,251.0,1014.3,51.0,,0.02,0.0,,
2010-10-09,Lagos,30.0,25.0,27.0,86.8,7.1,100.0,4.17,rain,31.3,243.7,1013.9,52.9,,0.05,0.0,,
2010-10-10,Lagos,29.0,22.0,24.9,92.4,13.0,100.0,4.17,rain,37.1,188.5,1012.8,59.9,,0.09,0.0,,
2010-10-11,Lagos,29.0,22.0,24.9,92.4,13.0,100.0,4.17,rain,37.1,188.5,1012.8,59.9,,0.09,0.0,,
2010-10-12,Lagos,31.1,22.0,25.6,87.0,0.8,100.0,4.17,rain,27.7,179.2,1012.9,63.0,,0.15,0.0,,
2010-10-13,Lagos,31.1,22.0,25.6,87.0,0.8,100.0,4.17,rain,27.7,179.2,1012.9,63.0,,0.15,0.0,,
2010-10-14,Lagos,29.2,22.5,26.4,88.3,3.0,100.0,4.17,rain,24.1,242.4,1013.5,61.2,,0.25,0.0,,
2010-10-15,Lagos,29.2,22.5,26.4,88.3,3.0,100.0,4.17,rain,24.1,242.4,1013.5,61.2,,0.25,0.0,,
2010-10-16,Lagos,29.2,22.5,26.4,88.3,3.0,100.0,4.17,rain,24.1,242.4,1013.5,61.2,,0.25,0.0,,
2010-10-17,Lagos,30.8,24.0,27.2,84.9,0.1,100.0,4.17,rain,31.3,239.7,1011.4,67.3,,0.32,0.0,,
2010-10-18,Lagos,30.8,24.0,27.2,84.9,0.1,100.0,4.17,rain,31.3,239.7,1011.4,67.3,,0.32,0.0,,
2010-10-19,Lagos,30.8,24.0,27.2,84.9,0.1,100.0,4.17,rain,31.3,239.7,1011.4,67.3,,0.32,0.0,,
2010-10-20,Lagos,30.8,24.0,27.2,84.9,0.1,100.0,4.17,rain,31.3,239.7,1011.4,67.3,,0.32,0.0,,
2010-10-21,Lagos,30.4,22.0,25.4,84.2,28.1,100.0,12.5,rain,27.4,267.8,1012.2,69.0,,0.45,0.0,,
2010-10-22,Lagos,30.4,22.0,25.4,84.2,28.1,100.0,12.5,rain,27.4,267.8,1012.2,69.0,,0.45,0.0,,
2010-10-23,Lagos,30.4,22.0,25.4,84.2,28.1,100.0,12.5,rain,27.4,267.8,1012.2,69.0,,0.45,0.0,,
2010-10-24,Lagos,30.1,22.0,24.6,90.9,50.0,100.0,8.33,rain,46.4,302.1,1011.0,62.2,,0.55,1.0,,
2010-10-25,Lagos,30.1,22.0,24.6,90.9,50.0,100.0,8.33,rain,46.4,302.1,1011.0,62.2,,0.55,1.0,,
2010-10-26,Lagos,30.7,22.0,26.3,85.4,0.3,100.0,8.33,rain,27.7,241.5,1011.3,49.3,,0.62,0.0,,
2010-10-27,Lagos,29.0,23.1,25.3,89.8,3.0,100.0,4.17,rain,51.0,232.0,1011.7,65.7,,0.66,0.0,,
2010-10-28,Lagos,29.0,23.1,25.3,89.8,3.0,100.0,4.17,rain,51.0,232.0,1011.7,65.7,,0.66,0.0,,
2010-10-29,Lagos,29.0,23.1,25.3,89.8,3.0,100.0,4.17,rain,51.0,232.0,1011.7,65.7,,0.66,0.0,,
2010-10-30,Lagos,29.0,23.1,25.3,89.8,3.0,100.0,4.17,rain,51.0,232.0,1011.7,65.7,,0.66,0.0,,
2010-10-31,Lagos,31.1,24.0,26.7,87.0,11.9,100.0,4.17,rain,27.7,240.9,1012.4,67.0,,0.8,0.0,,
2010-11-01,Lagos,30.4,23.0,25.9,86.4,0.3,100.0,4.17,rain,44.3,49.0,1012.0,64.9,,0.83,0.0,,
2010-11-02,Lagos,31.7,22.0,25.9,85.6,10.9,100.0,4.17,rain,22.3,250.8,1010.9,46.4,,0.87,0.0,,
2010-11-03,Lagos,31.3,22.0,26.5,81.2,0.2,100.0,4.17,rain,27.7,256.2,1010.1,51.3,,0.9,0.0,,
2010-11-04,Lagos,31.3,22.0,26.5,81.2,0.2,100.0,4.17,rain,27.7,256.2,1010.1,51.3,,0.9,0.0,,
2010-11-05,Lagos,31.6,24.0,26.5,87.3,8.9,100.0,4.17,rain,29.5,179.2,1011.6,68.4,,0.97,0.0,,
2010-11-06,Lagos,30.1,23.0,25.8,86.9,17.0,100.0,8.33,rain,0.3,358.1,1011.9,56.2,,0.0,0.0,,
2010-11-07,Lagos,30.5,24.0,26.8,84.4,0.1,100.0,4.17,rain,33.5,255.8,1011.8,59.2,,0.04,0.0,,
2010-11-08,Lagos,30.5,24.0,26.8,84.4,0.1,100.0,4.17,rain,33.5,255.8,1011.8,59.2,,0.04,0.0,,
2010-11-09,Lagos,30.5,24.0,26.8,84.4,0.1,100.0,4.17,rain,33.5,255.8,1011.8,59.2,,0.04,0.0,,
2010-11-10,Lagos,31.9,24.0,27.7,83.5,0.2,100.0,8.33,rain,30.6,240.3,1011.4,61.3,,0.14,0.0,,
2010-11-11,Lagos,32.1,24.0,27.2,86.0,7.9,100.0,4.17,rain,22.3,251.8,1013.0,68.0,,0.17,0.0,,
2010-11-12,Lagos,32.1,24.0,27.2,86.0,7.9,100.0,4.17,rain,22.3,251.8,1013.0,68.0,,0.17,0.0,,
2010-11-13,Lagos,32.9,21.0,27.3,84.5,7.9,100.0,4.17,rain,42.5,236.8,1009.0,74.9,,0.25,0.0,,
2010-11-14,Lagos,31.1,23.8,27.6,82.8,1.5,100.0,25.0,rain,27.4,231.8,1010.9,66.5,,0.27,0.0,,
2010-11-15,Lagos,31.4,23.0,26.9,83.3,0.3,100.0,4.17,rain,22.3,242.5,1011.9,66.9,,0.3,0.0,,
2010-11-16,Lagos,32.0,23.0,26.5,86.2,34.0,100.0,4.17,rain,20.5,240.6,1012.3,69.8,,0.33,1.0,,
2010-11-17,Lagos,33.0,23.4,27.3,83.2,0.2,100.0,4.17,rain,31.3,234.8,1011.1,61.5,,0.36,0.0,,
2010-11-18,Lagos,31.9,24.6,27.7,83.9,7.9,100.0,4.17,rain,29.5,237.4,1010.5,69.3,,0.39,0.0,,
2010-11-19,Lagos,31.9,24.6,27.7,83.9,7.9,100.0,4.17,rain,29.5,237.4,1010.5,69.3,,0.39,0.0,,
2010-11-20,Lagos,31.9,24.6,27.7,83.9,7.9,100.0,4.17,rain,29.5,237.4,1010.5,69.3,,0.39,0.0,,
2010-11-21,Lagos,32.0,22.0,25.4,85.7,10.2,100.0,8.33,rain,27.7,269.8,1009.6,59.7,,0.5,0.0,,
2010-11-22,Lagos,31.0,22.0,25.9,85.5,2.0,100.0,4.17,rain,20.5,170.6,1009.2,42.7,,0.53,0.0,,
2010-11-23,Lagos,31.0,22.0,25.9,85.5,2.0,100.0,4.17,rain,20.5,170.6,1009.2,42.7,,0.53,0.0,,
2010-11-24,Lagos,31.0,22.0,25.9,85.5,2.0,100.0,4.17,rain,20.5,170.6,1009.2,42.7,,0.53,0.0,,
2010-11-25,Lagos,31.0,22.0,25.9,85.5,2.0,100.0,4.17,rain,20.5,170.6,1009.2,42.7,,0.53,0.0,,
2010-11-26,Lagos,31.0,22.0,25.9,85.5,2.0,100.0,4.17,rain,20.5,170.6,1009.2,42.7,,0.53,0.0,,
2010-11-27,Lagos,31.0,22.0,25.9,85.5,2.0,100.0,4.17,rain,20.5,170.6,1009.2,42.7,,0.53,0.0,,
2010-11-28,Lagos,31.0,22.0,25.9,85.5,2.0,100.0,4.17,rain,20.5,170.6,1009.2,42.7,,0.53,0.0,,
2010-11-29,Lagos,31.0,22.0,25.9,85.5,2.0,100.0,4.17,rain,20.5,170.6,1009.2,42.7,,0.53,0.0,,
2010-11-30,Lagos,31.0,22.0,25.9,85.5,2.0,100.0,4.17,rain,20.5,170.6,1009.2,42.7,,0.53,0.0,,
2010-12-01,Lagos,31.0,22.0,25.9,85.5,2.0,100.0,4.17,rain,20.5,170.6,1009.2,42.7,,0.53,0.0,,
2010-12-02,Lagos,31.0,22.0,25.9,85.5,2.0,100.0,4.17,rain,20.5,170.6,1009.2,42.7,,0.53,0.0,,
2010-12-03,Lagos,32.0,23.0,26.4,86.9,7.1,100.0,4.17,rain,22.3,248.0,1010.3,53.9,,0.92,0.0,,
2010-12-04,Lagos,33.2,24.0,27.5,85.1,0.3,100.0,4.17,rain,22.3,246.9,1010.3,45.2,,0.95,0.0,,
2010-12-05,Lagos,33.2,24.0,27.5,85.1,0.3,100.0,4.17,rain,22.3,246.9,1010.3,45.2,,0.95,0.0,,
2010-12-06,Lagos,32.6,24.6,27.2,85.7,7.9,100.0,4.17,rain,25.9,237.4,1010.8,56.5,,0.02,0.0,,
2010-12-07,Lagos,30.5,23.0,25.2,91.4,18.0,100.0,4.17,rain,40.7,203.6,1010.8,70.9,,0.06,0.0,,
2010-12-08,Lagos,30.5,23.0,25.2,91.4,18.0,100.0,4.17,rain,40.7,203.6,1010.8,70.9,,0.06,0.0,,
2010-12-09,Lagos,30.5,23.0,25.2,91.4,18.0,100.0,4.17,rain,40.7,203.6,1010.8,70.9,,0.06,0.0,,
2010-12-10,Lagos,30.5,23.0,25.2,91.4,18.0,100.0,4.17,rain,40.7,203.6,1010.8,70.9,,0.06,0.0,,
2010-12-11,Lagos,30.5,23.0,25.2,91.4,18.0,100.0,4.17,rain,40.7,203.6,1010.8,70.9,,0.06,0.0,,
2010-12-12,Lagos,30.5,23.0,25.2,91.4,18.0,100.0,4.17,rain,40.7,203.6,1010.8,70.9,,0.06,0.0,,
2010-12-13,Lagos,30.5,23.0,25.2,91.4,18.0,100.0,4.17,rain,40.7,203.6,1010.8,70.9,,0.06,0.0,,
2010-12-14,Lagos,30.5,23.0,25.2,91.4,18.0,100.0,4.17,rain,40.7,203.6,1010.8,70.9,,0.06,0.0,,
2010-12-15,Lagos,30.5,23.0,25.2,91.4,18.0,100.0,4.17,rain,40.7,203.6,1010.8,70.9,,0.06,0.0,,
2010-12-16,Lagos,30.5,23.0,25.2,91.4,18.0,100.0,4.17,rain,40.7,203.6,1010.8,70.9,,0.06,0.0,,
2010-12-17,Lagos,30.5,23.0,25.2,91.4,18.0,100.0,4.17,rain,40.7,203.6,1010.8,70.9,,0.06,0.0,,
2010-12-18,Lagos,30.5,23.0,25.2,91.4,18.0,100.0,4.17,rain,40.7,203.6,1010.8,70.9,,0.06,0.0,,
2010-12-19,Lagos,30.5,23.0,25.2,91.4,18.0,100.0,4.17,rain,40.7,203.6,1010.8,70.9,,0.06,0.0,,
2010-12-20,Lagos,30.5,23.0,25.2,91.4,18.0,100.0,4.17,rain,40.7,203.6,1010.8,70.9,,0.06,0.0,,
2010-12-21,Lagos,30.5,23.0,25.2,91.4,18.0,100.0,4.17,rain,40.7,203.6,1010.8,70.9,,0.06,0.0,,
2010-12-22,Lagos,32.1,25.0,26.9,88.4,24.9,100.0,4.17,rain,40.7,178.7,1010.5,53.8,,0.54,0.0,,
2010-12-23,Lagos,32.0,24.0,26.5,85.8,19.1,100.0,4.17,rain,18.2,248.4,1010.3,50.4,,0.58,0.0,,
2010-12-24,Lagos,32.0,24.0,26.5,85.8,19.1,100.0,4.17,rain,18.2,248.4,1010.3,50.4,,0.58,0.0,,
2010-12-25,Lagos,32.0,24.0,26.5,85.8,19.1,100.0,4.17,rain,18.2,248.4,1010.3,50.4,,0.58,0.0,,
2010-12-26,Lagos,32.0,20.0,27.1,84.1,0.3,100.0,8.33,rain,22.3,250.7,1010.5,51.1,,0.68,0.0,,
2010-12-27,Lagos,32.0,20.0,27.1,84.1,0.3,100.0,8.33,rain,22.3,250.7,1010.5,51.1,,0.68,0.0,,
2010-12-28,Lagos,32.0,20.0,27.1,84.1,0.3,100.0,8.33,rain,22.3,250.7,1010.5,51.1,,0.68,0.0,,
2010-12-29,Lagos,32.0,20.0,27.1,84.1,0.3,100.0,8.33,rain,22.3,250.7,1010.5,51.1,,0.68,0.0,,
2010-12-30,Lagos,32.0,20.0,27.1,84.1,0.3,100.0,8.33,rain,22.3,250.7,1010.5,51.1,,0.68,0.0,,
2010-12-31,Lagos,32.0,20.0,27.1,84.1,0.3,100.0,8.33,rain,22.3,250.7,1010.5,51.1,,0.68,0.0,,
2011-01-01,Lagos,32.0,20.0,27.1,84.1,0.3,100.0,8.33,rain,22.3,250.7,1010.5,51.1,,0.68,0.0,,
2011-01-02,Lagos,32.0,20.0,27.1,84.1,0.3,100.0,8.33,rain,22.3,250.7,1010.5,51.1,,0.68,0.0,,
2011-01-03,Lagos,32.0,20.0,27.1,84.1,0.3,100.0,8.33,rain,22.3,250.7,1010.5,51.1,,0.68,0.0,,
2011-01-04,Lagos,32.0,20.0,27.1,84.1,0.3,100.0,8.33,rain,22.3,250.7,1010.5,51.1,,0.68,0.0,,
2011-01-05,Lagos,32.0,20.0,27.1,84.1,0.3,100.0,8.33,rain,22.3,250.7,1010.5,51.1,,0.68,0.0,,
2011-01-06,Lagos,32.0,20.0,27.1,84.1,0.3,100.0,8.33,rain,22.3,250.7,1010.5,51.1,,0.68,0.0,,
2011-01-07,Lagos,32.0,20.0,27.1,84.1,0.3,100.0,8.33,rain,22.3,250.7,1010.5,51.1,,0.68,0.0,,
2011-01-08,Lagos,32.0,20.0,27.1,84.1,0.3,100.0,8.33,rain,22.3,250.7,1010.5,51.1,,0.68,0.0,,
2011-01-09,Lagos,32.0,20.0,27.1,84.1,0.3,100.0,8.33,rain,22.3,250.7,1010.5,51.1,,0.68,0.0,,
2011-01-10,Lagos,32.0,20.0,27.1,84.1,0.3,100.0,8.33,rain,22.3,250.7,1010.5,51.1,,0.68,0.0,,
2011-01-11,Lagos,32.0,20.0,27.1,84.1,0.3,100.0,8.33,rain,22.3,250.7,1010.5,51.1,,0.68,0.0,,
2011-01-12,Lagos,32.0,20.0,27.1,84.1,0.3,100.0,8.33,rain,22.3,250.7,1010.5,51.1,,0.68,0.0,,
2011-01-13,Lagos,32.0,20.0,27.1,84.1,0.3,100.0,8.33,rain,22.3,250.7,1010.5,51.1,,0.68,0.0,,
2011-01-14,Lagos,32.0,20.0,27.1,84.1,0.3,100.0,8.33,rain,22.3,250.7,1010.5,51.1,,0.68,0.0,,
2011-01-15,Lagos,32.0,20.0,27.1,84.1,0.3,100.0,8.33,rain,22.3,250.7,1010.5,51.1,,0.68,0.0,,
2011-01-16,Lagos,32.0,20.0,27.1,84.1,0.3,100.0,8.33,rain,22.3,250.7,1010.5,51.1,,0.68,0.0,,
2011-01-17,Lagos,32.0,20.0,27.1,84.1,0.3,100.0,8.33,rain,22.3,250.7,1010.5,51.1,,0.68,0.0,,
2011-01-18,Lagos,32.0,20.0,27.1,84.1,0.3,100.0,8.33,rain,22.3,250.7,1010.5,51.1,,0.68,0.0,,
2011-01-19,Lagos,32.0,20.0,27.1,84.1,0.3,100.0,8.33,rain,22.3,250.7,1010.5,51.1,,0.68,0.0,,
2011-01-20,Lagos,32.0,20.0,27.1,84.1,0.3,100.0,8.33,rain,22.3,250.7,1010.5,51.1,,0.68,0.0,,
2011-01-21,Lagos,32.0,20.0,27.1,84.1,0.3,100.0,8.33,rain,22.3,250.7,1010.5,51.1,,0.68,0.0,,
2011-01-22,Lagos,32.0,20.0,27.1,84.1,0.3,100.0,8.33,rain,22.3,250.7,1010.5,51.1,,0.68,0.0,,
2011-01-23,Lagos,32.0,20.0,27.1,84.1,0.3,100.0,8.33,rain,22.3,250.7,1010.5,51.1,,0.68,0.0,,
2011-01-24,Lagos,32.0,20.0,27.1,84.1,0.3,100.0,8.33,rain,22.3,250.7,1010.5,51.1,,0.68,0.0,,
2011-01-25,Lagos,32.0,20.0,27.1,84.1,0.3,100.0,8.33,rain,22.3,250.7,1010.5,51.1,,0.68,0.0,,
2011-01-26,Lagos,32.0,20.0,27.1,84.1,0.3,100.0,8.33,rain,22.3,250.7,1010.5,51.1,,0.68,0.0,,
2011-01-27,Lagos,32.0,20.0,27.1,84.1,0.3,100.0,8.33,rain,22.3,250.7,1010.5,51.1,,0.68,0.0,,
2011-01-28,Lagos,32.0,20.0,27.1,84.1,0.3,100.0,8.33,rain,22.3,250.7,1010.5,51.1,,0.68,0.0,,
2011-01-29,Lagos,32.0,20.0,27.1,84.1,0.3,100.0,8.33,rain,22.3,250.7,1010.5,51.1,,0.68,0.0,,
2011-01-30,Lagos,32.0,20.0,27.1,84.1,0.3,100.0,8.33,rain,22.3,250.7,1010.5,51.1,,0.68,0.0,,
2011-01-31,Lagos,32.0,20.0,27.1,84.1,0.3,100.0,8.33,rain,22.3,250.7,1010.5,51.1,,0.68,0.0,,
2011-02-01,Lagos,32.0,20.0,27.1,84.1,0.3,100.0,8.33,rain,22.3,250.7,1010.5,51.1,,0.68,0.0,,
2011-02-02,Lagos,32.0,26.0,28.5,84.1,0.1,100.0,4.17,rain,25.9,222.1,1011.2,59.4,,0.98,0.0,,
2011-02-03,Lagos,33.0,24.0,27.7,81.4,0.3,100.0,12.5,rain,15.5,206.2,1010.6,51.7,,0.0,0.0,,
2011-02-04,Lagos,33.0,24.0,27.7,81.4,0.3,100.0,12.5,rain,15.5,206.2,1010.6,51.7,,0.0,0.0,,
2011-02-05,Lagos,33.0,24.0,27.7,81.4,0.3,100.0,12.5,rain,15.5,206.2,1010.6,51.7,,0.0,0.0,,
2011-02-06,Lagos,33.0,24.0,27.7,81.4,0.3,100.0,12.5,rain,15.5,206.2,1010.6,51.7,,0.0,0.0,,
2011-02-07,Lagos,33.0,24.0,27.7,81.4,0.3,100.0,12.5,rain,15.5,206.2,1010.6,51.7,,0.0,0.0,,
2011-02-08,Lagos,33.0,24.0,27.7,81.4,0.3,100.0,12.5,rain,15.5,206.2,1010.6,51.7,,0.0,0.0,,
2011-02-09,Lagos,34.0,25.0,27.9,83.1,4.1,100.0,4.17,rain,20.2,215.2,1009.3,56.9,,0.21,0.0,,
2011-02-10,Lagos,33.1,22.0,26.6,84.8,0.7,100.0,4.17,rain,59.4,221.0,1010.4,62.3,,0.24,0.0,,
2011-02-11,Lagos,33.1,22.3,26.8,78.8,16.0,100.0,8.33,rain,13.0,269.8,1010.9,44.8,,0.25,0.0,,
2011-02-12,Lagos,33.4,24.0,27.7,82.5,0.1,100.0,4.17,rain,16.6,186.6,1011.0,58.2,,0.31,0.0,,
2011-02-13,Lagos,32.7,24.6,28.3,81.3,0.3,100.0,8.33,rain,18.4,208.2,1011.4,53.4,,0.34,0.0,,
2011-02-14,Lagos,34.0,25.6,29.0,76.5,1.2,100.0,16.67,rain,20.9,241.6,1011.1,54.4,,0.37,0.0,,
2011-02-15,Lagos,35.1,24.8,28.4,76.9,0.2,100.0,4.17,rain,22.3,239.5,1009.9,55.8,,0.4,0.0,,
2011-02-16,Lagos,33.4,25.0,28.4,81.6,0.1,100.0,4.17,rain,16.7,198.5,1009.2,59.7,,0.44,0.0,,
2011-02-17,Lagos,33.4,25.0,28.4,81.6,0.1,100.0,4.17,rain,16.7,198.5,1009.2,59.7,,0.44,0.0,,
2011-02-18,Lagos,33.2,23.0,27.2,80.5,3.0,100.0,4.17,rain,31.3,199.2,1009.8,55.2,,0.5,0.0,,
2011-02-19,Lagos,33.1,22.0,27.3,69.5,19.1,100.0,8.33,rain,26.6,249.4,1010.0,53.9,,0.54,0.0,,
2011-02-20,Lagos,33.6,23.8,28.0,81.5,0.1,100.0,4.17,rain,27.7,190.6,1010.4,57.8,,0.57,0.0,,
2011-02-21,Lagos,33.6,23.8,28.0,81.5,0.1,100.0,4.17,rain,27.7,190.6,1010.4,57.8,,0.57,0.0,,
2011-02-22,Lagos,32.0,24.8,28.1,81.4,0.2,100.0,8.33,rain,20.9,223.1,1010.3,59.1,,0.64,0.0,,
2011-02-23,Lagos,32.0,24.8,28.1,81.4,0.2,100.0,8.33,rain,20.9,223.1,1010.3,59.1,,0.64,0.0,,
2011-02-24,Lagos,32.0,24.8,28.1,81.4,0.2,100.0,8.33,rain,20.9,223.1,1010.3,59.1,,0.64,0.0,,
2011-02-25,Lagos,31.0,22.1,26.3,86.8,42.9,100.0,4.17,rain,14.8,196.3,1009.4,48.7,,0.75,1.0,,
2011-02-26,Lagos,33.2,23.0,27.0,83.2,1.2,100.0,12.5,rain,20.4,207.8,1008.4,55.6,,0.78,0.0,,
2011-02-27,Lagos,33.2,23.0,27.0,83.2,1.2,100.0,12.5,rain,20.4,207.8,1008.4,55.6,,0.78,0.0,,
2011-02-28,Lagos,33.2,23.0,27.0,83.2,1.2,100.0,12.5,rain,20.4,207.8,1008.4,55.6,,0.78,0.0,,
2011-03-01,Lagos,33.2,23.0,27.0,83.2,1.2,100.0,12.5,rain,20.4,207.8,1008.4,55.6,,0.78,0.0,,
2011-03-02,Lagos,33.2,23.0,27.0,83.2,1.2,100.0,12.5,rain,20.4,207.8,1008.4,55.6,,0.78,0.0,,
2011-03-03,Lagos,33.2,23.0,27.0,83.2,1.2,100.0,12.5,rain,20.4,207.8,1008.4,55.6,,0.78,0.0,,
2011-03-04,Lagos,33.2,23.0,27.0,83.2,1.2,100.0,12.5,rain,20.4,207.8,1008.4,55.6,,0.78,0.0,,
2011-03-05,Lagos,33.2,23.0,27.0,83.2,1.2,100.0,12.5,rain,20.4,207.8,1008.4,55.6,,0.78,0.0,,
2011-03-06,Lagos,33.2,23.0,27.0,83.2,1.2,100.0,12.5,rain,20.4,207.8,1008.4,55.6,,0.78,0.0,,
2011-03-07,Lagos,33.2,23.0,27.0,83.2,1.2,100.0,12.5,rain,20.4,207.8,1008.4,55.6,,0.78,0.0,,
2011-03-08,Lagos,33.2,23.0,27.0,83.2,1.2,100.0,12.5,rain,20.4,207.8,1008.4,55.6,,0.78,0.0,,
2011-03-09,Lagos,33.2,23.0,27.0,83.2,1.2,100.0,12.5,rain,20.4,207.8,1008.4,55.6,,0.78,0.0,,
2011-03-10,Lagos,33.2,23.0,27.0,83.2,1.2,100.0,12.5,rain,20.4,207.8,1008.4,55.6,,0.78,0.0,,
2011-03-11,Lagos,33.2,23.0,27.0,83.2,1.2,100.0,12.5,rain,20.4,207.8,1008.4,55.6,,0.78,0.0,,
2011-03-12,Lagos,33.2,23.0,27.0,83.2,1.2,100.0,12.5,rain,20.4,207.8,1008.4,55.6,,0.78,0.0,,
2011-03-13,Lagos,33.2,23.0,27.0,83.2,1.2,100.0,12.5,rain,20.4,207.8,1008.4,55.6,,0.78,0.0,,
2011-03-14,Lagos,33.2,23.0,27.0,83.2,1.2,100.0,12.5,rain,20.4,207.8,1008.4,55.6,,0.78,0.0,,
2011-03-15,Lagos,33.2,23.0,27.0,83.2,1.2,100.0,12.5,rain,20.4,207.8,1008.4,55.6,,0.78,0.0,,
2011-03-16,Lagos,33.2,23.0,27.0,83.2,1.2,100.0,12.5,rain,20.4,207.8,1008.4,55.6,,0.78,0.0,,
2011-03-17,Lagos,34.1,24.0,28.5,82.7,0.2,100.0,8.33,rain,46.4,226.6,1009.4,67.2,,0.42,0.0,,
2011-03-18,Lagos,33.1,26.5,29.1,80.3,10.9,100.0,4.17,rain,22.3,214.7,1010.2,53.6,,0.46,0.0,,
2011-03-19,Lagos,33.0,26.1,28.9,79.7,0.2,100.0,8.33,rain,33.5,225.9,1009.6,52.3,,0.5,0.0,,
2011-03-20,Lagos,33.0,26.1,28.9,79.7,0.2,100.0,8.33,rain,33.5,225.9,1009.6,52.3,,0.5,0.0,,
2011-03-21,Lagos,33.0,26.1,28.9,79.7,0.2,100.0,8.33,rain,33.5,225.9,1009.6,52.3,,0.5,0.0,,
2011-03-22,Lagos,33.0,26.1,28.9,79.7,0.2,100.0,8.33,rain,33.5,225.9,1009.6,52.3,,0.5,0.0,,
2011-03-23,Lagos,31.4,25.0,27.9,77.1,0.1,100.0,4.17,rain,13.0,215.0,1010.8,48.9,,0.62,0.0,,
2011-03-24,Lagos,31.4,25.0,27.9,77.1,0.1,100.0,4.17,rain,13.0,215.0,1010.8,48.9,,0.62,0.0,,
2011-03-25,Lagos,31.4,25.0,27.9,77.1,0.1,100.0,4.17,rain,13.0,215.0,1010.8,48.9,,0.62,0.0,,
2011-03-26,Lagos,31.4,25.0,27.9,77.1,0.1,100.0,4.17,rain,13.0,215.0,1010.8,48.9,,0.62,0.0,,
2011-03-27,Lagos,32.5,24.0,28.0,81.1,9.9,100.0,4.17,rain,14.8,211.9,1011.4,54.7,,0.76,0.0,,
2011-03-28,Lagos,32.5,24.0,28.0,81.1,9.9,100.0,4.17,rain,14.8,211.9,1011.4,54.7,,0.76,0.0,,
2011-03-29,Lagos,32.5,24.0,28.0,81.1,9.9,100.0,4.17,rain,14.8,211.9,1011.4,54.7,,0.76,0.0,,
2011-03-30,Lagos,32.5,24.0,28.0,81.1,9.9,100.0,4.17,rain,14.8,211.9,1011.4,54.7,,0.76,0.0,,
2011-03-31,Lagos,32.5,24.0,28.0,81.1,9.9,100.0,4.17,rain,14.8,211.9,1011.4,54.7,,0.76,0.0,,
2011-04-01,Lagos,32.5,24.0,28.0,81.1,9.9,100.0,4.17,rain,14.8,211.9,1011.4,54.7,,0.76,0.0,,
2011-04-02,Lagos,32.5,24.0,28.0,81.1,9.9,100.0,4.17,rain,14.8,211.9,1011.4,54.7,,0.76,0.0,,
2011-04-03,Lagos,32.5,24.0,28.0,81.1,9.9,100.0,4.17,rain,14.8,211.9,1011.4,54.7,,0.76,0.0,,
2011-04-04,Lagos,28.0,23.1,25.2,88.6,36.1,100.0,12.5,rain,14.8,98.0,1011.2,52.7,,0.03,1.0,,
2011-04-05,Lagos,33.0,24.0,27.8,80.7,0.2,100.0,4.17,rain,14.9,223.7,1011.3,46.3,,0.06,0.0,,
2011-04-06,Lagos,33.0,24.0,27.8,80.7,0.2,100.0,4.17,rain,14.9,223.7,1011.3,46.3,,0.06,0.0,,
2011-04-07,Lagos,33.0,24.0,27.8,80.7,0.2,100.0,4.17,rain,14.9,223.7,1011.3,46.3,,0.06,0.0,,
2011-04-08,Lagos,33.5,25.0,29.4,77.1,0.2,100.0,8.33,rain,23.0,201.0,1010.4,54.1,,0.17,0.0,,
2011-04-09,Lagos,33.3,24.1,28.3,81.2,1.0,100.0,4.17,rain,29.5,178.6,1011.6,66.1,,0.2,0.0,,
2011-04-10,Lagos,32.3,23.8,27.5,81.6,2.0,100.0,4.17,rain,14.8,250.1,1011.1,51.6,,0.24,0.0,,
2011-04-11,Lagos,32.3,23.8,27.5,81.6,2.0,100.0,4.17,rain,14.8,250.1,1011.1,51.6,,0.24,0.0,,
2011-04-12,Lagos,32.3,23.8,27.5,81.6,2.0,100.0,4.17,rain,14.8,250.1,1011.1,51.6,,0.24,0.0,,
2011-04-13,Lagos,32.3,23.8,27.5,81.6,2.0,100.0,4.17,rain,14.8,250.1,1011.1,51.6,,0.24,0.0,,
2011-04-14,Lagos,32.3,23.8,27.5,81.6,2.0,100.0,4.17,rain,14.8,250.1,1011.1,51.6,,0.24,0.0,,
2011-04-15,Lagos,32.3,23.8,27.5,81.6,2.0,100.0,4.17,rain,14.8,250.1,1011.1,51.6,,0.24,0.0,,
2011-04-16,Lagos,32.3,23.8,27.5,81.6,2.0,100.0,4.17,rain,14.8,250.1,1011.1,51.6,,0.24,0.0,,
2011-04-17,Lagos,32.1,23.1,25.6,87.0,7.1,100.0,4.17,rain,55.4,152.2,1008.9,69.4,,0.48,0.0,,
2011-04-18,Lagos,31.5,23.0,26.1,84.8,0.2,100.0,4.17,rain,16.6,211.7,1010.1,54.5,,0.5,0.0,,
2011-04-19,Lagos,33.6,23.0,27.6,78.8,0.3,100.0,4.17,rain,19.4,211.7,1009.1,41.8,,0.54,0.0,,
2011-04-20,Lagos,33.0,25.0,29.1,75.9,0.1,100.0,4.17,rain,23.0,211.7,1009.0,51.0,,0.58,0.0,,
2011-04-21,Lagos,33.0,25.0,29.1,75.9,0.1,100.0,4.17,rain,23.0,211.7,1009.0,51.0,,0.58,0.0,,
2011-04-22,Lagos,33.0,25.0,29.1,75.9,0.1,100.0,4.17,rain,23.0,211.7,1009.0,51.0,,0.58,0.0,,
2011-04-23,Lagos,33.0,25.0,29.1,75.9,0.1,100.0,4.17,rain,23.0,211.7,1009.0,51.0,,0.58,0.0,,
2011-04-24,Lagos,33.0,25.0,29.1,75.9,0.1,100.0,4.17,rain,23.0,211.7,1009.0,51.0,,0.58,0.0,,
2011-04-25,Lagos,33.0,25.0,29.1,75.9,0.1,100.0,4.17,rain,23.0,211.7,1009.0,51.0,,0.58,0.0,,
2011-04-26,Lagos,33.0,25.0,29.1,75.9,0.1,100.0,4.17,rain,23.0,211.7,1009.0,51.0,,0.58,0.0,,
2011-04-27,Lagos,33.0,25.0,29.1,75.9,0.1,100.0,4.17,rain,23.0,211.7,1009.0,51.0,,0.58,0.0,,
2011-04-28,Lagos,32.1,21.1,27.5,82.2,26.9,100.0,4.17,rain,40.7,215.6,1010.9,60.9,,0.84,0.0,,
2011-04-29,Lagos,32.1,21.1,27.5,82.2,26.9,100.0,4.17,rain,40.7,215.6,1010.9,60.9,,0.84,0.0,,
2011-04-30,Lagos,29.0,24.0,26.4,82.7,2.0,100.0,4.17,rain,20.5,158.0,1010.1,47.7,,0.91,0.0,,
2011-05-01,Lagos,29.0,24.0,26.4,82.7,2.0,100.0,4.17,rain,20.5,158.0,1010.1,47.7,,0.91,0.0,,
2011-05-02,Lagos,32.7,26.0,28.9,81.5,0.4,100.0,8.33,rain,15.1,198.1,1011.7,62.9,,0.97,0.0,,
2011-05-03,Lagos,33.1,24.0,28.0,83.9,10.9,100.0,4.17,rain,18.4,200.5,1012.6,68.3,,0.0,0.0,,
2011-05-04,Lagos,31.6,22.8,26.6,82.0,2.0,100.0,4.17,rain,14.8,221.2,1011.6,36.9,,0.04,0.0,,
2011-05-05,Lagos,33.8,24.0,28.6,81.2,0.3,100.0,4.17,rain,24.0,196.5,1010.9,48.0,,0.08,0.0,,
2011-05-06,Lagos,33.8,24.0,28.6,81.2,0.3,100.0,4.17,rain,24.0,196.5,1010.9,48.0,,0.08,0.0,,
2011-05-07,Lagos,33.2,26.2,29.5,78.5,0.2,100.0,8.33,rain,24.1,196.8,1010.0,59.0,,0.15,0.0,,
2011-05-08,Lagos,32.1,25.0,27.5,87.2,7.1,100.0,4.17,rain,11.2,232.7,1009.2,50.7,,0.18,0.0,,
2011-05-09,Lagos,30.1,22.0,26.0,86.0,25.9,100.0,8.33,rain,53.6,88.2,1009.9,63.1,,0.22,0.0,,
2011-05-10,Lagos,30.1,22.0,26.0,86.0,25.9,100.0,8.33,rain,53.6,88.2,1009.9,63.1,,0.22,0.0,,
2011-05-11,Lagos,30.1,22.0,26.0,86.0,25.9,100.0,8.33,rain,53.6,88.2,1009.9,63.1,,0.22,0.0,,
2011-05-12,Lagos,30.1,22.0,26.0,86.0,25.9,100.0,8.33,rain,53.6,88.2,1009.9,63.1,,0.22,0.0,,
2011-05-13,Lagos,30.1,22.0,26.0,86.0,25.9,100.0,8.33,rain,53.6,88.2,1009.9,63.1,,0.22,0.0,,
2011-05-14,Lagos,29.0,22.9,26.0,86.1,37.8,100.0,8.33,rain,64.8,76.2,1010.2,51.4,,0.39,1.0,,
2011-05-15,Lagos,29.0,22.9,26.0,86.1,37.8,100.0,8.33,rain,64.8,76.2,1010.2,51.4,,0.39,1.0,,
2011-05-16,Lagos,29.0,22.9,26.0,86.1,37.8,100.0,8.33,rain,64.8,76.2,1010.2,51.4,,0.39,1.0,,
2011-05-17,Lagos,29.0,22.9,26.0,86.1,37.8,100.0,8.33,rain,64.8,76.2,1010.2,51.4,,0.39,1.0,,
2011-05-18,Lagos,32.8,27.0,28.8,82.9,0.3,100.0,4.17,rain,37.1,201.4,1010.8,67.0,,0.53,0.0,,
2011-05-19,Lagos,33.0,25.1,28.1,82.1,1.0,100.0,4.17,rain,16.6,163.2,1011.2,51.6,,0.56,0.0,,
2011-05-20,Lagos,33.0,25.1,28.1,82.1,1.0,100.0,4.17,rain,16.6,163.2,1011.2,51.6,,0.56,0.0,,
2011-05-21,Lagos,33.0,25.1,28.1,82.1,1.0,100.0,4.17,rain,16.6,163.2,1011.2,51.6,,0.56,0.0,,
2011-05-22,Lagos,30.6,24.8,27.6,82.1,1.0,100.0,4.17,rain,27.7,221.4,1011.9,60.9,,0.66,0.0,,
2011-05-23,Lagos,30.6,24.8,27.6,82.1,1.0,100.0,4.17,rain,27.7,221.4,1011.9,60.9,,0.66,0.0,,
2011-05-24,Lagos,31.4,25.8,28.3,78.7,0.1,100.0,4.17,rain,17.6,204.0,1013.4,68.0,,0.75,0.0,,
2011-05-25,Lagos,31.0,23.0,27.6,83.1,0.3,100.0,8.33,rain,58.4,185.8,1013.4,82.0,,0.76,0.0,,
2011-05-26,Lagos,31.6,23.0,26.9,83.5,299.0,100.0,4.17,rain,22.3,205.4,1013.3,58.8,,0.79,1.0,,
2011-05-27,Lagos,28.0,24.0,26.0,90.2,18.0,100.0,4.17,rain,18.4,179.5,1013.3,60.1,,0.82,0.0,,
2011-05-28,Lagos,30.0,24.0,26.8,87.1,4.1,100.0,4.17,rain,11.3,273.0,1013.3,55.4,,0.86,0.0,,
2011-05-29,Lagos,30.0,24.0,26.8,87.1,4.1,100.0,4.17,rain,11.3,273.0,1013.3,55.4,,0.86,0.0,,
2011-05-30,Lagos,26.3,22.0,25.0,92.0,43.9,100.0,4.17,rain,46.4,288.0,1013.7,52.2,,0.92,1.0,,
2011-05-31,Lagos,31.0,22.0,26.5,85.1,43.9,100.0,4.17,rain,14.8,199.5,1013.4,42.1,,0.95,1.0,,
2011-06-01,Lagos,30.0,25.0,26.6,86.4,1.0,100.0,4.17,rain,27.7,171.3,1012.3,58.0,,0.0,0.0,,
2011-06-02,Lagos,30.0,25.0,26.6,86.4,1.0,100.0,4.17,rain,27.7,171.3,1012.3,58.0,,0.0,0.0,,
2011-06-03,Lagos,30.0,25.9,26.9,90.2,10.9,100.0,8.33,rain,14.8,214.8,1011.4,61.0,,0.06,0.0,,
2011-06-04,Lagos,30.1,24.1,26.2,89.0,3.0,100.0,4.17,rain,22.3,215.5,1011.9,61.2,,0.09,0.0,,
2011-06-05,Lagos,30.1,24.1,26.2,89.0,3.0,100.0,4.17,rain,22.3,215.5,1011.9,61.2,,0.09,0.0,,
2011-06-06,Lagos,30.1,24.1,26.2,89.0,3.0,100.0,4.17,rain,22.3,215.5,1011.9,61.2,,0.09,0.0,,
2011-06-07,Lagos,30.1,24.1,26.2,89.0,3.0,100.0,4.17,rain,22.3,215.5,1011.9,61.2,,0.09,0.0,,
2011-06-08,Lagos,30.1,24.1,26.2,89.0,3.0,100.0,4.17,rain,22.3,215.5,1011.9,61.2,,0.09,0.0,,
2011-06-09,Lagos,29.0,23.0,25.3,89.1,4.0,100.0,8.33,rain,54.2,223.4,1015.2,47.6,,0.25,0.0,,
2011-06-10,Lagos,29.0,23.0,25.3,89.1,4.0,100.0,8.33,rain,54.2,223.4,1015.2,47.6,,0.25,0.0,,
2011-06-11,Lagos,28.0,23.0,25.3,91.6,13.0,100.0,8.33,rain,48.2,201.3,1014.4,66.1,,0.34,0.0,,
2011-06-12,Lagos,29.9,24.0,26.1,88.3,33.0,100.0,8.33,rain,17.3,208.4,1015.4,66.9,,0.38,1.0,,
2011-06-13,Lagos,31.2,24.1,26.7,86.6,1.0,100.0,4.17,rain,13.0,215.8,1015.4,60.1,,0.41,0.0,,
2011-06-14,Lagos,31.2,24.1,26.7,86.6,1.0,100.0,4.17,rain,13.0,215.8,1015.4,60.1,,0.41,0.0,,
2011-06-15,Lagos,30.0,24.8,27.0,85.1,0.2,100.0,4.17,rain,37.1,224.3,1013.0,66.2,,0.5,0.0,,
2011-06-16,Lagos,30.5,24.9,27.4,84.4,4.0,100.0,8.33,rain,20.9,210.0,1012.8,68.9,,0.52,0.0,,
2011-06-17,Lagos,28.1,23.0,25.7,91.2,38.1,100.0,8.33,rain,31.3,282.7,1013.6,81.2,,0.55,1.0,,
2011-06-18,Lagos,30.0,23.0,26.1,87.8,8.1,100.0,8.33,rain,13.0,269.2,1013.3,69.5,,0.58,0.0,,
2011-06-19,Lagos,30.0,25.0,26.9,87.7,2.0,100.0,4.17,rain,18.4,206.0,1012.9,57.9,,0.62,0.0,,
2011-06-20,Lagos,30.0,25.0,26.9,87.7,2.0,100.0,4.17,rain,18.4,206.0,1012.9,57.9,,0.62,0.0,,
2011-06-21,Lagos,28.3,25.0,26.5,88.5,0.8,100.0,4.17,rain,14.8,215.8,1013.4,67.8,,0.68,0.0,,
2011-06-22,Lagos,26.3,23.0,24.7,94.7,62.0,100.0,8.33,rain,46.4,207.0,1014.2,71.7,,0.71,1.0,,
2011-06-23,Lagos,28.0,23.0,25.4,90.5,0.8,100.0,8.33,rain,13.0,186.2,1013.0,53.3,,0.75,0.0,,
2011-06-24,Lagos,25.3,22.0,23.6,96.9,26.9,100.0,8.33,rain,32.3,203.6,1013.3,61.3,,0.78,0.0,,
2011-06-25,Lagos,33.0,22.0,25.6,89.9,27.2,100.0,8.33,rain,22.1,246.0,1014.2,74.7,,0.81,0.0,,
2011-06-26,Lagos,33.0,22.0,25.6,89.9,27.2,100.0,8.33,rain,22.1,246.0,1014.2,74.7,,0.81,0.0,,
2011-06-27,Lagos,33.0,22.0,25.6,89.9,27.2,100.0,8.33,rain,22.1,246.0,1014.2,74.7,,0.81,0.0,,
2011-06-28,Lagos,31.0,24.8,26.8,87.5,0.3,100.0,8.33,rain,33.5,251.2,1013.7,64.3,,0.91,0.0,,
2011-06-29,Lagos,29.0,24.7,26.1,89.8,2.0,100.0,8.33,rain,40.4,257.7,1013.7,60.7,,0.94,0.0,,
2011-06-30,Lagos,27.9,24.8,26.1,90.2,11.9,100.0,4.17,rain,22.3,242.6,1013.6,67.9,,0.97,0.0,,
2011-07-01,Lagos,27.1,24.8,25.6,92.5,7.1,100.0,8.33,rain,20.2,258.7,1014.3,63.5,,0.0,0.0,,
2011-07-02,Lagos,29.2,24.0,26.3,90.1,0.5,100.0,12.5,rain,27.3,241.3,1013.2,56.7,,0.04,0.0,,
2011-07-03,Lagos,29.1,22.0,25.5,88.8,39.1,100.0,4.17,rain,42.5,243.2,1013.0,65.4,,0.08,1.0,,
2011-07-04,Lagos,29.1,22.0,25.5,88.8,39.1,100.0,4.17,rain,42.5,243.2,1013.0,65.4,,0.08,1.0,,
2011-07-05,Lagos,30.0,24.0,26.0,89.1,0.7,100.0,20.83,rain,42.5,244.0,1015.2,67.1,,0.15,0.0,,
2011-07-06,Lagos,30.1,23.1,26.7,86.9,8.9,100.0,4.17,rain,31.3,258.8,1013.7,79.9,,0.18,0.0,,
2011-07-07,Lagos,29.0,22.8,25.8,90.2,0.4,100.0,8.33,rain,37.1,245.4,1013.1,78.8,,0.22,0.0,,
2011-07-08,Lagos,30.1,22.0,25.7,87.9,18.0,100.0,4.17,rain,29.5,251.8,1012.8,68.3,,0.25,0.0,,
2011-07-09,Lagos,30.1,22.0,25.7,87.9,18.0,100.0,4.17,rain,29.5,251.8,1012.8,68.3,,0.25,0.0,,
2011-07-10,Lagos,26.0,22.0,24.2,95.0,1.0,100.0,4.17,rain,29.5,229.9,1014.2,76.7,,0.33,0.0,,
2011-07-11,Lagos,26.0,22.1,24.0,94.5,0.3,100.0,4.17,rain,14.8,216.1,1014.6,65.6,,0.36,0.0,,
2011-07-12,Lagos,28.0,24.0,25.5,87.1,1.1,100.0,4.17,rain,25.9,258.2,1013.7,64.4,,0.4,0.0,,
2011-07-13,Lagos,28.0,24.0,25.5,87.1,1.1,100.0,4.17,rain,25.9,258.2,1013.7,64.4,,0.4,0.0,,
2011-07-14,Lagos,26.0,22.7,24.3,93.8,102.1,100.0,12.5,rain,24.1,269.9,1013.4,69.6,,0.47,1.0,,
2011-07-15,Lagos,29.3,22.9,24.9,90.9,2.0,100.0,4.17,rain,31.0,241.1,1014.0,71.6,,0.5,0.0,,
2011-07-16,Lagos,29.3,22.9,24.9,90.9,2.0,100.0,4.17,rain,31.0,241.1,1014.0,71.6,,0.5,0.0,,
2011-07-17,Lagos,28.2,22.9,24.8,92.4,0.5,100.0,4.17,rain,28.8,257.6,1014.1,75.0,,0.57,0.0,,
2011-07-18,Lagos,29.0,22.2,25.5,88.0,66.0,100.0,8.33,rain,31.3,253.7,1014.3,63.1,,0.6,1.0,,
2011-07-19,Lagos,29.0,22.2,25.5,88.0,66.0,100.0,8.33,rain,31.3,253.7,1014.3,63.1,,0.6,1.0,,
2011-07-20,Lagos,29.0,22.2,25.5,88.0,66.0,100.0,8.33,rain,31.3,253.7,1014.3,63.1,,0.6,1.0,,
2011-07-21,Lagos,27.7,24.9,25.5,88.6,1.2,100.0,4.17,rain,33.5,257.4,1014.6,67.8,,0.7,0.0,,
2011-07-22,Lagos,29.0,23.0,25.7,88.6,0.6,100.0,4.17,rain,35.3,253.2,1015.0,55.7,,0.73,0.0,,
2011-07-23,Lagos,30.1,22.9,26.0,86.6,0.3,100.0,8.33,rain,27.7,254.9,1015.6,48.2,,0.75,0.0,,
2011-07-24,Lagos,28.0,24.0,25.6,87.0,0.1,100.0,4.17,rain,37.1,258.4,1015.8,55.6,,0.8,0.0,,
2011-07-25,Lagos,28.0,24.0,25.6,87.0,0.1,100.0,4.17,rain,37.1,258.4,1015.8,55.6,,0.8,0.0,,
2011-07-26,Lagos,28.0,24.0,25.6,87.0,0.1,100.0,4.17,rain,37.1,258.4,1015.8,55.6,,0.8,0.0,,
2011-07-27,Lagos,28.0,24.0,25.6,87.0,0.1,100.0,4.17,rain,37.1,258.4,1015.8,55.6,,0.8,0.0,,
2011-07-28,Lagos,28.0,24.0,25.6,87.0,0.1,100.0,4.17,rain,37.1,258.4,1015.8,55.6,,0.8,0.0,,
2011-07-29,Lagos,28.0,24.0,25.6,87.0,0.1,100.0,4.17,rain,37.1,258.4,1015.8,55.6,,0.8,0.0,,
2011-07-30,Lagos,28.0,24.0,25.6,87.0,0.1,100.0,4.17,rain,37.1,258.4,1015.8,55.6,,0.8,0.0,,
2011-07-31,Lagos,29.0,23.0,25.2,86.0,0.7,100.0,8.33,rain,32.6,255.0,1013.5,61.3,,0.02,0.0,,
2011-08-01,Lagos,29.0,23.0,25.2,86.0,0.7,100.0,8.33,rain,32.6,255.0,1013.5,61.3,,0.02,0.0,,
2011-08-02,Lagos,29.0,23.0,25.2,86.0,0.7,100.0,8.33,rain,32.6,255.0,1013.5,61.3,,0.02,0.0,,
2011-08-03,Lagos,28.0,22.8,24.7,91.5,17.0,100.0,4.17,rain,39.1,246.3,1014.1,71.8,,0.13,0.0,,
2011-08-04,Lagos,28.0,22.8,24.7,91.5,17.0,100.0,4.17,rain,39.1,246.3,1014.1,71.8,,0.13,0.0,,
2011-08-05,Lagos,27.0,24.0,24.6,92.2,0.3,100.0,4.17,rain,35.3,257.6,1015.3,78.2,,0.2,0.0,,
2011-08-06,Lagos,26.0,23.8,24.5,93.1,0.1,100.0,4.17,rain,29.5,261.0,1014.9,72.8,,0.25,0.0,,
2011-08-07,Lagos,28.0,23.0,25.2,89.1,0.2,100.0,4.17,rain,37.1,258.5,1014.7,78.4,,0.27,0.0,,
2011-08-08,Lagos,28.0,23.0,25.2,89.1,0.2,100.0,4.17,rain,37.1,258.5,1014.7,78.4,,0.27,0.0,,
2011-08-09,Lagos,28.0,23.0,25.2,89.1,0.2,100.0,4.17,rain,37.1,258.5,1014.7,78.4,,0.27,0.0,,
2011-08-10,Lagos,28.0,23.0,25.2,89.1,0.2,100.0,4.17,rain,37.1,258.5,1014.7,78.4,,0.27,0.0,,
2011-08-11,Lagos,30.0,24.0,26.2,84.3,0.1,100.0,4.17,rain,25.9,256.0,1014.0,60.7,,0.42,0.0,,
2011-08-12,Lagos,28.0,23.9,25.4,88.8,1.0,100.0,4.17,rain,29.5,256.4,1013.5,64.7,,0.45,0.0,,
2011-08-13,Lagos,29.0,23.0,25.1,90.0,0.2,100.0,4.17,rain,46.4,254.4,1013.0,72.7,,0.5,0.0,,
2011-08-14,Lagos,29.0,23.0,25.1,90.0,0.2,100.0,4.17,rain,46.4,254.4,1013.0,72.7,,0.5,0.0,,
2011-08-15,Lagos,27.0,24.0,25.0,89.8,0.5,100.0,4.17,rain,27.7,258.0,1013.7,66.6,,0.55,0.0,,
2011-08-16,Lagos,27.0,24.0,25.0,89.8,0.5,100.0,4.17,rain,27.7,258.0,1013.7,66.6,,0.55,0.0,,
2011-08-17,Lagos,27.0,24.0,25.0,89.8,0.5,100.0,4.17,rain,27.7,258.0,1013.7,66.6,,0.55,0.0,,
2011-08-18,Lagos,27.0,24.0,25.0,89.8,0.5,100.0,4.17,rain,27.7,258.0,1013.7,66.6,,0.55,0.0,,
2011-08-19,Lagos,27.0,24.0,25.0,89.8,0.5,100.0,4.17,rain,27.7,258.0,1013.7,66.6,,0.55,0.0,,
2011-08-20,Lagos,27.0,24.0,25.0,89.8,0.5,100.0,4.17,rain,27.7,258.0,1013.7,66.6,,0.55,0.0,,
2011-08-21,Lagos,27.0,24.0,25.0,89.8,0.5,100.0,4.17,rain,27.7,258.0,1013.7,66.6,,0.55,0.0,,
2011-08-22,Lagos,27.0,24.0,25.0,89.8,0.5,100.0,4.17,rain,27.7,258.0,1013.7,66.6,,0.55,0.0,,
2011-08-23,Lagos,29.0,24.0,25.7,88.1,0.1,100.0,4.17,rain,29.5,250.4,1014.9,64.7,,0.82,0.0,,
2011-08-24,Lagos,29.0,24.0,26.0,84.5,0.1,100.0,4.17,rain,27.7,259.6,1015.8,53.6,,0.85,0.0,,
2011-08-25,Lagos,30.1,24.0,26.2,82.6,0.3,100.0,4.17,rain,28.8,260.7,1015.9,53.9,,0.88,0.0,,
2011-08-26,Lagos,30.1,24.0,26.2,82.6,0.3,100.0,4.17,rain,28.8,260.7,1015.9,53.9,,0.88,0.0,,
2011-08-27,Lagos,29.0,22.0,25.1,87.1,6.1,100.0,4.17,rain,27.7,237.8,1016.0,79.2,,0.95,0.0,,
2011-08-28,Lagos,29.0,22.0,25.1,87.1,6.1,100.0,4.17,rain,27.7,237.8,1016.0,79.2,,0.95,0.0,,
2011-08-29,Lagos,27.0,23.8,24.9,89.6,0.7,100.0,4.17,rain,22.3,246.4,1015.6,60.1,,0.0,0.0,,
2011-08-30,Lagos,29.0,23.0,25.4,88.0,6.1,100.0,4.17,rain,17.6,237.2,1015.5,64.9,,0.05,0.0,,
2011-08-31,Lagos,26.0,23.8,24.6,94.3,9.9,100.0,12.5,rain,20.5,225.9,1015.9,84.6,,0.08,0.0,,
2011-09-01,Lagos,26.1,23.0,24.3,95.1,9.9,100.0,8.33,rain,11.2,224.6,1017.2,66.6,,0.12,0.0,,
2011-09-02,Lagos,26.1,23.0,24.3,95.1,9.9,100.0,8.33,rain,11.2,224.6,1017.2,66.6,,0.12,0.0,,
2011-09-03,Lagos,26.1,23.0,24.3,95.1,9.9,100.0,8.33,rain,11.2,224.6,1017.2,66.6,,0.12,0.0,,
2011-09-04,Lagos,26.1,23.0,24.3,95.1,9.9,100.0,8.33,rain,11.2,224.6,1017.2,66.6,,0.12,0.0,,
2011-09-05,Lagos,26.1,23.0,24.3,95.1,9.9,100.0,8.33,rain,11.2,224.6,1017.2,66.6,,0.12,0.0,,
2011-09-06,Lagos,26.1,23.0,24.3,95.1,9.9,100.0,8.33,rain,11.2,224.6,1017.2,66.6,,0.12,0.0,,
2011-09-07,Lagos,26.1,23.0,24.3,95.1,9.9,100.0,8.33,rain,11.2,224.6,1017.2,66.6,,0.12,0.0,,
2011-09-08,Lagos,29.0,22.0,26.0,83.9,0.3,100.0,4.17,rain,18.4,229.2,1014.5,63.2,,0.36,0.0,,
2011-09-09,Lagos,27.0,23.0,24.9,91.0,8.9,100.0,4.17,rain,14.8,219.5,1013.9,72.8,,0.4,0.0,,
2011-09-10,Lagos,30.0,23.0,25.8,86.6,0.1,100.0,4.17,rain,16.9,203.9,1014.6,67.8,,0.43,0.0,,
2011-09-11,Lagos,30.0,23.0,25.8,86.6,0.1,100.0,4.17,rain,16.9,203.9,1014.6,67.8,,0.43,0.0,,
2011-09-12,Lagos,30.0,24.3,26.6,83.1,0.2,100.0,4.17,rain,16.6,222.7,1014.3,60.7,,0.5,0.0,,
2011-09-13,Lagos,30.2,25.0,26.5,84.2,0.1,100.0,4.17,rain,27.7,217.7,1014.1,61.2,,0.54,0.0,,
2011-09-14,Lagos,30.0,25.0,26.7,83.3,0.1,100.0,4.17,rain,20.5,219.9,1014.5,63.9,,0.57,0.0,,
2011-09-15,Lagos,28.1,24.7,26.2,84.1,0.2,100.0,4.17,rain,13.0,244.8,1015.0,64.0,,0.6,0.0,,
2011-09-16,Lagos,29.0,24.0,26.0,86.3,0.2,100.0,8.33,rain,22.3,227.7,1014.2,69.1,,0.63,0.0,,
2011-09-17,Lagos,27.1,24.0,25.2,91.8,0.3,100.0,12.5,rain,23.4,216.7,1013.9,65.4,,0.67,0.0,,
2011-09-18,Lagos,28.0,24.0,25.1,91.1,4.1,100.0,4.17,rain,19.4,204.7,1014.5,67.5,,0.7,0.0,,
2011-09-19,Lagos,29.1,23.0,25.6,89.6,3.0,100.0,4.17,rain,15.1,215.6,1014.1,80.5,,0.73,0.0,,
2011-09-20,Lagos,28.1,23.0,25.0,92.2,24.9,100.0,4.17,rain,19.8,197.6,1013.4,70.5,,0.75,0.0,,
2011-09-21,Lagos,29.4,23.0,25.6,89.8,11.9,100.0,4.17,rain,16.6,201.1,1014.3,63.6,,0.8,0.0,,
2011-09-22,Lagos,30.0,24.0,25.9,87.8,0.3,100.0,4.17,rain,16.9,223.9,1014.4,53.6,,0.83,0.0,,
2011-09-23,Lagos,30.0,24.0,26.5,87.4,5.1,100.0,4.17,rain,15.6,225.6,1013.9,61.6,,0.87,0.0,,
2011-09-24,Lagos,30.0,24.0,26.9,84.9,0.3,100.0,4.17,rain,17.3,207.0,1014.0,58.7,,0.9,0.0,,
2011-09-25,Lagos,30.0,24.0,26.9,84.9,0.3,100.0,4.17,rain,17.3,207.0,1014.0,58.7,,0.9,0.0,,
2011-09-26,Lagos,30.0,24.0,26.9,84.9,0.3,100.0,4.17,rain,17.3,207.0,1014.0,58.7,,0.9,0.0,,
2011-09-27,Lagos,30.0,24.6,26.1,89.7,5.1,100.0,4.17,rain,13.0,219.5,1014.8,69.8,,0.0,0.0,,
2011-09-28,Lagos,30.0,24.0,26.2,88.8,1.0,100.0,4.17,rain,13.0,229.3,1014.3,65.5,,0.03,0.0,,
2011-09-29,Lagos,31.0,22.0,26.0,88.0,6.1,100.0,4.17,rain,40.7,257.2,1014.2,59.8,,0.07,0.0,,
2011-09-30,Lagos,30.0,22.0,25.4,88.7,7.8,100.0,8.33,rain,19.1,234.2,1013.3,56.8,,0.1,0.0,,
2011-10-01,Lagos,26.1,23.0,24.5,92.9,31.0,100.0,12.5,rain,25.9,204.9,1013.6,65.3,,0.14,1.0,,
2011-10-02,Lagos,31.0,22.0,26.3,84.5,0.2,100.0,4.17,rain,16.6,214.6,1013.7,62.6,,0.17,0.0,,
2011-10-03,Lagos,26.6,23.0,25.4,91.3,0.8,100.0,29.17,rain,15.8,224.7,1013.1,60.3,,0.2,0.0,,
2011-10-04,Lagos,31.0,23.0,26.5,86.4,0.2,100.0,8.33,rain,13.7,215.2,1012.8,62.9,,0.25,0.0,,
2011-10-05,Lagos,30.1,24.0,26.9,85.6,1.0,100.0,4.17,rain,19.8,217.3,1012.3,60.4,,0.27,0.0,,
2011-10-06,Lagos,30.0,24.0,26.5,86.9,0.6,100.0,4.17,rain,34.4,223.6,1012.5,65.8,,0.31,0.0,,
2011-10-07,Lagos,29.0,24.0,26.0,90.1,1.3,100.0,8.33,rain,17.3,232.3,1012.9,78.6,,0.34,0.0,,
2011-10-08,Lagos,30.0,23.8,26.0,89.8,23.9,100.0,8.33,rain,18.7,232.8,1011.7,74.7,,0.38,0.0,,
2011-10-09,Lagos,30.3,24.0,26.5,88.2,0.3,100.0,4.17,rain,15.8,202.1,1011.3,66.5,,0.41,0.0,,
2011-10-10,Lagos,28.0,23.0,25.3,93.0,8.9,100.0,4.17,rain,40.7,229.1,1011.9,71.3,,0.44,0.0,,
2011-10-11,Lagos,30.0,23.0,26.3,86.4,10.9,100.0,4.17,rain,38.5,244.4,1012.0,63.8,,0.48,0.0,,
2011-10-12,Lagos,30.0,22.8,26.2,86.0,2.0,100.0,4.17,rain,13.0,230.3,1010.8,67.7,,0.5,0.0,,
2011-10-13,Lagos,31.1,23.0,26.7,85.1,2.0,100.0,4.17,rain,16.4,210.4,1010.4,68.5,,0.55,0.0,,
2011-10-14,Lagos,30.0,23.0,25.5,88.0,0.6,100.0,4.17,rain,18.4,194.7,1010.5,68.9,,0.58,0.0,,
2011-10-15,Lagos,30.1,22.0,24.4,92.2,47.0,100.0,8.33,rain,37.1,357.6,1011.4,66.2,,0.61,1.0,,
2011-10-16,Lagos,30.1,22.0,24.4,92.2,47.0,100.0,8.33,rain,37.1,357.6,1011.4,66.2,,0.61,1.0,,
2011-10-17,Lagos,31.0,23.0,27.1,85.1,0.6,100.0,8.33,rain,13.0,221.6,1010.1,56.9,,0.68,0.0,,
2011-10-18,Lagos,29.0,22.0,25.4,92.7,32.0,100.0,12.5,rain,40.7,174.9,1010.3,68.9,,0.72,1.0,,
2011-10-19,Lagos,31.6,21.8,25.9,86.0,0.5,100.0,4.17,rain,14.8,213.7,1011.1,52.8,,0.75,0.0,,
2011-10-20,Lagos,29.1,24.0,26.3,88.5,0.3,100.0,8.33,rain,37.1,220.3,1010.3,57.4,,0.75,0.0,,
2011-10-21,Lagos,31.0,22.0,26.4,85.6,0.4,100.0,4.17,rain,15.5,203.3,1009.7,55.5,,0.82,0.0,,
2011-10-22,Lagos,28.1,22.0,24.5,91.1,36.1,100.0,8.33,rain,48.2,325.1,1010.8,82.3,,0.85,1.0,,
2011-10-23,Lagos,30.2,22.6,25.6,85.6,0.2,100.0,4.17,rain,16.2,163.2,1011.7,65.6,,0.89,0.0,,
2011-10-24,Lagos,31.3,23.0,26.4,83.9,6.1,100.0,4.17,rain,46.4,184.5,1011.6,54.2,,0.92,0.0,,
2011-10-25,Lagos,29.1,22.0,25.4,86.1,12.9,100.0,8.33,rain,20.5,167.3,1012.2,61.9,,0.95,0.0,,
2011-10-26,Lagos,31.0,23.0,26.4,83.6,4.1,100.0,4.17,rain,46.4,225.8,1012.0,69.5,,0.0,0.0,,
2011-10-27,Lagos,30.0,22.1,25.9,86.1,2.0,100.0,4.17,rain,17.3,209.1,1012.1,59.6,,0.02,0.0,,
2011-10-28,Lagos,30.1,23.0,26.5,85.3,0.4,100.0,4.17,rain,14.8,200.0,1011.9,63.4,,0.05,0.0,,
2011-10-29,Lagos,30.1,23.0,26.6,85.0,1.8,100.0,20.83,rain,13.7,209.5,1011.6,57.4,,0.09,0.0,,
2011-10-30,Lagos,30.0,23.0,26.7,85.0,21.1,100.0,4.17,rain,40.7,222.1,1010.9,68.5,,0.12,0.0,,
2011-10-31,Lagos,31.1,22.0,26.2,85.2,23.1,100.0,8.33,rain,15.5,201.1,1011.3,54.1,,0.15,0.0,,
2011-11-01,Lagos,31.0,23.0,26.9,85.3,0.9,100.0,12.5,rain,15.1,204.1,1012.0,61.0,,0.19,0.0,,
2011-11-02,Lagos,31.0,23.0,26.1,88.9,3.0,100.0,4.17,rain,46.4,246.9,1013.2,67.7,,0.25,0.0,,
2011-11-03,Lagos,30.7,23.0,25.5,90.2,0.3,100.0,4.17,rain,20.5,255.4,1012.3,61.9,,0.25,0.0,,
2011-11-04,Lagos,31.2,24.0,26.5,88.9,50.0,100.0,4.17,rain,18.0,244.9,1012.4,60.5,,0.29,1.0,,
2011-11-05,Lagos,31.0,23.0,26.1,89.2,0.7,100.0,8.33,rain,12.8,216.3,1012.8,55.2,,0.32,0.0,,
2011-11-06,Lagos,31.0,24.0,27.4,82.9,5.2,100.0,37.5,rain,18.7,222.7,1012.4,47.1,,0.35,0.0,,
2011-11-07,Lagos,31.2,24.0,26.5,89.1,0.1,100.0,4.17,rain,9.4,220.2,1012.6,55.8,,0.39,0.0,,
2011-11-08,Lagos,31.0,23.0,26.8,87.9,24.9,100.0,4.17,rain,11.2,227.0,1012.4,60.3,,0.42,0.0,,
2011-11-09,Lagos,31.2,23.0,27.1,85.4,0.2,100.0,8.33,rain,16.6,218.3,1011.3,59.6,,0.45,0.0,,
2011-11-10,Lagos,31.2,23.0,27.1,85.4,0.2,100.0,8.33,rain,16.6,218.3,1011.3,59.6,,0.45,0.0,,
2011-11-11,Lagos,31.1,24.0,26.7,87.7,17.0,100.0,4.17,rain,16.6,222.3,1009.8,65.4,,0.52,0.0,,
2011-11-12,Lagos,31.2,25.0,27.6,84.7,7.1,100.0,4.17,rain,19.4,224.8,1011.3,48.3,,0.56,0.0,,
2011-11-13,Lagos,31.2,25.0,27.6,84.7,7.1,100.0,4.17,rain,19.4,224.8,1011.3,48.3,,0.56,0.0,,
2011-11-14,Lagos,31.2,25.0,27.6,84.7,7.1,100.0,4.17,rain,19.4,224.8,1011.3,48.3,,0.56,0.0,,
2011-11-15,Lagos,31.2,25.0,27.6,84.7,7.1,100.0,4.17,rain,19.4,224.8,1011.3,48.3,,0.56,0.0,,
2011-11-16,Lagos,31.2,25.0,27.6,84.7,7.1,100.0,4.17,rain,19.4,224.8,1011.3,48.3,,0.56,0.0,,
2011-11-17,Lagos,31.0,22.0,25.8,89.2,38.1,100.0,4.17,rain,20.5,237.6,1011.0,60.3,,0.73,1.0,,
2011-11-18,Lagos,32.0,23.0,26.8,87.8,0.6,100.0,16.67,rain,14.8,233.6,1011.5,55.9,,0.75,0.0,,
2011-11-19,Lagos,31.1,24.0,27.4,86.4,0.1,100.0,4.17,rain,11.2,215.1,1011.3,58.5,,0.8,0.0,,
2011-11-20,Lagos,32.0,24.0,27.5,86.1,0.1,100.0,4.17,rain,13.0,214.3,1010.9,56.4,,0.83,0.0,,
2011-11-21,Lagos,32.0,24.0,27.6,84.6,0.7,100.0,8.33,rain,13.0,234.0,1011.3,57.8,,0.87,0.0,,
2011-11-22,Lagos,32.0,25.0,27.3,86.9,0.3,100.0,12.5,rain,14.0,255.4,1012.2,57.8,,0.9,0.0,,
2011-11-23,Lagos,32.0,25.0,27.3,86.9,0.3,100.0,12.5,rain,14.0,255.4,1012.2,57.8,,0.9,0.0,,
2011-11-24,Lagos,32.0,25.0,27.3,86.9,0.3,100.0,12.5,rain,14.0,255.4,1012.2,57.8,,0.9,0.0,,
2011-11-25,Lagos,32.0,23.0,26.4,88.5,10.9,100.0,4.17,rain,13.0,221.9,1011.7,53.7,,0.0,0.0,,
2011-11-26,Lagos,32.0,23.0,26.4,88.5,10.9,100.0,4.17,rain,13.0,221.9,1011.7,53.7,,0.0,0.0,,
2011-11-27,Lagos,32.0,23.0,26.4,88.5,10.9,100.0,4.17,rain,13.0,221.9,1011.7,53.7,,0.0,0.0,,
2011-11-28,Lagos,32.0,23.0,26.4,88.5,10.9,100.0,4.17,rain,13.0,221.9,1011.7,53.7,,0.0,0.0,,
2011-11-29,Lagos,32.0,23.0,26.4,88.5,10.9,100.0,4.17,rain,13.0,221.9,1011.7,53.7,,0.0,0.0,,
2011-11-30,Lagos,32.0,23.0,26.4,88.5,10.9,100.0,4.17,rain,13.0,221.9,1011.7,53.7,,0.0,0.0,,
2011-12-01,Lagos,32.0,23.0,26.4,88.5,10.9,100.0,4.17,rain,13.0,221.9,1011.7,53.7,,0.0,0.0,,
2011-12-02,Lagos,32.0,23.0,26.4,88.5,10.9,100.0,4.17,rain,13.0,221.9,1011.7,53.7,,0.0,0.0,,
2011-12-03,Lagos,32.0,23.0,26.4,88.5,10.9,100.0,4.17,rain,13.0,221.9,1011.7,53.7,,0.0,0.0,,
2011-12-04,Lagos,32.0,23.0,26.4,88.5,10.9,100.0,4.17,rain,13.0,221.9,1011.7,53.7,,0.0,0.0,,
2011-12-05,Lagos,32.0,23.0,26.4,88.5,10.9,100.0,4.17,rain,13.0,221.9,1011.7,53.7,,0.0,0.0,,
2011-12-06,Lagos,32.0,23.0,26.4,88.5,10.9,100.0,4.17,rain,13.0,221.9,1011.7,53.7,,0.0,0.0,,
2011-12-07,Lagos,32.0,23.0,26.4,88.5,10.9,100.0,4.17,rain,13.0,221.9,1011.7,53.7,,0.0,0.0,,
2011-12-08,Lagos,32.0,23.0,26.4,88.5,10.9,100.0,4.17,rain,13.0,221.9,1011.7,53.7,,0.0,0.0,,
2011-12-09,Lagos,32.0,23.0,26.4,88.5,10.9,100.0,4.17,rain,13.0,221.9,1011.7,53.7,,0.0,0.0,,
2011-12-10,Lagos,32.0,23.0,26.4,88.5,10.9,100.0,4.17,rain,13.0,221.9,1011.7,53.7,,0.0,0.0,,
2011-12-11,Lagos,32.0,23.0,26.4,88.5,10.9,100.0,4.17,rain,13.0,221.9,1011.7,53.7,,0.0,0.0,,
2011-12-12,Lagos,32.0,23.0,26.4,88.5,10.9,100.0,4.17,rain,13.0,221.9,1011.7,53.7,,0.0,0.0,,
2011-12-13,Lagos,32.0,23.0,26.4,88.5,10.9,100.0,4.17,rain,13.0,221.9,1011.7,53.7,,0.0,0.0,,
2011-12-14,Lagos,33.0,19.1,25.5,69.9,199.9,100.0,4.17,rain,11.2,286.7,1012.3,22.8,,0.64,1.0,,
2011-12-15,Lagos,33.0,19.1,25.5,69.9,199.9,100.0,4.17,rain,11.2,286.7,1012.3,22.8,,0.64,1.0,,
2011-12-16,Lagos,33.0,19.1,25.5,69.9,199.9,100.0,4.17,rain,11.2,286.7,1012.3,22.8,,0.64,1.0,,
2011-12-17,Lagos,33.0,19.1,25.5,69.9,199.9,100.0,4.17,rain,11.2,286.7,1012.3,22.8,,0.64,1.0,,
2011-12-18,Lagos,33.0,19.1,25.5,69.9,199.9,100.0,4.17,rain,11.2,286.7,1012.3,22.8,,0.64,1.0,,
2011-12-19,Lagos,33.0,19.1,25.5,69.9,199.9,100.0,4.17,rain,11.2,286.7,1012.3,22.8,,0.64,1.0,,
2011-12-20,Lagos,33.0,19.1,25.5,69.9,199.9,100.0,4.17,rain,11.2,286.7,1012.3,22.8,,0.64,1.0,,
2011-12-21,Lagos,33.0,19.1,25.5,69.9,199.9,100.0,4.17,rain,11.2,286.7,1012.3,22.8,,0.64,1.0,,
2011-12-22,Lagos,33.0,19.1,25.5,69.9,199.9,100.0,4.17,rain,11.2,286.7,1012.3,22.8,,0.64,1.0,,
2011-12-23,Lagos,33.0,19.1,25.5,69.9,199.9,100.0,4.17,rain,11.2,286.7,1012.3,22.8,,0.64,1.0,,
2011-12-24,Lagos,33.0,19.1,25.5,69.9,199.9,100.0,4.17,rain,11.2,286.7,1012.3,22.8,,0.64,1.0,,
2011-12-25,Lagos,33.0,19.1,25.5,69.9,199.9,100.0,4.17,rain,11.2,286.7,1012.3,22.8,,0.64,1.0,,
2011-12-26,Lagos,33.0,19.1,25.5,69.9,199.9,100.0,4.17,rain,11.2,286.7,1012.3,22.8,,0.64,1.0,,
2011-12-27,Lagos,33.0,19.1,25.5,69.9,199.9,100.0,4.17,rain,11.2,286.7,1012.3,22.8,,0.64,1.0,,
2011-12-28,Lagos,33.0,19.1,25.5,69.9,199.9,100.0,4.17,rain,11.2,286.7,1012.3,22.8,,0.64,1.0,,
2011-12-29,Lagos,33.0,19.1,25.5,69.9,199.9,100.0,4.17,rain,11.2,286.7,1012.3,22.8,,0.64,1.0,,
2011-12-30,Lagos,33.0,19.1,25.5,69.9,199.9,100.0,4.17,rain,11.2,286.7,1012.3,22.8,,0.64,1.0,,
2011-12-31,Lagos,33.0,19.1,25.5,69.9,199.9,100.0,4.17,rain,11.2,286.7,1012.3,22.8,,0.64,1.0,,
2012-01-01,Lagos,33.0,19.1,25.5,69.9,199.9,100.0,4.17,rain,11.2,286.7,1012.3,22.8,,0.64,1.0,,
2012-01-02,Lagos,33.0,19.1,25.5,69.9,199.9,100.0,4.17,rain,11.2,286.7,1012.3,22.8,,0.64,1.0,,
2012-01-03,Lagos,33.0,19.1,25.5,69.9,199.9,100.0,4.17,rain,11.2,286.7,1012.3,22.8,,0.64,1.0,,
2012-01-04,Lagos,33.0,19.1,25.5,69.9,199.9,100.0,4.17,rain,11.2,286.7,1012.3,22.8,,0.64,1.0,,
2012-01-05,Lagos,33.0,19.1,25.5,69.9,199.9,100.0,4.17,rain,11.2,286.7,1012.3,22.8,,0.64,1.0,,
2012-01-06,Lagos,33.0,19.1,25.5,69.9,199.9,100.0,4.17,rain,11.2,286.7,1012.3,22.8,,0.64,1.0,,
2012-01-07,Lagos,33.0,19.1,25.5,69.9,199.9,100.0,4.17,rain,11.2,286.7,1012.3,22.8,,0.64,1.0,,
2012-01-08,Lagos,33.0,19.1,25.5,69.9,199.9,100.0,4.17,rain,11.2,286.7,1012.3,22.8,,0.64,1.0,,
2012-01-09,Lagos,33.0,19.1,25.5,69.9,199.9,100.0,4.17,rain,11.2,286.7,1012.3,22.8,,0.64,1.0,,
2012-01-10,Lagos,33.0,19.1,25.5,69.9,199.9,100.0,4.17,rain,11.2,286.7,1012.3,22.8,,0.64,1.0,,
2012-01-11,Lagos,33.0,19.1,25.5,69.9,199.9,100.0,4.17,rain,11.2,286.7,1012.3,22.8,,0.64,1.0,,
2012-01-12,Lagos,33.0,19.1,25.5,69.9,199.9,100.0,4.17,rain,11.2,286.7,1012.3,22.8,,0.64,1.0,,
2012-01-13,Lagos,33.0,19.1,25.5,69.9,199.9,100.0,4.17,rain,11.2,286.7,1012.3,22.8,,0.64,1.0,,
2012-01-14,Lagos,33.0,19.1,25.5,69.9,199.9,100.0,4.17,rain,11.2,286.7,1012.3,22.8,,0.64,1.0,,
2012-01-15,Lagos,33.0,19.1,25.5,69.9,199.9,100.0,4.17,rain,11.2,286.7,1012.3,22.8,,0.64,1.0,,
2012-01-16,Lagos,33.0,19.1,25.5,69.9,199.9,100.0,4.17,rain,11.2,286.7,1012.3,22.8,,0.64,1.0,,
2012-01-17,Lagos,33.0,19.1,25.5,69.9,199.9,100.0,4.17,rain,11.2,286.7,1012.3,22.8,,0.64,1.0,,
2012-01-18,Lagos,33.0,19.1,25.5,69.9,199.9,100.0,4.17,rain,11.2,286.7,1012.3,22.8,,0.64,1.0,,
2012-01-19,Lagos,33.0,19.1,25.5,69.9,199.9,100.0,4.17,rain,11.2,286.7,1012.3,22.8,,0.64,1.0,,
2012-01-20,Lagos,33.0,19.1,25.5,69.9,199.9,100.0,4.17,rain,11.2,286.7,1012.3,22.8,,0.64,1.0,,
2012-01-21,Lagos,33.0,19.1,25.5,69.9,199.9,100.0,4.17,rain,11.2,286.7,1012.3,22.8,,0.64,1.0,,
2012-01-22,Lagos,33.0,19.1,25.5,69.9,199.9,100.0,4.17,rain,11.2,286.7,1012.3,22.8,,0.64,1.0,,
2012-01-23,Lagos,33.0,19.1,25.5,69.9,199.9,100.0,4.17,rain,11.2,286.7,1012.3,22.8,,0.64,1.0,,
2012-01-24,Lagos,33.0,19.1,25.5,69.9,199.9,100.0,4.17,rain,11.2,286.7,1012.3,22.8,,0.64,1.0,,
2012-01-25,Lagos,33.0,19.1,25.5,69.9,199.9,100.0,4.17,rain,11.2,286.7,1012.3,22.8,,0.64,1.0,,
2012-01-26,Lagos,33.0,19.1,25.5,69.9,199.9,100.0,4.17,rain,11.2,286.7,1012.3,22.8,,0.64,1.0,,
2012-01-27,Lagos,33.0,19.1,25.5,69.9,199.9,100.0,4.17,rain,11.2,286.7,1012.3,22.8,,0.64,1.0,,
2012-01-28,Lagos,33.0,19.1,25.5,69.9,199.9,100.0,4.17,rain,11.2,286.7,1012.3,22.8,,0.64,1.0,,
2012-01-29,Lagos,32.0,24.5,27.8,83.0,10.9,100.0,4.17,rain,11.2,286.7,1010.4,45.9,,0.64,0.0,,
2012-01-30,Lagos,32.0,24.5,27.8,83.0,10.9,100.0,4.17,rain,11.2,286.7,1010.4,45.9,,0.64,0.0,,
2012-01-31,Lagos,32.0,24.5,27.8,83.0,10.9,100.0,4.17,rain,11.2,286.7,1010.4,45.9,,0.64,0.0,,
2012-02-01,Lagos,32.0,24.5,27.8,83.0,10.9,100.0,4.17,rain,11.2,286.7,1010.4,45.9,,0.64,0.0,,
2012-02-02,Lagos,31.0,25.6,27.4,86.3,1.0,100.0,4.17,rain,11.2,286.7,1011.6,62.7,,0.64,0.0,,
2012-02-03,Lagos,31.5,24.0,27.7,83.1,19.1,100.0,4.17,rain,11.2,286.7,1012.1,68.4,,0.64,0.0,,
2012-02-04,Lagos,31.5,24.0,27.7,83.1,19.1,100.0,4.17,rain,11.2,286.7,1012.1,68.4,,0.64,0.0,,
2012-02-05,Lagos,31.5,24.0,27.7,83.1,19.1,100.0,4.17,rain,11.2,286.7,1012.1,68.4,,0.64,0.0,,
2012-02-06,Lagos,32.0,22.8,26.8,82.6,27.9,100.0,4.17,rain,11.2,286.7,1010.2,55.4,,0.64,0.0,,
2012-02-07,Lagos,32.0,22.8,26.8,82.6,27.9,100.0,4.17,rain,11.2,286.7,1010.2,55.4,,0.64,0.0,,
2012-02-08,Lagos,32.0,22.8,26.8,82.6,27.9,100.0,4.17,rain,11.2,286.7,1010.2,55.4,,0.64,0.0,,
2012-02-09,Lagos,32.0,22.8,26.8,82.6,27.9,100.0,4.17,rain,11.2,286.7,1010.2,55.4,,0.64,0.0,,
2012-02-10,Lagos,32.0,22.8,26.8,82.6,27.9,100.0,4.17,rain,11.2,286.7,1010.2,55.4,,0.64,0.0,,
2012-02-11,Lagos,32.0,22.8,26.8,82.6,27.9,100.0,4.17,rain,11.2,286.7,1010.2,55.4,,0.64,0.0,,
2012-02-12,Lagos,32.0,22.8,26.8,82.6,27.9,100.0,4.17,rain,11.2,286.7,1010.2,55.4,,0.64,0.0,,
2012-02-13,Lagos,32.0,22.8,26.8,82.6,27.9,100.0,4.17,rain,11.2,286.7,1010.2,55.4,,0.64,0.0,,
2012-02-14,Lagos,32.0,22.8,26.8,82.6,27.9,100.0,4.17,rain,11.2,286.7,1010.2,55.4,,0.64,0.0,,
2012-02-15,Lagos,32.0,22.8,26.8,82.6,27.9,100.0,4.17,rain,11.2,286.7,1010.2,55.4,,0.64,0.0,,
2012-02-16,Lagos,32.0,22.8,26.8,82.6,27.9,100.0,4.17,rain,11.2,286.7,1010.2,55.4,,0.64,0.0,,
2012-02-17,Lagos,32.0,22.8,26.8,82.6,27.9,100.0,4.17,rain,11.2,286.7,1010.2,55.4,,0.64,0.0,,
2012-02-18,Lagos,32.0,22.8,26.8,82.6,27.9,100.0,4.17,rain,11.2,286.7,1010.2,55.4,,0.64,0.0,,
2012-02-19,Lagos,32.0,22.8,26.8,82.6,27.9,100.0,4.17,rain,11.2,286.7,1010.2,55.4,,0.64,0.0,,
2012-02-20,Lagos,32.0,22.8,26.8,82.6,27.9,100.0,4.17,rain,11.2,286.7,1010.2,55.4,,0.64,0.0,,
2012-02-21,Lagos,33.7,22.2,26.8,81.4,15.0,100.0,4.17,rain,11.2,286.7,1011.5,58.7,,0.64,0.0,,
2012-02-22,Lagos,33.7,22.2,26.8,81.4,15.0,100.0,4.17,rain,11.2,286.7,1011.5,58.7,,0.64,0.0,,
2012-02-23,Lagos,33.7,22.2,26.8,81.4,15.0,100.0,4.17,rain,11.2,286.7,1011.5,58.7,,0.64,0.0,,
2012-02-24,Lagos,33.7,22.2,26.8,81.4,15.0,100.0,4.17,rain,11.2,286.7,1011.5,58.7,,0.64,0.0,,
2012-02-25,Lagos,33.7,22.2,26.8,81.4,15.0,100.0,4.17,rain,11.2,286.7,1011.5,58.7,,0.64,0.0,,
2012-02-26,Lagos,33.7,22.2,26.8,81.4,15.0,100.0,4.17,rain,11.2,286.7,1011.5,58.7,,0.64,0.0,,
2012-02-27,Lagos,33.7,22.2,26.8,81.4,15.0,100.0,4.17,rain,11.2,286.7,1011.5,58.7,,0.64,0.0,,
2012-02-28,Lagos,33.7,22.2,26.8,81.4,15.0,100.0,4.17,rain,11.2,286.7,1011.5,58.7,,0.64,0.0,,
2012-02-29,Lagos,33.7,22.2,26.8,81.4,15.0,100.0,4.17,rain,11.2,286.7,1011.5,58.7,,0.64,0.0,,
2012-03-01,Lagos,33.7,22.2,26.8,81.4,15.0,100.0,4.17,rain,11.2,286.7,1011.5,58.7,,0.64,0.0,,
2012-03-02,Lagos,31.0,23.0,26.3,81.1,2.0,100.0,4.17,rain,11.2,286.7,1012.0,59.9,,0.64,0.0,,
2012-03-03,Lagos,31.0,23.0,26.3,81.1,2.0,100.0,4.17,rain,11.2,286.7,1012.0,59.9,,0.64,0.0,,
2012-03-04,Lagos,32.9,23.8,26.8,85.0,9.9,100.0,4.17,rain,11.2,286.7,1011.2,60.0,,0.64,0.0,,
2012-03-05,Lagos,32.9,23.8,26.8,85.0,9.9,100.0,4.17,rain,11.2,286.7,1011.2,60.0,,0.64,0.0,,
2012-03-06,Lagos,31.2,23.0,26.7,84.4,3.0,100.0,4.17,rain,11.2,286.7,1011.5,55.2,,0.64,0.0,,
2012-03-07,Lagos,31.1,24.7,28.1,81.3,3.0,100.0,4.17,rain,11.2,286.7,1011.2,62.2,,0.64,0.0,,
2012-03-08,Lagos,32.1,26.0,28.7,79.9,3.0,100.0,4.17,rain,11.2,286.7,1011.3,53.6,,0.64,0.0,,
2012-03-09,Lagos,32.1,26.0,28.7,79.9,3.0,100.0,4.17,rain,11.2,286.7,1011.3,53.6,,0.64,0.0,,
2012-03-10,Lagos,32.0,25.0,27.5,85.6,7.9,100.0,4.17,rain,11.2,286.7,1012.2,56.1,,0.64,0.0,,
2012-03-11,Lagos,32.0,25.0,27.5,85.6,7.9,100.0,4.17,rain,11.2,286.7,1012.2,56.1,,0.64,0.0,,
2012-03-12,Lagos,32.0,25.0,27.5,85.6,7.9,100.0,4.17,rain,11.2,286.7,1012.2,56.1,,0.64,0.0,,
2012-03-13,Lagos,32.0,25.0,27.5,85.6,7.9,100.0,4.17,rain,11.2,286.7,1012.2,56.1,,0.64,0.0,,
2012-03-14,Lagos,32.0,25.0,27.5,85.6,7.9,100.0,4.17,rain,11.2,286.7,1012.2,56.1,,0.64,0.0,,
2012-03-15,Lagos,32.0,25.0,27.5,85.6,7.9,100.0,4.17,rain,11.2,286.7,1012.2,56.1,,0.64,0.0,,
2012-03-16,Lagos,32.0,25.0,27.5,85.6,7.9,100.0,4.17,rain,11.2,286.7,1012.2,56.1,,0.64,0.0,,
2012-03-17,Lagos,32.0,25.0,27.5,85.6,7.9,100.0,4.17,rain,11.2,286.7,1012.2,56.1,,0.64,0.0,,
2012-03-18,Lagos,32.0,25.0,27.5,85.6,7.9,100.0,4.17,rain,11.2,286.7,1012.2,56.1,,0.64,0.0,,
2012-03-19,Lagos,32.0,25.0,27.5,85.6,7.9,100.0,4.17,rain,11.2,286.7,1012.2,56.1,,0.64,0.0,,
2012-03-20,Lagos,32.0,25.0,27.5,85.6,7.9,100.0,4.17,rain,11.2,286.7,1012.2,56.1,,0.64,0.0,,
2012-03-21,Lagos,32.0,25.0,27.5,85.6,7.9,100.0,4.17,rain,11.2,286.7,1012.2,56.1,,0.64,0.0,,
2012-03-22,Lagos,32.0,25.0,27.5,85.6,7.9,100.0,4.17,rain,11.2,286.7,1012.2,56.1,,0.64,0.0,,
2012-03-23,Lagos,32.0,25.0,27.5,85.6,7.9,100.0,4.17,rain,11.2,286.7,1012.2,56.1,,0.64,0.0,,
2012-03-24,Lagos,33.3,25.0,28.9,82.2,9.9,100.0,4.17,rain,11.2,286.7,1010.0,60.3,,0.64,0.0,,
2012-03-25,Lagos,29.0,23.0,26.7,87.7,9.9,100.0,4.17,rain,11.2,286.7,1010.6,37.6,,0.64,0.0,,
2012-03-26,Lagos,31.5,24.0,27.4,83.9,9.9,100.0,4.17,rain,11.2,286.7,1010.6,47.9,,0.64,0.0,,
2012-03-27,Lagos,31.5,24.0,27.4,83.9,9.9,100.0,4.17,rain,11.2,286.7,1010.6,47.9,,0.64,0.0,,
2012-03-28,Lagos,31.5,24.0,27.4,83.9,9.9,100.0,4.17,rain,11.2,286.7,1010.6,47.9,,0.64,0.0,,
2012-03-29,Lagos,33.0,26.4,29.3,82.6,7.9,100.0,4.17,rain,11.2,286.7,1011.6,57.4,,0.64,0.0,,
2012-03-30,Lagos,31.0,22.0,27.3,82.5,23.9,100.0,4.17,rain,11.2,286.7,1012.6,49.7,,0.64,0.0,,
2012-03-31,Lagos,31.0,22.0,27.3,82.5,23.9,100.0,4.17,rain,11.2,286.7,1012.6,49.7,,0.64,0.0,,
2012-04-01,Lagos,33.0,25.0,28.7,80.2,1.0,100.0,4.17,rain,11.2,286.7,1012.1,62.3,,0.64,0.0,,
2012-04-02,Lagos,33.0,25.0,28.7,80.2,1.0,100.0,4.17,rain,11.2,286.7,1012.1,62.3,,0.64,0.0,,
2012-04-03,Lagos,33.0,24.0,28.2,82.2,99.1,100.0,4.17,rain,11.2,286.7,1010.9,59.6,,0.64,1.0,,
2012-04-04,Lagos,32.0,24.0,27.1,82.8,9.9,100.0,8.33,rain,11.2,286.7,1011.5,51.7,,0.64,0.0,,
2012-04-05,Lagos,32.0,24.0,27.1,82.8,9.9,100.0,8.33,rain,11.2,286.7,1011.5,51.7,,0.64,0.0,,
2012-04-06,Lagos,32.0,24.0,27.1,82.8,9.9,100.0,8.33,rain,11.2,286.7,1011.5,51.7,,0.64,0.0,,
2012-04-07,Lagos,32.0,24.0,27.1,82.8,9.9,100.0,8.33,rain,11.2,286.7,1011.5,51.7,,0.64,0.0,,
2012-04-08,Lagos,32.0,24.0,27.1,82.8,9.9,100.0,8.33,rain,11.2,286.7,1011.5,51.7,,0.64,0.0,,
2012-04-09,Lagos,32.0,25.9,28.8,83.0,100.1,100.0,8.33,rain,11.2,286.7,1008.6,66.2,,0.64,1.0,,
2012-04-10,Lagos,32.0,25.9,28.8,83.0,100.1,100.0,8.33,rain,11.2,286.7,1008.6,66.2,,0.64,1.0,,
2012-04-11,Lagos,32.0,25.9,28.8,83.0,100.1,100.0,8.33,rain,11.2,286.7,1008.6,66.2,,0.64,1.0,,
2012-04-12,Lagos,32.0,25.9,28.8,83.0,100.1,100.0,8.33,rain,11.2,286.7,1008.6,66.2,,0.64,1.0,,
2012-04-13,Lagos,32.0,25.9,28.8,83.0,100.1,100.0,8.33,rain,11.2,286.7,1008.6,66.2,,0.64,1.0,,
2012-04-14,Lagos,32.0,25.9,28.8,83.0,100.1,100.0,8.33,rain,11.2,286.7,1008.6,66.2,,0.64,1.0,,
2012-04-15,Lagos,32.0,25.9,28.8,83.0,100.1,100.0,8.33,rain,11.2,286.7,1008.6,66.2,,0.64,1.0,,
2012-04-16,Lagos,32.0,24.2,28.5,79.1,7.9,100.0,4.17,rain,11.2,286.7,1011.9,80.5,,0.64,0.0,,
2012-04-17,Lagos,31.0,22.0,26.1,80.6,50.3,100.0,8.33,rain,11.2,286.7,1012.8,55.1,,0.64,1.0,,
2012-04-18,Lagos,31.0,22.0,26.1,80.6,50.3,100.0,8.33,rain,11.2,286.7,1012.8,55.1,,0.64,1.0,,
2012-04-19,Lagos,29.0,23.0,25.2,92.5,46.0,100.0,8.33,rain,11.2,286.7,1011.9,54.5,,0.64,1.0,,
2012-04-20,Lagos,29.0,23.0,25.2,92.5,46.0,100.0,8.33,rain,11.2,286.7,1011.9,54.5,,0.64,1.0,,
2012-04-21,Lagos,29.0,23.0,25.2,92.5,46.0,100.0,8.33,rain,11.2,286.7,1011.9,54.5,,0.64,1.0,,
2012-04-22,Lagos,29.0,23.0,25.2,92.5,46.0,100.0,8.33,rain,11.2,286.7,1011.9,54.5,,0.64,1.0,,
2012-04-23,Lagos,31.2,22.3,27.0,84.4,21.8,100.0,8.33,rain,11.2,286.7,1012.3,55.1,,0.64,0.0,,
2012-04-24,Lagos,31.2,22.3,27.0,84.4,21.8,100.0,8.33,rain,11.2,286.7,1012.3,55.1,,0.64,0.0,,
2012-04-25,Lagos,29.0,23.0,26.4,86.3,3.0,100.0,4.17,rain,11.2,286.7,1012.7,57.4,,0.64,0.0,,
2012-04-26,Lagos,29.0,23.0,26.4,86.3,3.0,100.0,4.17,rain,11.2,286.7,1012.7,57.4,,0.64,0.0,,
2012-04-27,Lagos,29.0,23.0,26.4,86.3,3.0,100.0,4.17,rain,11.2,286.7,1012.7,57.4,,0.64,0.0,,
2012-04-28,Lagos,29.0,23.0,26.4,86.3,3.0,100.0,4.17,rain,11.2,286.7,1012.7,57.4,,0.64,0.0,,
2012-04-29,Lagos,29.0,23.0,26.4,86.3,3.0,100.0,4.17,rain,11.2,286.7,1012.7,57.4,,0.64,0.0,,
2012-04-30,Lagos,29.0,23.0,26.4,86.3,3.0,100.0,4.17,rain,11.2,286.7,1012.7,57.4,,0.64,0.0,,
2012-05-01,Lagos,29.0,23.0,26.4,86.3,3.0,100.0,4.17,rain,11.2,286.7,1012.7,57.4,,0.64,0.0,,
2012-05-02,Lagos,29.0,23.0,26.4,86.3,3.0,100.0,4.17,rain,11.2,286.7,1012.7,57.4,,0.64,0.0,,
2012-05-03,Lagos,29.0,23.0,26.4,86.3,3.0,100.0,4.17,rain,11.2,286.7,1012.7,57.4,,0.64,0.0,,
2012-05-04,Lagos,29.0,23.0,26.4,86.3,3.0,100.0,4.17,rain,11.2,286.7,1012.7,57.4,,0.64,0.0,,
2012-05-05,Lagos,31.1,23.1,26.7,84.2,1.0,100.0,4.17,rain,11.2,286.7,1012.2,58.6,,0.64,0.0,,
2012-05-06,Lagos,31.1,23.1,26.7,84.2,1.0,100.0,4.17,rain,11.2,286.7,1012.2,58.6,,0.64,0.0,,
2012-05-07,Lagos,31.6,26.0,27.9,82.5,4.1,100.0,4.17,rain,11.2,286.7,1012.4,63.7,,0.64,0.0,,
2012-05-08,Lagos,32.1,23.1,26.3,86.0,3.0,100.0,4.17,rain,11.2,286.7,1011.5,57.7,,0.64,0.0,,
2012-05-09,Lagos,30.2,22.1,25.9,81.9,1.0,100.0,4.17,rain,11.2,286.7,1011.3,53.9,,0.64,0.0,,
2012-05-10,Lagos,30.2,22.1,25.9,81.9,1.0,100.0,4.17,rain,11.2,286.7,1011.3,53.9,,0.64,0.0,,
2012-05-11,Lagos,30.2,22.1,25.9,81.9,1.0,100.0,4.17,rain,11.2,286.7,1011.3,53.9,,0.64,0.0,,
2012-05-12,Lagos,29.1,24.0,26.4,88.7,5.1,100.0,4.17,rain,11.2,286.7,1012.9,55.1,,0.64,0.0,,
2012-05-13,Lagos,27.1,24.0,25.3,93.6,1.0,100.0,4.17,rain,11.2,286.7,1012.4,65.2,,0.64,0.0,,
2012-05-14,Lagos,27.1,24.0,25.3,93.6,1.0,100.0,4.17,rain,11.2,286.7,1012.4,65.2,,0.64,0.0,,
2012-05-15,Lagos,27.1,24.0,25.3,93.6,1.0,100.0,4.17,rain,11.2,286.7,1012.4,65.2,,0.64,0.0,,
2012-05-16,Lagos,31.5,25.0,27.7,82.6,99.1,100.0,4.17,rain,11.2,286.7,1013.3,58.5,,0.64,1.0,,
2012-05-17,Lagos,31.5,25.0,27.7,82.6,99.1,100.0,4.17,rain,11.2,286.7,1013.3,58.5,,0.64,1.0,,
2012-05-18,Lagos,31.5,25.0,27.7,82.6,99.1,100.0,4.17,rain,11.2,286.7,1013.3,58.5,,0.64,1.0,,
2012-05-19,Lagos,28.0,22.0,25.0,91.7,125.0,100.0,8.33,rain,11.2,286.7,1012.0,60.9,,0.64,1.0,,
2012-05-20,Lagos,28.0,22.0,25.0,91.7,125.0,100.0,8.33,rain,11.2,286.7,1012.0,60.9,,0.64,1.0,,
2012-05-21,Lagos,26.1,22.0,24.0,91.7,11.9,100.0,4.17,rain,11.2,286.7,1013.4,59.0,,0.64,0.0,,
2012-05-22,Lagos,26.1,22.0,24.0,91.7,11.9,100.0,4.17,rain,11.2,286.7,1013.4,59.0,,0.64,0.0,,
2012-05-23,Lagos,26.1,22.0,24.0,91.7,11.9,100.0,4.17,rain,11.2,286.7,1013.4,59.0,,0.64,0.0,,
2012-05-24,Lagos,26.1,22.0,24.0,91.7,11.9,100.0,4.17,rain,11.2,286.7,1013.4,59.0,,0.64,0.0,,
2012-05-25,Lagos,30.7,23.0,26.2,88.1,8.1,100.0,8.33,rain,11.2,286.7,1013.5,64.3,,0.64,0.0,,
2012-05-26,Lagos,30.7,23.0,26.2,88.1,8.1,100.0,8.33,rain,11.2,286.7,1013.5,64.3,,0.64,0.0,,
2012-05-27,Lagos,30.7,23.0,26.2,88.1,8.1,100.0,8.33,rain,11.2,286.7,1013.5,64.3,,0.64,0.0,,
2012-05-28,Lagos,30.7,23.0,26.2,88.1,8.1,100.0,8.33,rain,11.2,286.7,1013.5,64.3,,0.64,0.0,,
2012-05-29,Lagos,29.0,25.0,26.4,88.4,2.0,100.0,4.17,rain,11.2,286.7,1013.9,67.8,,0.64,0.0,,
2012-05-30,Lagos,29.1,24.0,26.5,86.1,1.0,100.0,4.17,rain,11.2,286.7,1014.5,70.7,,0.64,0.0,,
2012-05-31,Lagos,30.0,23.8,25.6,88.8,34.0,100.0,4.17,rain,11.2,286.7,1015.3,58.9,,0.64,1.0,,
2012-06-01,Lagos,31.0,26.0,28.3,77.8,13.0,100.0,4.17,rain,11.2,286.7,1014.2,71.8,,0.64,0.0,,
2012-06-02,Lagos,26.0,22.4,24.6,95.2,14.0,100.0,4.17,rain,11.2,286.7,1013.8,70.4,,0.64,0.0,,
2012-06-03,Lagos,31.0,22.0,26.6,81.9,9.1,100.0,4.17,rain,11.2,286.7,1014.1,58.8,,0.64,0.0,,
2012-06-04,Lagos,31.0,22.0,26.6,81.9,9.1,100.0,4.17,rain,11.2,286.7,1014.1,58.8,,0.64,0.0,,
2012-06-05,Lagos,31.0,22.0,26.6,81.9,9.1,100.0,4.17,rain,11.2,286.7,1014.1,58.8,,0.64,0.0,,
2012-06-06,Lagos,31.0,22.0,26.6,81.9,9.1,100.0,4.17,rain,11.2,286.7,1014.1,58.8,,0.64,0.0,,
2012-06-07,Lagos,31.0,22.0,26.6,81.9,9.1,100.0,4.17,rain,11.2,286.7,1014.1,58.8,,0.64,0.0,,
2012-06-08,Lagos,31.0,22.0,26.6,81.9,9.1,100.0,4.17,rain,11.2,286.7,1014.1,58.8,,0.64,0.0,,
2012-06-09,Lagos,31.0,22.0,26.6,81.9,9.1,100.0,4.17,rain,11.2,286.7,1014.1,58.8,,0.64,0.0,,
2012-06-10,Lagos,31.0,22.0,26.6,81.9,9.1,100.0,4.17,rain,11.2,286.7,1014.1,58.8,,0.64,0.0,,
2012-06-11,Lagos,31.0,22.0,26.6,81.9,9.1,100.0,4.17,rain,11.2,286.7,1014.1,58.8,,0.64,0.0,,
2012-06-12,Lagos,26.0,24.8,25.3,92.9,8.9,100.0,4.17,rain,11.2,286.7,1013.2,42.7,,0.64,0.0,,
2012-06-13,Lagos,26.0,24.8,25.3,92.9,8.9,100.0,4.17,rain,11.2,286.7,1013.2,42.7,,0.64,0.0,,
2012-06-14,Lagos,26.0,24.8,25.3,92.9,8.9,100.0,4.17,rain,11.2,286.7,1013.2,42.7,,0.64,0.0,,
2012-06-15,Lagos,26.0,24.8,25.3,92.9,8.9,100.0,4.17,rain,11.2,286.7,1013.2,42.7,,0.64,0.0,,
2012-06-16,Lagos,30.0,24.0,26.0,87.6,1.0,100.0,4.17,rain,11.2,286.7,1013.8,59.1,,0.64,0.0,,
2012-06-17,Lagos,26.6,24.0,24.8,92.8,5.1,100.0,4.17,rain,11.2,286.7,1014.6,59.6,,0.64,0.0,,
2012-06-18,Lagos,26.6,24.0,24.8,92.8,5.1,100.0,4.17,rain,11.2,286.7,1014.6,59.6,,0.64,0.0,,
2012-06-19,Lagos,26.6,24.0,24.8,92.8,5.1,100.0,4.17,rain,11.2,286.7,1014.6,59.6,,0.64,0.0,,
2012-06-20,Lagos,28.0,24.0,25.5,92.5,21.1,100.0,12.5,rain,11.2,286.7,1014.8,66.5,,0.64,0.0,,
2012-06-21,Lagos,30.4,23.1,25.4,90.6,37.1,100.0,8.33,rain,11.2,286.7,1014.0,67.1,,0.64,1.0,,
2012-06-22,Lagos,27.1,23.0,24.8,94.5,25.1,100.0,8.33,rain,11.2,286.7,1014.5,72.9,,0.64,0.0,,
2012-06-23,Lagos,27.1,23.0,24.8,94.5,25.1,100.0,8.33,rain,11.2,286.7,1014.5,72.9,,0.64,0.0,,
2012-06-24,Lagos,27.1,23.0,24.8,94.5,25.1,100.0,8.33,rain,11.2,286.7,1014.5,72.9,,0.64,0.0,,
2012-06-25,Lagos,27.1,24.0,25.6,89.8,1.0,100.0,4.17,rain,11.2,286.7,1014.6,66.3,,0.64,0.0,,
2012-06-26,Lagos,29.0,23.0,25.3,90.9,10.4,100.0,8.33,rain,11.2,286.7,1015.5,65.1,,0.64,0.0,,
2012-06-27,Lagos,29.8,23.7,25.5,89.8,1.0,100.0,4.17,rain,11.2,286.7,1015.5,74.8,,0.64,0.0,,
2012-06-28,Lagos,29.8,23.7,25.5,89.8,1.0,100.0,4.17,rain,11.2,286.7,1015.5,74.8,,0.64,0.0,,
2012-06-29,Lagos,29.8,23.7,25.5,89.8,1.0,100.0,4.17,rain,11.2,286.7,1015.5,74.8,,0.64,0.0,,
2012-06-30,Lagos,26.2,23.8,24.5,95.9,24.9,100.0,4.17,rain,11.2,286.7,1014.4,76.0,,0.64,0.0,,
2012-07-01,Lagos,28.0,21.9,24.9,92.5,42.2,100.0,8.33,rain,11.2,286.7,1013.8,77.2,,0.64,1.0,,
2012-07-02,Lagos,25.6,22.3,23.8,96.1,55.1,100.0,8.33,rain,11.2,286.7,1013.5,86.7,,0.64,1.0,,
2012-07-03,Lagos,29.3,22.9,25.7,87.8,1.0,100.0,4.17,rain,11.2,286.7,1014.3,68.2,,0.64,0.0,,
2012-07-04,Lagos,28.0,23.9,25.4,89.3,11.9,100.0,4.17,rain,11.2,286.7,1013.4,85.4,,0.64,0.0,,
2012-07-05,Lagos,29.2,23.1,25.8,86.5,11.9,100.0,4.17,rain,11.2,286.7,1013.5,65.3,,0.64,0.0,,
2012-07-06,Lagos,29.2,23.1,25.8,86.5,11.9,100.0,4.17,rain,11.2,286.7,1013.5,65.3,,0.64,0.0,,
2012-07-07,Lagos,28.1,23.8,25.6,86.6,99.1,100.0,4.17,rain,11.2,286.7,1014.3,74.0,,0.64,1.0,,
2012-07-08,Lagos,28.0,24.1,25.6,86.6,5.1,100.0,4.17,rain,11.2,286.7,1014.1,65.8,,0.64,0.0,,
2012-07-09,Lagos,28.0,24.1,25.6,86.6,5.1,100.0,4.17,rain,11.2,286.7,1014.1,65.8,,0.64,0.0,,
2012-07-10,Lagos,28.0,24.1,25.6,86.6,5.1,100.0,4.17,rain,11.2,286.7,1014.1,65.8,,0.64,0.0,,
2012-07-11,Lagos,28.0,24.1,25.6,86.6,5.1,100.0,4.17,rain,11.2,286.7,1014.1,65.8,,0.64,0.0,,
2012-07-12,Lagos,28.0,24.1,25.6,86.6,5.1,100.0,4.17,rain,11.2,286.7,1014.1,65.8,,0.64,0.0,,
2012-07-13,Lagos,28.0,24.1,25.6,86.6,5.1,100.0,4.17,rain,11.2,286.7,1014.1,65.8,,0.64,0.0,,
2012-07-14,Lagos,28.0,24.1,25.6,86.6,5.1,100.0,4.17,rain,11.2,286.7,1014.1,65.8,,0.64,0.0,,
2012-07-15,Lagos,27.0,24.0,25.3,87.5,9.1,100.0,8.33,rain,11.2,286.7,1013.1,82.7,,0.64,0.0,,
2012-07-16,Lagos,29.0,23.8,25.9,82.7,81.0,100.0,4.17,rain,11.2,286.7,1015.2,69.7,,0.64,1.0,,
2012-07-17,Lagos,29.0,23.8,25.9,82.7,81.0,100.0,4.17,rain,11.2,286.7,1015.2,69.7,,0.64,1.0,,
2012-07-18,Lagos,29.0,23.8,25.9,82.7,81.0,100.0,4.17,rain,11.2,286.7,1015.2,69.7,,0.64,1.0,,
2012-07-19,Lagos,29.0,23.8,25.9,82.7,81.0,100.0,4.17,rain,11.2,286.7,1015.2,69.7,,0.64,1.0,,
2012-07-20,Lagos,29.0,23.8,25.9,82.7,81.0,100.0,4.17,rain,11.2,286.7,1015.2,69.7,,0.64,1.0,,
2012-07-21,Lagos,29.0,23.8,25.9,82.7,81.0,100.0,4.17,rain,11.2,286.7,1015.2,69.7,,0.64,1.0,,
2012-07-22,Lagos,26.0,23.8,24.8,91.4,28.0,100.0,12.5,rain,11.2,286.7,1016.0,82.5,,0.64,0.0,,
2012-07-23,Lagos,26.0,23.8,24.8,91.4,28.0,100.0,12.5,rain,11.2,286.7,1016.0,82.5,,0.64,0.0,,
2012-07-24,Lagos,27.0,23.8,24.9,90.4,7.1,100.0,12.5,rain,11.2,286.7,1014.8,64.3,,0.64,0.0,,
2012-07-25,Lagos,27.0,23.8,24.9,90.4,7.1,100.0,12.5,rain,11.2,286.7,1014.8,64.3,,0.64,0.0,,
2012-07-26,Lagos,27.0,23.8,24.9,90.4,7.1,100.0,12.5,rain,11.2,286.7,1014.8,64.3,,0.64,0.0,,
2012-07-27,Lagos,27.0,23.8,24.9,90.4,7.1,100.0,12.5,rain,11.2,286.7,1014.8,64.3,,0.64,0.0,,
2012-07-28,Lagos,27.0,23.8,24.9,90.4,7.1,100.0,12.5,rain,11.2,286.7,1014.8,64.3,,0.64,0.0,,
2012-07-29,Lagos,27.0,23.7,24.8,89.3,3.0,100.0,8.33,rain,11.2,286.7,1013.7,72.2,,0.64,0.0,,
2012-07-30,Lagos,27.0,23.7,24.8,89.3,3.0,100.0,8.33,rain,11.2,286.7,1013.7,72.2,,0.64,0.0,,
2012-07-31,Lagos,27.0,23.7,24.6,88.2,3.0,100.0,4.17,rain,11.2,286.7,1014.2,72.3,,0.64,0.0,,
2012-08-01,Lagos,26.0,23.0,24.6,88.0,0.3,100.0,4.17,rain,11.2,286.7,1014.3,70.4,,0.64,0.0,,
2012-08-02,Lagos,26.0,23.0,24.6,88.0,0.3,100.0,4.17,rain,11.2,286.7,1014.3,70.4,,0.64,0.0,,
2012-08-03,Lagos,26.0,23.0,24.6,88.0,0.3,100.0,4.17,rain,11.2,286.7,1014.3,70.4,,0.64,0.0,,
2012-08-04,Lagos,27.0,24.0,25.3,84.2,1.0,100.0,4.17,rain,11.2,286.7,1014.8,83.5,,0.64,0.0,,
2012-08-05,Lagos,27.0,24.0,25.3,84.2,1.0,100.0,4.17,rain,11.2,286.7,1014.8,83.5,,0.64,0.0,,
2012-08-06,Lagos,27.0,24.0,25.3,84.2,1.0,100.0,4.17,rain,11.2,286.7,1014.8,83.5,,0.64,0.0,,
2012-08-07,Lagos,27.0,24.0,25.3,84.2,1.0,100.0,4.17,rain,11.2,286.7,1014.8,83.5,,0.64,0.0,,
2012-08-08,Lagos,27.0,24.0,25.3,84.2,1.0,100.0,4.17,rain,11.2,286.7,1014.8,83.5,,0.64,0.0,,
2012-08-09,Lagos,28.0,23.0,24.8,84.0,2.0,100.0,4.17,rain,11.2,286.7,1015.1,61.4,,0.64,0.0,,
2012-08-10,Lagos,28.0,23.0,24.8,84.0,2.0,100.0,4.17,rain,11.2,286.7,1015.1,61.4,,0.64,0.0,,
2012-08-11,Lagos,28.0,23.0,24.8,84.0,2.0,100.0,4.17,rain,11.2,286.7,1015.1,61.4,,0.64,0.0,,
2012-08-12,Lagos,28.0,23.0,24.8,84.0,2.0,100.0,4.17,rain,11.2,286.7,1015.1,61.4,,0.64,0.0,,
2012-08-13,Lagos,28.0,23.0,24.8,84.0,2.0,100.0,4.17,rain,11.2,286.7,1015.1,61.4,,0.64,0.0,,
2012-08-14,Lagos,28.0,23.0,24.8,84.0,2.0,100.0,4.17,rain,11.2,286.7,1015.1,61.4,,0.64,0.0,,
2012-08-15,Lagos,28.0,23.0,24.8,84.0,2.0,100.0,4.17,rain,11.2,286.7,1015.1,61.4,,0.64,0.0,,
2012-08-16,Lagos,28.0,23.0,24.8,84.0,2.0,100.0,4.17,rain,11.2,286.7,1015.1,61.4,,0.64,0.0,,
2012-08-17,Lagos,28.0,23.0,24.8,84.0,2.0,100.0,4.17,rain,11.2,286.7,1015.1,61.4,,0.64,0.0,,
2012-08-18,Lagos,28.0,23.0,24.8,84.0,2.0,100.0,4.17,rain,11.2,286.7,1015.1,61.4,,0.64,0.0,,
2012-08-19,Lagos,28.0,23.0,24.8,84.0,2.0,100.0,4.17,rain,11.2,286.7,1015.1,61.4,,0.64,0.0,,
2012-08-20,Lagos,28.0,23.0,24.8,84.0,2.0,100.0,4.17,rain,11.2,286.7,1015.1,61.4,,0.64,0.0,,
2012-08-21,Lagos,28.0,23.0,24.8,84.0,2.0,100.0,4.17,rain,11.2,286.7,1015.1,61.4,,0.64,0.0,,
2012-08-22,Lagos,27.0,23.9,24.7,89.3,25.9,100.0,4.17,rain,11.2,286.7,1015.3,82.5,,0.64,0.0,,
2012-08-23,Lagos,27.3,23.8,25.0,88.1,25.9,100.0,4.17,rain,11.2,286.7,1014.8,72.2,,0.64,0.0,,
2012-08-24,Lagos,27.3,23.8,25.0,88.1,25.9,100.0,4.17,rain,11.2,286.7,1014.8,72.2,,0.64,0.0,,
2012-08-25,Lagos,27.3,23.8,25.0,88.1,25.9,100.0,4.17,rain,11.2,286.7,1014.8,72.2,,0.64,0.0,,
2012-08-26,Lagos,26.4,23.0,24.5,91.1,2.0,100.0,4.17,rain,11.2,286.7,1016.1,70.1,,0.64,0.0,,
2012-08-27,Lagos,26.4,23.0,24.5,91.1,2.0,100.0,4.17,rain,11.2,286.7,1016.1,70.1,,0.64,0.0,,
2012-08-28,Lagos,28.0,24.0,25.1,88.3,4.1,100.0,4.17,rain,11.2,286.7,1015.0,70.2,,0.64,0.0,,
2012-08-29,Lagos,28.0,24.0,25.1,88.3,4.1,100.0,4.17,rain,11.2,286.7,1015.0,70.2,,0.64,0.0,,
2012-08-30,Lagos,28.0,24.0,25.1,88.3,4.1,100.0,4.17,rain,11.2,286.7,1015.0,70.2,,0.64,0.0,,
2012-08-31,Lagos,28.0,24.0,25.1,88.3,4.1,100.0,4.17,rain,11.2,286.7,1015.0,70.2,,0.64,0.0,,
2012-09-01,Lagos,28.0,24.0,25.1,88.3,4.1,100.0,4.17,rain,11.2,286.7,1015.0,70.2,,0.64,0.0,,
2012-09-02,Lagos,28.0,24.0,25.1,88.3,4.1,100.0,4.17,rain,11.2,286.7,1015.0,70.2,,0.64,0.0,,
2012-09-03,Lagos,28.0,24.0,25.1,88.3,4.1,100.0,4.17,rain,11.2,286.7,1015.0,70.2,,0.64,0.0,,
2012-09-04,Lagos,28.0,24.0,25.1,88.3,4.1,100.0,4.17,rain,11.2,286.7,1015.0,70.2,,0.64,0.0,,
2012-09-05,Lagos,28.0,24.0,25.1,88.3,4.1,100.0,4.17,rain,11.2,286.7,1015.0,70.2,,0.64,0.0,,
2012-09-06,Lagos,28.0,24.0,25.1,88.3,4.1,100.0,4.17,rain,11.2,286.7,1015.0,70.2,,0.64,0.0,,
2012-09-07,Lagos,30.3,23.0,25.8,86.6,8.9,100.0,4.17,rain,11.2,286.7,1015.4,62.5,,0.64,0.0,,
2012-09-08,Lagos,30.3,23.0,25.8,86.6,8.9,100.0,4.17,rain,11.2,286.7,1015.4,62.5,,0.64,0.0,,
2012-09-09,Lagos,30.3,23.0,25.8,86.6,8.9,100.0,4.17,rain,11.2,286.7,1015.4,62.5,,0.64,0.0,,
2012-09-10,Lagos,30.3,23.0,25.8,86.6,8.9,100.0,4.17,rain,11.2,286.7,1015.4,62.5,,0.64,0.0,,
2012-09-11,Lagos,27.0,24.0,25.1,89.5,11.9,100.0,4.17,rain,11.2,286.7,1014.2,79.4,,0.64,0.0,,
2012-09-12,Lagos,28.0,23.0,25.4,88.2,3.4,100.0,8.33,rain,11.2,286.7,1015.3,60.7,,0.64,0.0,,
2012-09-13,Lagos,28.0,23.0,25.4,88.2,3.4,100.0,8.33,rain,11.2,286.7,1015.3,60.7,,0.64,0.0,,
2012-09-14,Lagos,28.0,23.0,25.4,88.2,3.4,100.0,8.33,rain,11.2,286.7,1015.3,60.7,,0.64,0.0,,
2012-09-15,Lagos,28.0,23.0,25.4,88.2,3.4,100.0,8.33,rain,11.2,286.7,1015.3,60.7,,0.64,0.0,,
2012-09-16,Lagos,28.7,23.9,26.0,83.5,1.0,100.0,4.17,rain,11.2,286.7,1014.2,70.9,,0.64,0.0,,
2012-09-17,Lagos,28.7,23.9,26.0,83.5,1.0,100.0,4.17,rain,11.2,286.7,1014.2,70.9,,0.64,0.0,,
2012-09-18,Lagos,28.7,23.9,26.0,83.5,1.0,100.0,4.17,rain,11.2,286.7,1014.2,70.9,,0.64,0.0,,
2012-09-19,Lagos,29.0,23.8,26.1,85.1,1.0,100.0,8.33,rain,11.2,286.7,1013.6,72.6,,0.64,0.0,,
2012-09-20,Lagos,28.0,23.0,25.4,87.8,56.9,100.0,4.17,rain,11.2,286.7,1013.6,69.9,,0.64,1.0,,
2012-09-21,Lagos,30.0,23.0,26.4,85.4,7.1,100.0,4.17,rain,11.2,286.7,1014.3,61.9,,0.64,0.0,,
2012-09-22,Lagos,29.1,23.0,25.6,89.5,4.1,100.0,4.17,rain,11.2,286.7,1014.2,66.2,,0.64,0.0,,
2012-09-23,Lagos,29.1,23.0,25.6,89.5,4.1,100.0,4.17,rain,11.2,286.7,1014.2,66.2,,0.64,0.0,,
2012-09-24,Lagos,29.1,23.0,25.6,89.5,4.1,100.0,4.17,rain,11.2,286.7,1014.2,66.2,,0.64,0.0,,
2012-09-25,Lagos,29.1,23.0,25.6,89.5,4.1,100.0,4.17,rain,11.2,286.7,1014.2,66.2,,0.64,0.0,,
2012-09-26,Lagos,29.0,21.9,25.4,88.0,45.0,100.0,4.17,rain,11.2,286.7,1013.4,56.3,,0.64,1.0,,
2012-09-27,Lagos,26.7,22.4,24.8,93.5,51.1,100.0,12.5,rain,11.2,286.7,1014.8,77.4,,0.64,1.0,,
2012-09-28,Lagos,26.7,22.4,24.8,93.5,51.1,100.0,12.5,rain,11.2,286.7,1014.8,77.4,,0.64,1.0,,
2012-09-29,Lagos,26.3,22.0,24.3,90.3,22.1,100.0,8.33,rain,11.2,286.7,1014.6,55.4,,0.64,0.0,,
2012-09-30,Lagos,29.1,21.7,24.5,89.7,2.0,100.0,4.17,rain,11.2,286.7,1013.5,59.7,,0.64,0.0,,
2012-10-01,Lagos,29.1,21.7,24.5,89.7,2.0,100.0,4.17,rain,11.2,286.7,1013.5,59.7,,0.64,0.0,,
2012-10-02,Lagos,30.1,23.0,25.3,89.3,6.1,100.0,4.17,rain,11.2,286.7,1014.4,65.5,,0.64,0.0,,
2012-10-03,Lagos,30.0,22.0,25.8,88.3,6.1,100.0,4.17,rain,11.2,286.7,1014.0,58.4,,0.64,0.0,,
2012-10-04,Lagos,30.1,22.0,25.3,90.7,42.9,100.0,8.33,rain,11.2,286.7,1013.1,61.5,,0.64,1.0,,
2012-10-05,Lagos,30.0,23.7,26.4,88.9,5.1,100.0,4.17,rain,11.2,286.7,1012.2,68.1,,0.64,0.0,,
2012-10-06,Lagos,29.0,23.0,25.0,92.9,16.0,100.0,4.17,rain,11.2,286.7,1012.7,56.7,,0.64,0.0,,
2012-10-07,Lagos,29.0,23.0,25.0,92.9,16.0,100.0,4.17,rain,11.2,286.7,1012.7,56.7,,0.64,0.0,,
2012-10-08,Lagos,29.0,23.0,25.0,92.9,16.0,100.0,4.17,rain,11.2,286.7,1012.7,56.7,,0.64,0.0,,
2012-10-09,Lagos,29.0,23.0,25.0,92.9,16.0,100.0,4.17,rain,11.2,286.7,1012.7,56.7,,0.64,0.0,,
2012-10-10,Lagos,29.0,23.0,25.0,92.9,16.0,100.0,4.17,rain,11.2,286.7,1012.7,56.7,,0.64,0.0,,
2012-10-11,Lagos,30.0,24.0,26.2,91.5,99.1,100.0,8.33,rain,11.2,286.7,1013.0,69.2,,0.64,1.0,,
2012-10-12,Lagos,30.0,24.0,26.2,91.5,99.1,100.0,8.33,rain,11.2,286.7,1013.0,69.2,,0.64,1.0,,
2012-10-13,Lagos,30.0,24.0,26.2,91.5,99.1,100.0,8.33,rain,11.2,286.7,1013.0,69.2,,0.64,1.0,,
2012-10-14,Lagos,30.0,24.0,26.2,91.5,99.1,100.0,8.33,rain,11.2,286.7,1013.0,69.2,,0.64,1.0,,
2012-10-15,Lagos,28.1,23.0,24.5,89.4,1.5,100.0,8.33,rain,11.2,286.7,1011.6,63.4,,0.64,0.0,,
2012-10-16,Lagos,28.1,23.0,24.5,89.4,1.5,100.0,8.33,rain,11.2,286.7,1011.6,63.4,,0.64,0.0,,
2012-10-17,Lagos,28.1,23.0,24.5,89.4,1.5,100.0,8.33,rain,11.2,286.7,1011.6,63.4,,0.64,0.0,,
2012-10-18,Lagos,28.0,22.0,24.9,91.0,15.0,100.0,8.33,rain,11.2,286.7,1011.9,69.4,,0.64,0.0,,
2012-10-19,Lagos,29.5,22.0,23.8,92.9,23.1,100.0,4.17,rain,11.2,286.7,1011.8,57.9,,0.64,0.0,,
2012-10-20,Lagos,29.5,22.0,23.8,92.9,23.1,100.0,4.17,rain,11.2,286.7,1011.8,57.9,,0.64,0.0,,
2012-10-21,Lagos,29.5,22.0,23.8,92.9,23.1,100.0,4.17,rain,11.2,286.7,1011.8,57.9,,0.64,0.0,,
2012-10-22,Lagos,29.5,22.0,23.8,92.9,23.1,100.0,4.17,rain,11.2,286.7,1011.8,57.9,,0.64,0.0,,
2012-10-23,Lagos,29.5,22.0,23.8,92.9,23.1,100.0,4.17,rain,11.2,286.7,1011.8,57.9,,0.64,0.0,,
2012-10-24,Lagos,28.0,22.9,24.9,90.7,23.9,100.0,4.17,rain,11.2,286.7,1012.9,66.9,,0.64,0.0,,
2012-10-25,Lagos,28.0,22.9,24.9,90.7,23.9,100.0,4.17,rain,11.2,286.7,1012.9,66.9,,0.64,0.0,,
2012-10-26,Lagos,28.0,22.9,24.9,90.7,23.9,100.0,4.17,rain,11.2,286.7,1012.9,66.9,,0.64,0.0,,
2012-10-27,Lagos,28.3,24.0,25.5,88.5,2.0,100.0,4.17,rain,11.2,286.7,1012.1,66.9,,0.64,0.0,,
2012-10-28,Lagos,28.3,24.0,25.5,88.5,2.0,100.0,4.17,rain,11.2,286.7,1012.1,66.9,,0.64,0.0,,
2012-10-29,Lagos,28.3,24.0,25.5,88.5,2.0,100.0,4.17,rain,11.2,286.7,1012.1,66.9,,0.64,0.0,,
2012-10-30,Lagos,28.3,24.0,25.5,88.5,2.0,100.0,4.17,rain,11.2,286.7,1012.1,66.9,,0.64,0.0,,
2012-10-31,Lagos,31.0,24.1,27.0,86.2,3.0,100.0,4.17,rain,11.2,286.7,1012.4,61.4,,0.64,0.0,,
2012-11-01,Lagos,31.0,24.1,27.0,86.2,3.0,100.0,4.17,rain,11.2,286.7,1012.4,61.4,,0.64,0.0,,
2012-11-02,Lagos,31.0,24.1,27.0,86.2,3.0,100.0,4.17,rain,11.2,286.7,1012.4,61.4,,0.64,0.0,,
2012-11-03,Lagos,31.0,24.1,27.0,86.2,3.0,100.0,4.17,rain,11.2,286.7,1012.4,61.4,,0.64,0.0,,
2012-11-04,Lagos,31.0,24.1,27.0,86.2,3.0,100.0,4.17,rain,11.2,286.7,1012.4,61.4,,0.64,0.0,,
2012-11-05,Lagos,31.0,24.1,27.0,86.2,3.0,100.0,4.17,rain,11.2,286.7,1012.4,61.4,,0.64,0.0,,
2012-11-06,Lagos,33.0,23.0,27.0,83.2,8.9,100.0,4.17,rain,11.2,286.7,1012.6,65.0,,0.64,0.0,,
2012-11-07,Lagos,32.0,24.8,27.7,84.1,8.9,100.0,8.33,rain,11.2,286.7,1012.8,58.4,,0.64,0.0,,
2012-11-08,Lagos,32.0,24.8,27.7,84.1,8.9,100.0,8.33,rain,11.2,286.7,1012.8,58.4,,0.64,0.0,,
2012-11-09,Lagos,26.1,22.0,24.2,89.7,2.0,100.0,4.17,rain,11.2,286.7,1011.0,61.8,,0.64,0.0,,
2012-11-10,Lagos,26.1,22.0,24.2,89.7,2.0,100.0,4.17,rain,11.2,286.7,1011.0,61.8,,0.64,0.0,,
2012-11-11,Lagos,26.1,22.0,24.2,89.7,2.0,100.0,4.17,rain,11.2,286.7,1011.0,61.8,,0.64,0.0,,
2012-11-12,Lagos,26.1,22.0,24.2,89.7,2.0,100.0,4.17,rain,11.2,286.7,1011.0,61.8,,0.64,0.0,,
2012-11-13,Lagos,26.1,22.0,24.2,89.7,2.0,100.0,4.17,rain,11.2,286.7,1011.0,61.8,,0.64,0.0,,
2012-11-14,Lagos,26.1,22.0,24.2,89.7,2.0,100.0,4.17,rain,11.2,286.7,1011.0,61.8,,0.64,0.0,,
2012-11-15,Lagos,26.1,22.0,24.2,89.7,2.0,100.0,4.17,rain,11.2,286.7,1011.0,61.8,,0.64,0.0,,
2012-11-16,Lagos,26.1,22.0,24.2,89.7,2.0,100.0,4.17,rain,11.2,286.7,1011.0,61.8,,0.64,0.0,,
2012-11-17,Lagos,26.1,22.0,24.2,89.7,2.0,100.0,4.17,rain,11.2,286.7,1011.0,61.8,,0.64,0.0,,
2012-11-18,Lagos,31.0,24.4,27.4,87.4,5.1,100.0,4.17,rain,11.2,286.7,1011.6,57.4,,0.64,0.0,,
2012-11-19,Lagos,31.3,25.6,27.2,88.6,4.1,100.0,4.17,rain,11.2,286.7,1012.2,55.5,,0.64,0.0,,
2012-11-20,Lagos,31.6,24.8,27.6,88.2,4.1,100.0,4.17,rain,11.2,286.7,1011.8,54.6,,0.64,0.0,,
2012-11-21,Lagos,31.4,25.0,27.9,87.4,39.8,100.0,8.33,rain,11.2,286.7,1011.6,61.3,,0.64,1.0,,
2012-11-22,Lagos,31.4,25.0,27.9,87.4,39.8,100.0,8.33,rain,11.2,286.7,1011.6,61.3,,0.64,1.0,,
2012-11-23,Lagos,32.1,24.1,26.9,89.0,55.1,100.0,4.17,rain,11.2,286.7,1010.4,56.3,,0.64,1.0,,
2012-11-24,Lagos,30.2,23.8,25.9,91.2,6.1,100.0,4.17,rain,11.2,286.7,1011.0,52.7,,0.64,0.0,,
2012-11-25,Lagos,30.2,23.8,25.9,91.2,6.1,100.0,4.17,rain,11.2,286.7,1011.0,52.7,,0.64,0.0,,
2012-11-26,Lagos,30.2,23.8,25.9,91.2,6.1,100.0,4.17,rain,11.2,286.7,1011.0,52.7,,0.64,0.0,,
2012-11-27,Lagos,30.2,23.8,25.9,91.2,6.1,100.0,4.17,rain,11.2,286.7,1011.0,52.7,,0.64,0.0,,
2012-11-28,Lagos,30.2,23.8,25.9,91.2,6.1,100.0,4.17,rain,11.2,286.7,1011.0,52.7,,0.64,0.0,,
2012-11-29,Lagos,30.2,23.8,25.9,91.2,6.1,100.0,4.17,rain,11.2,286.7,1011.0,52.7,,0.64,0.0,,
2012-11-30,Lagos,30.2,23.8,25.9,91.2,6.1,100.0,4.17,rain,11.2,286.7,1011.0,52.7,,0.64,0.0,,
2012-12-01,Lagos,30.2,23.8,25.9,91.2,6.1,100.0,4.17,rain,11.2,286.7,1011.0,52.7,,0.64,0.0,,
2012-12-02,Lagos,30.2,23.8,25.9,91.2,6.1,100.0,4.17,rain,11.2,286.7,1011.0,52.7,,0.64,0.0,,
2012-12-03,Lagos,30.2,23.8,25.9,91.2,6.1,100.0,4.17,rain,11.2,286.7,1011.0,52.7,,0.64,0.0,,
2012-12-04,Lagos,30.2,23.8,25.9,91.2,6.1,100.0,4.17,rain,11.2,286.7,1011.0,52.7,,0.64,0.0,,
2012-12-05,Lagos,30.2,23.8,25.9,91.2,6.1,100.0,4.17,rain,11.2,286.7,1011.0,52.7,,0.64,0.0,,
2012-12-06,Lagos,30.2,23.8,25.9,91.2,6.1,100.0,4.17,rain,11.2,286.7,1011.0,52.7,,0.64,0.0,,
2012-12-07,Lagos,30.6,25.1,27.2,89.6,99.1,100.0,4.17,rain,11.2,286.7,1012.3,53.9,,0.64,1.0,,
2012-12-08,Lagos,30.6,25.1,27.2,89.6,99.1,100.0,4.17,rain,11.2,286.7,1012.3,53.9,,0.64,1.0,,
2012-12-09,Lagos,30.6,25.1,27.2,89.6,99.1,100.0,4.17,rain,11.2,286.7,1012.3,53.9,,0.64,1.0,,
2012-12-10,Lagos,30.6,25.1,27.2,89.6,99.1,100.0,4.17,rain,11.2,286.7,1012.3,53.9,,0.64,1.0,,
2012-12-11,Lagos,30.6,25.1,27.2,89.6,99.1,100.0,4.17,rain,11.2,286.7,1012.3,53.9,,0.64,1.0,,
2012-12-12,Lagos,31.7,23.8,26.3,88.6,16.0,100.0,4.17,rain,11.2,286.7,1010.8,55.4,,0.64,0.0,,
2012-12-13,Lagos,31.7,23.8,26.3,88.6,16.0,100.0,4.17,rain,11.2,286.7,1010.8,55.4,,0.64,0.0,,
2012-12-14,Lagos,31.7,23.8,26.3,88.6,16.0,100.0,4.17,rain,11.2,286.7,1010.8,55.4,,0.64,0.0,,
2012-12-15,Lagos,31.7,23.8,26.3,88.6,16.0,100.0,4.17,rain,11.2,286.7,1010.8,55.4,,0.64,0.0,,
2012-12-16,Lagos,31.7,23.8,26.3,88.6,16.0,100.0,4.17,rain,11.2,286.7,1010.8,55.4,,0.64,0.0,,
2012-12-17,Lagos,31.7,23.8,26.3,88.6,16.0,100.0,4.17,rain,11.2,286.7,1010.8,55.4,,0.64,0.0,,
2012-12-18,Lagos,31.7,23.8,26.3,88.6,16.0,100.0,4.17,rain,11.2,286.7,1010.8,55.4,,0.64,0.0,,
2012-12-19,Lagos,31.7,23.8,26.3,88.6,16.0,100.0,4.17,rain,11.2,286.7,1010.8,55.4,,0.64,0.0,,
2012-12-20,Lagos,31.7,23.8,26.3,88.6,16.0,100.0,4.17,rain,11.2,286.7,1010.8,55.4,,0.64,0.0,,
2012-12-21,Lagos,31.7,23.8,26.3,88.6,16.0,100.0,4.17,rain,11.2,286.7,1010.8,55.4,,0.64,0.0,,
2012-12-22,Lagos,31.7,23.8,26.3,88.6,16.0,100.0,4.17,rain,11.2,286.7,1010.8,55.4,,0.64,0.0,,
2012-12-23,Lagos,31.7,23.8,26.3,88.6,16.0,100.0,4.17,rain,11.2,286.7,1010.8,55.4,,0.64,0.0,,
2012-12-24,Lagos,31.7,23.8,26.3,88.6,16.0,100.0,4.17,rain,11.2,286.7,1010.8,55.4,,0.64,0.0,,
2012-12-25,Lagos,31.7,23.8,26.3,88.6,16.0,100.0,4.17,rain,11.2,286.7,1010.8,55.4,,0.64,0.0,,
2012-12-26,Lagos,31.7,23.8,26.3,88.6,16.0,100.0,4.17,rain,11.2,286.7,1010.8,55.4,,0.64,0.0,,
2012-12-27,Lagos,31.7,23.8,26.3,88.6,16.0,100.0,4.17,rain,11.2,286.7,1010.8,55.4,,0.64,0.0,,
2012-12-28,Lagos,31.7,23.8,26.3,88.6,16.0,100.0,4.17,rain,11.2,286.7,1010.8,55.4,,0.64,0.0,,
2012-12-29,Lagos,31.7,23.8,26.3,88.6,16.0,100.0,4.17,rain,11.2,286.7,1010.8,55.4,,0.64,0.0,,
2012-12-30,Lagos,31.7,23.8,26.3,88.6,16.0,100.0,4.17,rain,11.2,286.7,1010.8,55.4,,0.64,0.0,,
2012-12-31,Lagos,31.7,23.8,26.3,88.6,16.0,100.0,4.17,rain,11.2,286.7,1010.8,55.4,,0.64,0.0,,
2013-01-01,Lagos,31.7,23.8,26.3,88.6,16.0,100.0,4.17,rain,11.2,286.7,1010.8,55.4,,0.64,0.0,,
2013-01-02,Lagos,31.7,23.8,26.3,88.6,16.0,100.0,4.17,rain,11.2,286.7,1010.8,55.4,,0.64,0.0,,
2013-01-03,Lagos,31.7,23.8,26.3,88.6,16.0,100.0,4.17,rain,11.2,286.7,1010.8,55.4,,0.64,0.0,,
2013-01-04,Lagos,31.7,23.8,26.3,88.6,16.0,100.0,4.17,rain,11.2,286.7,1010.8,55.4,,0.64,0.0,,
2013-01-05,Lagos,31.7,23.8,26.3,88.6,16.0,100.0,4.17,rain,11.2,286.7,1010.8,55.4,,0.64,0.0,,
2013-01-06,Lagos,31.7,23.8,26.3,88.6,16.0,100.0,4.17,rain,11.2,286.7,1010.8,55.4,,0.64,0.0,,
2013-01-07,Lagos,31.7,23.8,26.3,88.6,16.0,100.0,4.17,rain,11.2,286.7,1010.8,55.4,,0.64,0.0,,
2013-01-08,Lagos,31.7,23.8,26.3,88.6,16.0,100.0,4.17,rain,11.2,286.7,1010.8,55.4,,0.64,0.0,,
2013-01-09,Lagos,31.7,23.8,26.3,88.6,16.0,100.0,4.17,rain,11.2,286.7,1010.8,55.4,,0.64,0.0,,
2013-01-10,Lagos,31.7,23.8,26.3,88.6,16.0,100.0,4.17,rain,11.2,286.7,1010.8,55.4,,0.64,0.0,,
2013-01-11,Lagos,31.7,23.8,26.3,88.6,16.0,100.0,4.17,rain,11.2,286.7,1010.8,55.4,,0.64,0.0,,
2013-01-12,Lagos,31.7,23.8,26.3,88.6,16.0,100.0,4.17,rain,11.2,286.7,1010.8,55.4,,0.64,0.0,,
2013-01-13,Lagos,31.7,23.8,26.3,88.6,16.0,100.0,4.17,rain,11.2,286.7,1010.8,55.4,,0.64,0.0,,
2013-01-14,Lagos,31.7,23.8,26.3,88.6,16.0,100.0,4.17,rain,11.2,286.7,1010.8,55.4,,0.64,0.0,,
2013-01-15,Lagos,31.7,23.8,26.3,88.6,16.0,100.0,4.17,rain,11.2,286.7,1010.8,55.4,,0.64,0.0,,
2013-01-16,Lagos,31.7,23.8,26.3,88.6,16.0,100.0,4.17,rain,11.2,286.7,1010.8,55.4,,0.64,0.0,,
2013-01-17,Lagos,31.7,23.8,26.3,88.6,16.0,100.0,4.17,rain,11.2,286.7,1010.8,55.4,,0.64,0.0,,
2013-01-18,lagos,34.1,26.0,28.6,84.2,0.3,100.0,12.5,rain,18.4,228.4,1011.8,58.1,,0.22,0.0,,
2013-01-19,lagos,34.1,26.0,29.0,84.2,0.3,100.0,12.5,rain,35.0,218.1,1011.3,55.4,,0.25,0.0,,
2013-01-20,lagos,31.4,26.0,28.4,85.2,0.5,100.0,4.17,rain,18.7,224.5,1011.2,60.8,,0.28,0.0,,
2013-01-21,lagos,32.2,25.1,28.3,86.6,24.9,100.0,4.17,rain,17.3,226.0,1011.0,63.3,,0.31,0.0,,
2013-01-22,lagos,31.5,24.1,27.0,88.8,99.1,100.0,4.17,rain,48.2,239.8,1011.4,68.0,,0.35,1.0,,
2013-01-23,lagos,34.0,24.2,28.4,85.1,42.9,100.0,4.17,rain,27.7,212.2,1011.7,55.1,,0.38,1.0,,
2013-01-24,lagos,29.0,23.0,26.6,86.5,0.3,100.0,8.33,rain,46.4,135.8,1012.3,64.2,,0.41,0.0,,
2013-01-25,lagos,29.0,23.0,26.6,86.5,0.3,100.0,8.33,rain,46.4,135.8,1012.3,64.2,,0.41,0.0,,
2013-01-26,lagos,32.9,24.7,28.3,83.8,0.2,100.0,4.17,rain,22.7,216.4,1011.9,49.4,,0.48,0.0,,
2013-01-27,lagos,30.0,23.4,26.3,87.2,0.3,100.0,4.17,rain,16.6,240.8,1012.8,68.2,,0.5,0.0,,
2013-01-28,lagos,29.1,23.0,26.1,88.1,40.9,100.0,4.17,rain,20.5,278.0,1013.1,51.5,,0.54,1.0,,
2013-01-29,lagos,29.1,23.0,26.1,88.1,40.9,100.0,4.17,rain,20.5,278.0,1013.1,51.5,,0.54,1.0,,
2013-01-30,lagos,32.2,24.0,27.6,84.6,0.1,100.0,4.17,rain,11.2,224.9,1012.7,53.9,,0.62,0.0,,
2013-01-31,lagos,32.2,24.0,27.6,84.6,0.1,100.0,4.17,rain,11.2,224.9,1012.7,53.9,,0.62,0.0,,
2013-02-01,lagos,32.2,24.0,27.6,84.6,0.1,100.0,4.17,rain,11.2,224.9,1012.7,53.9,,0.62,0.0,,
2013-02-02,lagos,32.2,24.0,27.6,84.6,0.1,100.0,4.17,rain,11.2,224.9,1012.7,53.9,,0.62,0.0,,
2013-02-03,lagos,32.2,24.0,27.6,84.6,0.1,100.0,4.17,rain,11.2,224.9,1012.7,53.9,,0.62,0.0,,
2013-02-04,lagos,32.2,24.0,27.6,84.6,0.1,100.0,4.17,rain,11.2,224.9,1012.7,53.9,,0.62,0.0,,
2013-02-05,lagos,32.2,24.0,27.6,84.6,0.1,100.0,4.17,rain,11.2,224.9,1012.7,53.9,,0.62,0.0,,
2013-02-06,lagos,32.2,24.0,27.6,84.6,0.1,100.0,4.17,rain,11.2,224.9,1012.7,53.9,,0.62,0.0,,
2013-02-07,lagos,32.2,24.0,27.6,84.6,0.1,100.0,4.17,rain,11.2,224.9,1012.7,53.9,,0.62,0.0,,
2013-02-08,lagos,32.2,24.0,27.6,84.6,0.1,100.0,4.17,rain,11.2,224.9,1012.7,53.9,,0.62,0.0,,
2013-02-09,lagos,32.2,24.0,27.6,84.6,0.1,100.0,4.17,rain,11.2,224.9,1012.7,53.9,,0.62,0.0,,
2013-02-10,lagos,32.2,24.0,27.6,84.6,0.1,100.0,4.17,rain,11.2,224.9,1012.7,53.9,,0.62,0.0,,
2013-02-11,lagos,32.2,24.0,27.6,84.6,0.1,100.0,4.17,rain,11.2,224.9,1012.7,53.9,,0.62,0.0,,
2013-02-12,lagos,32.2,24.0,27.6,84.6,0.1,100.0,4.17,rain,11.2,224.9,1012.7,53.9,,0.62,0.0,,
2013-02-13,lagos,32.2,24.0,27.6,84.6,0.1,100.0,4.17,rain,11.2,224.9,1012.7,53.9,,0.62,0.0,,
2013-02-14,lagos,32.2,24.0,27.6,84.6,0.1,100.0,4.17,rain,11.2,224.9,1012.7,53.9,,0.62,0.0,,
2013-02-15,lagos,32.8,26.0,28.6,84.2,0.2,100.0,8.33,rain,16.6,214.7,1010.4,61.3,,0.17,0.0,,
2013-02-16,lagos,36.2,25.1,29.5,76.8,0.6,100.0,12.5,rain,20.2,195.9,1009.9,54.8,,0.2,0.0,,
2013-02-17,lagos,33.5,23.9,29.1,79.7,2.0,100.0,4.17,rain,27.7,224.2,1010.3,72.2,,0.25,0.0,,
2013-02-18,lagos,32.1,22.1,26.9,80.1,15.0,100.0,4.17,rain,74.2,117.6,1010.4,60.5,,0.26,0.0,,
2013-02-19,lagos,32.1,22.1,26.9,80.1,15.0,100.0,4.17,rain,74.2,117.6,1010.4,60.5,,0.26,0.0,,
2013-02-20,lagos,32.4,24.0,28.0,82.2,0.1,100.0,4.17,rain,16.6,199.3,1012.1,57.3,,0.33,0.0,,
2013-02-21,lagos,32.4,24.0,28.0,82.2,0.1,100.0,4.17,rain,16.6,199.3,1012.1,57.3,,0.33,0.0,,
2013-02-22,lagos,32.4,24.0,28.0,82.2,0.1,100.0,4.17,rain,16.6,199.3,1012.1,57.3,,0.33,0.0,,
2013-02-23,lagos,32.4,24.0,28.0,82.2,0.1,100.0,4.17,rain,16.6,199.3,1012.1,57.3,,0.33,0.0,,
2013-02-24,lagos,32.4,24.0,28.0,82.2,0.1,100.0,4.17,rain,16.6,199.3,1012.1,57.3,,0.33,0.0,,
2013-02-25,lagos,32.4,24.0,28.0,82.2,0.1,100.0,4.17,rain,16.6,199.3,1012.1,57.3,,0.33,0.0,,
2013-02-26,lagos,32.4,24.0,28.0,82.2,0.1,100.0,4.17,rain,16.6,199.3,1012.1,57.3,,0.33,0.0,,
2013-02-27,lagos,32.6,26.2,29.2,80.6,0.1,100.0,4.17,rain,25.9,209.3,1011.6,59.9,,0.56,0.0,,
2013-02-28,lagos,32.6,26.2,29.2,80.6,0.1,100.0,4.17,rain,25.9,209.3,1011.6,59.9,,0.56,0.0,,
2013-03-01,lagos,32.6,26.2,29.2,80.6,0.1,100.0,4.17,rain,25.9,209.3,1011.6,59.9,,0.56,0.0,,
2013-03-02,lagos,32.6,26.2,29.2,80.6,0.1,100.0,4.17,rain,25.9,209.3,1011.6,59.9,,0.56,0.0,,
2013-03-03,lagos,32.9,22.9,27.8,82.0,18.0,100.0,4.17,rain,22.3,220.5,1010.8,57.4,,0.7,0.0,,
2013-03-04,lagos,33.1,26.5,29.3,79.9,0.5,100.0,20.83,rain,37.1,215.0,1011.6,71.0,,0.75,0.0,,
2013-03-05,lagos,33.1,24.9,29.1,82.0,1.3,100.0,41.67,rain,23.0,228.3,1011.7,58.1,,0.77,0.0,,
2013-03-06,lagos,33.1,24.9,29.1,82.0,1.3,100.0,41.67,rain,23.0,228.3,1011.7,58.1,,0.77,0.0,,
2013-03-07,lagos,33.1,24.9,29.1,82.0,1.3,100.0,41.67,rain,23.0,228.3,1011.7,58.1,,0.77,0.0,,
2013-03-08,lagos,33.1,26.7,28.8,83.4,1.6,100.0,29.17,rain,25.9,226.9,1011.6,70.2,,0.88,0.0,,
2013-03-09,lagos,32.2,27.1,28.7,85.2,6.4,100.0,87.5,rain,26.3,217.9,1012.2,69.3,,0.92,0.0,,
2013-03-10,lagos,34.5,25.2,29.0,81.1,2.4,100.0,70.83,rain,22.3,225.2,1013.5,78.7,,0.95,0.0,,
2013-03-11,lagos,31.1,27.0,28.9,81.0,3.1,100.0,62.5,rain,19.1,217.5,1011.3,58.7,,0.0,0.0,,
2013-03-12,lagos,34.0,26.1,29.5,79.5,0.4,100.0,12.5,rain,28.7,210.1,1010.7,61.0,,0.02,0.0,,
2013-03-13,lagos,33.1,26.9,29.0,80.0,1.0,100.0,20.83,rain,31.3,203.4,1010.1,61.1,,0.05,0.0,,
2013-03-14,lagos,33.0,26.2,29.0,79.4,0.5,100.0,16.67,rain,29.5,215.6,1009.9,55.8,,0.08,0.0,,
2013-03-15,lagos,34.6,27.0,29.7,77.3,0.2,100.0,4.17,rain,22.3,220.7,1009.6,59.0,,0.12,0.0,,
2013-03-16,lagos,34.2,27.0,29.4,76.9,0.9,100.0,16.67,rain,23.4,219.6,1010.6,64.7,,0.15,0.0,,
2013-03-17,lagos,32.1,22.0,27.5,77.9,50.0,100.0,4.17,rain,51.8,226.6,1011.7,60.8,,0.18,1.0,,
2013-03-18,lagos,32.5,26.0,28.8,81.6,0.2,100.0,8.33,rain,14.8,199.5,1010.7,59.3,,0.21,0.0,,
2013-03-19,lagos,31.1,26.9,28.3,80.8,0.7,100.0,29.17,rain,15.1,222.3,1010.0,64.6,,0.25,0.0,,
2013-03-20,lagos,34.2,27.0,29.1,81.9,0.4,100.0,16.67,rain,18.4,211.4,1009.4,65.9,,0.28,0.0,,
2013-03-21,lagos,32.7,27.0,29.0,79.0,0.3,100.0,12.5,rain,20.9,194.5,1009.8,54.1,,0.31,0.0,,
2013-03-22,lagos,32.8,26.7,29.1,80.8,0.3,100.0,12.5,rain,23.4,217.9,1009.5,63.9,,0.34,0.0,,
2013-03-23,lagos,33.1,26.4,29.2,80.7,0.2,100.0,4.17,rain,23.8,215.5,1009.8,64.0,,0.37,0.0,,
2013-03-24,lagos,33.1,26.4,29.2,80.7,0.2,100.0,4.17,rain,23.8,215.5,1009.8,64.0,,0.37,0.0,,
2013-03-25,lagos,33.1,26.4,29.2,80.7,0.2,100.0,4.17,rain,23.8,215.5,1009.8,64.0,,0.37,0.0,,
2013-03-26,lagos,32.1,25.5,28.5,81.8,4.1,100.0,4.17,rain,18.7,210.7,1011.2,60.8,,0.47,0.0,,
2013-03-27,lagos,34.1,24.0,28.2,81.8,1.1,100.0,29.17,rain,25.9,221.2,1011.5,62.9,,0.5,0.0,,
2013-03-28,lagos,27.3,23.9,25.5,83.8,5.1,100.0,4.17,rain,16.6,318.3,1012.8,62.8,,0.54,0.0,,
2013-03-29,lagos,33.0,24.0,27.8,80.9,0.2,100.0,8.33,rain,27.6,209.6,1013.0,48.8,,0.57,0.0,,
2013-03-30,lagos,32.4,25.1,28.3,81.6,0.2,100.0,8.33,rain,16.6,200.3,1013.1,61.9,,0.61,0.0,,
2013-03-31,lagos,33.2,25.9,28.8,79.0,0.2,100.0,8.33,rain,14.8,187.9,1012.1,49.4,,0.65,0.0,,
2013-04-01,lagos,33.2,25.9,28.8,79.0,0.2,100.0,8.33,rain,14.8,187.9,1012.1,49.4,,0.65,0.0,,
2013-04-02,lagos,29.1,23.3,25.9,82.8,3.0,100.0,4.17,rain,29.5,31.1,1013.0,54.4,,0.72,0.0,,
2013-04-03,lagos,32.2,23.0,27.3,82.6,0.2,100.0,4.17,rain,18.4,192.5,1012.0,51.0,,0.75,0.0,,
2013-04-04,lagos,32.1,25.0,28.1,82.2,2.0,100.0,4.17,rain,20.5,221.6,1011.5,58.2,,0.79,0.0,,
2013-04-05,lagos,33.7,26.0,29.4,78.6,0.4,100.0,16.67,rain,27.7,211.5,1012.1,57.8,,0.82,0.0,,
2013-04-06,lagos,34.4,26.8,29.4,80.4,0.6,100.0,12.5,rain,21.6,226.7,1011.8,57.7,,0.86,0.0,,
2013-04-07,lagos,34.0,26.0,29.4,77.1,0.5,100.0,12.5,rain,29.5,205.0,1011.2,64.5,,0.89,0.0,,
2013-04-08,lagos,33.5,24.9,28.8,74.4,0.6,100.0,8.33,rain,22.3,216.1,1011.9,51.4,,0.93,0.0,,
2013-04-09,lagos,28.1,22.8,26.2,84.5,50.0,100.0,4.17,rain,18.7,209.8,1012.5,53.6,,0.97,1.0,,
2013-04-10,lagos,32.1,23.0,27.2,82.8,0.1,100.0,4.17,rain,16.6,188.3,1013.0,54.7,,0.0,0.0,,
2013-04-11,lagos,32.1,23.0,27.2,82.8,0.1,100.0,4.17,rain,16.6,188.3,1013.0,54.7,,0.0,0.0,,
2013-04-12,lagos,32.1,23.0,27.2,82.8,0.1,100.0,4.17,rain,16.6,188.3,1013.0,54.7,,0.0,0.0,,
2013-04-13,lagos,33.3,25.0,29.3,78.9,0.2,100.0,8.33,rain,27.7,241.3,1010.9,60.7,,0.1,0.0,,
2013-04-14,lagos,33.7,23.0,28.5,84.3,0.7,100.0,8.33,rain,42.5,270.3,1012.0,64.6,,0.13,0.0,,
2013-04-15,lagos,31.1,23.0,26.8,86.9,0.4,100.0,16.67,rain,21.9,182.3,1011.9,51.5,,0.16,0.0,,
2013-04-16,lagos,33.0,24.0,28.3,81.8,0.4,100.0,8.33,rain,27.7,249.9,1011.1,63.4,,0.2,0.0,,
2013-04-17,lagos,31.2,25.0,27.4,87.8,7.1,100.0,4.17,rain,27.7,247.5,1011.6,57.3,,0.23,0.0,,
2013-04-18,lagos,32.2,25.0,27.8,88.0,0.3,100.0,4.17,rain,25.8,246.6,1010.7,61.4,,0.25,0.0,,
2013-04-19,lagos,34.1,25.2,28.5,83.0,0.2,100.0,4.17,rain,30.6,251.7,1010.4,59.9,,0.29,0.0,,
2013-04-20,lagos,30.1,26.0,27.8,86.7,0.5,100.0,4.17,rain,19.4,292.3,1010.8,55.4,,0.33,0.0,,
2013-04-21,lagos,30.1,26.0,27.8,86.7,0.5,100.0,4.17,rain,19.4,292.3,1010.8,55.4,,0.33,0.0,,
2013-04-22,lagos,32.1,23.6,26.6,86.8,27.9,100.0,8.33,rain,29.5,68.1,1011.2,47.3,,0.39,0.0,,
2013-04-23,lagos,31.4,25.0,28.2,85.3,0.4,100.0,8.33,rain,20.5,276.1,1010.5,56.4,,0.42,0.0,,
2013-04-24,lagos,31.0,25.2,28.0,84.8,24.9,100.0,8.33,rain,18.5,212.2,1012.1,57.4,,0.46,0.0,,
2013-04-25,lagos,33.0,24.0,28.6,81.6,1.0,100.0,12.5,rain,22.3,238.3,1012.5,49.1,,0.5,0.0,,
2013-04-26,lagos,30.2,23.6,26.7,87.6,37.1,100.0,8.33,rain,22.3,249.0,1013.3,67.2,,0.52,1.0,,
2013-04-27,lagos,32.1,24.0,27.7,83.5,1.3,100.0,12.5,rain,18.4,245.0,1011.3,58.1,,0.56,0.0,,
2013-04-28,lagos,33.0,25.1,28.2,83.4,0.5,100.0,8.33,rain,18.4,216.7,1011.1,50.6,,0.59,0.0,,
2013-04-29,lagos,33.1,24.9,28.7,82.7,0.3,100.0,4.17,rain,27.5,250.6,1011.1,47.5,,0.63,0.0,,
2013-04-30,lagos,33.1,25.9,29.1,82.0,0.3,100.0,4.17,rain,31.8,244.6,1011.9,59.2,,0.66,0.0,,
2013-05-01,lagos,28.1,23.9,25.8,92.2,24.0,100.0,8.33,rain,25.9,234.2,1013.2,75.2,,0.7,0.0,,
2013-05-02,lagos,28.1,23.9,25.8,92.2,24.0,100.0,8.33,rain,25.9,234.2,1013.2,75.2,,0.7,0.0,,
2013-05-03,lagos,31.0,25.7,28.0,84.7,1.6,100.0,50.0,rain,20.5,222.0,1010.9,58.3,,0.77,0.0,,
2013-05-04,lagos,32.5,26.0,28.9,81.5,0.3,100.0,4.17,rain,23.6,212.3,1011.2,58.0,,0.8,0.0,,
2013-05-05,lagos,32.1,25.0,28.8,84.6,23.0,100.0,4.17,rain,25.9,218.1,1012.2,56.4,,0.84,0.0,,
2013-05-06,lagos,28.7,25.0,26.8,87.3,0.8,100.0,12.5,rain,13.3,314.0,1013.3,61.2,,0.87,0.0,,
2013-05-07,lagos,32.9,24.0,28.1,85.0,0.7,100.0,8.33,rain,18.4,199.9,1013.3,61.3,,0.91,0.0,,
2013-05-08,lagos,30.1,24.0,27.6,79.8,4.0,100.0,4.17,rain,55.4,162.7,1013.7,76.8,,0.94,0.0,,
2013-05-09,lagos,28.6,28.4,28.5,79.6,5.0,100.0,100.0,rain,18.7,210.4,1013.7,63.4,,0.98,0.0,,
2013-05-10,lagos,28.4,24.7,27.9,84.4,16.0,100.0,95.83,rain,27.0,212.3,1013.0,79.0,,0.0,0.0,,
2013-05-11,lagos,28.2,23.1,26.6,85.8,18.0,100.0,58.33,rain,18.0,246.3,1013.3,75.0,,0.05,0.0,,
2013-05-12,lagos,30.9,23.7,26.6,90.0,7.0,100.0,4.17,rain,13.0,199.4,1013.8,50.2,,0.08,0.0,,
2013-05-13,lagos,31.3,22.9,26.5,86.3,23.5,100.0,12.5,rain,21.5,111.4,1014.4,62.1,,0.11,0.0,,
2013-05-14,lagos,30.1,22.1,25.9,89.8,0.7,100.0,4.17,rain,16.2,290.8,1013.5,60.8,,0.15,0.0,,
2013-05-15,lagos,29.8,22.6,26.0,86.2,0.7,100.0,4.17,rain,25.9,204.9,1012.0,58.8,,0.18,0.0,,
2013-05-16,lagos,32.2,24.0,27.8,82.4,6.0,100.0,4.17,rain,16.6,237.3,1011.4,59.6,,0.21,0.0,,
2013-05-17,lagos,30.0,25.0,27.2,87.0,0.9,100.0,20.83,rain,18.4,239.3,1012.3,64.8,,0.25,0.0,,
2013-05-18,lagos,31.0,23.1,27.4,87.0,0.3,100.0,4.17,rain,46.4,192.7,1013.1,69.1,,0.25,0.0,,
2013-05-19,lagos,31.6,23.0,26.8,83.6,32.0,100.0,4.17,rain,16.9,211.1,1013.1,48.6,,0.31,1.0,,
2013-05-20,lagos,32.7,24.1,28.1,82.3,1.0,100.0,8.33,rain,18.4,205.5,1012.7,57.2,,0.34,0.0,,
2013-05-21,lagos,32.7,24.1,28.1,82.3,1.0,100.0,8.33,rain,18.4,205.5,1012.7,57.2,,0.34,0.0,,
2013-05-22,lagos,33.1,22.0,26.6,83.1,29.0,100.0,4.17,rain,46.4,241.0,1013.0,62.4,,0.41,0.0,,
2013-05-23,lagos,33.1,22.0,26.6,83.1,29.0,100.0,4.17,rain,46.4,241.0,1013.0,62.4,,0.41,0.0,,
2013-05-24,lagos,33.1,22.0,26.6,83.1,29.0,100.0,4.17,rain,46.4,241.0,1013.0,62.4,,0.41,0.0,,
2013-05-25,lagos,32.4,23.0,28.3,83.1,0.3,100.0,4.17,rain,55.4,214.3,1012.4,63.1,,0.5,0.0,,
2013-05-26,lagos,31.1,23.0,26.2,86.3,24.0,100.0,4.17,rain,27.7,170.2,1012.7,64.7,,0.54,0.0,,
2013-05-27,lagos,31.5,22.9,26.7,83.1,25.0,100.0,4.17,rain,18.7,252.7,1012.8,54.8,,0.58,0.0,,
2013-05-28,lagos,31.2,22.1,26.0,84.3,41.0,100.0,4.17,rain,18.4,248.9,1013.3,47.1,,0.61,1.0,,
2013-05-29,lagos,31.2,22.1,26.0,84.3,41.0,100.0,4.17,rain,18.4,248.9,1013.3,47.1,,0.61,1.0,,
2013-05-30,lagos,30.1,24.0,27.0,86.6,4.4,100.0,20.83,rain,25.9,248.7,1013.2,60.4,,0.68,0.0,,
2013-05-31,lagos,31.7,24.1,27.2,85.5,0.4,100.0,16.67,rain,15.8,221.0,1012.8,61.0,,0.75,0.0,,
2013-06-01,lagos,29.3,23.0,25.5,87.4,8.0,100.0,4.17,rain,20.5,224.5,1011.7,55.5,,0.75,0.0,,
2013-06-02,lagos,26.1,23.6,24.6,94.3,7.0,100.0,4.17,rain,18.4,302.3,1013.2,52.9,,0.79,0.0,,
2013-06-03,lagos,26.1,23.6,24.6,94.3,7.0,100.0,4.17,rain,18.4,302.3,1013.2,52.9,,0.79,0.0,,
2013-06-04,lagos,26.1,23.6,24.6,94.3,7.0,100.0,4.17,rain,18.4,302.3,1013.2,52.9,,0.79,0.0,,
2013-06-05,lagos,31.9,22.6,27.2,84.4,1.9,100.0,12.5,rain,25.9,225.7,1013.7,63.1,,0.89,0.0,,
2013-06-06,lagos,29.1,21.9,25.2,88.1,37.0,100.0,4.17,rain,21.6,215.0,1014.8,62.9,,0.92,1.0,,
2013-06-07,lagos,30.4,24.0,26.9,87.4,0.3,100.0,4.17,rain,22.3,208.0,1015.1,56.7,,0.96,0.0,,
2013-06-08,lagos,30.0,24.9,26.4,86.3,2.0,100.0,4.17,rain,14.8,229.6,1013.9,60.4,,0.0,0.0,,
2013-06-09,lagos,27.9,24.0,25.3,90.5,2.0,100.0,4.17,rain,20.5,211.3,1013.6,61.0,,0.03,0.0,,
2013-06-10,lagos,31.2,23.1,26.5,88.0,0.4,100.0,8.33,rain,16.6,231.1,1014.0,55.3,,0.06,0.0,,
2013-06-11,lagos,29.2,24.0,25.6,88.8,3.0,100.0,4.17,rain,42.5,337.1,1014.7,66.0,,0.09,0.0,,
2013-06-12,lagos,31.1,22.7,27.0,87.0,2.3,100.0,33.33,rain,27.4,225.6,1014.4,63.7,,0.13,0.0,,
2013-06-13,lagos,31.5,25.1,27.3,84.8,1.6,100.0,29.17,rain,22.0,217.0,1014.1,70.5,,0.16,0.0,,
2013-06-14,lagos,31.4,24.6,27.8,83.9,0.8,100.0,16.67,rain,31.9,235.3,1013.4,73.6,,0.2,0.0,,
2013-06-15,lagos,30.4,23.9,26.6,84.7,0.1,100.0,4.17,rain,20.5,200.6,1013.6,54.3,,0.23,0.0,,
2013-06-16,lagos,28.1,23.9,25.9,88.9,0.3,100.0,12.5,rain,20.9,220.4,1014.1,62.2,,0.25,0.0,,
2013-06-17,lagos,30.7,23.1,27.0,87.0,0.3,100.0,12.5,rain,31.5,217.1,1014.2,68.0,,0.3,0.0,,
2013-06-18,lagos,30.6,25.0,27.1,85.3,0.2,100.0,8.33,rain,33.5,245.6,1013.2,58.5,,0.33,0.0,,
2013-06-19,lagos,30.1,24.1,27.2,86.3,7.0,100.0,4.17,rain,35.3,243.4,1012.9,75.4,,0.36,0.0,,
2013-06-20,lagos,29.0,25.0,26.4,89.1,0.5,100.0,4.17,rain,25.6,229.2,1013.3,55.3,,0.4,0.0,,
2013-06-21,lagos,28.0,25.0,26.2,90.9,1.1,100.0,8.33,rain,22.0,215.3,1014.0,56.3,,0.43,0.0,,
2013-06-22,lagos,30.1,25.0,27.2,88.7,0.1,100.0,4.17,rain,29.5,220.0,1014.3,61.2,,0.47,0.0,,
2013-06-23,lagos,30.1,25.0,27.2,88.7,0.1,100.0,4.17,rain,29.5,220.0,1014.3,61.2,,0.47,0.0,,
2013-06-24,lagos,30.1,25.0,27.2,88.7,0.1,100.0,4.17,rain,29.5,220.0,1014.3,61.2,,0.47,0.0,,
2013-06-25,lagos,30.1,25.0,27.2,88.7,0.1,100.0,4.17,rain,29.5,220.0,1014.3,61.2,,0.47,0.0,,
2013-06-26,lagos,30.1,25.0,27.2,88.7,0.1,100.0,4.17,rain,29.5,220.0,1014.3,61.2,,0.47,0.0,,
2013-06-27,lagos,28.1,24.5,26.3,85.6,1.2,100.0,20.83,rain,29.5,237.5,1014.2,73.2,,0.63,0.0,,
2013-06-28,lagos,28.1,24.0,25.9,90.0,6.0,100.0,4.17,rain,23.8,226.9,1014.2,63.5,,0.67,0.0,,
2013-06-29,lagos,28.1,24.0,25.9,90.0,6.0,100.0,4.17,rain,23.8,226.9,1014.2,63.5,,0.67,0.0,,
2013-06-30,lagos,27.0,22.8,24.8,94.5,25.0,100.0,8.33,rain,20.5,236.0,1014.6,66.4,,0.75,0.0,,
2013-07-01,lagos,30.1,23.7,26.0,88.0,5.0,100.0,4.17,rain,24.1,251.4,1015.2,59.6,,0.77,0.0,,
2013-07-02,lagos,29.0,24.1,26.0,88.0,0.4,100.0,8.33,rain,29.5,221.1,1014.7,69.9,,0.8,0.0,,
2013-07-03,lagos,28.4,24.0,26.0,86.5,0.9,100.0,4.17,rain,33.0,240.5,1014.0,64.8,,0.84,0.0,,
2013-07-04,lagos,27.5,21.0,24.3,91.0,8.0,100.0,4.17,rain,55.4,265.4,1013.7,54.1,,0.87,0.0,,
2013-07-05,lagos,26.1,21.0,23.7,93.1,75.0,100.0,8.33,rain,18.4,235.6,1013.8,53.7,,0.9,1.0,,
2013-07-06,lagos,27.2,23.0,25.0,91.5,0.3,100.0,4.17,rain,25.9,234.2,1014.7,54.8,,0.94,0.0,,
2013-07-07,lagos,28.6,23.9,25.5,91.2,5.3,100.0,25.0,rain,22.3,245.0,1014.8,73.2,,0.97,0.0,,
2013-07-08,lagos,25.6,23.8,24.4,94.1,38.0,100.0,4.17,rain,22.3,256.3,1015.7,71.0,,0.0,1.0,,
2013-07-09,lagos,28.9,23.0,25.5,87.4,40.0,100.0,4.17,rain,25.5,263.2,1015.9,48.0,,0.04,1.0,,
2013-07-10,lagos,28.9,23.0,25.5,87.4,40.0,100.0,4.17,rain,25.5,263.2,1015.9,48.0,,0.04,1.0,,
2013-07-11,lagos,26.1,23.7,24.9,91.7,1.0,100.0,4.17,rain,24.1,240.6,1014.3,74.6,,0.11,0.0,,
2013-07-12,lagos,28.4,22.7,25.1,92.1,69.0,100.0,8.33,rain,27.7,256.4,1015.1,70.3,,0.14,1.0,,
2013-07-13,lagos,28.4,22.7,25.1,92.1,69.0,100.0,8.33,rain,27.7,256.4,1015.1,70.3,,0.14,1.0,,
2013-07-14,lagos,27.6,24.0,25.3,91.7,4.0,100.0,4.17,rain,27.7,245.3,1014.8,68.2,,0.21,0.0,,
2013-07-15,lagos,28.1,24.0,25.6,91.6,0.1,100.0,4.17,rain,14.8,230.2,1015.0,63.6,,0.25,0.0,,
2013-07-16,lagos,27.1,23.8,25.3,91.3,4.0,100.0,4.17,rain,13.0,234.9,1016.2,62.4,,0.25,0.0,,
2013-07-17,lagos,28.3,23.6,25.7,90.5,4.0,100.0,4.17,rain,35.3,229.2,1016.1,62.3,,0.32,0.0,,
2013-07-18,lagos,27.7,24.0,25.4,88.7,0.6,100.0,25.0,rain,22.3,236.5,1015.4,61.2,,0.35,0.0,,
2013-07-19,lagos,25.6,23.7,25.0,87.7,0.9,100.0,37.5,rain,23.8,217.9,1015.5,55.8,,0.39,0.0,,
2013-07-20,lagos,25.6,25.0,25.3,86.4,4.8,100.0,58.33,rain,22.0,225.8,1015.8,72.8,,0.42,0.0,,
2013-07-21,lagos,25.5,21.9,24.4,88.5,6.0,100.0,4.17,rain,22.7,224.5,1014.7,63.1,,0.45,0.0,,
2013-07-22,lagos,25.3,24.9,25.2,83.8,1.9,100.0,58.33,rain,20.9,227.5,1014.7,46.4,,0.5,0.0,,
2013-07-23,lagos,28.0,24.0,25.8,89.4,0.5,100.0,8.33,rain,25.9,253.3,1012.1,64.8,,0.52,0.0,,
2013-07-24,lagos,26.0,21.0,24.0,92.8,42.0,100.0,8.33,rain,31.8,257.8,1013.8,74.8,,0.56,1.0,,
2013-07-25,lagos,26.2,23.7,24.8,92.2,1.0,100.0,4.17,rain,20.5,255.6,1016.3,63.3,,0.59,0.0,,
2013-07-26,lagos,26.2,23.7,24.8,92.2,1.0,100.0,4.17,rain,20.5,255.6,1016.3,63.3,,0.59,0.0,,
2013-07-27,lagos,28.1,24.0,25.5,89.5,0.2,100.0,4.17,rain,27.7,248.8,1014.1,67.7,,0.66,0.0,,
2013-07-28,lagos,28.4,24.0,25.4,89.4,0.7,100.0,8.33,rain,29.5,249.3,1014.0,61.0,,0.69,0.0,,
2013-07-29,lagos,28.4,24.0,25.4,89.4,0.7,100.0,8.33,rain,29.5,249.3,1014.0,61.0,,0.69,0.0,,
2013-07-30,lagos,28.4,24.0,25.4,89.4,0.7,100.0,8.33,rain,29.5,249.3,1014.0,61.0,,0.69,0.0,,
2013-07-31,lagos,28.4,24.0,25.4,89.4,0.7,100.0,8.33,rain,29.5,249.3,1014.0,61.0,,0.69,0.0,,
2013-08-01,lagos,28.4,24.0,25.4,89.4,0.7,100.0,8.33,rain,29.5,249.3,1014.0,61.0,,0.69,0.0,,
2013-08-02,lagos,28.4,24.0,25.4,89.4,0.7,100.0,8.33,rain,29.5,249.3,1014.0,61.0,,0.69,0.0,,
2013-08-03,lagos,28.4,24.0,25.4,89.4,0.7,100.0,8.33,rain,29.5,249.3,1014.0,61.0,,0.69,0.0,,
2013-08-04,lagos,28.4,24.0,25.4,89.4,0.7,100.0,8.33,rain,29.5,249.3,1014.0,61.0,,0.69,0.0,,
2013-08-05,lagos,28.4,24.0,25.4,89.4,0.7,100.0,8.33,rain,29.5,249.3,1014.0,61.0,,0.69,0.0,,
2013-08-06,lagos,28.4,24.0,25.4,89.4,0.7,100.0,8.33,rain,29.5,249.3,1014.0,61.0,,0.69,0.0,,
2013-08-07,lagos,27.1,23.8,25.1,84.9,0.1,100.0,4.17,rain,29.5,254.1,1011.9,70.1,,0.02,0.0,,
2013-08-08,lagos,27.1,23.8,25.1,84.9,0.1,100.0,4.17,rain,29.5,254.1,1011.9,70.1,,0.02,0.0,,
2013-08-09,lagos,27.1,23.8,25.1,84.9,0.1,100.0,4.17,rain,29.5,254.1,1011.9,70.1,,0.02,0.0,,
2013-08-10,lagos,27.1,23.8,25.1,84.9,0.1,100.0,4.17,rain,29.5,254.1,1011.9,70.1,,0.02,0.0,,
2013-08-11,lagos,27.1,23.8,25.1,84.9,0.1,100.0,4.17,rain,29.5,254.1,1011.9,70.1,,0.02,0.0,,
2013-08-12,lagos,27.1,23.8,25.1,84.9,0.1,100.0,4.17,rain,29.5,254.1,1011.9,70.1,,0.02,0.0,,
2013-08-13,lagos,27.1,23.8,25.1,84.9,0.1,100.0,4.17,rain,29.5,254.1,1011.9,70.1,,0.02,0.0,,
2013-08-14,lagos,27.1,23.8,25.1,84.9,0.1,100.0,4.17,rain,29.5,254.1,1011.9,70.1,,0.02,0.0,,
2013-08-15,lagos,27.1,23.8,25.1,84.9,0.1,100.0,4.17,rain,29.5,254.1,1011.9,70.1,,0.02,0.0,,
2013-08-16,lagos,27.1,23.8,25.1,84.9,0.1,100.0,4.17,rain,29.5,254.1,1011.9,70.1,,0.02,0.0,,
2013-08-17,lagos,27.1,23.8,25.1,84.9,0.1,100.0,4.17,rain,29.5,254.1,1011.9,70.1,,0.02,0.0,,
2013-08-18,lagos,27.1,23.8,25.1,84.9,0.1,100.0,4.17,rain,29.5,254.1,1011.9,70.1,,0.02,0.0,,
2013-08-19,lagos,27.1,23.8,25.1,84.9,0.1,100.0,4.17,rain,29.5,254.1,1011.9,70.1,,0.02,0.0,,
2013-08-20,lagos,27.1,23.8,25.1,84.9,0.1,100.0,4.17,rain,29.5,254.1,1011.9,70.1,,0.02,0.0,,
2013-08-21,lagos,27.1,23.8,25.1,84.9,0.1,100.0,4.17,rain,29.5,254.1,1011.9,70.1,,0.02,0.0,,
2013-08-22,lagos,27.1,23.8,25.1,84.9,0.1,100.0,4.17,rain,29.5,254.1,1011.9,70.1,,0.02,0.0,,
2013-08-23,lagos,27.1,23.8,25.1,84.9,0.1,100.0,4.17,rain,29.5,254.1,1011.9,70.1,,0.02,0.0,,
2013-08-24,lagos,27.1,23.8,25.1,84.9,0.1,100.0,4.17,rain,29.5,254.1,1011.9,70.1,,0.02,0.0,,
2013-08-25,lagos,27.1,23.8,25.1,84.9,0.1,100.0,4.17,rain,29.5,254.1,1011.9,70.1,,0.02,0.0,,
2013-08-26,lagos,27.1,23.9,25.0,88.6,2.3,100.0,33.33,rain,20.5,213.4,1012.4,58.6,,0.67,0.0,,
2013-08-27,lagos,27.1,23.9,25.0,88.6,2.3,100.0,33.33,rain,20.5,213.4,1012.4,58.6,,0.67,0.0,,
2013-08-28,lagos,28.0,24.0,25.6,87.8,1.4,100.0,20.83,rain,27.7,242.7,1014.4,71.2,,0.75,0.0,,
2013-08-29,lagos,29.0,23.7,25.3,89.5,4.0,100.0,4.17,rain,24.1,262.3,1014.3,55.4,,0.77,0.0,,
2013-08-30,lagos,29.1,24.0,25.9,86.9,4.0,100.0,4.17,rain,31.2,249.7,1014.4,69.0,,0.8,0.0,,
2013-08-31,lagos,28.0,24.0,25.1,89.0,0.2,100.0,8.33,rain,31.7,254.4,1013.4,64.1,,0.84,0.0,,
2013-09-01,lagos,27.1,24.0,25.2,89.4,7.0,100.0,4.17,rain,27.4,252.8,1012.8,69.7,,0.87,0.0,,
2013-09-02,lagos,28.4,24.0,25.9,87.4,0.8,100.0,25.0,rain,25.9,221.9,1013.9,60.8,,0.9,0.0,,
2013-09-03,lagos,28.4,24.0,25.9,87.4,0.8,100.0,25.0,rain,25.9,221.9,1013.9,60.8,,0.9,0.0,,
2013-09-04,lagos,28.4,24.0,25.9,87.4,0.8,100.0,25.0,rain,25.9,221.9,1013.9,60.8,,0.9,0.0,,
2013-09-05,lagos,27.2,24.0,25.3,91.3,3.0,100.0,8.33,rain,33.5,243.7,1013.7,59.1,,0.0,0.0,,
2013-09-06,lagos,29.4,24.0,25.9,87.6,1.0,100.0,4.17,rain,29.5,230.1,1013.6,63.0,,0.03,0.0,,
2013-09-07,lagos,29.4,24.0,25.9,87.6,1.0,100.0,4.17,rain,29.5,230.1,1013.6,63.0,,0.03,0.0,,
2013-09-08,lagos,28.1,23.7,25.3,90.4,13.0,100.0,4.17,rain,27.7,263.5,1013.6,71.9,,0.11,0.0,,
2013-09-09,lagos,26.2,23.8,25.0,92.7,6.0,100.0,4.17,rain,24.8,233.1,1013.6,66.4,,0.14,0.0,,
2013-09-10,lagos,26.2,23.8,25.0,92.7,6.0,100.0,4.17,rain,24.8,233.1,1013.6,66.4,,0.14,0.0,,
2013-09-11,lagos,26.2,23.8,25.0,92.7,6.0,100.0,4.17,rain,24.8,233.1,1013.6,66.4,,0.14,0.0,,
2013-09-12,lagos,26.2,23.8,25.0,92.7,6.0,100.0,4.17,rain,24.8,233.1,1013.6,66.4,,0.14,0.0,,
2013-09-13,lagos,28.1,23.7,25.8,86.2,0.2,100.0,8.33,rain,33.5,259.9,1014.0,70.9,,0.29,0.0,,
2013-09-14,lagos,29.2,21.0,25.4,89.7,9.0,100.0,4.17,rain,25.9,232.3,1014.6,55.3,,0.32,0.0,,
2013-09-15,lagos,29.2,21.0,25.4,89.7,9.0,100.0,4.17,rain,25.9,232.3,1014.6,55.3,,0.32,0.0,,
2013-09-16,lagos,29.2,21.0,25.4,89.7,9.0,100.0,4.17,rain,25.9,232.3,1014.6,55.3,,0.32,0.0,,
2013-09-17,lagos,29.2,21.0,25.4,89.7,9.0,100.0,4.17,rain,25.9,232.3,1014.6,55.3,,0.32,0.0,,
2013-09-18,lagos,29.2,21.0,25.4,89.7,9.0,100.0,4.17,rain,25.9,232.3,1014.6,55.3,,0.32,0.0,,
2013-09-19,lagos,29.2,21.0,25.4,89.7,9.0,100.0,4.17,rain,25.9,232.3,1014.6,55.3,,0.32,0.0,,
2013-09-20,lagos,30.5,23.2,26.3,87.5,5.0,100.0,4.17,rain,29.5,231.1,1012.0,60.9,,0.53,0.0,,
2013-09-21,lagos,29.0,23.0,25.5,89.6,0.2,100.0,4.17,rain,27.7,252.1,1012.5,60.6,,0.56,0.0,,
2013-09-22,lagos,27.3,24.8,25.7,91.6,27.0,100.0,12.5,rain,27.7,258.3,1012.6,60.6,,0.6,0.0,,
2013-09-23,lagos,27.0,24.0,25.1,94.3,10.0,100.0,4.17,rain,33.5,253.0,1012.9,73.9,,0.63,0.0,,
2013-09-24,lagos,28.5,23.7,25.7,89.6,1.3,100.0,8.33,rain,33.5,219.1,1014.4,61.2,,0.66,0.0,,
2013-09-25,lagos,28.7,23.6,25.6,87.0,0.4,100.0,16.67,rain,24.1,232.3,1014.5,42.8,,0.69,0.0,,
2013-09-26,lagos,28.6,23.0,25.5,89.6,0.7,100.0,12.5,rain,23.8,238.8,1013.9,52.2,,0.72,0.0,,
2013-09-27,lagos,27.0,22.7,25.0,91.5,16.0,100.0,8.33,rain,22.3,219.9,1013.5,57.2,,0.75,0.0,,
2013-09-28,lagos,27.0,23.8,24.7,93.9,2.0,100.0,4.17,rain,24.1,189.6,1014.2,65.8,,0.79,0.0,,
2013-09-29,lagos,27.0,23.8,24.7,93.9,2.0,100.0,4.17,rain,24.1,189.6,1014.2,65.8,,0.79,0.0,,
2013-09-30,lagos,27.0,23.8,24.7,93.9,2.0,100.0,4.17,rain,24.1,189.6,1014.2,65.8,,0.79,0.0,,
2013-10-01,lagos,27.0,23.8,24.7,93.9,2.0,100.0,4.17,rain,24.1,189.6,1014.2,65.8,,0.79,0.0,,
2013-10-02,lagos,29.0,24.8,26.2,87.1,0.2,100.0,8.33,rain,22.3,238.0,1012.2,57.0,,0.92,0.0,,
2013-10-03,lagos,28.0,24.8,25.9,87.1,0.3,100.0,12.5,rain,25.9,207.7,1012.2,68.8,,0.95,0.0,,
2013-10-04,lagos,25.4,23.9,24.8,91.0,3.0,100.0,4.17,rain,20.5,253.1,1014.0,76.3,,0.98,0.0,,
2013-10-05,lagos,29.0,25.0,26.1,87.7,1.5,100.0,37.5,rain,27.7,232.0,1011.8,78.6,,0.0,0.0,,
2013-10-06,lagos,26.3,22.0,25.4,88.8,0.3,100.0,12.5,rain,19.1,229.2,1014.3,57.9,,0.05,0.0,,
2013-10-07,lagos,28.6,20.9,24.5,86.9,20.0,100.0,4.17,rain,14.8,216.3,1013.8,40.6,,0.09,0.0,,
2013-10-08,lagos,29.0,22.0,25.4,88.4,0.3,100.0,12.5,rain,18.0,242.4,1013.1,64.5,,0.12,0.0,,
2013-10-09,lagos,30.0,24.0,26.6,87.4,1.0,100.0,25.0,rain,22.3,221.4,1012.9,68.0,,0.16,0.0,,
2013-10-10,lagos,30.0,24.0,26.2,87.9,6.0,100.0,4.17,rain,29.5,241.0,1012.9,56.1,,0.19,0.0,,
2013-10-11,lagos,30.0,23.0,26.0,88.5,10.0,100.0,4.17,rain,22.0,244.6,1013.1,51.1,,0.23,0.0,,
2013-10-12,lagos,30.0,23.0,26.0,88.5,10.0,100.0,4.17,rain,22.0,244.6,1013.1,51.1,,0.23,0.0,,
2013-10-13,lagos,30.0,24.0,26.7,84.8,0.2,100.0,8.33,rain,29.5,217.6,1012.4,65.8,,0.3,0.0,,
2013-10-14,lagos,29.4,22.0,26.1,85.8,30.0,100.0,4.17,rain,18.4,213.5,1011.9,54.8,,0.34,0.0,,
2013-10-15,lagos,28.0,23.0,25.7,89.2,10.0,100.0,8.33,rain,25.9,184.4,1013.0,62.7,,0.37,0.0,,
2013-10-16,lagos,30.5,23.5,26.8,87.8,0.1,100.0,4.17,rain,15.1,222.9,1012.9,42.9,,0.41,0.0,,
2013-10-17,lagos,30.5,23.5,26.8,87.8,0.1,100.0,4.17,rain,15.1,222.9,1012.9,42.9,,0.41,0.0,,
2013-10-18,lagos,31.0,24.0,27.0,83.7,0.3,100.0,8.33,rain,20.5,205.8,1012.3,53.3,,0.48,0.0,,
2013-10-19,lagos,31.0,24.7,27.3,84.1,0.3,100.0,4.17,rain,18.4,228.0,1012.2,53.1,,0.5,0.0,,
2013-10-20,lagos,30.8,24.4,27.4,84.0,0.1,100.0,4.17,rain,27.7,212.4,1012.0,55.9,,0.55,0.0,,
2013-10-21,lagos,29.6,22.0,25.6,86.8,12.0,100.0,8.33,rain,16.6,196.3,1012.5,52.5,,0.58,0.0,,
2013-10-22,lagos,29.5,23.0,25.8,85.5,2.0,100.0,4.17,rain,20.5,187.3,1012.5,54.4,,0.61,0.0,,
2013-10-23,lagos,31.4,22.6,26.7,83.5,9.0,100.0,4.17,rain,15.5,220.7,1012.6,52.3,,0.64,0.0,,
2013-10-24,lagos,31.4,22.6,26.7,83.5,9.0,100.0,4.17,rain,15.5,220.7,1012.6,52.3,,0.64,0.0,,
2013-10-25,lagos,31.4,22.6,26.7,83.5,9.0,100.0,4.17,rain,15.5,220.7,1012.6,52.3,,0.64,0.0,,
2013-10-26,lagos,31.4,22.6,26.7,83.5,9.0,100.0,4.17,rain,15.5,220.7,1012.6,52.3,,0.64,0.0,,
2013-10-27,lagos,31.4,22.6,26.7,83.5,9.0,100.0,4.17,rain,15.5,220.7,1012.6,52.3,,0.64,0.0,,
2013-10-28,lagos,31.4,25.5,27.1,86.3,5.0,100.0,4.17,rain,20.5,213.2,1012.8,72.5,,0.8,0.0,,
2013-10-29,lagos,29.2,24.2,26.6,88.0,3.2,100.0,54.17,rain,17.3,199.3,1012.5,85.4,,0.84,0.0,,
2013-10-30,lagos,30.8,24.9,27.4,84.5,1.0,100.0,33.33,rain,27.7,194.0,1010.5,67.1,,0.87,0.0,,
2013-10-31,lagos,31.0,24.8,26.7,88.1,0.7,100.0,29.17,rain,22.3,236.4,1010.8,59.1,,0.9,0.0,,
2013-11-01,lagos,28.1,24.0,26.1,88.1,2.2,100.0,41.67,rain,18.7,226.5,1010.3,62.3,,0.93,0.0,,
2013-11-02,lagos,30.2,25.0,27.1,86.4,8.0,100.0,4.17,rain,19.4,227.5,1009.5,66.4,,0.97,0.0,,
2013-11-03,lagos,31.0,21.6,25.9,86.4,24.0,100.0,4.17,rain,18.4,257.5,1010.3,52.6,,0.0,0.0,,
2013-11-04,lagos,32.0,23.9,25.6,89.5,56.0,100.0,4.17,rain,31.5,200.7,1011.1,50.5,,0.03,1.0,,
2013-11-05,lagos,29.6,24.0,25.8,88.5,49.0,100.0,4.17,rain,15.5,226.0,1012.9,49.8,,0.07,1.0,,
2013-11-06,lagos,30.0,23.0,25.9,88.3,2.3,100.0,37.5,rain,16.6,226.7,1012.6,55.6,,0.1,0.0,,
2013-11-07,lagos,27.5,26.9,27.1,85.9,0.3,100.0,4.17,rain,17.3,213.9,1012.6,41.6,,0.14,0.0,,
2013-11-08,lagos,27.5,26.9,27.1,85.9,0.3,100.0,4.17,rain,17.3,213.9,1012.6,41.6,,0.14,0.0,,
2013-11-09,lagos,27.5,26.9,27.1,85.9,0.3,100.0,4.17,rain,17.3,213.9,1012.6,41.6,,0.14,0.0,,
2013-11-10,lagos,27.5,26.9,27.1,85.9,0.3,100.0,4.17,rain,17.3,213.9,1012.6,41.6,,0.14,0.0,,
2013-11-11,lagos,27.5,26.9,27.1,85.9,0.3,100.0,4.17,rain,17.3,213.9,1012.6,41.6,,0.14,0.0,,
2013-11-12,lagos,27.5,26.9,27.1,85.9,0.3,100.0,4.17,rain,17.3,213.9,1012.6,41.6,,0.14,0.0,,
2013-11-13,lagos,27.5,26.9,27.1,85.9,0.3,100.0,4.17,rain,17.3,213.9,1012.6,41.6,,0.14,0.0,,
2013-11-14,lagos,27.5,26.9,27.1,85.9,0.3,100.0,4.17,rain,17.3,213.9,1012.6,41.6,,0.14,0.0,,
2013-11-15,lagos,27.5,26.9,27.1,85.9,0.3,100.0,4.17,rain,17.3,213.9,1012.6,41.6,,0.14,0.0,,
2013-11-16,lagos,27.5,26.9,27.1,85.9,0.3,100.0,4.17,rain,17.3,213.9,1012.6,41.6,,0.14,0.0,,
2013-11-17,lagos,27.5,26.9,27.1,85.9,0.3,100.0,4.17,rain,17.3,213.9,1012.6,41.6,,0.14,0.0,,
2013-11-18,lagos,27.5,26.9,27.1,85.9,0.3,100.0,4.17,rain,17.3,213.9,1012.6,41.6,,0.14,0.0,,
2013-11-19,lagos,27.5,26.9,27.1,85.9,0.3,100.0,4.17,rain,17.3,213.9,1012.6,41.6,,0.14,0.0,,
2013-11-20,lagos,27.5,26.9,27.1,85.9,0.3,100.0,4.17,rain,17.3,213.9,1012.6,41.6,,0.14,0.0,,
2013-11-21,lagos,27.5,26.9,27.1,85.9,0.3,100.0,4.17,rain,17.3,213.9,1012.6,41.6,,0.14,0.0,,
2013-11-22,lagos,31.5,25.0,27.6,83.4,0.4,100.0,16.67,rain,25.5,209.9,1009.6,61.0,,0.66,0.0,,
2013-11-23,lagos,29.0,24.9,26.7,85.4,0.1,100.0,4.17,rain,23.0,223.8,1010.8,61.4,,0.69,0.0,,
2013-11-24,lagos,29.0,24.9,26.7,85.4,0.1,100.0,4.17,rain,23.0,223.8,1010.8,61.4,,0.69,0.0,,
2013-11-25,lagos,30.6,24.5,27.1,84.6,0.1,100.0,4.17,rain,17.3,210.1,1009.9,51.2,,0.75,0.0,,
2013-11-26,lagos,30.4,24.2,27.1,83.8,0.3,100.0,12.5,rain,14.8,206.7,1009.2,59.2,,0.79,0.0,,
2013-11-27,lagos,30.4,24.2,27.1,83.8,0.3,100.0,12.5,rain,14.8,206.7,1009.2,59.2,,0.79,0.0,,
2013-11-28,lagos,30.4,24.2,27.1,83.8,0.3,100.0,12.5,rain,14.8,206.7,1009.2,59.2,,0.79,0.0,,
2013-11-29,lagos,30.4,24.2,27.1,83.8,0.3,100.0,12.5,rain,14.8,206.7,1009.2,59.2,,0.79,0.0,,
2013-11-30,lagos,30.4,24.2,27.1,83.8,0.3,100.0,12.5,rain,14.8,206.7,1009.2,59.2,,0.79,0.0,,
2013-12-01,lagos,30.4,24.2,27.1,83.8,0.3,100.0,12.5,rain,14.8,206.7,1009.2,59.2,,0.79,0.0,,
2013-12-02,lagos,29.4,25.0,27.0,85.3,35.0,100.0,4.17,rain,18.1,212.6,1011.5,52.6,,0.98,1.0,,
2013-12-03,lagos,28.0,24.8,26.5,88.6,0.2,100.0,8.33,rain,14.8,237.0,1012.4,47.6,,0.0,0.0,,
2013-12-04,lagos,32.0,24.9,27.2,87.0,0.1,100.0,4.17,rain,29.1,212.4,1012.5,56.7,,0.05,0.0,,
2013-12-05,lagos,31.4,24.0,27.3,85.7,0.2,100.0,4.17,rain,18.7,219.7,1011.7,55.4,,0.08,0.0,,
2013-12-06,lagos,30.0,24.0,26.6,84.7,0.2,100.0,8.33,rain,19.4,230.5,1011.1,54.0,,0.12,0.0,,
2013-12-07,lagos,29.0,24.0,25.3,87.0,4.0,100.0,4.17,rain,21.8,224.1,1011.1,53.3,,0.15,0.0,,
2013-12-08,lagos,32.0,23.0,26.2,85.2,3.0,100.0,4.17,rain,18.4,261.9,1011.5,52.7,,0.19,0.0,,
2013-12-09,lagos,33.0,23.9,27.3,84.2,7.0,100.0,4.17,rain,20.5,197.1,1011.1,52.2,,0.25,0.0,,
2013-12-10,lagos,33.0,23.9,27.3,84.2,7.0,100.0,4.17,rain,20.5,197.1,1011.1,52.2,,0.25,0.0,,
2013-12-11,lagos,30.8,25.0,27.5,84.9,0.2,100.0,8.33,rain,25.2,224.5,1012.6,57.1,,0.29,0.0,,
2013-12-12,lagos,32.0,24.0,27.3,87.0,0.1,100.0,4.17,rain,27.7,214.0,1012.7,53.3,,0.33,0.0,,
2013-12-13,lagos,32.0,24.0,27.3,87.0,0.1,100.0,4.17,rain,27.7,214.0,1012.7,53.3,,0.33,0.0,,
2013-12-14,lagos,32.0,24.0,27.3,87.0,0.1,100.0,4.17,rain,27.7,214.0,1012.7,53.3,,0.33,0.0,,
2013-12-15,lagos,32.0,24.0,27.3,87.0,0.1,100.0,4.17,rain,27.7,214.0,1012.7,53.3,,0.33,0.0,,
2013-12-16,lagos,32.0,24.0,27.3,87.0,0.1,100.0,4.17,rain,27.7,214.0,1012.7,53.3,,0.33,0.0,,
2013-12-17,lagos,32.0,24.0,27.3,87.0,0.1,100.0,4.17,rain,27.7,214.0,1012.7,53.3,,0.33,0.0,,
2013-12-18,lagos,32.0,24.0,27.3,87.0,0.1,100.0,4.17,rain,27.7,214.0,1012.7,53.3,,0.33,0.0,,
2013-12-19,lagos,32.0,24.0,27.3,87.0,0.1,100.0,4.17,rain,27.7,214.0,1012.7,53.3,,0.33,0.0,,
2013-12-20,lagos,32.0,24.0,27.3,87.0,0.1,100.0,4.17,rain,27.7,214.0,1012.7,53.3,,0.33,0.0,,
2013-12-21,lagos,32.0,24.0,27.3,87.0,0.1,100.0,4.17,rain,27.7,214.0,1012.7,53.3,,0.33,0.0,,
2013-12-22,lagos,32.0,24.0,27.3,87.0,0.1,100.0,4.17,rain,27.7,214.0,1012.7,53.3,,0.33,0.0,,
2013-12-23,lagos,32.0,24.0,27.3,87.0,0.1,100.0,4.17,rain,27.7,214.0,1012.7,53.3,,0.33,0.0,,
2013-12-24,lagos,32.0,24.0,27.3,87.0,0.1,100.0,4.17,rain,27.7,214.0,1012.7,53.3,,0.33,0.0,,
2013-12-25,lagos,32.0,24.0,27.3,87.0,0.1,100.0,4.17,rain,27.7,214.0,1012.7,53.3,,0.33,0.0,,
2013-12-26,lagos,32.0,24.0,27.3,87.0,0.1,100.0,4.17,rain,27.7,214.0,1012.7,53.3,,0.33,0.0,,
2013-12-27,lagos,32.0,24.0,27.3,87.0,0.1,100.0,4.17,rain,27.7,214.0,1012.7,53.3,,0.33,0.0,,
2013-12-28,lagos,27.9,27.1,27.5,85.8,0.3,100.0,12.5,rain,15.8,231.6,1012.7,78.4,,0.87,0.0,,
2013-12-29,lagos,28.1,27.1,27.5,85.1,0.7,100.0,29.17,rain,20.5,232.3,1012.7,95.0,,0.9,0.0,,
2013-12-30,lagos,27.7,27.0,27.3,85.9,0.4,100.0,16.67,rain,20.9,224.7,1012.7,94.3,,0.93,0.0,,
2013-12-31,lagos,27.7,27.0,27.3,85.9,0.4,100.0,16.67,rain,20.9,224.7,1012.7,94.3,,0.93,0.0,,
2014-01-01,Lagos,32.0,23.0,27.9,76.0,0.5,100.0,20.83,rain,29.5,197.0,1011.2,40.7,,0.0,0.0,,
2014-01-02,Lagos,30.5,23.8,26.1,79.3,12.0,100.0,4.17,rain,16.6,215.7,1010.7,43.1,,0.03,0.0,,
2014-01-03,Lagos,30.5,23.8,26.1,79.3,12.0,100.0,4.17,rain,16.6,215.7,1010.7,43.1,,0.03,0.0,,
2014-01-04,Lagos,32.5,23.0,26.7,81.9,0.1,100.0,4.17,rain,16.6,258.8,1011.4,51.2,,0.1,0.0,,
2014-01-05,Lagos,32.5,23.0,26.7,81.9,0.1,100.0,4.17,rain,16.6,258.8,1011.4,51.2,,0.1,0.0,,
2014-01-06,Lagos,31.7,23.0,26.5,84.9,0.3,100.0,8.33,rain,18.4,259.9,1010.5,31.7,,0.17,0.0,,
2014-01-07,Lagos,31.8,24.0,26.5,79.9,1.0,100.0,33.33,rain,22.3,235.4,1011.3,32.0,,0.2,0.0,,
2014-01-08,Lagos,27.7,26.5,27.0,83.5,3.6,100.0,66.67,rain,15.8,187.6,1011.3,1.2,,0.25,0.0,,
2014-01-09,Lagos,31.0,26.0,27.4,82.2,2.4,100.0,54.17,rain,16.2,199.5,1010.4,20.9,,0.27,0.0,,
2014-01-10,Lagos,28.1,26.8,27.3,83.0,7.2,100.0,91.67,rain,14.0,206.6,1010.4,83.0,,0.31,0.0,,
2014-01-11,Lagos,27.9,26.8,27.2,84.7,0.1,100.0,4.17,rain,14.4,194.3,1010.4,93.2,,0.34,0.0,,
2014-01-12,Lagos,27.9,26.8,27.2,84.7,0.1,100.0,4.17,rain,14.4,194.3,1010.4,93.2,,0.34,0.0,,
2014-01-13,Lagos,27.9,26.8,27.2,84.7,0.1,100.0,4.17,rain,14.4,194.3,1010.4,93.2,,0.34,0.0,,
2014-01-14,Lagos,27.9,26.8,27.2,84.7,0.1,100.0,4.17,rain,14.4,194.3,1010.4,93.2,,0.34,0.0,,
2014-01-15,Lagos,27.9,26.8,27.2,84.7,0.1,100.0,4.17,rain,14.4,194.3,1010.4,93.2,,0.34,0.0,,
2014-01-16,Lagos,32.9,27.0,27.8,84.4,0.3,100.0,12.5,rain,16.9,207.2,1010.8,51.2,,0.5,0.0,,
2014-01-17,Lagos,31.7,25.4,27.5,86.8,13.0,100.0,4.17,rain,18.4,224.9,1011.9,81.9,,0.54,0.0,,
2014-01-18,Lagos,32.2,24.6,27.6,86.6,1.0,100.0,41.67,rain,25.9,239.3,1011.6,75.4,,0.58,0.0,,
2014-01-19,Lagos,35.4,24.4,28.0,83.5,1.1,100.0,45.83,rain,25.9,254.3,1011.6,80.9,,0.61,0.0,,
2014-01-20,Lagos,32.6,25.6,27.6,83.2,0.6,100.0,25.0,rain,25.9,245.1,1011.8,65.1,,0.64,0.0,,
2014-01-21,Lagos,32.8,24.0,27.2,85.5,0.6,100.0,8.33,rain,29.5,250.9,1011.4,59.2,,0.68,0.0,,
2014-01-22,Lagos,30.5,25.0,26.9,87.9,0.4,100.0,4.17,rain,25.9,255.8,1010.7,50.3,,0.71,0.0,,
2014-01-23,Lagos,30.5,25.0,26.9,87.9,0.4,100.0,4.17,rain,25.9,255.8,1010.7,50.3,,0.71,0.0,,
2014-01-24,Lagos,31.3,24.0,27.1,86.5,1.0,100.0,8.33,rain,27.7,256.8,1009.9,50.1,,0.75,0.0,,
2014-01-25,Lagos,33.2,21.0,26.6,83.4,46.0,100.0,8.33,rain,40.7,230.6,1010.1,51.9,,0.81,1.0,,
2014-01-26,Lagos,33.2,21.0,26.6,83.4,46.0,100.0,8.33,rain,40.7,230.6,1010.1,51.9,,0.81,1.0,,
2014-01-27,Lagos,33.2,21.0,26.6,83.4,46.0,100.0,8.33,rain,40.7,230.6,1010.1,51.9,,0.81,1.0,,
2014-01-28,Lagos,33.2,21.0,26.6,83.4,46.0,100.0,8.33,rain,40.7,230.6,1010.1,51.9,,0.81,1.0,,
2014-01-29,Lagos,33.2,21.0,26.6,83.4,46.0,100.0,8.33,rain,40.7,230.6,1010.1,51.9,,0.81,1.0,,
2014-01-30,Lagos,33.2,21.0,26.6,83.4,46.0,100.0,8.33,rain,40.7,230.6,1010.1,51.9,,0.81,1.0,,
2014-01-31,Lagos,33.2,21.0,26.6,83.4,46.0,100.0,8.33,rain,40.7,230.6,1010.1,51.9,,0.81,1.0,,
2014-02-01,Lagos,33.2,21.0,26.6,83.4,46.0,100.0,8.33,rain,40.7,230.6,1010.1,51.9,,0.81,1.0,,
2014-02-02,Lagos,33.2,21.0,26.6,83.4,46.0,100.0,8.33,rain,40.7,230.6,1010.1,51.9,,0.81,1.0,,
2014-02-03,Lagos,33.2,21.0,26.6,83.4,46.0,100.0,8.33,rain,40.7,230.6,1010.1,51.9,,0.81,1.0,,
2014-02-04,Lagos,33.2,21.0,26.6,83.4,46.0,100.0,8.33,rain,40.7,230.6,1010.1,51.9,,0.81,1.0,,
2014-02-05,Lagos,33.2,21.0,26.6,83.4,46.0,100.0,8.33,rain,40.7,230.6,1010.1,51.9,,0.81,1.0,,
2014-02-06,Lagos,33.2,21.0,26.6,83.4,46.0,100.0,8.33,rain,40.7,230.6,1010.1,51.9,,0.81,1.0,,
2014-02-07,Lagos,33.2,21.0,26.6,83.4,46.0,100.0,8.33,rain,40.7,230.6,1010.1,51.9,,0.81,1.0,,
2014-02-08,Lagos,33.2,21.0,26.6,83.4,46.0,100.0,8.33,rain,40.7,230.6,1010.1,51.9,,0.81,1.0,,
2014-02-09,Lagos,33.2,21.0,26.6,83.4,46.0,100.0,8.33,rain,40.7,230.6,1010.1,51.9,,0.81,1.0,,
2014-02-10,Lagos,32.0,25.0,27.6,85.1,0.6,100.0,20.83,rain,31.1,205.1,1011.0,67.6,,0.35,0.0,,
2014-02-11,Lagos,32.0,25.0,27.3,87.0,18.0,100.0,4.17,rain,64.8,205.8,1010.9,45.6,,0.38,0.0,,
2014-02-12,Lagos,30.0,25.1,27.1,85.6,18.0,100.0,4.17,rain,13.0,197.2,1010.0,52.8,,0.42,0.0,,
2014-02-13,Lagos,28.1,27.5,27.8,84.4,2.6,100.0,100.0,rain,15.5,210.5,1010.0,75.0,,0.45,0.0,,
2014-02-14,Lagos,28.3,27.3,27.7,85.1,4.8,100.0,100.0,rain,18.4,217.7,1010.0,65.1,,0.48,0.0,,
2014-02-15,Lagos,27.8,27.4,27.6,85.0,1.6,100.0,58.33,rain,16.6,221.9,1010.0,76.6,,0.5,0.0,,
2014-02-16,Lagos,27.9,27.2,27.6,84.5,1.1,100.0,45.83,rain,20.5,225.9,1010.0,72.1,,0.55,0.0,,
2014-02-17,Lagos,28.2,24.0,27.7,80.1,0.4,100.0,16.67,rain,14.4,204.7,1011.0,63.9,,0.59,0.0,,
2014-02-18,Lagos,28.2,24.0,27.7,80.1,0.4,100.0,16.67,rain,14.4,204.7,1011.0,63.9,,0.59,0.0,,
2014-02-19,Lagos,28.2,24.0,27.7,80.1,0.4,100.0,16.67,rain,14.4,204.7,1011.0,63.9,,0.59,0.0,,
2014-02-20,Lagos,32.9,27.3,27.9,84.4,0.9,100.0,37.5,rain,19.8,218.5,1010.7,77.3,,0.69,0.0,,
2014-02-21,Lagos,31.0,26.1,28.0,85.7,0.5,100.0,20.83,rain,19.8,220.6,1010.6,89.7,,0.73,0.0,,
2014-02-22,Lagos,35.4,27.6,28.3,85.5,1.9,100.0,70.83,rain,21.6,227.9,1010.6,86.1,,0.75,0.0,,
2014-02-23,Lagos,29.6,26.6,28.1,88.2,2.5,100.0,83.33,rain,22.0,224.7,1008.8,83.8,,0.8,0.0,,
2014-02-24,Lagos,32.0,27.6,28.1,83.7,3.7,100.0,95.83,rain,28.4,231.0,1008.0,73.5,,0.83,0.0,,
2014-02-25,Lagos,28.3,27.2,27.8,80.8,3.5,100.0,100.0,rain,27.0,207.8,1008.0,69.1,,0.86,0.0,,
2014-02-26,Lagos,27.8,26.9,27.5,86.4,1.9,100.0,75.0,rain,19.1,213.3,1008.0,63.3,,0.9,0.0,,
2014-02-27,Lagos,28.2,27.7,28.0,83.3,2.4,100.0,79.17,rain,20.9,223.3,1008.0,69.4,,0.93,0.0,,
2014-02-28,Lagos,28.1,27.7,27.9,85.7,3.8,100.0,100.0,rain,23.4,227.4,1008.0,83.0,,0.97,0.0,,
2014-03-01,Lagos,28.0,27.2,27.6,86.1,2.5,100.0,70.83,rain,19.4,234.4,1008.0,75.1,,0.0,0.0,,
2014-03-02,Lagos,31.0,27.9,28.2,79.8,1.2,100.0,50.0,rain,20.5,206.7,1012.0,74.5,,0.04,0.0,,
2014-03-03,Lagos,32.0,26.7,27.9,82.5,1.0,100.0,41.67,rain,18.4,198.8,1008.0,77.8,,0.07,0.0,,
2014-03-04,Lagos,33.0,27.4,28.8,79.7,1.3,100.0,54.17,rain,24.1,199.6,1008.1,49.4,,0.1,0.0,,
2014-03-05,Lagos,29.0,26.0,28.0,84.1,2.7,100.0,91.67,rain,27.7,210.4,1011.0,84.3,,0.13,0.0,,
2014-03-06,Lagos,31.2,24.0,27.2,86.1,5.0,100.0,4.17,rain,16.2,202.9,1011.5,89.8,,0.17,0.0,,
2014-03-07,Lagos,31.2,24.0,27.2,86.1,5.0,100.0,4.17,rain,16.2,202.9,1011.5,89.8,,0.17,0.0,,
2014-03-08,Lagos,31.2,24.0,27.2,86.1,5.0,100.0,4.17,rain,16.2,202.9,1011.5,89.8,,0.17,0.0,,
2014-03-09,Lagos,31.2,24.0,27.2,86.1,5.0,100.0,4.17,rain,16.2,202.9,1011.5,89.8,,0.17,0.0,,
2014-03-10,Lagos,31.2,24.0,27.2,86.1,5.0,100.0,4.17,rain,16.2,202.9,1011.5,89.8,,0.17,0.0,,
2014-03-11,Lagos,30.0,26.2,28.2,84.1,10.0,100.0,4.17,rain,24.1,210.6,1010.6,72.1,,0.33,0.0,,
2014-03-12,Lagos,32.0,26.0,28.6,81.4,261.0,100.0,4.17,rain,16.6,208.8,1012.0,47.2,,0.36,1.0,,
2014-03-13,Lagos,32.0,26.0,28.6,81.4,261.0,100.0,4.17,rain,16.6,208.8,1012.0,47.2,,0.36,1.0,,
2014-03-14,Lagos,32.0,26.0,28.6,81.4,261.0,100.0,4.17,rain,16.6,208.8,1012.0,47.2,,0.36,1.0,,
2014-03-15,Lagos,32.0,26.0,28.6,81.4,261.0,100.0,4.17,rain,16.6,208.8,1012.0,47.2,,0.36,1.0,,
2014-03-16,Lagos,32.6,28.0,28.5,84.8,1.9,100.0,79.17,rain,27.7,223.5,1008.8,68.1,,0.5,0.0,,
2014-03-17,Lagos,29.7,27.7,28.1,86.3,2.5,100.0,62.5,rain,22.3,221.9,1009.1,65.5,,0.53,0.0,,
2014-03-18,Lagos,33.2,26.1,28.5,83.4,2.1,100.0,70.83,rain,22.3,229.0,1012.0,79.0,,0.56,0.0,,
2014-03-19,Lagos,33.4,27.0,28.7,83.4,1.1,100.0,45.83,rain,23.2,220.6,1009.9,64.7,,0.6,0.0,,
2014-03-20,Lagos,32.2,27.0,28.5,84.0,1.1,100.0,41.67,rain,25.6,208.8,1010.9,63.8,,0.63,0.0,,
2014-03-21,Lagos,33.0,25.9,28.6,83.1,2.9,100.0,95.83,rain,21.6,233.1,1010.0,72.8,,0.67,0.0,,
2014-03-22,Lagos,28.9,28.3,28.6,83.8,5.0,100.0,100.0,rain,22.0,230.7,1010.0,59.8,,0.7,0.0,,
2014-03-23,Lagos,32.9,28.2,28.8,83.3,6.7,100.0,91.67,rain,29.4,228.0,1009.8,83.1,,0.74,0.0,,
2014-03-24,Lagos,29.2,24.0,27.5,83.2,3.7,100.0,62.5,rain,29.5,186.7,1013.0,81.7,,0.75,0.0,,
2014-03-25,Lagos,31.0,24.7,27.9,82.6,1.9,100.0,75.0,rain,20.2,221.1,1011.8,63.4,,0.81,0.0,,
2014-03-26,Lagos,28.6,27.0,28.2,82.4,3.8,100.0,91.67,rain,24.5,229.5,1011.5,77.4,,0.85,0.0,,
2014-03-27,Lagos,28.2,27.6,27.9,85.7,9.9,100.0,100.0,rain,30.2,231.3,1011.5,84.8,,0.88,0.0,,
2014-03-28,Lagos,31.6,26.0,27.7,81.3,2.1,100.0,54.17,rain,29.5,222.7,1011.2,72.3,,0.92,0.0,,
2014-03-29,Lagos,32.0,27.0,28.5,81.9,7.8,100.0,70.83,rain,33.5,212.9,1011.2,67.1,,0.95,0.0,,
2014-03-30,Lagos,32.0,27.0,28.6,82.8,3.9,100.0,70.83,rain,21.2,217.3,1011.2,70.9,,0.0,0.0,,
2014-03-31,Lagos,28.7,28.2,28.5,82.3,6.1,100.0,100.0,rain,19.1,217.4,1011.2,73.1,,0.02,0.0,,
2014-04-01,Lagos,33.0,28.0,29.6,78.6,0.1,100.0,4.17,rain,22.3,214.2,1011.6,57.9,,0.05,0.0,,
2014-04-02,Lagos,33.0,28.0,29.6,78.6,0.1,100.0,4.17,rain,22.3,214.2,1011.6,57.9,,0.05,0.0,,
2014-04-03,Lagos,33.0,28.0,29.6,78.6,0.1,100.0,4.17,rain,22.3,214.2,1011.6,57.9,,0.05,0.0,,
2014-04-04,Lagos,33.0,28.0,29.6,78.6,0.1,100.0,4.17,rain,22.3,214.2,1011.6,57.9,,0.05,0.0,,
2014-04-05,Lagos,33.0,28.0,29.6,78.6,0.1,100.0,4.17,rain,22.3,214.2,1011.6,57.9,,0.05,0.0,,
2014-04-06,Lagos,28.8,28.4,28.5,83.7,3.9,100.0,95.83,rain,21.2,233.7,1011.6,71.6,,0.21,0.0,,
2014-04-07,Lagos,28.7,28.0,28.4,85.4,4.2,100.0,100.0,rain,19.8,219.7,1011.6,72.7,,0.25,0.0,,
2014-04-08,Lagos,28.6,28.2,28.3,84.3,5.2,100.0,100.0,rain,19.8,236.0,1011.6,65.3,,0.28,0.0,,
2014-04-09,Lagos,32.0,28.0,29.0,79.6,5.3,100.0,54.17,rain,20.5,217.5,1011.9,66.8,,0.31,0.0,,
2014-04-10,Lagos,34.0,23.0,28.2,79.4,3.4,100.0,25.0,rain,46.4,243.6,1011.0,47.5,,0.34,0.0,,
2014-04-11,Lagos,31.0,26.0,28.0,83.6,0.2,100.0,4.17,rain,21.6,213.4,1011.7,42.4,,0.38,0.0,,
2014-04-12,Lagos,31.0,26.0,28.0,83.6,0.2,100.0,4.17,rain,21.6,213.4,1011.7,42.4,,0.38,0.0,,
2014-04-13,Lagos,29.0,22.0,26.8,86.2,0.3,100.0,8.33,rain,27.7,218.6,1011.8,53.9,,0.44,0.0,,
2014-04-14,Lagos,29.0,22.0,26.8,86.2,0.3,100.0,8.33,rain,27.7,218.6,1011.8,53.9,,0.44,0.0,,
2014-04-15,Lagos,33.0,25.0,28.9,80.4,0.2,100.0,8.33,rain,18.4,196.9,1011.6,57.9,,0.5,0.0,,
2014-04-16,Lagos,33.0,25.0,28.9,80.7,0.3,100.0,8.33,rain,25.9,219.3,1010.6,43.5,,0.54,0.0,,
2014-04-17,Lagos,33.0,25.0,28.9,80.7,0.3,100.0,8.33,rain,25.9,219.3,1010.6,43.5,,0.54,0.0,,
2014-04-18,Lagos,30.2,24.0,26.8,87.2,24.0,100.0,8.33,rain,40.7,205.2,1010.1,54.9,,0.61,0.0,,
2014-04-19,Lagos,33.0,23.0,28.2,82.5,0.9,100.0,4.17,rain,16.6,247.6,1011.0,49.0,,0.65,0.0,,
2014-04-20,Lagos,32.0,23.0,26.7,89.3,47.0,100.0,4.17,rain,24.1,242.1,1010.1,52.2,,0.68,1.0,,
2014-04-21,Lagos,33.0,22.9,27.9,83.1,4.3,100.0,29.17,rain,19.8,219.9,1009.7,55.4,,0.72,0.0,,
2014-04-22,Lagos,30.0,23.0,27.3,91.4,18.0,100.0,4.17,rain,40.7,236.5,1010.7,52.0,,0.75,0.0,,
2014-04-23,Lagos,33.0,25.1,28.7,84.1,1.0,100.0,12.5,rain,29.5,220.1,1010.6,59.8,,0.79,0.0,,
2014-04-24,Lagos,32.0,23.0,27.7,88.1,34.0,100.0,4.17,rain,25.6,230.6,1009.9,51.1,,0.83,1.0,,
2014-04-25,Lagos,32.0,23.0,27.7,88.1,34.0,100.0,4.17,rain,25.6,230.6,1009.9,51.1,,0.83,1.0,,
2014-04-26,Lagos,32.0,23.0,27.7,88.1,34.0,100.0,4.17,rain,25.6,230.6,1009.9,51.1,,0.83,1.0,,
2014-04-27,Lagos,32.0,23.0,27.7,88.1,34.0,100.0,4.17,rain,25.6,230.6,1009.9,51.1,,0.83,1.0,,
2014-04-28,Lagos,32.0,23.0,27.7,88.1,34.0,100.0,4.17,rain,25.6,230.6,1009.9,51.1,,0.83,1.0,,
2014-04-29,Lagos,32.0,23.0,27.7,88.1,34.0,100.0,4.17,rain,25.6,230.6,1009.9,51.1,,0.83,1.0,,
2014-04-30,Lagos,32.0,23.0,27.7,88.1,34.0,100.0,4.17,rain,25.6,230.6,1009.9,51.1,,0.83,1.0,,
2014-05-01,Lagos,32.0,24.0,27.9,81.2,0.5,100.0,4.17,rain,27.7,267.6,1010.5,45.6,,0.07,0.0,,
2014-05-02,Lagos,30.0,25.0,27.1,85.5,0.2,100.0,8.33,rain,46.4,122.4,1011.2,53.6,,0.1,0.0,,
2014-05-03,Lagos,33.0,24.9,28.4,83.1,0.2,100.0,4.17,rain,18.4,182.5,1010.5,51.1,,0.14,0.0,,
2014-05-04,Lagos,33.0,25.0,28.8,82.9,0.1,100.0,4.17,rain,18.4,212.9,1009.4,52.3,,0.17,0.0,,
2014-05-05,Lagos,34.0,26.0,28.1,87.9,17.0,100.0,4.17,rain,42.5,240.9,1009.5,69.0,,0.2,0.0,,
2014-05-06,Lagos,31.0,24.0,27.1,88.8,1.9,100.0,8.33,rain,51.8,307.6,1011.5,60.8,,0.23,0.0,,
2014-05-07,Lagos,30.0,24.2,27.1,88.6,5.1,100.0,8.33,rain,15.5,228.4,1011.9,62.4,,0.25,0.0,,
2014-05-08,Lagos,30.0,25.4,27.5,87.8,2.0,100.0,12.5,rain,22.3,140.4,1012.0,48.6,,0.3,0.0,,
2014-05-09,Lagos,31.0,26.0,28.0,81.6,4.9,100.0,29.17,rain,20.5,175.5,1011.9,59.9,,0.33,0.0,,
2014-05-10,Lagos,33.0,25.0,28.5,82.0,1.5,100.0,12.5,rain,12.2,209.6,1011.4,52.6,,0.36,0.0,,
2014-05-11,Lagos,30.0,23.0,26.6,86.1,83.0,100.0,8.33,rain,18.4,285.1,1010.5,51.4,,0.39,1.0,,
2014-05-12,Lagos,33.0,25.0,28.5,84.9,0.1,100.0,4.17,rain,25.9,193.5,1010.4,50.1,,0.42,0.0,,
2014-05-13,Lagos,30.0,25.8,27.7,86.8,3.2,100.0,37.5,rain,22.3,186.5,1010.9,58.0,,0.46,0.0,,
2014-05-14,Lagos,30.0,24.0,27.2,87.6,18.0,100.0,8.33,rain,22.3,203.1,1013.0,66.4,,0.5,0.0,,
2014-05-15,Lagos,32.0,23.1,27.1,84.7,66.0,100.0,4.17,rain,27.7,47.7,1011.7,40.2,,0.52,1.0,,
2014-05-16,Lagos,32.0,25.7,27.8,84.3,3.2,100.0,29.17,rain,16.2,209.8,1009.9,41.2,,0.56,0.0,,
2014-05-17,Lagos,33.0,25.0,28.2,84.9,0.1,100.0,4.17,rain,18.4,190.3,1010.2,47.4,,0.6,0.0,,
2014-05-18,Lagos,33.0,25.0,28.2,84.9,0.1,100.0,4.17,rain,18.4,190.3,1010.2,47.4,,0.6,0.0,,
2014-05-19,Lagos,32.2,23.8,28.3,83.1,39.0,100.0,4.17,rain,18.4,249.4,1012.0,70.1,,0.67,1.0,,
2014-05-20,Lagos,29.0,23.0,26.1,89.4,34.0,100.0,4.17,rain,14.8,27.3,1011.9,34.4,,0.7,1.0,,
2014-05-21,Lagos,29.0,23.0,26.1,89.4,34.0,100.0,4.17,rain,14.8,27.3,1011.9,34.4,,0.7,1.0,,
2014-05-22,Lagos,29.0,23.0,26.1,89.4,34.0,100.0,4.17,rain,14.8,27.3,1011.9,34.4,,0.7,1.0,,
2014-05-23,Lagos,29.0,23.0,26.1,89.4,34.0,100.0,4.17,rain,14.8,27.3,1011.9,34.4,,0.7,1.0,,
2014-05-24,Lagos,29.0,23.0,26.1,89.4,34.0,100.0,4.17,rain,14.8,27.3,1011.9,34.4,,0.7,1.0,,
2014-05-25,Lagos,29.0,23.0,26.1,89.4,34.0,100.0,4.17,rain,14.8,27.3,1011.9,34.4,,0.7,1.0,,
2014-05-26,Lagos,31.9,26.0,28.2,85.8,2.0,100.0,4.17,rain,20.5,207.9,1012.0,57.5,,0.92,0.0,,
2014-05-27,Lagos,28.1,22.1,25.8,89.1,51.0,100.0,8.33,rain,98.3,34.6,1011.7,61.8,,0.95,1.0,,
2014-05-28,Lagos,31.8,25.0,27.8,83.2,1.4,100.0,4.17,rain,25.9,196.0,1011.3,54.1,,0.0,0.0,,
2014-05-29,Lagos,31.0,24.0,26.7,89.5,145.0,100.0,8.33,rain,15.8,211.3,1012.3,66.7,,0.02,1.0,,
2014-05-30,Lagos,32.0,25.0,27.6,83.2,2.2,100.0,8.33,rain,16.6,203.6,1012.0,46.4,,0.05,0.0,,
2014-05-31,Lagos,33.0,24.9,28.6,81.2,0.2,100.0,4.17,rain,25.9,225.7,1011.4,45.1,,0.09,0.0,,
2014-06-01,Lagos,31.0,23.0,25.7,92.6,21.0,100.0,8.33,rain,20.5,262.0,1010.9,48.7,,0.12,0.0,,
2014-06-02,Lagos,31.0,22.9,26.3,86.7,0.1,100.0,4.17,rain,20.5,216.2,1011.3,37.9,,0.15,0.0,,
2014-06-03,Lagos,32.0,24.0,27.2,81.8,0.1,100.0,4.17,rain,18.4,208.4,1010.8,44.5,,0.18,0.0,,
2014-06-04,Lagos,32.0,25.8,28.2,81.7,0.8,100.0,4.17,rain,20.5,221.7,1009.8,58.1,,0.22,0.0,,
2014-06-05,Lagos,31.0,23.9,26.8,88.9,48.0,100.0,8.33,rain,22.3,209.5,1010.8,68.5,,0.25,1.0,,
2014-06-06,Lagos,27.2,23.0,25.1,93.1,38.0,100.0,8.33,rain,25.9,291.2,1011.8,64.9,,0.28,1.0,,
2014-06-07,Lagos,28.8,23.0,25.7,87.2,1.6,100.0,8.33,rain,17.3,268.6,1012.3,46.8,,0.31,0.0,,
2014-06-08,Lagos,28.8,23.0,25.7,87.2,1.6,100.0,8.33,rain,17.3,268.6,1012.3,46.8,,0.31,0.0,,
2014-06-09,Lagos,33.0,24.8,28.0,82.9,0.3,100.0,4.17,rain,24.1,193.4,1011.8,54.1,,0.38,0.0,,
2014-06-10,Lagos,30.0,25.8,27.2,88.4,7.0,100.0,4.17,rain,24.1,242.0,1012.4,61.9,,0.41,0.0,,
2014-06-11,Lagos,32.0,23.0,27.4,80.6,0.5,100.0,8.33,rain,22.3,257.0,1013.1,55.3,,0.44,0.0,,
2014-06-12,Lagos,27.2,22.9,25.1,93.8,42.0,100.0,4.17,rain,37.1,212.8,1013.9,53.1,,0.48,1.0,,
2014-06-13,Lagos,30.8,23.0,26.7,86.7,0.4,100.0,8.33,rain,18.4,246.1,1013.4,52.1,,0.5,0.0,,
2014-06-14,Lagos,32.0,25.0,27.4,86.8,0.4,100.0,8.33,rain,29.5,225.2,1013.7,54.5,,0.55,0.0,,
2014-06-15,Lagos,31.0,25.0,27.7,86.0,0.9,100.0,12.5,rain,24.1,215.6,1014.1,64.1,,0.58,0.0,,
2014-06-16,Lagos,31.0,23.0,26.8,89.0,0.3,100.0,8.33,rain,25.9,221.3,1013.7,60.2,,0.62,0.0,,
2014-06-17,Lagos,30.0,22.0,25.8,88.3,14.0,100.0,8.33,rain,25.9,247.0,1014.1,46.4,,0.65,0.0,,
2014-06-18,Lagos,29.0,25.1,26.6,88.2,4.7,100.0,79.17,rain,18.7,225.1,1015.0,77.6,,0.69,0.0,,
2014-06-19,Lagos,30.2,25.0,27.3,88.1,11.0,100.0,4.17,rain,22.3,218.0,1014.7,67.2,,0.75,0.0,,
2014-06-20,Lagos,29.0,24.2,27.1,88.7,1.0,100.0,4.17,rain,25.7,233.5,1013.7,61.4,,0.76,0.0,,
2014-06-21,Lagos,31.0,24.9,27.7,86.4,0.2,100.0,4.17,rain,24.1,218.8,1013.8,57.2,,0.79,0.0,,
2014-06-22,Lagos,27.0,23.9,25.7,90.9,6.0,100.0,12.5,rain,27.7,208.4,1014.3,52.9,,0.83,0.0,,
2014-06-23,Lagos,29.1,24.0,26.1,88.5,0.7,100.0,29.17,rain,22.3,234.8,1016.0,50.7,,0.86,0.0,,
2014-06-24,Lagos,29.1,24.0,26.1,88.5,0.7,100.0,29.17,rain,22.3,234.8,1016.0,50.7,,0.86,0.0,,
2014-06-25,Lagos,30.0,24.0,26.1,90.4,8.0,100.0,8.33,rain,24.1,227.9,1014.2,51.1,,0.93,0.0,,
2014-06-26,Lagos,30.0,24.0,26.1,90.4,8.0,100.0,8.33,rain,24.1,227.9,1014.2,51.1,,0.93,0.0,,
2014-06-27,Lagos,30.0,24.0,26.1,90.4,8.0,100.0,8.33,rain,24.1,227.9,1014.2,51.1,,0.93,0.0,,
2014-06-28,Lagos,30.0,24.0,26.1,90.4,8.0,100.0,8.33,rain,24.1,227.9,1014.2,51.1,,0.93,0.0,,
2014-06-29,Lagos,30.0,24.0,26.1,90.4,8.0,100.0,8.33,rain,24.1,227.9,1014.2,51.1,,0.93,0.0,,
2014-06-30,Lagos,31.0,25.0,26.8,86.5,6.8,100.0,50.0,rain,25.9,218.6,1013.4,61.4,,0.1,0.0,,
2014-07-01,Lagos,27.2,21.0,26.4,88.1,79.0,100.0,4.17,rain,16.6,214.4,1012.7,74.0,,0.14,1.0,,
2014-07-02,Lagos,28.0,24.0,25.8,92.7,61.0,100.0,4.17,rain,23.0,206.2,1014.7,68.7,,0.17,1.0,,
2014-07-03,Lagos,28.0,24.0,25.9,91.4,4.3,100.0,37.5,rain,23.4,249.1,1015.5,60.9,,0.2,0.0,,
2014-07-04,Lagos,29.0,22.0,25.8,89.4,6.2,100.0,62.5,rain,27.7,204.1,1014.9,77.5,,0.24,0.0,,
2014-07-05,Lagos,26.6,26.1,26.4,87.9,1.4,100.0,45.83,rain,23.8,216.3,1014.9,81.9,,0.25,0.0,,
2014-07-06,Lagos,26.4,26.0,26.2,86.4,0.4,100.0,16.67,rain,23.8,225.4,1014.9,78.5,,0.3,0.0,,
2014-07-07,Lagos,26.4,26.0,26.2,86.4,0.4,100.0,16.67,rain,23.8,225.4,1014.9,78.5,,0.3,0.0,,
2014-07-08,Lagos,26.4,26.0,26.2,86.4,0.4,100.0,16.67,rain,23.8,225.4,1014.9,78.5,,0.3,0.0,,
2014-07-09,Lagos,26.4,26.0,26.2,86.4,0.4,100.0,16.67,rain,23.8,225.4,1014.9,78.5,,0.3,0.0,,
2014-07-10,Lagos,26.4,26.0,26.2,86.4,0.4,100.0,16.67,rain,23.8,225.4,1014.9,78.5,,0.3,0.0,,
2014-07-11,Lagos,26.4,26.0,26.2,86.4,0.4,100.0,16.67,rain,23.8,225.4,1014.9,78.5,,0.3,0.0,,
2014-07-12,Lagos,26.4,26.0,26.2,86.4,0.4,100.0,16.67,rain,23.8,225.4,1014.9,78.5,,0.3,0.0,,
2014-07-13,Lagos,30.0,24.0,26.4,87.2,3.0,100.0,4.17,rain,22.3,220.6,1014.9,59.9,,0.53,0.0,,
2014-07-14,Lagos,29.0,24.9,26.6,88.4,3.0,100.0,4.17,rain,22.2,233.8,1014.4,56.8,,0.57,0.0,,
2014-07-15,Lagos,30.4,24.9,26.5,89.1,1.6,100.0,33.33,rain,24.8,229.4,1014.1,60.7,,0.6,0.0,,
2014-07-16,Lagos,28.0,23.0,25.7,89.2,15.0,100.0,4.17,rain,25.9,215.5,1014.6,75.3,,0.64,0.0,,
2014-07-17,Lagos,27.0,24.0,25.7,89.2,16.0,100.0,8.33,rain,32.4,240.0,1015.6,70.8,,0.67,0.0,,
2014-07-18,Lagos,27.0,23.9,25.1,92.0,0.8,100.0,20.83,rain,20.5,257.7,1016.5,54.2,,0.71,0.0,,
2014-07-19,Lagos,27.0,23.9,25.1,92.0,0.8,100.0,20.83,rain,20.5,257.7,1016.5,54.2,,0.71,0.0,,
2014-07-20,Lagos,27.0,24.0,25.5,90.3,6.0,100.0,4.17,rain,25.9,217.0,1015.8,65.8,,0.78,0.0,,
2014-07-21,Lagos,28.0,24.2,25.8,89.7,4.0,100.0,4.17,rain,24.1,202.9,1016.1,72.0,,0.81,0.0,,
2014-07-22,Lagos,28.0,24.2,25.8,89.7,4.0,100.0,4.17,rain,24.1,202.9,1016.1,72.0,,0.81,0.0,,
2014-07-23,Lagos,28.0,23.5,25.8,85.4,0.7,100.0,29.17,rain,24.1,232.2,1015.8,74.3,,0.88,0.0,,
2014-07-24,Lagos,27.8,23.1,25.4,89.7,4.0,100.0,4.17,rain,31.5,224.2,1015.7,66.3,,0.91,0.0,,
2014-07-25,Lagos,28.0,24.0,25.4,91.1,16.0,100.0,4.17,rain,22.3,217.1,1015.2,60.7,,0.95,0.0,,
2014-07-26,Lagos,27.0,24.0,25.3,93.2,0.1,100.0,4.17,rain,20.2,245.8,1014.8,57.7,,0.0,0.0,,
2014-07-27,Lagos,27.0,24.0,24.9,95.0,1.7,100.0,12.5,rain,24.1,220.5,1014.0,52.9,,0.02,0.0,,
2014-07-28,Lagos,26.0,23.1,24.7,93.9,11.0,100.0,8.33,rain,25.2,212.2,1014.7,65.5,,0.05,0.0,,
2014-07-29,Lagos,27.6,22.9,25.2,90.2,9.0,100.0,4.17,rain,22.3,235.1,1013.8,70.7,,0.08,0.0,,
2014-07-30,Lagos,28.0,24.0,25.5,90.6,0.5,100.0,12.5,rain,23.7,237.0,1014.3,63.4,,0.12,0.0,,
2014-07-31,Lagos,28.0,24.0,25.2,91.7,2.0,100.0,4.17,rain,25.9,239.5,1015.3,64.8,,0.15,0.0,,
2014-08-01,Lagos,27.0,24.0,25.1,93.4,8.0,100.0,4.17,rain,25.9,236.8,1015.6,64.9,,0.19,0.0,,
2014-08-02,Lagos,27.6,24.0,25.2,89.5,0.7,100.0,29.17,rain,24.5,226.8,1014.6,57.9,,0.22,0.0,,
2014-08-03,Lagos,27.0,23.7,25.4,89.4,0.6,100.0,12.5,rain,25.9,231.9,1015.3,60.1,,0.25,0.0,,
2014-08-04,Lagos,27.2,23.8,25.0,91.4,2.0,100.0,37.5,rain,25.9,233.3,1015.1,67.1,,0.25,0.0,,
2014-08-05,Lagos,26.0,23.0,24.7,91.7,22.0,100.0,4.17,rain,29.5,242.8,1014.6,61.6,,0.32,0.0,,
2014-08-06,Lagos,27.0,23.0,24.6,92.6,21.0,100.0,8.33,rain,25.8,230.8,1014.5,79.3,,0.35,0.0,,
2014-08-07,Lagos,29.0,23.8,25.5,89.4,5.0,100.0,8.33,rain,22.3,228.9,1014.3,70.7,,0.39,0.0,,
2014-08-08,Lagos,28.0,24.0,25.5,87.7,0.1,100.0,4.17,rain,29.2,227.6,1014.3,58.1,,0.42,0.0,,
2014-08-09,Lagos,28.0,24.0,25.5,87.7,0.1,100.0,4.17,rain,29.2,227.6,1014.3,58.1,,0.42,0.0,,
2014-08-10,Lagos,28.0,24.0,25.5,87.7,0.1,100.0,4.17,rain,29.2,227.6,1014.3,58.1,,0.42,0.0,,
2014-08-11,Lagos,28.0,24.0,25.5,87.7,0.1,100.0,4.17,rain,29.2,227.6,1014.3,58.1,,0.42,0.0,,
2014-08-12,Lagos,28.0,24.0,25.5,87.7,0.1,100.0,4.17,rain,29.2,227.6,1014.3,58.1,,0.42,0.0,,
2014-08-13,Lagos,28.0,24.0,25.5,87.7,0.1,100.0,4.17,rain,29.2,227.6,1014.3,58.1,,0.42,0.0,,
2014-08-14,Lagos,27.0,22.4,24.8,84.4,0.1,100.0,4.17,rain,20.3,233.6,1015.2,58.8,,0.62,0.0,,
2014-08-15,Lagos,30.0,22.0,25.1,85.3,0.4,100.0,16.67,rain,29.5,234.6,1015.5,61.7,,0.66,0.0,,
2014-08-16,Lagos,26.7,23.0,25.0,85.7,0.1,100.0,4.17,rain,25.9,213.3,1014.3,73.5,,0.69,0.0,,
2014-08-17,Lagos,26.7,23.0,25.0,85.7,0.1,100.0,4.17,rain,25.9,213.3,1014.3,73.5,,0.69,0.0,,
2014-08-18,Lagos,28.0,24.0,25.1,87.6,2.1,100.0,37.5,rain,20.9,243.7,1015.8,75.0,,0.76,0.0,,
2014-08-19,Lagos,24.7,22.0,24.5,91.6,6.5,100.0,91.67,rain,22.7,224.2,1015.0,85.3,,0.79,0.0,,
2014-08-20,Lagos,29.0,23.0,25.3,88.8,3.1,100.0,62.5,rain,20.5,214.0,1013.8,73.4,,0.83,0.0,,
2014-08-21,Lagos,25.2,22.4,24.6,91.9,23.0,100.0,4.17,rain,19.8,233.9,1016.1,76.7,,0.86,0.0,,
2014-08-22,Lagos,25.0,23.0,24.5,91.2,6.9,100.0,66.67,rain,24.8,239.9,1015.0,55.6,,0.89,0.0,,
2014-08-23,Lagos,27.0,24.0,25.0,88.7,3.4,100.0,45.83,rain,22.7,230.0,1014.6,68.0,,0.93,0.0,,
2014-08-24,Lagos,27.0,21.9,24.8,90.5,1.5,100.0,37.5,rain,18.4,228.6,1015.0,57.4,,0.96,0.0,,
2014-08-25,Lagos,29.0,23.0,25.5,88.0,7.0,100.0,50.0,rain,25.5,232.0,1013.6,75.7,,0.0,0.0,,
2014-08-26,Lagos,27.0,22.0,24.9,90.7,0.2,100.0,4.17,rain,35.6,216.8,1013.7,78.8,,0.03,0.0,,
2014-08-27,Lagos,29.6,23.0,25.2,88.9,2.4,100.0,25.0,rain,27.2,205.4,1014.8,57.7,,0.06,0.0,,
2014-08-28,Lagos,28.0,23.0,24.8,91.0,1.0,100.0,37.5,rain,20.5,248.6,1013.4,70.3,,0.1,0.0,,
2014-08-29,Lagos,25.4,22.0,24.6,92.3,31.0,100.0,4.17,rain,28.1,232.2,1012.4,69.8,,0.13,1.0,,
2014-08-30,Lagos,26.9,23.0,24.8,91.4,1.8,100.0,41.67,rain,25.9,222.9,1013.3,62.4,,0.17,0.0,,
2014-08-31,Lagos,29.1,24.0,25.5,87.7,1.2,100.0,37.5,rain,24.5,231.6,1012.6,77.6,,0.2,0.0,,
2014-09-01,Lagos,26.6,23.9,25.0,89.0,3.0,100.0,58.33,rain,27.4,233.3,1013.1,74.6,,0.24,0.0,,
2014-09-02,Lagos,28.0,24.0,25.4,86.4,0.8,100.0,33.33,rain,27.6,228.9,1014.6,73.4,,0.25,0.0,,
2014-09-03,Lagos,28.0,24.0,25.4,86.4,0.8,100.0,33.33,rain,27.6,228.9,1014.6,73.4,,0.25,0.0,,
2014-09-04,Lagos,26.6,24.0,24.6,91.7,0.4,100.0,16.67,rain,25.2,237.1,1013.6,49.2,,0.34,0.0,,
2014-09-05,Lagos,27.9,24.5,25.0,90.5,0.3,100.0,4.17,rain,26.6,227.4,1011.9,70.3,,0.38,0.0,,
2014-09-06,Lagos,25.6,24.5,24.8,91.0,0.7,100.0,29.17,rain,22.3,203.3,1011.2,82.8,,0.41,0.0,,
2014-09-07,Lagos,25.6,24.5,24.8,91.0,0.7,100.0,29.17,rain,22.3,203.3,1011.2,82.8,,0.41,0.0,,
2014-09-08,Lagos,25.6,23.9,24.9,91.0,2.2,100.0,66.67,rain,23.0,236.7,1014.9,57.9,,0.48,0.0,,
2014-09-09,Lagos,25.6,23.6,25.1,90.0,4.6,100.0,62.5,rain,25.6,219.9,1013.3,78.8,,0.5,0.0,,
2014-09-10,Lagos,28.0,24.0,25.3,89.9,2.0,100.0,4.17,rain,19.4,226.9,1012.9,63.1,,0.55,0.0,,
2014-09-11,Lagos,29.0,23.0,25.7,88.0,2.1,100.0,33.33,rain,26.3,237.0,1013.7,68.0,,0.58,0.0,,
2014-09-12,Lagos,28.0,21.1,24.8,90.9,14.0,100.0,4.17,rain,25.2,214.3,1013.0,51.0,,0.61,0.0,,
2014-09-13,Lagos,28.0,21.1,24.8,90.9,14.0,100.0,4.17,rain,25.2,214.3,1013.0,51.0,,0.61,0.0,,
2014-09-14,Lagos,30.0,23.2,26.0,88.5,1.7,100.0,50.0,rain,19.4,229.1,1013.8,71.7,,0.68,0.0,,
2014-09-15,Lagos,30.0,24.1,26.2,88.4,3.8,100.0,54.17,rain,22.7,235.8,1013.2,72.1,,0.71,0.0,,
2014-09-16,Lagos,27.4,25.0,25.5,90.5,9.2,100.0,75.0,rain,22.7,235.1,1012.6,88.8,,0.75,0.0,,
2014-09-17,Lagos,28.7,24.2,25.4,91.3,11.0,100.0,4.17,rain,19.4,239.9,1013.4,83.3,,0.78,0.0,,
2014-09-18,Lagos,30.0,23.0,25.7,89.6,1.7,100.0,29.17,rain,22.3,222.6,1014.0,66.8,,0.81,0.0,,
2014-09-19,Lagos,28.0,25.0,25.7,89.6,1.8,100.0,50.0,rain,19.8,231.7,1015.1,66.0,,0.84,0.0,,
2014-09-20,Lagos,27.9,23.0,25.1,92.5,13.0,100.0,4.17,rain,21.2,218.2,1014.4,69.3,,0.87,0.0,,
2014-09-21,Lagos,27.1,23.0,25.6,89.3,8.0,100.0,8.33,rain,21.6,222.8,1014.4,64.7,,0.91,0.0,,
2014-09-22,Lagos,31.0,23.7,26.4,86.5,1.7,100.0,37.5,rain,24.1,230.8,1012.9,66.7,,0.94,0.0,,
2014-09-23,Lagos,28.1,25.0,25.8,89.2,5.9,100.0,58.33,rain,21.2,227.8,1013.5,77.3,,0.97,0.0,,
2014-09-24,Lagos,28.0,24.0,25.5,90.9,4.0,100.0,4.17,rain,19.4,230.8,1013.5,61.6,,0.0,0.0,,
2014-09-25,Lagos,30.0,25.1,26.4,86.6,15.2,100.0,58.33,rain,20.5,242.5,1013.8,70.6,,0.04,0.0,,
2014-09-26,Lagos,25.9,22.0,25.2,90.0,32.0,100.0,4.17,rain,20.9,233.5,1011.9,72.5,,0.08,1.0,,
2014-09-27,Lagos,28.0,21.9,25.3,85.3,30.2,100.0,79.17,rain,16.6,217.8,1012.7,61.6,,0.11,1.0,,
2014-09-28,Lagos,29.2,21.9,25.1,91.5,60.0,100.0,4.17,rain,18.4,220.3,1013.4,53.1,,0.15,1.0,,
2014-09-29,Lagos,29.6,22.0,25.5,89.8,8.3,100.0,70.83,rain,22.0,242.7,1013.3,60.9,,0.18,0.0,,
2014-09-30,Lagos,28.1,22.7,25.3,91.6,10.5,100.0,58.33,rain,24.1,229.5,1012.7,73.7,,0.22,0.0,,
2014-10-01,Lagos,26.3,22.7,25.5,88.9,8.0,100.0,4.17,rain,17.6,220.7,1013.1,73.2,,0.25,0.0,,
2014-10-02,Lagos,26.3,24.1,26.0,85.8,6.5,100.0,100.0,rain,18.0,238.8,1013.1,87.4,,0.29,0.0,,
2014-10-03,Lagos,26.2,23.9,26.0,87.8,20.6,100.0,87.5,rain,24.1,232.0,1013.7,76.8,,0.32,0.0,,
2014-10-04,Lagos,26.9,25.8,26.1,87.8,4.9,100.0,83.33,rain,20.2,196.9,1013.7,33.2,,0.36,0.0,,
2014-10-05,Lagos,29.2,25.4,26.7,83.8,4.0,100.0,62.5,rain,13.7,204.3,1010.9,57.6,,0.39,0.0,,
2014-10-06,Lagos,26.5,24.4,26.2,88.4,9.1,100.0,91.67,rain,18.0,239.6,1012.0,39.6,,0.43,0.0,,
2014-10-07,Lagos,26.9,26.1,26.4,87.9,14.4,100.0,95.83,rain,21.8,227.5,1010.5,43.9,,0.47,0.0,,
2014-10-08,Lagos,31.0,26.1,27.1,85.0,6.6,100.0,62.5,rain,17.6,227.2,1011.1,66.3,,0.5,0.0,,
2014-10-09,Lagos,31.0,25.0,27.0,85.7,1.2,100.0,25.0,rain,19.8,228.1,1011.0,66.8,,0.53,0.0,,
2014-10-10,Lagos,27.0,24.0,26.4,89.5,7.5,100.0,83.33,rain,21.6,227.6,1010.4,77.2,,0.56,0.0,,
2014-10-11,Lagos,26.6,22.9,25.8,90.7,45.0,100.0,8.33,rain,25.6,236.2,1011.8,77.8,,0.6,1.0,,
2014-10-12,Lagos,30.6,25.7,26.5,87.4,5.3,100.0,87.5,rain,19.1,235.4,1013.0,82.2,,0.63,0.0,,
2014-10-13,Lagos,31.0,24.4,26.7,86.6,9.3,100.0,66.67,rain,19.8,236.8,1013.7,89.2,,0.66,0.0,,
2014-10-14,Lagos,30.1,23.6,26.7,86.5,8.9,100.0,62.5,rain,20.5,240.7,1014.4,79.9,,0.69,0.0,,
2014-10-15,Lagos,31.0,24.8,27.1,85.9,3.6,100.0,58.33,rain,20.4,236.2,1013.4,73.7,,0.75,0.0,,
2014-10-16,Lagos,29.0,25.0,26.9,88.1,4.0,100.0,75.0,rain,22.3,241.7,1012.2,84.8,,0.76,0.0,,
2014-10-17,Lagos,31.0,25.5,27.4,87.1,2.0,100.0,4.17,rain,24.1,241.2,1010.4,90.0,,0.79,0.0,,
2014-10-18,Lagos,29.1,22.4,25.6,90.6,35.0,100.0,4.17,rain,55.4,241.1,1012.3,88.0,,0.82,1.0,,
2014-10-19,Lagos,30.1,21.9,25.7,87.8,7.0,100.0,4.17,rain,18.3,150.2,1011.8,84.9,,0.86,0.0,,
2014-10-20,Lagos,27.5,23.2,26.2,83.8,2.0,100.0,50.0,rain,14.8,205.8,1012.4,89.0,,0.89,0.0,,
2014-10-21,Lagos,27.2,26.3,26.7,86.9,1.5,100.0,45.83,rain,20.2,237.7,1012.4,39.8,,0.92,0.0,,
2014-10-22,Lagos,27.2,24.7,26.8,86.8,1.8,100.0,50.0,rain,19.8,228.4,1011.2,40.5,,0.95,0.0,,
2014-10-23,Lagos,27.1,26.7,26.9,85.4,5.1,100.0,75.0,rain,17.6,222.4,1011.2,48.7,,0.0,0.0,,
2014-10-24,Lagos,27.3,26.8,27.0,84.9,7.2,100.0,91.67,rain,17.3,240.6,1010.0,71.7,,0.02,0.0,,
2014-10-25,Lagos,26.8,26.2,26.4,84.6,11.7,100.0,79.17,rain,14.4,220.0,1010.0,82.6,,0.06,0.0,,
2014-10-26,Lagos,30.0,26.2,26.7,86.1,5.4,100.0,91.67,rain,20.9,202.6,1012.5,82.8,,0.09,0.0,,
2014-10-27,Lagos,32.0,26.5,27.6,83.5,7.0,100.0,83.33,rain,18.4,240.2,1011.3,84.9,,0.13,0.0,,
2014-10-28,Lagos,27.0,21.7,26.4,89.3,6.6,100.0,75.0,rain,21.2,233.5,1010.1,77.9,,0.16,0.0,,
2014-10-29,Lagos,29.6,26.3,26.9,85.0,3.6,100.0,62.5,rain,14.0,211.5,1010.1,80.3,,0.2,0.0,,
2014-10-30,Lagos,29.7,26.7,27.3,84.6,4.2,100.0,66.67,rain,24.1,228.1,1010.1,72.7,,0.23,0.0,,
2014-10-31,Lagos,27.1,26.9,27.0,84.5,4.7,100.0,95.83,rain,17.6,233.9,1010.1,82.5,,0.25,0.0,,
2014-11-01,Lagos,27.2,24.6,26.8,87.7,5.8,100.0,100.0,rain,19.8,237.7,1010.1,74.3,,0.3,0.0,,
2014-11-02,Lagos,31.6,26.5,27.2,86.8,2.7,100.0,79.17,rain,20.2,229.5,1008.9,59.2,,0.34,0.0,,
2014-11-03,Lagos,27.3,26.8,27.1,86.1,4.7,100.0,100.0,rain,15.5,232.1,1008.9,56.6,,0.38,0.0,,
2014-11-04,Lagos,27.3,22.6,26.8,87.6,25.0,100.0,4.17,rain,18.0,261.8,1011.0,86.0,,0.41,0.0,,
2014-11-05,Lagos,26.9,26.1,26.7,86.2,24.2,100.0,95.83,rain,20.9,256.0,1011.0,91.1,,0.45,0.0,,
2014-11-06,Lagos,30.0,24.9,26.6,83.6,6.9,100.0,50.0,rain,14.8,217.5,1014.2,73.5,,0.5,0.0,,
2014-11-07,Lagos,28.1,23.1,26.4,87.1,0.4,100.0,16.67,rain,12.2,185.1,1012.7,73.9,,0.52,0.0,,
2014-11-08,Lagos,27.6,24.4,26.9,87.4,0.8,100.0,33.33,rain,15.5,200.6,1011.0,69.7,,0.55,0.0,,
2014-11-09,Lagos,28.0,25.0,27.3,87.3,2.9,100.0,91.67,rain,20.9,227.9,1011.5,46.3,,0.58,0.0,,
2014-11-10,Lagos,31.0,26.0,27.9,85.8,3.9,100.0,50.0,rain,19.4,226.1,1010.5,67.1,,0.61,0.0,,
2014-11-11,Lagos,31.0,24.0,26.9,87.6,9.0,100.0,4.17,rain,20.2,223.0,1010.9,68.3,,0.65,0.0,,
2014-11-12,Lagos,34.0,24.0,27.3,83.9,0.2,100.0,8.33,rain,27.7,219.4,1010.5,67.2,,0.68,0.0,,
2014-11-13,Lagos,34.0,24.0,27.3,83.9,0.2,100.0,8.33,rain,27.7,219.4,1010.5,67.2,,0.68,0.0,,
2014-11-14,Lagos,32.0,26.0,28.0,83.6,0.2,100.0,8.33,rain,24.1,209.9,1010.1,60.1,,0.75,0.0,,
2014-11-15,Lagos,31.0,24.1,27.2,87.9,0.2,100.0,8.33,rain,15.1,229.5,1010.9,53.7,,0.77,0.0,,
2014-11-16,Lagos,29.0,24.8,27.1,87.7,0.3,100.0,12.5,rain,19.8,236.5,1010.3,77.1,,0.81,0.0,,
2014-11-17,Lagos,30.0,25.1,27.9,85.9,4.2,100.0,54.17,rain,24.1,226.1,1009.9,78.4,,0.84,0.0,,
2014-11-18,Lagos,32.0,24.0,27.9,83.2,36.0,100.0,4.17,rain,25.2,211.0,1011.6,79.3,,0.87,1.0,,
2014-11-19,Lagos,31.4,24.0,27.3,85.2,3.1,100.0,41.67,rain,25.9,199.1,1012.3,68.8,,0.9,0.0,,
2014-11-20,Lagos,31.0,22.0,26.0,88.3,13.0,100.0,4.17,rain,14.8,218.1,1012.0,63.3,,0.93,0.0,,
2014-11-21,Lagos,32.1,26.0,27.7,84.3,4.2,100.0,54.17,rain,11.2,200.0,1011.8,71.3,,0.97,0.0,,
2014-11-22,Lagos,32.1,26.0,27.7,84.3,4.2,100.0,54.17,rain,11.2,200.0,1011.8,71.3,,0.97,0.0,,
2014-11-23,Lagos,32.1,26.0,27.7,84.3,4.2,100.0,54.17,rain,11.2,200.0,1011.8,71.3,,0.97,0.0,,
2014-11-24,Lagos,32.1,26.0,27.7,84.3,4.2,100.0,54.17,rain,11.2,200.0,1011.8,71.3,,0.97,0.0,,
2014-11-25,Lagos,32.1,26.0,27.7,84.3,4.2,100.0,54.17,rain,11.2,200.0,1011.8,71.3,,0.97,0.0,,
2014-11-26,Lagos,32.1,26.0,27.7,84.3,4.2,100.0,54.17,rain,11.2,200.0,1011.8,71.3,,0.97,0.0,,
2014-11-27,Lagos,31.0,23.0,27.0,85.8,0.2,100.0,8.33,rain,12.6,236.4,1011.7,65.3,,0.18,0.0,,
2014-11-28,Lagos,28.0,24.4,26.7,89.2,5.0,100.0,4.17,rain,16.9,221.9,1011.4,73.2,,0.21,0.0,,
2014-11-29,Lagos,28.0,24.4,26.7,89.2,5.0,100.0,4.17,rain,16.9,221.9,1011.4,73.2,,0.21,0.0,,
2014-11-30,Lagos,28.0,24.4,26.7,89.2,5.0,100.0,4.17,rain,16.9,221.9,1011.4,73.2,,0.21,0.0,,
2014-12-01,Lagos,33.0,23.0,27.5,83.9,0.2,100.0,8.33,rain,18.0,233.3,1011.1,46.1,,0.32,0.0,,
2014-12-02,Lagos,33.0,23.0,27.5,83.9,0.2,100.0,8.33,rain,18.0,233.3,1011.1,46.1,,0.32,0.0,,
2014-12-03,Lagos,33.0,23.0,27.5,83.9,0.2,100.0,8.33,rain,18.0,233.3,1011.1,46.1,,0.32,0.0,,
2014-12-04,Lagos,33.0,23.0,27.5,83.9,0.2,100.0,8.33,rain,18.0,233.3,1011.1,46.1,,0.32,0.0,,
2014-12-05,Lagos,33.0,23.0,27.5,83.9,0.2,100.0,8.33,rain,18.0,233.3,1011.1,46.1,,0.32,0.0,,
2014-12-06,Lagos,33.0,23.0,27.5,83.9,0.2,100.0,8.33,rain,18.0,233.3,1011.1,46.1,,0.32,0.0,,
2014-12-07,Lagos,33.0,23.0,27.5,83.9,0.2,100.0,8.33,rain,18.0,233.3,1011.1,46.1,,0.32,0.0,,
2014-12-08,Lagos,33.0,23.0,27.5,83.9,0.2,100.0,8.33,rain,18.0,233.3,1011.1,46.1,,0.32,0.0,,
2014-12-09,Lagos,33.0,23.0,27.5,83.9,0.2,100.0,8.33,rain,18.0,233.3,1011.1,46.1,,0.32,0.0,,
2014-12-10,Lagos,33.0,24.8,27.6,86.8,1.0,100.0,4.17,rain,18.7,236.3,1010.5,64.4,,0.63,0.0,,
2014-12-11,Lagos,32.0,27.0,28.4,84.8,2.0,100.0,4.17,rain,19.8,227.6,1010.7,67.5,,0.66,0.0,,
2014-12-12,Lagos,34.0,26.0,28.4,83.7,99.0,100.0,4.17,rain,15.5,229.9,1010.4,52.1,,0.69,1.0,,
2014-12-13,Lagos,34.0,26.0,28.4,83.7,99.0,100.0,4.17,rain,15.5,229.9,1010.4,52.1,,0.69,1.0,,
2014-12-14,Lagos,34.0,26.0,28.4,83.7,99.0,100.0,4.17,rain,15.5,229.9,1010.4,52.1,,0.69,1.0,,
2014-12-15,Lagos,34.0,26.0,28.4,83.7,99.0,100.0,4.17,rain,15.5,229.9,1010.4,52.1,,0.69,1.0,,
2014-12-16,Lagos,34.0,26.0,28.4,83.7,99.0,100.0,4.17,rain,15.5,229.9,1010.4,52.1,,0.69,1.0,,
2014-12-17,Lagos,34.0,26.0,28.4,83.7,99.0,100.0,4.17,rain,15.5,229.9,1010.4,52.1,,0.69,1.0,,
2014-12-18,Lagos,34.0,26.0,28.4,83.7,99.0,100.0,4.17,rain,15.5,229.9,1010.4,52.1,,0.69,1.0,,
2014-12-19,Lagos,34.0,26.0,28.4,83.7,99.0,100.0,4.17,rain,15.5,229.9,1010.4,52.1,,0.69,1.0,,
2014-12-20,Lagos,34.0,26.0,28.4,83.7,99.0,100.0,4.17,rain,15.5,229.9,1010.4,52.1,,0.69,1.0,,
2014-12-21,Lagos,34.0,26.0,28.4,83.7,99.0,100.0,4.17,rain,15.5,229.9,1010.4,52.1,,0.69,1.0,,
2014-12-22,Lagos,34.0,26.0,28.4,83.7,99.0,100.0,4.17,rain,15.5,229.9,1010.4,52.1,,0.69,1.0,,
2014-12-23,Lagos,34.0,26.0,28.4,83.7,99.0,100.0,4.17,rain,15.5,229.9,1010.4,52.1,,0.69,1.0,,
2014-12-24,Lagos,34.0,26.0,28.4,83.7,99.0,100.0,4.17,rain,15.5,229.9,1010.4,52.1,,0.69,1.0,,
2014-12-25,Lagos,34.0,26.0,28.4,83.7,99.0,100.0,4.17,rain,15.5,229.9,1010.4,52.1,,0.69,1.0,,
2014-12-26,Lagos,34.0,26.0,28.4,83.7,99.0,100.0,4.17,rain,15.5,229.9,1010.4,52.1,,0.69,1.0,,
2014-12-27,Lagos,34.0,26.0,28.4,83.7,99.0,100.0,4.17,rain,15.5,229.9,1010.4,52.1,,0.69,1.0,,
2014-12-28,Lagos,34.0,26.0,28.4,83.7,99.0,100.0,4.17,rain,15.5,229.9,1010.4,52.1,,0.69,1.0,,
2014-12-29,Lagos,34.0,26.0,28.4,83.7,99.0,100.0,4.17,rain,15.5,229.9,1010.4,52.1,,0.69,1.0,,
2014-12-30,Lagos,34.0,26.0,28.4,83.7,99.0,100.0,4.17,rain,15.5,229.9,1010.4,52.1,,0.69,1.0,,
2014-12-31,Lagos,34.0,26.0,28.4,83.7,99.0,100.0,4.17,rain,15.5,229.9,1010.4,52.1,,0.69,1.0,,
2015-01-01,Lagos,34.0,26.0,28.4,83.7,99.0,100.0,4.17,rain,15.5,229.9,1010.4,52.1,,0.69,1.0,,
2015-01-02,Lagos,34.0,26.0,28.4,83.7,99.0,100.0,4.17,rain,15.5,229.9,1010.4,52.1,,0.69,1.0,,
2015-01-03,Lagos,34.0,26.0,28.4,83.7,99.0,100.0,4.17,rain,15.5,229.9,1010.4,52.1,,0.69,1.0,,
2015-01-04,Lagos,34.0,26.0,28.4,83.7,99.0,100.0,4.17,rain,15.5,229.9,1010.4,52.1,,0.69,1.0,,
2015-01-05,Lagos,34.0,26.0,28.4,83.7,99.0,100.0,4.17,rain,15.5,229.9,1010.4,52.1,,0.69,1.0,,
2015-01-06,Lagos,34.0,26.0,28.4,83.7,99.0,100.0,4.17,rain,15.5,229.9,1010.4,52.1,,0.69,1.0,,
2015-01-07,Lagos,34.0,26.0,28.4,83.7,99.0,100.0,4.17,rain,15.5,229.9,1010.4,52.1,,0.69,1.0,,
2015-01-08,Lagos,34.0,26.0,28.4,83.7,99.0,100.0,4.17,rain,15.5,229.9,1010.4,52.1,,0.69,1.0,,
2015-01-09,Lagos,34.0,26.0,28.4,83.7,99.0,100.0,4.17,rain,15.5,229.9,1010.4,52.1,,0.69,1.0,,
2015-01-10,Lagos,34.0,26.0,28.4,83.7,99.0,100.0,4.17,rain,15.5,229.9,1010.4,52.1,,0.69,1.0,,
2015-01-11,Lagos,34.0,26.0,28.4,83.7,99.0,100.0,4.17,rain,15.5,229.9,1010.4,52.1,,0.69,1.0,,
2015-01-12,Lagos,34.0,26.0,28.4,83.7,99.0,100.0,4.17,rain,15.5,229.9,1010.4,52.1,,0.69,1.0,,
2015-01-13,Lagos,34.0,26.0,28.4,83.7,99.0,100.0,4.17,rain,15.5,229.9,1010.4,52.1,,0.69,1.0,,
2015-01-14,Lagos,34.0,26.0,28.4,83.7,99.0,100.0,4.17,rain,15.5,229.9,1010.4,52.1,,0.69,1.0,,
2015-01-15,Lagos,34.0,26.0,28.4,83.7,99.0,100.0,4.17,rain,15.5,229.9,1010.4,52.1,,0.69,1.0,,
2015-01-16,Lagos,34.0,26.0,28.4,83.7,99.0,100.0,4.17,rain,15.5,229.9,1010.4,52.1,,0.69,1.0,,
2015-01-17,Lagos,34.0,26.0,28.4,83.7,99.0,100.0,4.17,rain,15.5,229.9,1010.4,52.1,,0.69,1.0,,
2015-01-18,Lagos,34.0,26.0,28.4,83.7,99.0,100.0,4.17,rain,15.5,229.9,1010.4,52.1,,0.69,1.0,,
2015-01-19,Lagos,34.0,26.0,28.4,83.7,99.0,100.0,4.17,rain,15.5,229.9,1010.4,52.1,,0.69,1.0,,
2015-01-20,Lagos,34.0,26.0,28.4,83.7,99.0,100.0,4.17,rain,15.5,229.9,1010.4,52.1,,0.69,1.0,,
2015-01-21,Lagos,34.0,26.0,28.4,83.7,99.0,100.0,4.17,rain,15.5,229.9,1010.4,52.1,,0.69,1.0,,
2015-01-22,Lagos,34.0,26.0,28.4,83.7,99.0,100.0,4.17,rain,15.5,229.9,1010.4,52.1,,0.69,1.0,,
2015-01-23,Lagos,34.0,26.0,28.4,83.7,99.0,100.0,4.17,rain,15.5,229.9,1010.4,52.1,,0.69,1.0,,
2015-01-24,Lagos,34.0,26.0,28.4,83.7,99.0,100.0,4.17,rain,15.5,229.9,1010.4,52.1,,0.69,1.0,,
2015-01-25,Lagos,34.0,26.0,28.4,83.7,99.0,100.0,4.17,rain,15.5,229.9,1010.4,52.1,,0.69,1.0,,
2015-01-26,Lagos,34.0,26.0,28.4,83.7,99.0,100.0,4.17,rain,15.5,229.9,1010.4,52.1,,0.69,1.0,,
2015-01-27,Lagos,34.0,26.0,28.4,83.7,99.0,100.0,4.17,rain,15.5,229.9,1010.4,52.1,,0.69,1.0,,
2015-01-28,Lagos,34.0,26.0,28.4,83.7,99.0,100.0,4.17,rain,15.5,229.9,1010.4,52.1,,0.69,1.0,,
2015-01-29,Lagos,34.0,26.0,28.4,83.7,99.0,100.0,4.17,rain,15.5,229.9,1010.4,52.1,,0.69,1.0,,
2015-01-30,Lagos,31.7,25.9,27.6,86.6,1.0,100.0,4.17,rain,24.1,232.5,1011.4,47.2,,0.34,0.0,,
2015-01-31,Lagos,31.7,25.9,27.6,86.6,1.0,100.0,4.17,rain,24.1,232.5,1011.4,47.2,,0.34,0.0,,
2015-02-01,Lagos,31.7,25.9,27.6,86.6,1.0,100.0,4.17,rain,24.1,232.5,1011.4,47.2,,0.34,0.0,,
2015-02-02,Lagos,31.7,25.9,27.6,86.6,1.0,100.0,4.17,rain,24.1,232.5,1011.4,47.2,,0.34,0.0,,
2015-02-03,Lagos,31.7,25.9,27.6,86.6,1.0,100.0,4.17,rain,24.1,232.5,1011.4,47.2,,0.34,0.0,,
2015-02-04,Lagos,31.7,25.9,27.6,86.6,1.0,100.0,4.17,rain,24.1,232.5,1011.4,47.2,,0.34,0.0,,
2015-02-05,Lagos,31.7,25.9,27.6,86.6,1.0,100.0,4.17,rain,24.1,232.5,1011.4,47.2,,0.34,0.0,,
2015-02-06,Lagos,31.7,25.9,27.6,86.6,1.0,100.0,4.17,rain,24.1,232.5,1011.4,47.2,,0.34,0.0,,
2015-02-07,Lagos,31.7,25.9,27.6,86.6,1.0,100.0,4.17,rain,24.1,232.5,1011.4,47.2,,0.34,0.0,,
2015-02-08,Lagos,31.7,25.9,27.6,86.6,1.0,100.0,4.17,rain,24.1,232.5,1011.4,47.2,,0.34,0.0,,
2015-02-09,Lagos,31.7,25.9,27.6,86.6,1.0,100.0,4.17,rain,24.1,232.5,1011.4,47.2,,0.34,0.0,,
2015-02-10,Lagos,34.4,26.1,28.6,83.6,1.0,100.0,20.83,rain,25.9,212.5,1009.9,61.0,,0.72,0.0,,
2015-02-11,Lagos,34.0,23.1,27.8,84.9,70.0,100.0,4.17,rain,20.9,222.8,1010.0,61.3,,0.75,1.0,,
2015-02-12,Lagos,33.0,26.0,29.0,80.3,4.6,100.0,50.0,rain,28.8,218.9,1011.3,73.4,,0.75,0.0,,
2015-02-13,Lagos,33.0,27.5,29.3,79.4,0.9,100.0,37.5,rain,28.8,231.9,1012.4,68.0,,0.82,0.0,,
2015-02-14,Lagos,34.0,26.9,29.0,83.1,0.4,100.0,12.5,rain,25.9,211.6,1012.1,66.5,,0.85,0.0,,
2015-02-15,Lagos,34.0,26.9,29.0,83.1,0.4,100.0,12.5,rain,25.9,211.6,1012.1,66.5,,0.85,0.0,,
2015-02-16,Lagos,28.2,27.0,27.8,84.7,0.7,100.0,29.17,rain,19.4,232.1,1010.8,64.9,,0.92,0.0,,
2015-02-17,Lagos,34.0,27.6,29.4,78.1,1.1,100.0,45.83,rain,23.4,217.8,1009.9,63.0,,0.95,0.0,,
2015-02-18,Lagos,29.0,27.0,27.5,87.3,3.5,100.0,37.5,rain,25.6,197.8,1009.4,65.7,,0.98,0.0,,
2015-02-19,Lagos,29.0,27.0,27.5,87.3,3.5,100.0,37.5,rain,25.6,197.8,1009.4,65.7,,0.98,0.0,,
2015-02-20,Lagos,29.0,27.0,27.5,87.3,3.5,100.0,37.5,rain,25.6,197.8,1009.4,65.7,,0.98,0.0,,
2015-02-21,Lagos,29.0,27.0,27.5,87.3,3.5,100.0,37.5,rain,25.6,197.8,1009.4,65.7,,0.98,0.0,,
2015-02-22,Lagos,28.2,27.4,27.8,83.9,1.1,100.0,45.83,rain,25.9,251.6,1009.9,82.6,,0.12,0.0,,
2015-02-23,Lagos,27.9,27.4,27.6,87.2,1.3,100.0,54.17,rain,19.1,231.5,1010.9,80.9,,0.15,0.0,,
2015-02-24,Lagos,27.9,27.4,27.6,87.2,1.3,100.0,54.17,rain,19.1,231.5,1010.9,80.9,,0.15,0.0,,
2015-02-25,Lagos,27.9,27.4,27.6,87.2,1.3,100.0,54.17,rain,19.1,231.5,1010.9,80.9,,0.15,0.0,,
2015-02-26,Lagos,27.9,27.4,27.6,87.2,1.3,100.0,54.17,rain,19.1,231.5,1010.9,80.9,,0.15,0.0,,
2015-02-27,Lagos,27.9,27.4,27.6,87.2,1.3,100.0,54.17,rain,19.1,231.5,1010.9,80.9,,0.15,0.0,,
2015-02-28,Lagos,27.9,27.4,27.6,87.2,1.3,100.0,54.17,rain,19.1,231.5,1010.9,80.9,,0.15,0.0,,
2015-03-01,Lagos,27.9,27.4,27.6,87.2,1.3,100.0,54.17,rain,19.1,231.5,1010.9,80.9,,0.15,0.0,,
2015-03-02,Lagos,28.7,27.6,28.0,83.7,0.3,100.0,12.5,rain,19.8,227.1,1009.5,87.9,,0.39,0.0,,
2015-03-03,Lagos,28.7,27.6,28.0,83.7,0.3,100.0,12.5,rain,19.8,227.1,1009.5,87.9,,0.39,0.0,,
2015-03-04,Lagos,28.7,27.6,28.0,83.7,0.3,100.0,12.5,rain,19.8,227.1,1009.5,87.9,,0.39,0.0,,
2015-03-05,Lagos,28.7,27.6,28.0,83.7,0.3,100.0,12.5,rain,19.8,227.1,1009.5,87.9,,0.39,0.0,,
2015-03-06,Lagos,28.7,27.6,28.0,83.7,0.3,100.0,12.5,rain,19.8,227.1,1009.5,87.9,,0.39,0.0,,
2015-03-07,Lagos,27.9,27.4,27.6,86.6,2.0,100.0,70.83,rain,19.8,215.7,1009.5,58.1,,0.56,0.0,,
2015-03-08,Lagos,28.3,27.5,27.9,86.3,3.0,100.0,87.5,rain,22.0,223.2,1009.0,69.9,,0.59,0.0,,
2015-03-09,Lagos,33.6,27.9,28.6,83.9,4.6,100.0,87.5,rain,21.6,217.2,1009.4,70.7,,0.63,0.0,,
2015-03-10,Lagos,28.6,27.8,28.2,86.5,2.7,100.0,87.5,rain,20.2,220.6,1009.9,78.1,,0.66,0.0,,
2015-03-11,Lagos,28.6,28.2,28.3,85.2,3.2,100.0,100.0,rain,22.3,211.3,1010.5,85.2,,0.69,0.0,,
2015-03-12,Lagos,28.7,28.1,28.3,84.0,5.1,100.0,100.0,rain,19.1,190.1,1008.7,35.6,,0.73,0.0,,
2015-03-13,Lagos,28.6,27.8,28.2,87.5,4.2,100.0,100.0,rain,21.2,205.0,1008.1,36.1,,0.75,0.0,,
2015-03-14,Lagos,28.8,28.1,28.4,85.4,3.8,100.0,100.0,rain,19.4,228.4,1007.4,33.8,,0.8,0.0,,
2015-03-15,Lagos,28.9,28.2,28.5,87.2,8.2,100.0,100.0,rain,25.9,228.8,1007.8,51.5,,0.83,0.0,,
2015-03-16,Lagos,28.2,27.5,27.9,85.3,7.3,100.0,100.0,rain,32.8,216.8,1009.0,81.1,,0.87,0.0,,
2015-03-17,Lagos,28.0,27.7,27.8,88.1,19.0,100.0,100.0,rain,21.2,200.6,1009.5,88.5,,0.9,0.0,,
2015-03-18,Lagos,28.3,27.6,27.9,84.8,12.6,100.0,100.0,rain,20.9,247.7,1008.4,86.5,,0.93,0.0,,
2015-03-19,Lagos,32.4,27.5,28.2,85.5,6.8,100.0,87.5,rain,18.0,225.0,1007.3,90.6,,0.97,0.0,,
2015-03-20,Lagos,33.6,26.1,28.6,84.6,12.8,100.0,70.83,rain,22.0,214.6,1007.4,91.9,,0.0,0.0,,
2015-03-21,Lagos,30.4,27.3,28.3,86.4,29.7,100.0,83.33,rain,22.3,220.2,1008.7,87.4,,0.04,0.0,,
2015-03-22,Lagos,28.2,27.2,27.8,85.8,12.5,100.0,95.83,rain,19.4,210.3,1009.3,72.5,,0.07,0.0,,
2015-03-23,Lagos,28.5,23.2,28.1,83.6,2.2,100.0,91.67,rain,17.6,234.6,1009.0,79.0,,0.1,0.0,,
2015-03-24,Lagos,34.0,26.0,29.2,82.7,2.0,100.0,20.83,rain,25.9,222.3,1008.7,59.7,,0.13,0.0,,
2015-03-25,Lagos,31.0,26.9,28.4,82.7,3.4,100.0,16.67,rain,20.5,241.7,1009.6,56.2,,0.17,0.0,,
2015-03-26,Lagos,28.5,27.9,28.2,81.2,4.4,100.0,58.33,rain,21.6,231.3,1011.1,80.3,,0.2,0.0,,
2015-03-27,Lagos,28.9,28.4,28.7,82.6,0.8,100.0,20.83,rain,24.5,245.1,1012.5,82.8,,0.25,0.0,,
2015-03-28,Lagos,28.9,28.4,28.7,82.6,0.8,100.0,20.83,rain,24.5,245.1,1012.5,82.8,,0.25,0.0,,
2015-03-29,Lagos,28.5,28.1,28.3,86.5,0.1,100.0,4.17,rain,25.2,225.6,1010.7,75.0,,0.3,0.0,,
2015-03-30,Lagos,28.6,27.7,28.2,85.4,0.7,100.0,29.17,rain,20.9,221.3,1010.3,60.2,,0.33,0.0,,
2015-03-31,Lagos,28.6,27.7,28.2,85.4,0.7,100.0,29.17,rain,20.9,221.3,1010.3,60.2,,0.33,0.0,,
2015-04-01,Lagos,27.7,27.0,27.4,78.3,5.1,100.0,58.33,rain,14.0,203.5,1011.5,93.5,,0.4,0.0,,
2015-04-02,Lagos,28.5,27.5,27.9,78.9,0.2,100.0,8.33,rain,16.6,230.1,1010.9,92.1,,0.43,0.0,,
2015-04-03,Lagos,28.2,27.5,27.9,87.5,3.3,100.0,100.0,rain,18.4,211.6,1009.7,80.5,,0.47,0.0,,
2015-04-04,Lagos,28.2,27.6,27.8,88.1,4.9,100.0,95.83,rain,18.4,222.4,1009.1,84.0,,0.5,0.0,,
2015-04-05,Lagos,32.9,26.8,28.0,86.8,7.3,100.0,66.67,rain,23.4,215.6,1009.4,63.7,,0.53,0.0,,
2015-04-06,Lagos,33.0,23.3,28.0,83.3,1.1,100.0,33.33,rain,19.8,222.5,1009.6,66.5,,0.57,0.0,,
2015-04-07,Lagos,28.1,27.8,27.9,85.8,1.4,100.0,58.33,rain,16.6,218.3,1010.4,81.6,,0.6,0.0,,
2015-04-08,Lagos,32.2,27.0,29.3,80.2,0.5,100.0,20.83,rain,18.0,202.7,1010.1,70.2,,0.64,0.0,,
2015-04-09,Lagos,32.0,23.0,28.7,81.5,1.1,100.0,29.17,rain,25.6,216.7,1010.2,58.8,,0.67,0.0,,
2015-04-10,Lagos,32.0,26.9,28.1,85.8,0.5,100.0,20.83,rain,17.3,206.0,1010.2,71.1,,0.71,0.0,,
2015-04-11,Lagos,32.0,25.8,28.4,82.1,1.9,100.0,54.17,rain,16.6,195.2,1010.7,75.8,,0.74,0.0,,
2015-04-12,Lagos,32.0,25.0,28.7,81.4,2.1,100.0,41.67,rain,16.6,207.8,1011.9,63.0,,0.75,0.0,,
2015-04-13,Lagos,32.0,25.0,28.7,81.4,2.1,100.0,41.67,rain,16.6,207.8,1011.9,63.0,,0.75,0.0,,
2015-04-14,Lagos,32.0,25.0,28.7,81.4,2.1,100.0,41.67,rain,16.6,207.8,1011.9,63.0,,0.75,0.0,,
2015-04-15,Lagos,34.0,26.1,28.9,84.5,2.0,100.0,4.17,rain,24.1,231.5,1010.0,54.2,,0.88,0.0,,
2015-04-16,Lagos,33.0,26.0,28.9,83.0,0.1,100.0,4.17,rain,21.2,219.3,1011.0,55.5,,0.92,0.0,,
2015-04-17,Lagos,33.0,26.0,28.9,83.0,0.1,100.0,4.17,rain,21.2,219.3,1011.0,55.5,,0.92,0.0,,
2015-04-18,Lagos,33.0,26.0,28.9,83.0,0.1,100.0,4.17,rain,21.2,219.3,1011.0,55.5,,0.92,0.0,,
2015-04-19,Lagos,33.0,26.0,28.9,83.0,0.1,100.0,4.17,rain,21.2,219.3,1011.0,55.5,,0.92,0.0,,
2015-04-20,Lagos,33.0,26.0,28.9,83.0,0.1,100.0,4.17,rain,21.2,219.3,1011.0,55.5,,0.92,0.0,,
2015-04-21,Lagos,34.0,27.0,29.4,78.6,2.7,100.0,50.0,rain,22.0,201.1,1010.0,54.9,,0.09,0.0,,
2015-04-22,Lagos,34.1,27.0,29.9,79.2,0.3,100.0,4.17,rain,14.8,200.4,1010.2,50.4,,0.12,0.0,,
2015-04-23,Lagos,33.0,23.0,28.6,83.1,5.0,100.0,4.17,rain,23.0,212.5,1010.4,59.0,,0.15,0.0,,
2015-04-24,Lagos,34.0,21.9,27.7,85.0,41.0,100.0,4.17,rain,27.6,213.5,1010.8,56.7,,0.18,1.0,,
2015-04-25,Lagos,33.0,23.0,27.7,84.8,0.6,100.0,8.33,rain,27.7,213.3,1011.6,46.7,,0.22,0.0,,
2015-04-26,Lagos,33.0,23.0,27.7,84.8,0.6,100.0,8.33,rain,27.7,213.3,1011.6,46.7,,0.22,0.0,,
2015-04-27,Lagos,32.2,24.9,28.2,81.8,0.3,100.0,12.5,rain,14.4,197.7,1010.6,56.2,,0.28,0.0,,
2015-04-28,Lagos,32.2,24.9,28.2,81.8,0.3,100.0,12.5,rain,14.4,197.7,1010.6,56.2,,0.28,0.0,,
2015-04-29,Lagos,32.3,23.8,28.1,83.7,3.0,100.0,4.17,rain,24.1,214.7,1010.3,56.1,,0.35,0.0,,
2015-04-30,Lagos,32.3,23.8,28.1,83.7,3.0,100.0,4.17,rain,24.1,214.7,1010.3,56.1,,0.35,0.0,,
2015-05-01,Lagos,32.3,23.8,28.1,83.7,3.0,100.0,4.17,rain,24.1,214.7,1010.3,56.1,,0.35,0.0,,
2015-05-02,Lagos,32.3,23.8,28.1,83.7,3.0,100.0,4.17,rain,24.1,214.7,1010.3,56.1,,0.35,0.0,,
2015-05-03,Lagos,33.0,26.8,29.7,80.0,4.4,100.0,20.83,rain,21.2,197.4,1009.7,56.7,,0.48,0.0,,
2015-05-04,Lagos,33.0,25.8,29.1,81.1,6.0,100.0,4.17,rain,22.3,202.5,1009.3,50.6,,0.5,0.0,,
2015-05-05,Lagos,31.3,22.9,25.4,90.7,93.0,100.0,12.5,rain,24.1,295.4,1011.4,58.6,,0.55,1.0,,
2015-05-06,Lagos,31.3,22.9,25.4,90.7,93.0,100.0,12.5,rain,24.1,295.4,1011.4,58.6,,0.55,1.0,,
2015-05-07,Lagos,34.0,25.0,29.0,81.8,0.1,100.0,4.17,rain,20.9,216.1,1010.6,48.2,,0.62,0.0,,
2015-05-08,Lagos,34.0,25.0,29.0,81.8,0.1,100.0,4.17,rain,20.9,216.1,1010.6,48.2,,0.62,0.0,,
2015-05-09,Lagos,32.0,26.0,28.8,84.3,10.0,100.0,4.17,rain,18.6,219.8,1011.6,48.1,,0.69,0.0,,
2015-05-10,Lagos,32.0,25.8,28.8,84.3,0.1,100.0,4.17,rain,19.1,228.4,1011.1,62.0,,0.72,0.0,,
2015-05-11,Lagos,33.0,24.7,28.9,81.9,1.5,100.0,37.5,rain,18.4,230.0,1010.9,63.2,,0.75,0.0,,
2015-05-12,Lagos,33.0,25.9,28.5,82.3,1.3,100.0,20.83,rain,16.2,201.7,1011.1,53.5,,0.8,0.0,,
2015-05-13,Lagos,34.0,23.0,29.0,82.3,0.1,100.0,4.17,rain,18.4,212.0,1010.3,53.4,,0.83,0.0,,
2015-05-14,Lagos,29.1,24.0,26.5,87.9,0.1,100.0,4.17,rain,18.4,109.4,1010.0,39.3,,0.87,0.0,,
2015-05-15,Lagos,33.0,24.9,28.7,79.2,0.1,100.0,4.17,rain,16.8,186.4,1010.6,45.7,,0.9,0.0,,
2015-05-16,Lagos,34.5,24.8,28.2,81.4,0.1,100.0,4.17,rain,16.6,197.7,1010.9,42.6,,0.94,0.0,,
2015-05-17,Lagos,34.5,24.8,28.2,81.4,0.1,100.0,4.17,rain,16.6,197.7,1010.9,42.6,,0.94,0.0,,
2015-05-18,Lagos,34.5,24.8,28.2,81.4,0.1,100.0,4.17,rain,16.6,197.7,1010.9,42.6,,0.94,0.0,,
2015-05-19,Lagos,34.5,24.8,28.2,81.4,0.1,100.0,4.17,rain,16.6,197.7,1010.9,42.6,,0.94,0.0,,
2015-05-20,Lagos,34.5,24.8,28.2,81.4,0.1,100.0,4.17,rain,16.6,197.7,1010.9,42.6,,0.94,0.0,,
2015-05-21,Lagos,34.0,25.0,29.1,80.7,0.2,100.0,8.33,rain,15.8,195.9,1012.0,46.5,,0.11,0.0,,
2015-05-22,Lagos,34.0,25.0,29.1,80.7,0.2,100.0,8.33,rain,15.8,195.9,1012.0,46.5,,0.11,0.0,,
2015-05-23,Lagos,28.2,23.0,25.6,92.9,42.0,100.0,8.33,rain,18.4,214.2,1012.0,49.1,,0.17,1.0,,
2015-05-24,Lagos,28.2,23.0,25.6,92.9,42.0,100.0,8.33,rain,18.4,214.2,1012.0,49.1,,0.17,1.0,,
2015-05-25,Lagos,28.2,23.0,25.6,92.9,42.0,100.0,8.33,rain,18.4,214.2,1012.0,49.1,,0.17,1.0,,
2015-05-26,Lagos,28.2,23.0,25.6,92.9,42.0,100.0,8.33,rain,18.4,214.2,1012.0,49.1,,0.17,1.0,,
2015-05-27,Lagos,32.0,25.9,27.7,88.5,2.4,100.0,58.33,rain,23.8,205.4,1011.0,76.3,,0.3,0.0,,
2015-05-28,Lagos,32.0,25.8,27.9,86.8,13.0,100.0,8.33,rain,21.6,214.3,1010.2,61.1,,0.33,0.0,,
2015-05-29,Lagos,32.0,22.8,26.9,85.4,25.0,100.0,4.17,rain,40.7,155.3,1010.0,52.2,,0.36,0.0,,
2015-05-30,Lagos,32.0,24.9,28.0,81.9,0.6,100.0,25.0,rain,22.3,212.9,1010.6,64.5,,0.4,0.0,,
2015-05-31,Lagos,31.0,24.6,27.8,84.4,2.0,100.0,4.17,rain,22.7,180.8,1011.1,60.7,,0.43,0.0,,
2015-06-01,Lagos,31.0,24.6,27.8,84.4,2.0,100.0,4.17,rain,22.7,180.8,1011.1,60.7,,0.43,0.0,,
2015-06-02,Lagos,28.1,21.0,25.8,92.8,30.0,100.0,8.33,rain,25.2,204.0,1010.5,63.1,,0.5,0.0,,
2015-06-03,Lagos,29.0,24.0,26.2,91.2,1.0,100.0,4.17,rain,20.2,238.1,1011.9,71.4,,0.53,0.0,,
2015-06-04,Lagos,30.0,25.0,27.1,88.0,1.4,100.0,29.17,rain,20.5,225.9,1012.1,66.0,,0.56,0.0,,
2015-06-05,Lagos,27.5,22.0,24.7,93.6,5.0,100.0,4.17,rain,51.8,322.9,1010.9,55.7,,0.6,0.0,,
2015-06-06,Lagos,31.0,23.0,26.5,86.1,1.0,100.0,12.5,rain,23.8,214.6,1011.4,58.0,,0.64,0.0,,
2015-06-07,Lagos,28.1,24.1,26.5,88.3,1.8,100.0,37.5,rain,22.3,218.4,1011.4,69.5,,0.67,0.0,,
2015-06-08,Lagos,30.2,25.0,26.9,86.5,0.4,100.0,8.33,rain,19.1,196.1,1011.6,66.6,,0.71,0.0,,
2015-06-09,Lagos,27.4,24.0,25.9,93.1,17.0,100.0,4.17,rain,19.1,223.2,1011.7,61.8,,0.75,0.0,,
2015-06-10,Lagos,30.0,23.0,26.2,90.0,31.0,100.0,4.17,rain,20.5,233.1,1012.1,60.8,,0.78,1.0,,
2015-06-11,Lagos,32.0,24.0,27.3,86.3,7.0,100.0,4.17,rain,17.6,228.4,1012.3,57.3,,0.82,0.0,,
2015-06-12,Lagos,30.0,24.9,26.7,85.9,0.4,100.0,8.33,rain,22.3,177.9,1012.2,52.0,,0.85,0.0,,
2015-06-13,Lagos,30.0,24.9,26.7,85.9,0.4,100.0,8.33,rain,22.3,177.9,1012.2,52.0,,0.85,0.0,,
2015-06-14,Lagos,26.0,24.0,25.0,96.5,32.0,100.0,4.17,rain,14.8,186.9,1012.0,53.0,,0.92,1.0,,
2015-06-15,Lagos,26.0,24.0,25.0,96.5,32.0,100.0,4.17,rain,14.8,186.9,1012.0,53.0,,0.92,1.0,,
2015-06-16,Lagos,26.0,24.0,25.0,96.5,32.0,100.0,4.17,rain,14.8,186.9,1012.0,53.0,,0.92,1.0,,
2015-06-17,Lagos,26.0,24.0,25.0,96.5,32.0,100.0,4.17,rain,14.8,186.9,1012.0,53.0,,0.92,1.0,,
2015-06-18,Lagos,30.0,25.0,26.9,87.7,0.1,100.0,4.17,rain,25.2,232.6,1010.6,55.6,,0.06,0.0,,
2015-06-19,Lagos,31.0,24.1,27.6,82.8,0.5,100.0,20.83,rain,23.8,227.6,1011.8,64.0,,0.09,0.0,,
2015-06-20,Lagos,27.0,22.0,24.7,93.8,1.6,100.0,16.67,rain,24.8,260.1,1012.7,61.6,,0.12,0.0,,
2015-06-21,Lagos,26.4,21.1,24.0,93.4,77.0,100.0,8.33,rain,24.1,206.6,1014.1,54.5,,0.16,1.0,,
2015-06-22,Lagos,28.0,22.9,24.9,93.2,14.0,100.0,4.17,rain,19.4,229.6,1014.6,59.0,,0.19,0.0,,
2015-06-23,Lagos,29.7,24.0,26.4,86.1,0.4,100.0,8.33,rain,20.5,224.6,1014.4,56.3,,0.22,0.0,,
2015-06-24,Lagos,31.0,24.0,26.8,83.9,0.1,100.0,4.17,rain,22.3,228.9,1014.6,57.6,,0.25,0.0,,
2015-06-25,Lagos,30.0,25.0,26.6,84.8,0.3,100.0,8.33,rain,25.2,225.1,1015.6,52.7,,0.29,0.0,,
2015-06-26,Lagos,29.0,25.0,26.9,85.3,0.5,100.0,16.67,rain,29.5,237.8,1014.8,64.1,,0.32,0.0,,
2015-06-27,Lagos,31.0,24.8,27.1,84.1,0.8,100.0,8.33,rain,20.5,230.7,1013.4,63.8,,0.35,0.0,,
2015-06-28,Lagos,26.4,24.4,25.8,90.7,9.0,100.0,8.33,rain,25.9,224.5,1014.2,74.5,,0.38,0.0,,
2015-06-29,Lagos,30.1,24.0,25.9,88.8,78.0,100.0,4.17,rain,25.2,223.2,1014.2,51.4,,0.41,1.0,,
2015-06-30,Lagos,28.9,24.0,26.1,88.8,2.0,100.0,4.17,rain,31.7,238.6,1013.3,62.3,,0.45,0.0,,
2015-07-01,Lagos,28.9,24.0,26.1,88.8,2.0,100.0,4.17,rain,31.7,238.6,1013.3,62.3,,0.45,0.0,,
2015-07-02,Lagos,28.0,23.0,25.3,91.9,17.0,100.0,8.33,rain,26.6,245.7,1012.1,65.6,,0.5,0.0,,
2015-07-03,Lagos,28.0,24.0,25.5,91.3,4.0,100.0,4.17,rain,22.0,227.2,1012.5,68.6,,0.55,0.0,,
2015-07-04,Lagos,29.0,24.0,26.2,89.4,5.0,100.0,4.17,rain,20.4,238.7,1012.7,74.2,,0.58,0.0,,
2015-07-05,Lagos,29.0,24.0,26.2,89.4,5.0,100.0,4.17,rain,20.4,238.7,1012.7,74.2,,0.58,0.0,,
2015-07-06,Lagos,29.0,24.0,26.2,89.4,5.0,100.0,4.17,rain,20.4,238.7,1012.7,74.2,,0.58,0.0,,
2015-07-07,Lagos,31.0,24.0,26.9,87.5,0.9,100.0,4.17,rain,12.2,208.6,1010.9,61.4,,0.69,0.0,,
2015-07-08,Lagos,31.0,24.0,26.9,87.5,0.9,100.0,4.17,rain,12.2,208.6,1010.9,61.4,,0.69,0.0,,
2015-07-09,Lagos,31.1,24.0,27.2,86.5,0.2,100.0,8.33,rain,16.6,237.3,1011.3,44.0,,0.76,0.0,,
2015-07-10,Lagos,26.2,22.9,25.1,93.1,4.9,100.0,29.17,rain,25.6,254.9,1012.5,60.0,,0.8,0.0,,
2015-07-11,Lagos,32.0,22.8,26.1,84.8,41.0,100.0,4.17,rain,18.4,238.0,1013.0,42.2,,0.84,1.0,,
2015-07-12,Lagos,32.0,22.8,26.1,84.8,41.0,100.0,4.17,rain,18.4,238.0,1013.0,42.2,,0.84,1.0,,
2015-07-13,Lagos,31.0,24.0,26.9,84.2,0.3,100.0,12.5,rain,22.3,220.5,1011.5,54.5,,0.91,0.0,,
2015-07-14,Lagos,31.0,24.0,26.9,84.2,0.3,100.0,12.5,rain,22.3,220.5,1011.5,54.5,,0.91,0.0,,
2015-07-15,Lagos,32.0,24.9,27.2,85.6,0.7,100.0,12.5,rain,25.9,223.3,1011.3,68.1,,0.98,0.0,,
2015-07-16,Lagos,26.0,24.0,25.3,91.9,14.0,100.0,4.17,rain,21.6,225.1,1012.6,65.2,,0.0,0.0,,
2015-07-17,Lagos,26.0,24.0,25.3,91.9,14.0,100.0,4.17,rain,21.6,225.1,1012.6,65.2,,0.0,0.0,,
2015-07-18,Lagos,30.1,24.9,26.9,83.3,0.4,100.0,16.67,rain,23.0,219.8,1012.3,66.5,,0.08,0.0,,
2015-07-19,Lagos,29.7,25.0,26.6,86.1,0.3,100.0,12.5,rain,24.1,224.0,1011.7,67.5,,0.11,0.0,,
2015-07-20,Lagos,29.7,25.0,26.6,86.1,0.3,100.0,12.5,rain,24.1,224.0,1011.7,67.5,,0.11,0.0,,
2015-07-21,Lagos,29.7,25.0,26.6,86.1,0.3,100.0,12.5,rain,24.1,224.0,1011.7,67.5,,0.11,0.0,,
2015-07-22,Lagos,29.7,25.0,26.6,86.1,0.3,100.0,12.5,rain,24.1,224.0,1011.7,67.5,,0.11,0.0,,
2015-07-23,Lagos,29.7,25.0,26.6,86.1,0.3,100.0,12.5,rain,24.1,224.0,1011.7,67.5,,0.11,0.0,,
2015-07-24,Lagos,29.7,25.0,26.6,86.1,0.3,100.0,12.5,rain,24.1,224.0,1011.7,67.5,,0.11,0.0,,
2015-07-25,Lagos,30.0,24.0,26.4,82.1,0.1,100.0,4.17,rain,27.7,238.0,1012.5,47.8,,0.31,0.0,,
2015-07-26,Lagos,30.0,24.0,26.4,82.1,0.1,100.0,4.17,rain,27.7,238.0,1012.5,47.8,,0.31,0.0,,
2015-07-27,Lagos,30.0,24.0,26.4,82.1,0.1,100.0,4.17,rain,27.7,238.0,1012.5,47.8,,0.31,0.0,,
2015-07-28,Lagos,30.0,24.0,26.4,82.1,0.1,100.0,4.17,rain,27.7,238.0,1012.5,47.8,,0.31,0.0,,
2015-07-29,Lagos,30.0,24.0,26.4,82.1,0.1,100.0,4.17,rain,27.7,238.0,1012.5,47.8,,0.31,0.0,,
2015-07-30,Lagos,30.0,24.0,26.4,82.1,0.1,100.0,4.17,rain,27.7,238.0,1012.5,47.8,,0.31,0.0,,
2015-07-31,Lagos,30.0,24.0,26.4,82.1,0.1,100.0,4.17,rain,27.7,238.0,1012.5,47.8,,0.31,0.0,,
2015-08-01,Lagos,30.0,24.0,26.4,82.1,0.1,100.0,4.17,rain,27.7,238.0,1012.5,47.8,,0.31,0.0,,
2015-08-02,Lagos,30.0,24.0,26.4,82.1,0.1,100.0,4.17,rain,27.7,238.0,1012.5,47.8,,0.31,0.0,,
2015-08-03,Lagos,30.0,24.0,26.4,82.1,0.1,100.0,4.17,rain,27.7,238.0,1012.5,47.8,,0.31,0.0,,
2015-08-04,Lagos,28.2,24.0,25.9,85.9,2.0,100.0,4.17,rain,20.5,223.6,1011.7,68.8,,0.64,0.0,,
2015-08-05,Lagos,28.2,24.0,25.9,85.9,2.0,100.0,4.17,rain,20.5,223.6,1011.7,68.8,,0.64,0.0,,
2015-08-06,Lagos,28.2,24.0,25.9,85.9,2.0,100.0,4.17,rain,20.5,223.6,1011.7,68.8,,0.64,0.0,,
2015-08-07,Lagos,28.2,24.0,25.9,85.9,2.0,100.0,4.17,rain,20.5,223.6,1011.7,68.8,,0.64,0.0,,
2015-08-08,Lagos,29.2,24.1,25.8,89.4,224.0,100.0,8.33,rain,21.5,234.2,1011.4,67.1,,0.78,1.0,,
2015-08-09,Lagos,29.2,24.1,25.8,89.4,224.0,100.0,8.33,rain,21.5,234.2,1011.4,67.1,,0.78,1.0,,
2015-08-10,Lagos,26.5,23.9,25.0,90.2,3.0,100.0,4.17,rain,23.6,219.1,1010.3,67.6,,0.85,0.0,,
2015-08-11,Lagos,26.5,23.9,25.0,90.2,3.0,100.0,4.17,rain,23.6,219.1,1010.3,67.6,,0.85,0.0,,
2015-08-12,Lagos,26.5,23.9,25.0,90.2,3.0,100.0,4.17,rain,23.6,219.1,1010.3,67.6,,0.85,0.0,,
2015-08-13,Lagos,26.5,23.9,25.0,90.2,3.0,100.0,4.17,rain,23.6,219.1,1010.3,67.6,,0.85,0.0,,
2015-08-14,Lagos,26.5,23.9,25.0,90.2,3.0,100.0,4.17,rain,23.6,219.1,1010.3,67.6,,0.85,0.0,,
2015-08-15,Lagos,29.0,24.0,25.5,89.6,2.0,100.0,4.17,rain,22.3,218.6,1013.7,65.1,,0.03,0.0,,
2015-08-16,Lagos,29.0,24.0,25.5,89.6,2.0,100.0,4.17,rain,22.3,218.6,1013.7,65.1,,0.03,0.0,,
2015-08-17,Lagos,29.0,24.0,25.5,89.6,2.0,100.0,4.17,rain,22.3,218.6,1013.7,65.1,,0.03,0.0,,
2015-08-18,Lagos,28.0,24.0,25.7,88.5,0.1,100.0,4.17,rain,22.7,223.1,1012.9,64.8,,0.13,0.0,,
2015-08-19,Lagos,28.0,24.0,25.7,88.5,0.1,100.0,4.17,rain,22.7,223.1,1012.9,64.8,,0.13,0.0,,
2015-08-20,Lagos,27.0,23.8,24.9,94.3,4.0,100.0,8.33,rain,13.0,219.2,1012.4,66.3,,0.19,0.0,,
2015-08-21,Lagos,29.0,24.0,25.2,91.2,5.0,100.0,4.17,rain,19.1,221.5,1012.3,67.1,,0.23,0.0,,
2015-08-22,Lagos,29.0,24.0,25.2,91.2,5.0,100.0,4.17,rain,19.1,221.5,1012.3,67.1,,0.23,0.0,,
2015-08-23,Lagos,27.8,23.0,25.0,91.5,16.0,100.0,4.17,rain,23.8,229.9,1012.0,61.3,,0.29,0.0,,
2015-08-24,Lagos,27.8,23.0,25.0,91.5,16.0,100.0,4.17,rain,23.8,229.9,1012.0,61.3,,0.29,0.0,,
2015-08-25,Lagos,29.8,23.0,25.7,86.7,7.0,100.0,4.17,rain,21.6,221.3,1013.8,62.8,,0.36,0.0,,
2015-08-26,Lagos,30.0,23.7,26.1,84.5,0.1,100.0,4.17,rain,24.3,228.4,1014.6,46.4,,0.39,0.0,,
2015-08-27,Lagos,27.1,24.8,25.4,88.6,0.9,100.0,25.0,rain,23.8,220.0,1013.0,61.7,,0.42,0.0,,
2015-08-28,Lagos,27.6,23.6,25.4,88.2,2.0,100.0,58.33,rain,27.7,223.2,1012.7,69.3,,0.46,0.0,,
2015-08-29,Lagos,29.4,24.7,25.7,86.4,1.2,100.0,50.0,rain,27.7,224.6,1014.6,70.6,,0.5,0.0,,
2015-08-30,Lagos,29.4,24.7,25.7,86.4,1.2,100.0,50.0,rain,27.7,224.6,1014.6,70.6,,0.5,0.0,,
2015-08-31,Lagos,26.5,24.0,25.2,89.6,1.5,100.0,45.83,rain,28.4,241.7,1014.6,60.0,,0.56,0.0,,
2015-09-01,Lagos,29.9,23.9,25.7,86.0,0.8,100.0,33.33,rain,27.0,229.8,1014.1,69.3,,0.59,0.0,,
2015-09-02,Lagos,31.0,24.6,26.5,82.4,0.1,100.0,4.17,rain,23.0,225.4,1014.7,82.2,,0.63,0.0,,
2015-09-03,Lagos,27.0,24.0,25.4,86.7,0.5,100.0,20.83,rain,16.2,223.3,1014.8,39.2,,0.66,0.0,,
2015-09-04,Lagos,29.8,24.0,25.8,85.4,0.4,100.0,16.67,rain,19.8,229.7,1013.7,69.3,,0.7,0.0,,
2015-09-05,Lagos,25.9,25.5,25.6,88.7,3.4,100.0,87.5,rain,24.8,230.6,1013.3,84.1,,0.75,0.0,,
2015-09-06,Lagos,25.7,25.2,25.4,89.9,11.8,100.0,79.17,rain,24.1,221.7,1014.5,84.3,,0.76,0.0,,
2015-09-07,Lagos,29.0,25.0,25.8,86.6,2.1,100.0,66.67,rain,21.6,231.0,1014.3,72.9,,0.8,0.0,,
2015-09-08,Lagos,28.0,22.8,24.9,92.0,17.0,100.0,4.17,rain,27.3,224.7,1013.1,66.2,,0.83,0.0,,
2015-09-09,Lagos,28.0,22.8,24.9,92.0,17.0,100.0,4.17,rain,27.3,224.7,1013.1,66.2,,0.83,0.0,,
2015-09-10,Lagos,28.0,22.8,24.9,92.0,17.0,100.0,4.17,rain,27.3,224.7,1013.1,66.2,,0.83,0.0,,
2015-09-11,Lagos,27.8,22.0,24.4,94.2,12.0,100.0,4.17,rain,21.2,269.9,1013.8,52.2,,0.94,0.0,,
2015-09-12,Lagos,27.8,22.0,24.4,94.2,12.0,100.0,4.17,rain,21.2,269.9,1013.8,52.2,,0.94,0.0,,
2015-09-13,Lagos,29.0,24.8,26.4,85.9,1.0,100.0,4.17,rain,24.1,220.7,1013.6,62.3,,0.0,0.0,,
2015-09-14,Lagos,28.1,24.8,25.7,89.0,0.1,100.0,4.17,rain,19.4,225.8,1014.7,61.9,,0.04,0.0,,
2015-09-15,Lagos,29.1,24.0,26.0,86.8,0.5,100.0,4.17,rain,26.8,233.8,1014.6,70.5,,0.07,0.0,,
2015-09-16,Lagos,28.0,24.0,25.7,86.6,0.3,100.0,8.33,rain,26.3,244.6,1014.0,66.1,,0.11,0.0,,
2015-09-17,Lagos,29.0,24.9,26.1,86.6,0.4,100.0,12.5,rain,27.2,233.3,1012.8,63.3,,0.14,0.0,,
2015-09-18,Lagos,28.8,25.0,26.0,87.7,0.1,100.0,4.17,rain,22.4,229.5,1012.8,58.5,,0.17,0.0,,
2015-09-19,Lagos,29.0,24.8,26.1,85.7,0.2,100.0,8.33,rain,18.7,232.0,1014.6,48.6,,0.21,0.0,,
2015-09-20,Lagos,28.2,24.2,25.9,88.2,54.0,100.0,8.33,rain,19.9,225.3,1015.4,56.3,,0.24,1.0,,
2015-09-21,Lagos,27.0,24.0,24.9,95.0,8.0,100.0,4.17,rain,19.1,229.0,1014.7,59.8,,0.25,0.0,,
2015-09-22,Lagos,29.0,23.7,26.2,87.7,3.4,100.0,37.5,rain,23.0,231.6,1013.7,71.5,,0.31,0.0,,
2015-09-23,Lagos,30.0,23.9,26.2,87.0,1.0,100.0,4.17,rain,22.3,244.9,1013.9,55.3,,0.34,0.0,,
2015-09-24,Lagos,28.0,22.0,25.2,93.7,15.0,100.0,4.17,rain,25.2,247.1,1013.8,61.3,,0.38,0.0,,
2015-09-25,Lagos,28.0,22.0,24.5,91.4,4.0,100.0,4.17,rain,16.6,261.6,1014.3,42.9,,0.41,0.0,,
2015-09-26,Lagos,30.0,24.0,26.5,85.8,0.2,100.0,8.33,rain,19.4,236.0,1013.0,60.4,,0.44,0.0,,
2015-09-27,Lagos,31.0,24.7,27.2,84.3,0.3,100.0,12.5,rain,22.3,254.4,1011.5,73.3,,0.48,0.0,,
2015-09-28,Lagos,28.3,25.0,26.3,89.7,3.0,100.0,4.17,rain,21.6,260.6,1012.0,55.9,,0.5,0.0,,
2015-09-29,Lagos,30.0,22.8,26.1,86.6,0.8,100.0,8.33,rain,24.1,247.7,1012.4,49.8,,0.54,0.0,,
2015-09-30,Lagos,29.7,24.8,26.4,86.9,3.0,100.0,4.17,rain,13.0,217.5,1012.8,50.4,,0.58,0.0,,
2015-10-01,Lagos,29.7,24.8,26.4,86.9,3.0,100.0,4.17,rain,13.0,217.5,1012.8,50.4,,0.58,0.0,,
2015-10-02,Lagos,30.0,22.0,25.9,87.5,0.2,100.0,8.33,rain,27.7,227.9,1011.8,63.3,,0.65,0.0,,
2015-10-03,Lagos,30.0,22.0,25.6,87.0,28.0,100.0,4.17,rain,20.5,222.7,1012.9,40.7,,0.68,0.0,,
2015-10-04,Lagos,31.0,24.9,26.3,88.8,8.0,100.0,4.17,rain,18.4,229.8,1013.8,46.0,,0.75,0.0,,
2015-10-05,Lagos,29.0,24.9,26.5,88.8,1.0,100.0,4.17,rain,19.4,228.7,1014.1,57.6,,0.75,0.0,,
2015-10-06,Lagos,27.0,22.1,25.7,91.1,4.0,100.0,4.17,rain,18.4,225.0,1013.3,65.8,,0.78,0.0,,
2015-10-07,Lagos,30.0,25.9,26.8,87.3,8.3,100.0,50.0,rain,21.2,225.9,1012.9,70.6,,0.81,0.0,,
2015-10-08,Lagos,30.0,23.9,25.2,94.5,57.0,100.0,12.5,rain,13.3,226.6,1014.1,60.2,,0.85,1.0,,
2015-10-09,Lagos,32.0,22.0,26.3,87.7,4.0,100.0,4.17,rain,15.5,216.0,1013.8,49.1,,0.88,0.0,,
2015-10-10,Lagos,31.5,22.0,25.5,86.7,24.0,100.0,4.17,rain,11.2,214.4,1013.8,43.0,,0.91,0.0,,
2015-10-11,Lagos,31.0,23.9,27.0,85.1,1.9,100.0,25.0,rain,24.1,223.7,1013.7,52.1,,0.95,0.0,,
2015-10-12,Lagos,31.0,23.9,27.0,85.1,1.9,100.0,25.0,rain,24.1,223.7,1013.7,52.1,,0.95,0.0,,
2015-10-13,Lagos,32.0,24.0,27.3,86.1,0.2,100.0,8.33,rain,23.9,204.9,1013.4,52.4,,0.0,0.0,,
2015-10-14,Lagos,35.0,23.1,26.2,88.0,1.0,100.0,4.17,rain,48.2,192.7,1012.6,55.3,,0.05,0.0,,
2015-10-15,Lagos,33.0,23.8,27.3,83.4,0.1,100.0,4.17,rain,13.0,194.8,1012.7,44.4,,0.08,0.0,,
2015-10-16,Lagos,31.2,25.0,28.0,84.8,0.1,100.0,4.17,rain,19.4,219.7,1012.4,58.8,,0.12,0.0,,
2015-10-17,Lagos,32.0,25.7,28.2,84.3,5.0,100.0,4.17,rain,20.5,218.1,1013.0,63.1,,0.15,0.0,,
2015-10-18,Lagos,31.0,25.0,27.2,88.8,8.0,100.0,4.17,rain,23.5,222.4,1014.0,58.5,,0.19,0.0,,
2015-10-19,Lagos,32.0,24.9,27.7,86.1,0.4,100.0,4.17,rain,20.2,231.2,1013.9,55.4,,0.22,0.0,,
2015-10-20,Lagos,31.0,22.0,26.4,87.6,202.0,100.0,4.17,rain,18.7,246.2,1013.1,54.7,,0.25,1.0,,
2015-10-21,Lagos,29.4,24.8,26.5,90.1,8.0,100.0,4.17,rain,27.4,230.2,1012.0,81.2,,0.29,0.0,,
2015-10-22,Lagos,30.1,25.0,27.2,86.4,1.1,100.0,20.83,rain,23.0,211.2,1012.9,70.4,,0.33,0.0,,
2015-10-23,Lagos,32.0,24.0,27.5,85.7,0.1,100.0,4.17,rain,18.4,229.2,1013.4,56.7,,0.36,0.0,,
2015-10-24,Lagos,32.0,26.0,28.1,85.2,0.1,100.0,4.17,rain,16.1,208.1,1013.1,58.9,,0.39,0.0,,
2015-10-25,Lagos,32.0,25.1,28.3,82.9,0.1,100.0,4.17,rain,19.1,216.8,1013.4,56.6,,0.43,0.0,,
2015-10-26,Lagos,31.8,25.0,28.0,83.5,0.2,100.0,8.33,rain,15.5,222.2,1013.2,51.7,,0.46,0.0,,
2015-10-27,Lagos,27.6,22.0,24.9,92.2,1.5,100.0,8.33,rain,44.6,70.4,1013.6,46.4,,0.5,0.0,,
2015-10-28,Lagos,32.0,23.0,26.7,83.7,0.2,100.0,8.33,rain,20.5,211.3,1012.4,54.0,,0.53,0.0,,
2015-10-29,Lagos,29.3,25.0,26.9,88.9,1.0,100.0,4.17,rain,12.2,211.7,1012.2,54.1,,0.56,0.0,,
2015-10-30,Lagos,29.3,25.0,26.9,88.9,1.0,100.0,4.17,rain,12.2,211.7,1012.2,54.1,,0.56,0.0,,
2015-10-31,Lagos,32.0,24.0,27.3,85.5,1.5,100.0,16.67,rain,29.8,198.3,1011.8,59.3,,0.63,0.0,,
2015-11-01,Lagos,31.0,22.0,26.5,85.3,8.0,100.0,4.17,rain,14.0,229.6,1012.7,56.6,,0.66,0.0,,
2015-11-02,Lagos,27.0,24.0,25.4,95.0,5.0,100.0,4.17,rain,16.6,108.3,1013.3,54.5,,0.7,0.0,,
2015-11-03,Lagos,27.0,24.0,25.4,95.0,5.0,100.0,4.17,rain,16.6,108.3,1013.3,54.5,,0.7,0.0,,
2015-11-04,Lagos,32.2,24.0,27.7,84.4,0.1,100.0,4.17,rain,16.6,191.6,1012.5,51.7,,0.76,0.0,,
2015-11-05,Lagos,32.1,25.0,27.9,84.3,0.3,100.0,4.17,rain,14.8,219.3,1013.0,51.2,,0.79,0.0,,
2015-11-06,Lagos,31.0,25.0,27.1,86.6,2.2,100.0,41.67,rain,55.4,173.3,1012.4,59.7,,0.83,0.0,,
2015-11-07,Lagos,31.7,22.7,27.1,84.3,11.0,100.0,4.17,rain,25.2,205.6,1011.7,51.3,,0.86,0.0,,
2015-11-08,Lagos,32.8,22.0,26.4,89.1,43.0,100.0,4.17,rain,11.9,238.9,1013.5,57.6,,0.89,1.0,,
2015-11-09,Lagos,32.0,24.0,27.3,86.1,0.7,100.0,12.5,rain,12.6,192.6,1014.3,56.1,,0.93,0.0,,
2015-11-10,Lagos,32.0,24.0,27.7,86.0,0.5,100.0,8.33,rain,18.4,203.2,1013.8,57.4,,0.96,0.0,,
2015-11-11,Lagos,35.0,25.0,28.8,81.3,0.9,100.0,16.67,rain,18.0,197.7,1011.9,56.4,,0.0,0.0,,
2015-11-12,Lagos,35.0,25.0,28.8,81.3,0.9,100.0,16.67,rain,18.0,197.7,1011.9,56.4,,0.0,0.0,,
2015-11-13,Lagos,35.0,25.0,28.8,81.3,0.9,100.0,16.67,rain,18.0,197.7,1011.9,56.4,,0.0,0.0,,
2015-11-14,Lagos,35.0,25.0,28.8,81.3,0.9,100.0,16.67,rain,18.0,197.7,1011.9,56.4,,0.0,0.0,,
2015-11-15,Lagos,35.0,25.0,28.8,81.3,0.9,100.0,16.67,rain,18.0,197.7,1011.9,56.4,,0.0,0.0,,
2015-11-16,Lagos,35.0,25.0,28.8,81.3,0.9,100.0,16.67,rain,18.0,197.7,1011.9,56.4,,0.0,0.0,,
2015-11-17,Lagos,35.0,25.0,28.8,81.3,0.9,100.0,16.67,rain,18.0,197.7,1011.9,56.4,,0.0,0.0,,
2015-11-18,Lagos,35.0,25.0,28.8,81.3,0.9,100.0,16.67,rain,18.0,197.7,1011.9,56.4,,0.0,0.0,,
2015-11-19,Lagos,35.0,25.0,28.8,81.3,0.9,100.0,16.67,rain,18.0,197.7,1011.9,56.4,,0.0,0.0,,
2015-11-20,Lagos,35.0,25.0,28.8,81.3,0.9,100.0,16.67,rain,18.0,197.7,1011.9,56.4,,0.0,0.0,,
2015-11-21,Lagos,35.0,25.0,28.8,81.3,0.9,100.0,16.67,rain,18.0,197.7,1011.9,56.4,,0.0,0.0,,
2015-11-22,Lagos,35.0,25.0,28.8,81.3,0.9,100.0,16.67,rain,18.0,197.7,1011.9,56.4,,0.0,0.0,,
2015-11-23,Lagos,35.0,25.0,28.8,81.3,0.9,100.0,16.67,rain,18.0,197.7,1011.9,56.4,,0.0,0.0,,
2015-11-24,Lagos,33.0,25.0,28.5,83.8,0.4,100.0,12.5,rain,16.9,209.6,1012.2,56.6,,0.45,0.0,,
2015-11-25,Lagos,33.4,25.6,28.2,83.7,0.8,100.0,33.33,rain,16.6,190.5,1010.7,87.2,,0.5,0.0,,
2015-11-26,Lagos,32.0,25.9,28.4,85.1,1.0,100.0,4.17,rain,18.4,208.3,1010.5,64.7,,0.52,0.0,,
2015-11-27,Lagos,34.0,25.0,28.4,85.6,15.0,100.0,4.17,rain,20.5,213.2,1011.3,60.6,,0.55,0.0,,
2015-11-28,Lagos,34.0,25.0,28.4,85.6,15.0,100.0,4.17,rain,20.5,213.2,1011.3,60.6,,0.55,0.0,,
2015-11-29,Lagos,33.0,25.8,28.9,82.4,0.3,100.0,8.33,rain,17.3,223.9,1013.0,59.6,,0.61,0.0,,
2015-11-30,Lagos,33.0,25.0,27.6,84.0,14.0,100.0,4.17,rain,18.4,224.3,1013.6,59.0,,0.65,0.0,,
2015-12-01,Lagos,33.0,25.0,27.6,84.0,14.0,100.0,4.17,rain,18.4,224.3,1013.6,59.0,,0.65,0.0,,
2015-12-02,Lagos,33.0,25.8,28.0,84.1,0.1,100.0,4.17,rain,20.5,171.6,1013.3,58.5,,0.71,0.0,,
2015-12-03,Lagos,33.0,25.8,28.0,84.1,0.1,100.0,4.17,rain,20.5,171.6,1013.3,58.5,,0.71,0.0,,
2015-12-04,Lagos,33.0,25.8,28.0,84.1,0.1,100.0,4.17,rain,20.5,171.6,1013.3,58.5,,0.71,0.0,,
2015-12-05,Lagos,33.0,25.8,28.0,84.1,0.1,100.0,4.17,rain,20.5,171.6,1013.3,58.5,,0.71,0.0,,
2015-12-06,Lagos,33.0,25.8,28.0,84.1,0.1,100.0,4.17,rain,20.5,171.6,1013.3,58.5,,0.71,0.0,,
2015-12-07,Lagos,33.0,25.8,28.0,84.1,0.1,100.0,4.17,rain,20.5,171.6,1013.3,58.5,,0.71,0.0,,
2015-12-08,Lagos,33.0,25.8,28.0,84.1,0.1,100.0,4.17,rain,20.5,171.6,1013.3,58.5,,0.71,0.0,,
2015-12-09,Lagos,33.0,25.8,28.0,84.1,0.1,100.0,4.17,rain,20.5,171.6,1013.3,58.5,,0.71,0.0,,
2015-12-10,Lagos,33.0,25.8,28.0,84.1,0.1,100.0,4.17,rain,20.5,171.6,1013.3,58.5,,0.71,0.0,,
2015-12-11,Lagos,33.0,25.8,28.0,84.1,0.1,100.0,4.17,rain,20.5,171.6,1013.3,58.5,,0.71,0.0,,
2015-12-12,Lagos,33.0,25.8,28.0,84.1,0.1,100.0,4.17,rain,20.5,171.6,1013.3,58.5,,0.71,0.0,,
2015-12-13,Lagos,33.0,25.8,28.0,84.1,0.1,100.0,4.17,rain,20.5,171.6,1013.3,58.5,,0.71,0.0,,
2015-12-14,Lagos,33.0,25.8,28.0,84.1,0.1,100.0,4.17,rain,20.5,171.6,1013.3,58.5,,0.71,0.0,,
2015-12-15,Lagos,33.0,25.8,28.0,84.1,0.1,100.0,4.17,rain,20.5,171.6,1013.3,58.5,,0.71,0.0,,
2015-12-16,Lagos,33.0,25.8,28.0,84.1,0.1,100.0,4.17,rain,20.5,171.6,1013.3,58.5,,0.71,0.0,,
2015-12-17,Lagos,33.0,25.8,28.0,84.1,0.1,100.0,4.17,rain,20.5,171.6,1013.3,58.5,,0.71,0.0,,
2015-12-18,Lagos,33.0,25.8,28.0,84.1,0.1,100.0,4.17,rain,20.5,171.6,1013.3,58.5,,0.71,0.0,,
2015-12-19,Lagos,33.0,25.8,28.0,84.1,0.1,100.0,4.17,rain,20.5,171.6,1013.3,58.5,,0.71,0.0,,
2015-12-20,Lagos,33.0,25.8,28.0,84.1,0.1,100.0,4.17,rain,20.5,171.6,1013.3,58.5,,0.71,0.0,,
2015-12-21,Lagos,33.0,25.8,28.0,84.1,0.1,100.0,4.17,rain,20.5,171.6,1013.3,58.5,,0.71,0.0,,
2015-12-22,Lagos,33.0,25.8,28.0,84.1,0.1,100.0,4.17,rain,20.5,171.6,1013.3,58.5,,0.71,0.0,,
2015-12-23,Lagos,33.0,25.8,28.0,84.1,0.1,100.0,4.17,rain,20.5,171.6,1013.3,58.5,,0.71,0.0,,
2015-12-24,Lagos,33.0,25.8,28.0,84.1,0.1,100.0,4.17,rain,20.5,171.6,1013.3,58.5,,0.71,0.0,,
2015-12-25,Lagos,33.0,25.8,28.0,84.1,0.1,100.0,4.17,rain,20.5,171.6,1013.3,58.5,,0.71,0.0,,
2015-12-26,Lagos,33.0,25.8,28.0,84.1,0.1,100.0,4.17,rain,20.5,171.6,1013.3,58.5,,0.71,0.0,,
2015-12-27,Lagos,33.0,25.8,28.0,84.1,0.1,100.0,4.17,rain,20.5,171.6,1013.3,58.5,,0.71,0.0,,
2015-12-28,Lagos,33.0,25.8,28.0,84.1,0.1,100.0,4.17,rain,20.5,171.6,1013.3,58.5,,0.71,0.0,,
2015-12-29,Lagos,33.0,25.8,28.0,84.1,0.1,100.0,4.17,rain,20.5,171.6,1013.3,58.5,,0.71,0.0,,
2015-12-30,Lagos,33.0,25.8,28.0,84.1,0.1,100.0,4.17,rain,20.5,171.6,1013.3,58.5,,0.71,0.0,,
2015-12-31,Lagos,33.0,25.8,28.0,84.1,0.1,100.0,4.17,rain,20.5,171.6,1013.3,58.5,,0.71,0.0,,
2016-01-01,Lagos,33.0,25.8,28.0,84.1,0.1,100.0,4.17,rain,20.5,171.6,1013.3,58.5,,0.71,0.0,,
2016-01-02,Lagos,33.0,25.8,28.0,84.1,0.1,100.0,4.17,rain,20.5,171.6,1013.3,58.5,,0.71,0.0,,
2016-01-03,Lagos,33.0,25.8,28.0,84.1,0.1,100.0,4.17,rain,20.5,171.6,1013.3,58.5,,0.71,0.0,,
2016-01-04,Lagos,33.0,25.8,28.0,84.1,0.1,100.0,4.17,rain,20.5,171.6,1013.3,58.5,,0.71,0.0,,
2016-01-05,Lagos,33.0,25.8,28.0,84.1,0.1,100.0,4.17,rain,20.5,171.6,1013.3,58.5,,0.71,0.0,,
2016-01-06,Lagos,33.0,25.8,28.0,84.1,0.1,100.0,4.17,rain,20.5,171.6,1013.3,58.5,,0.71,0.0,,
2016-01-07,Lagos,36.1,21.0,27.8,57.5,30.0,100.0,4.17,rain,14.8,46.5,1012.4,22.6,,0.92,0.0,,
2016-01-08,Lagos,36.1,21.0,27.8,57.5,30.0,100.0,4.17,rain,14.8,46.5,1012.4,22.6,,0.92,0.0,,
2016-01-09,Lagos,36.1,21.0,27.8,57.5,30.0,100.0,4.17,rain,14.8,46.5,1012.4,22.6,,0.92,0.0,,
2016-01-10,Lagos,36.1,21.0,27.8,57.5,30.0,100.0,4.17,rain,14.8,46.5,1012.4,22.6,,0.92,0.0,,
2016-01-11,Lagos,36.1,21.0,27.8,57.5,30.0,100.0,4.17,rain,14.8,46.5,1012.4,22.6,,0.92,0.0,,
2016-01-12,Lagos,36.1,21.0,27.8,57.5,30.0,100.0,4.17,rain,14.8,46.5,1012.4,22.6,,0.92,0.0,,
2016-01-13,Lagos,36.1,21.0,27.8,57.5,30.0,100.0,4.17,rain,14.8,46.5,1012.4,22.6,,0.92,0.0,,
2016-01-14,Lagos,36.1,21.0,27.8,57.5,30.0,100.0,4.17,rain,14.8,46.5,1012.4,22.6,,0.92,0.0,,
2016-01-15,Lagos,36.1,21.0,27.8,57.5,30.0,100.0,4.17,rain,14.8,46.5,1012.4,22.6,,0.92,0.0,,
2016-01-16,Lagos,36.1,21.0,27.8,57.5,30.0,100.0,4.17,rain,14.8,46.5,1012.4,22.6,,0.92,0.0,,
2016-01-17,Lagos,36.1,21.0,27.8,57.5,30.0,100.0,4.17,rain,14.8,46.5,1012.4,22.6,,0.92,0.0,,
2016-01-18,Lagos,36.1,21.0,27.8,57.5,30.0,100.0,4.17,rain,14.8,46.5,1012.4,22.6,,0.92,0.0,,
2016-01-19,Lagos,31.0,24.0,27.2,85.7,28.0,100.0,4.17,rain,13.0,221.5,1011.4,39.4,,0.34,0.0,,
2016-01-20,Lagos,34.1,24.0,27.9,81.3,24.0,100.0,4.17,rain,13.1,210.9,1011.1,43.2,,0.37,0.0,,
2016-01-21,Lagos,34.1,24.0,27.9,81.3,24.0,100.0,4.17,rain,13.1,210.9,1011.1,43.2,,0.37,0.0,,
2016-01-22,Lagos,34.1,24.0,27.9,81.3,24.0,100.0,4.17,rain,13.1,210.9,1011.1,43.2,,0.37,0.0,,
2016-01-23,Lagos,34.1,24.0,27.9,81.3,24.0,100.0,4.17,rain,13.1,210.9,1011.1,43.2,,0.37,0.0,,
2016-01-24,Lagos,34.1,24.0,27.9,81.3,24.0,100.0,4.17,rain,13.1,210.9,1011.1,43.2,,0.37,0.0,,
2016-01-25,Lagos,34.1,24.0,27.9,81.3,24.0,100.0,4.17,rain,13.1,210.9,1011.1,43.2,,0.37,0.0,,
2016-01-26,Lagos,34.1,24.0,27.9,81.3,24.0,100.0,4.17,rain,13.1,210.9,1011.1,43.2,,0.37,0.0,,
2016-01-27,Lagos,34.1,24.0,27.9,81.3,24.0,100.0,4.17,rain,13.1,210.9,1011.1,43.2,,0.37,0.0,,
2016-01-28,Lagos,34.1,24.0,27.9,81.3,24.0,100.0,4.17,rain,13.1,210.9,1011.1,43.2,,0.37,0.0,,
2016-01-29,Lagos,34.1,24.0,27.9,81.3,24.0,100.0,4.17,rain,13.1,210.9,1011.1,43.2,,0.37,0.0,,
2016-01-30,Lagos,34.1,24.0,27.9,81.3,24.0,100.0,4.17,rain,13.1,210.9,1011.1,43.2,,0.37,0.0,,
2016-01-31,Lagos,34.1,24.0,27.9,81.3,24.0,100.0,4.17,rain,13.1,210.9,1011.1,43.2,,0.37,0.0,,
2016-02-01,Lagos,34.1,24.0,27.9,81.3,24.0,100.0,4.17,rain,13.1,210.9,1011.1,43.2,,0.37,0.0,,
2016-02-02,Lagos,34.1,24.0,27.9,81.3,24.0,100.0,4.17,rain,13.1,210.9,1011.1,43.2,,0.37,0.0,,
2016-02-03,Lagos,34.1,24.0,27.9,81.3,24.0,100.0,4.17,rain,13.1,210.9,1011.1,43.2,,0.37,0.0,,
2016-02-04,Lagos,34.1,24.0,27.9,81.3,24.0,100.0,4.17,rain,13.1,210.9,1011.1,43.2,,0.37,0.0,,
2016-02-05,Lagos,34.1,24.0,27.9,81.3,24.0,100.0,4.17,rain,13.1,210.9,1011.1,43.2,,0.37,0.0,,
2016-02-06,Lagos,34.1,24.0,27.9,81.3,24.0,100.0,4.17,rain,13.1,210.9,1011.1,43.2,,0.37,0.0,,
2016-02-07,Lagos,34.1,24.0,27.9,81.3,24.0,100.0,4.17,rain,13.1,210.9,1011.1,43.2,,0.37,0.0,,
2016-02-08,Lagos,34.1,24.0,27.9,81.3,24.0,100.0,4.17,rain,13.1,210.9,1011.1,43.2,,0.37,0.0,,
2016-02-09,Lagos,34.1,24.0,27.9,81.3,24.0,100.0,4.17,rain,13.1,210.9,1011.1,43.2,,0.37,0.0,,
2016-02-10,Lagos,34.1,24.0,27.9,81.3,24.0,100.0,4.17,rain,13.1,210.9,1011.1,43.2,,0.37,0.0,,
2016-02-11,Lagos,34.1,24.0,27.9,81.3,24.0,100.0,4.17,rain,13.1,210.9,1011.1,43.2,,0.37,0.0,,
2016-02-12,Lagos,34.1,24.0,27.9,81.3,24.0,100.0,4.17,rain,13.1,210.9,1011.1,43.2,,0.37,0.0,,
2016-02-13,Lagos,34.1,24.0,27.9,81.3,24.0,100.0,4.17,rain,13.1,210.9,1011.1,43.2,,0.37,0.0,,
2016-02-14,Lagos,34.1,24.0,27.9,81.3,24.0,100.0,4.17,rain,13.1,210.9,1011.1,43.2,,0.37,0.0,,
2016-02-15,Lagos,34.1,24.0,27.9,81.3,24.0,100.0,4.17,rain,13.1,210.9,1011.1,43.2,,0.37,0.0,,
2016-02-16,Lagos,34.1,24.0,27.9,81.3,24.0,100.0,4.17,rain,13.1,210.9,1011.1,43.2,,0.37,0.0,,
2016-02-17,Lagos,34.1,24.0,27.9,81.3,24.0,100.0,4.17,rain,13.1,210.9,1011.1,43.2,,0.37,0.0,,
2016-02-18,Lagos,34.0,27.0,29.0,83.3,0.8,100.0,29.17,rain,16.7,228.3,1010.7,44.9,,0.35,0.0,,
2016-02-19,Lagos,34.0,27.0,29.0,83.3,0.8,100.0,29.17,rain,16.7,228.3,1010.7,44.9,,0.35,0.0,,
2016-02-20,Lagos,34.0,27.0,29.0,83.3,0.8,100.0,29.17,rain,16.7,228.3,1010.7,44.9,,0.35,0.0,,
2016-02-21,Lagos,34.0,27.0,29.0,83.3,0.8,100.0,29.17,rain,16.7,228.3,1010.7,44.9,,0.35,0.0,,
2016-02-22,Lagos,34.0,27.0,29.0,83.3,0.8,100.0,29.17,rain,16.7,228.3,1010.7,44.9,,0.35,0.0,,
2016-02-23,Lagos,34.0,27.0,29.0,83.3,0.8,100.0,29.17,rain,16.7,228.3,1010.7,44.9,,0.35,0.0,,
2016-02-24,Lagos,34.0,27.0,29.0,83.3,0.8,100.0,29.17,rain,16.7,228.3,1010.7,44.9,,0.35,0.0,,
2016-02-25,Lagos,34.0,27.0,29.0,83.3,0.8,100.0,29.17,rain,16.7,228.3,1010.7,44.9,,0.35,0.0,,
2016-02-26,Lagos,34.0,27.0,29.0,83.3,0.8,100.0,29.17,rain,16.7,228.3,1010.7,44.9,,0.35,0.0,,
2016-02-27,Lagos,34.0,27.0,29.0,83.3,0.8,100.0,29.17,rain,16.7,228.3,1010.7,44.9,,0.35,0.0,,
2016-02-28,Lagos,34.0,27.0,29.0,83.3,0.8,100.0,29.17,rain,16.7,228.3,1010.7,44.9,,0.35,0.0,,
2016-02-29,Lagos,34.0,27.0,29.0,83.3,0.8,100.0,29.17,rain,16.7,228.3,1010.7,44.9,,0.35,0.0,,
2016-03-01,Lagos,32.0,26.0,28.6,81.0,1.4,100.0,4.17,rain,13.3,226.0,1012.6,45.1,,0.75,0.0,,
2016-03-02,Lagos,32.0,26.0,28.6,81.0,1.4,100.0,4.17,rain,13.3,226.0,1012.6,45.1,,0.75,0.0,,
2016-03-03,Lagos,32.0,26.0,28.6,81.0,1.4,100.0,4.17,rain,13.3,226.0,1012.6,45.1,,0.75,0.0,,
2016-03-04,Lagos,32.0,26.0,28.6,81.0,1.4,100.0,4.17,rain,13.3,226.0,1012.6,45.1,,0.75,0.0,,
2016-03-05,Lagos,28.1,24.9,27.1,88.3,20.0,100.0,4.17,rain,18.4,205.2,1011.6,55.3,,0.88,0.0,,
2016-03-06,Lagos,28.1,24.9,27.1,88.3,20.0,100.0,4.17,rain,18.4,205.2,1011.6,55.3,,0.88,0.0,,
2016-03-07,Lagos,28.1,24.9,27.1,88.3,20.0,100.0,4.17,rain,18.4,205.2,1011.6,55.3,,0.88,0.0,,
2016-03-08,Lagos,33.0,23.0,27.8,80.9,14.0,100.0,8.33,rain,63.0,164.8,1010.7,40.1,,0.98,0.0,,
2016-03-09,Lagos,33.0,23.0,27.8,80.9,14.0,100.0,8.33,rain,63.0,164.8,1010.7,40.1,,0.98,0.0,,
2016-03-10,Lagos,33.0,23.0,27.8,80.9,14.0,100.0,8.33,rain,63.0,164.8,1010.7,40.1,,0.98,0.0,,
2016-03-11,Lagos,33.0,23.0,27.8,80.9,14.0,100.0,8.33,rain,63.0,164.8,1010.7,40.1,,0.98,0.0,,
2016-03-12,Lagos,33.0,23.0,27.8,80.9,14.0,100.0,8.33,rain,63.0,164.8,1010.7,40.1,,0.98,0.0,,
2016-03-13,Lagos,33.0,23.0,27.8,80.9,14.0,100.0,8.33,rain,63.0,164.8,1010.7,40.1,,0.98,0.0,,
2016-03-14,Lagos,33.0,23.0,27.8,80.9,14.0,100.0,8.33,rain,63.0,164.8,1010.7,40.1,,0.98,0.0,,
2016-03-15,Lagos,33.0,23.0,27.8,80.9,14.0,100.0,8.33,rain,63.0,164.8,1010.7,40.1,,0.98,0.0,,
2016-03-16,Lagos,33.0,23.0,27.8,80.9,14.0,100.0,8.33,rain,63.0,164.8,1010.7,40.1,,0.98,0.0,,
2016-03-17,Lagos,33.0,23.0,27.8,80.9,14.0,100.0,8.33,rain,63.0,164.8,1010.7,40.1,,0.98,0.0,,
2016-03-18,Lagos,32.0,24.0,27.3,82.9,2.0,100.0,4.17,rain,24.1,153.0,1012.8,49.2,,0.33,0.0,,
2016-03-19,Lagos,32.0,24.0,27.3,82.9,2.0,100.0,4.17,rain,24.1,153.0,1012.8,49.2,,0.33,0.0,,
2016-03-20,Lagos,32.0,24.0,27.3,82.9,2.0,100.0,4.17,rain,24.1,153.0,1012.8,49.2,,0.33,0.0,,
2016-03-21,Lagos,32.0,24.0,28.0,84.7,3.0,100.0,4.17,rain,14.8,186.7,1013.2,46.4,,0.43,0.0,,
2016-03-22,Lagos,32.0,24.0,28.0,84.7,3.0,100.0,4.17,rain,14.8,186.7,1013.2,46.4,,0.43,0.0,,
2016-03-23,Lagos,32.0,24.0,28.0,84.7,3.0,100.0,4.17,rain,14.8,186.7,1013.2,46.4,,0.43,0.0,,
2016-03-24,Lagos,32.0,24.0,28.0,84.7,3.0,100.0,4.17,rain,14.8,186.7,1013.2,46.4,,0.43,0.0,,
2016-03-25,Lagos,34.0,24.2,28.7,81.6,32.0,100.0,4.17,rain,18.6,235.9,1012.7,49.0,,0.57,1.0,,
2016-03-26,Lagos,34.0,24.2,28.7,81.6,32.0,100.0,4.17,rain,18.6,235.9,1012.7,49.0,,0.57,1.0,,
2016-03-27,Lagos,34.0,24.2,28.7,81.6,32.0,100.0,4.17,rain,18.6,235.9,1012.7,49.0,,0.57,1.0,,
2016-03-28,Lagos,34.0,24.2,28.7,81.6,32.0,100.0,4.17,rain,18.6,235.9,1012.7,49.0,,0.57,1.0,,
2016-03-29,Lagos,34.0,24.2,28.7,81.6,32.0,100.0,4.17,rain,18.6,235.9,1012.7,49.0,,0.57,1.0,,
2016-03-30,Lagos,34.0,24.2,28.7,81.6,32.0,100.0,4.17,rain,18.6,235.9,1012.7,49.0,,0.57,1.0,,
2016-03-31,Lagos,34.0,24.2,28.7,81.6,32.0,100.0,4.17,rain,18.6,235.9,1012.7,49.0,,0.57,1.0,,
2016-04-01,Lagos,34.0,24.2,28.7,81.6,32.0,100.0,4.17,rain,18.6,235.9,1012.7,49.0,,0.57,1.0,,
2016-04-02,Lagos,34.0,24.2,28.7,81.6,32.0,100.0,4.17,rain,18.6,235.9,1012.7,49.0,,0.57,1.0,,
2016-04-03,Lagos,34.0,24.2,28.7,81.6,32.0,100.0,4.17,rain,18.6,235.9,1012.7,49.0,,0.57,1.0,,
2016-04-04,Lagos,34.0,24.2,28.7,81.6,32.0,100.0,4.17,rain,18.6,235.9,1012.7,49.0,,0.57,1.0,,
2016-04-05,Lagos,34.0,27.2,29.9,80.8,0.1,100.0,4.17,rain,16.7,239.1,1010.7,60.1,,0.93,0.0,,
2016-04-06,Lagos,34.0,27.2,29.9,80.8,0.1,100.0,4.17,rain,16.7,239.1,1010.7,60.1,,0.93,0.0,,
2016-04-07,Lagos,35.0,27.0,30.0,76.1,0.1,100.0,4.17,rain,23.1,209.4,1011.4,57.4,,0.0,0.0,,
2016-04-08,Lagos,35.0,27.0,30.0,76.1,0.1,100.0,4.17,rain,23.1,209.4,1011.4,57.4,,0.0,0.0,,
2016-04-09,Lagos,34.0,24.0,28.9,82.7,3.0,100.0,4.17,rain,40.5,329.0,1012.3,67.1,,0.07,0.0,,
2016-04-10,Lagos,35.0,23.0,28.3,76.5,37.0,100.0,8.33,rain,18.4,144.0,1011.4,37.5,,0.1,1.0,,
2016-04-11,Lagos,35.0,23.0,28.3,76.5,37.0,100.0,8.33,rain,18.4,144.0,1011.4,37.5,,0.1,1.0,,
2016-04-12,Lagos,30.0,25.0,28.0,82.8,2.0,100.0,4.17,rain,44.6,165.7,1011.8,46.7,,0.17,0.0,,
2016-04-13,Lagos,30.0,25.0,28.0,82.8,2.0,100.0,4.17,rain,44.6,165.7,1011.8,46.7,,0.17,0.0,,
2016-04-14,Lagos,30.0,25.0,28.0,82.8,2.0,100.0,4.17,rain,44.6,165.7,1011.8,46.7,,0.17,0.0,,
2016-04-15,Lagos,32.1,23.0,28.2,81.9,15.0,100.0,4.17,rain,33.5,199.9,1010.7,56.1,,0.27,0.0,,
2016-04-16,Lagos,32.1,23.0,28.2,81.9,15.0,100.0,4.17,rain,33.5,199.9,1010.7,56.1,,0.27,0.0,,
2016-04-17,Lagos,32.1,23.0,28.2,81.9,15.0,100.0,4.17,rain,33.5,199.9,1010.7,56.1,,0.27,0.0,,
2016-04-18,Lagos,32.1,23.0,28.2,81.9,15.0,100.0,4.17,rain,33.5,199.9,1010.7,56.1,,0.27,0.0,,
2016-04-19,Lagos,32.1,23.0,28.2,81.9,15.0,100.0,4.17,rain,33.5,199.9,1010.7,56.1,,0.27,0.0,,
2016-04-20,Lagos,32.1,23.0,28.2,81.9,15.0,100.0,4.17,rain,33.5,199.9,1010.7,56.1,,0.27,0.0,,
2016-04-21,Lagos,32.1,23.0,28.2,81.9,15.0,100.0,4.17,rain,33.5,199.9,1010.7,56.1,,0.27,0.0,,
2016-04-22,Lagos,32.1,23.0,28.2,81.9,15.0,100.0,4.17,rain,33.5,199.9,1010.7,56.1,,0.27,0.0,,
2016-04-23,Lagos,32.1,23.0,28.2,81.9,15.0,100.0,4.17,rain,33.5,199.9,1010.7,56.1,,0.27,0.0,,
2016-04-24,Lagos,32.1,23.0,28.2,81.9,15.0,100.0,4.17,rain,33.5,199.9,1010.7,56.1,,0.27,0.0,,
2016-04-25,Lagos,32.1,23.0,28.2,81.9,15.0,100.0,4.17,rain,33.5,199.9,1010.7,56.1,,0.27,0.0,,
2016-04-26,Lagos,37.4,28.0,30.6,78.6,2.6,100.0,8.33,rain,22.3,221.9,1009.4,60.1,,0.65,0.0,,
2016-04-27,Lagos,37.4,28.0,30.6,78.6,2.6,100.0,8.33,rain,22.3,221.9,1009.4,60.1,,0.65,0.0,,
2016-04-28,Lagos,29.0,23.0,26.2,87.6,4.0,100.0,4.17,rain,20.5,118.2,1010.8,51.6,,0.71,0.0,,
2016-04-29,Lagos,29.0,23.0,26.2,87.6,4.0,100.0,4.17,rain,20.5,118.2,1010.8,51.6,,0.71,0.0,,
2016-04-30,Lagos,29.0,23.0,26.2,87.6,4.0,100.0,4.17,rain,20.5,118.2,1010.8,51.6,,0.71,0.0,,
2016-05-01,Lagos,29.0,23.0,26.2,87.6,4.0,100.0,4.17,rain,20.5,118.2,1010.8,51.6,,0.71,0.0,,
2016-05-02,Lagos,29.0,23.0,26.2,87.6,4.0,100.0,4.17,rain,20.5,118.2,1010.8,51.6,,0.71,0.0,,
2016-05-03,Lagos,29.0,23.0,26.2,87.6,4.0,100.0,4.17,rain,20.5,118.2,1010.8,51.6,,0.71,0.0,,
2016-05-04,Lagos,29.0,23.0,26.2,87.6,4.0,100.0,4.17,rain,20.5,118.2,1010.8,51.6,,0.71,0.0,,
2016-05-05,Lagos,34.0,26.6,29.5,79.8,0.5,100.0,20.83,rain,17.3,218.1,1011.4,92.3,,0.95,0.0,,
2016-05-06,Lagos,31.0,26.6,28.3,84.2,11.0,100.0,62.5,rain,16.6,229.8,1011.0,76.6,,0.0,0.0,,
2016-05-07,Lagos,31.0,26.6,28.3,84.2,11.0,100.0,62.5,rain,16.6,229.8,1011.0,76.6,,0.0,0.0,,
2016-05-08,Lagos,33.0,22.2,28.1,83.4,41.0,100.0,4.17,rain,13.0,216.3,1012.9,54.4,,0.05,1.0,,
2016-05-09,Lagos,33.0,22.2,28.1,83.4,41.0,100.0,4.17,rain,13.0,216.3,1012.9,54.4,,0.05,1.0,,
2016-05-10,Lagos,33.0,22.2,28.1,83.4,41.0,100.0,4.17,rain,13.0,216.3,1012.9,54.4,,0.05,1.0,,
2016-05-11,Lagos,33.0,24.7,28.8,78.3,28.0,100.0,4.17,rain,16.6,219.4,1012.4,39.9,,0.15,0.0,,
2016-05-12,Lagos,30.0,23.0,26.8,85.5,107.0,100.0,8.33,rain,72.4,146.0,1011.9,43.4,,0.19,1.0,,
2016-05-13,Lagos,30.0,23.0,26.8,85.5,107.0,100.0,8.33,rain,72.4,146.0,1011.9,43.4,,0.19,1.0,,
2016-05-14,Lagos,33.0,26.0,28.7,83.8,1.6,100.0,20.83,rain,19.4,226.7,1012.7,66.4,,0.25,0.0,,
2016-05-15,Lagos,32.0,23.8,27.2,86.3,40.0,100.0,4.17,rain,27.7,206.5,1014.2,54.2,,0.29,1.0,,
2016-05-16,Lagos,32.0,23.8,27.2,86.3,40.0,100.0,4.17,rain,27.7,206.5,1014.2,54.2,,0.29,1.0,,
2016-05-17,Lagos,29.8,24.0,27.0,90.7,22.0,100.0,4.17,rain,17.3,217.0,1014.1,70.4,,0.35,0.0,,
2016-05-18,Lagos,32.0,25.8,28.2,85.4,5.2,100.0,37.5,rain,13.0,234.3,1013.7,77.5,,0.39,0.0,,
2016-05-19,Lagos,32.0,25.8,28.2,85.4,5.2,100.0,37.5,rain,13.0,234.3,1013.7,77.5,,0.39,0.0,,
2016-05-20,Lagos,32.0,25.8,28.2,85.4,5.2,100.0,37.5,rain,13.0,234.3,1013.7,77.5,,0.39,0.0,,
2016-05-21,Lagos,31.8,22.2,26.9,89.0,50.0,100.0,4.17,rain,27.7,231.9,1012.4,63.2,,0.5,1.0,,
2016-05-22,Lagos,31.8,22.2,26.9,89.0,50.0,100.0,4.17,rain,27.7,231.9,1012.4,63.2,,0.5,1.0,,
2016-05-23,Lagos,28.0,24.9,26.0,94.1,5.0,100.0,8.33,rain,11.2,259.4,1016.1,56.2,,0.56,0.0,,
2016-05-24,Lagos,32.0,24.0,26.9,89.4,1.6,100.0,20.83,rain,13.0,193.9,1015.5,56.8,,0.59,0.0,,
2016-05-25,Lagos,33.0,24.0,27.3,85.7,0.2,100.0,4.17,rain,25.9,262.9,1014.7,57.7,,0.63,0.0,,
2016-05-26,Lagos,32.0,23.0,27.3,86.5,0.9,100.0,4.17,rain,11.2,211.8,1013.2,47.6,,0.66,0.0,,
2016-05-27,Lagos,32.0,23.0,27.3,86.5,0.9,100.0,4.17,rain,11.2,211.8,1013.2,47.6,,0.66,0.0,,
2016-05-28,Lagos,32.0,23.0,27.3,86.5,0.9,100.0,4.17,rain,11.2,211.8,1013.2,47.6,,0.66,0.0,,
2016-05-29,Lagos,32.0,25.8,28.0,86.4,1.0,100.0,4.17,rain,29.5,212.4,1013.7,57.9,,0.75,0.0,,
2016-05-30,Lagos,31.0,23.9,27.1,85.3,30.0,100.0,8.33,rain,18.4,169.8,1013.3,50.4,,0.8,0.0,,
2016-05-31,Lagos,31.0,23.9,27.1,85.3,30.0,100.0,8.33,rain,18.4,169.8,1013.3,50.4,,0.8,0.0,,
2016-06-01,Lagos,31.0,23.9,27.1,85.3,30.0,100.0,8.33,rain,18.4,169.8,1013.3,50.4,,0.8,0.0,,
2016-06-02,Lagos,28.0,24.0,26.3,89.5,2.0,100.0,4.17,rain,39.8,124.1,1014.2,47.2,,0.91,0.0,,
2016-06-03,Lagos,28.0,24.0,26.3,89.5,2.0,100.0,4.17,rain,39.8,124.1,1014.2,47.2,,0.91,0.0,,
2016-06-04,Lagos,33.0,24.9,28.7,81.4,1.1,100.0,4.17,rain,12.2,201.6,1013.5,49.0,,0.98,0.0,,
2016-06-05,Lagos,33.0,25.9,28.4,81.0,0.2,100.0,4.17,rain,22.3,308.8,1013.5,45.6,,0.0,0.0,,
2016-06-06,Lagos,33.0,25.9,28.4,81.0,0.2,100.0,4.17,rain,22.3,308.8,1013.5,45.6,,0.0,0.0,,
2016-06-07,Lagos,28.0,24.2,26.4,86.4,4.0,100.0,4.17,rain,42.5,45.9,1013.8,43.0,,0.08,0.0,,
2016-06-08,Lagos,33.0,24.0,28.2,81.5,2.2,100.0,16.67,rain,16.6,161.1,1013.6,68.9,,0.11,0.0,,
2016-06-09,Lagos,29.9,22.0,25.4,91.7,105.0,100.0,8.33,rain,31.7,180.4,1013.3,58.2,,0.14,1.0,,
2016-06-10,Lagos,31.8,23.9,27.2,83.3,18.0,100.0,8.33,rain,14.8,218.8,1013.7,65.7,,0.17,0.0,,
2016-06-11,Lagos,31.8,23.9,27.2,83.3,18.0,100.0,8.33,rain,14.8,218.8,1013.7,65.7,,0.17,0.0,,
2016-06-12,Lagos,28.0,22.2,25.3,93.2,49.0,100.0,12.5,rain,11.2,256.8,1015.8,63.9,,0.25,1.0,,
2016-06-13,Lagos,28.0,22.2,25.3,93.2,49.0,100.0,12.5,rain,11.2,256.8,1015.8,63.9,,0.25,1.0,,
2016-06-14,Lagos,28.0,22.2,25.3,93.2,49.0,100.0,12.5,rain,11.2,256.8,1015.8,63.9,,0.25,1.0,,
2016-06-15,Lagos,26.1,24.0,25.5,92.4,5.0,100.0,4.17,rain,16.6,242.0,1016.9,52.6,,0.34,0.0,,
2016-06-16,Lagos,26.1,24.0,25.5,92.4,5.0,100.0,4.17,rain,16.6,242.0,1016.9,52.6,,0.34,0.0,,
2016-06-17,Lagos,30.0,24.0,26.6,87.2,0.4,100.0,4.17,rain,13.7,245.5,1015.6,67.5,,0.4,0.0,,
2016-06-18,Lagos,32.0,24.9,28.0,83.7,4.0,100.0,4.17,rain,13.0,233.7,1015.1,58.9,,0.43,0.0,,
2016-06-19,Lagos,31.0,23.0,26.6,87.1,2.0,100.0,4.17,rain,27.7,213.8,1014.6,51.4,,0.47,0.0,,
2016-06-20,Lagos,26.1,23.0,25.1,91.7,0.6,100.0,4.17,rain,14.8,210.6,1015.3,51.0,,0.5,0.0,,
2016-06-21,Lagos,28.0,23.0,25.5,90.9,10.0,100.0,8.33,rain,15.1,204.2,1015.3,55.1,,0.54,0.0,,
2016-06-22,Lagos,30.0,22.7,25.8,87.1,10.0,100.0,4.17,rain,16.6,233.8,1014.5,60.7,,0.57,0.0,,
2016-06-23,Lagos,30.4,23.1,26.6,83.6,0.6,100.0,20.83,rain,18.0,231.1,1014.1,65.1,,0.61,0.0,,
2016-06-24,Lagos,30.4,23.1,26.6,83.6,0.6,100.0,20.83,rain,18.0,231.1,1014.1,65.1,,0.61,0.0,,
2016-06-25,Lagos,30.0,24.0,26.2,84.6,0.2,100.0,4.17,rain,16.6,225.5,1014.4,64.2,,0.68,0.0,,
2016-06-26,Lagos,30.0,24.0,26.2,84.6,0.2,100.0,4.17,rain,16.6,225.5,1014.4,64.2,,0.68,0.0,,
2016-06-27,Lagos,28.0,24.0,25.4,91.9,6.0,100.0,8.33,rain,11.2,216.6,1015.3,54.8,,0.75,0.0,,
2016-06-28,Lagos,30.0,24.0,26.6,84.9,0.7,100.0,8.33,rain,16.6,218.6,1016.0,63.5,,0.79,0.0,,
2016-06-29,Lagos,29.0,24.9,26.6,81.7,99.0,100.0,4.17,rain,22.3,225.5,1015.5,53.3,,0.82,1.0,,
2016-06-30,Lagos,29.0,24.9,26.6,81.7,99.0,100.0,4.17,rain,22.3,225.5,1015.5,53.3,,0.82,1.0,,
2016-07-01,Lagos,29.0,24.9,26.6,81.7,99.0,100.0,4.17,rain,22.3,225.5,1015.5,53.3,,0.82,1.0,,
2016-07-02,Lagos,29.0,24.9,26.6,81.7,99.0,100.0,4.17,rain,22.3,225.5,1015.5,53.3,,0.82,1.0,,
2016-07-03,Lagos,29.0,24.9,26.6,81.7,99.0,100.0,4.17,rain,22.3,225.5,1015.5,53.3,,0.82,1.0,,
2016-07-04,Lagos,29.0,24.9,26.6,81.7,99.0,100.0,4.17,rain,22.3,225.5,1015.5,53.3,,0.82,1.0,,
2016-07-05,Lagos,29.0,24.9,26.6,81.7,99.0,100.0,4.17,rain,22.3,225.5,1015.5,53.3,,0.82,1.0,,
2016-07-06,Lagos,29.0,24.9,26.6,81.7,99.0,100.0,4.17,rain,22.3,225.5,1015.5,53.3,,0.82,1.0,,
2016-07-07,Lagos,29.0,24.9,26.6,81.7,99.0,100.0,4.17,rain,22.3,225.5,1015.5,53.3,,0.82,1.0,,
2016-07-08,Lagos,29.0,24.9,26.6,81.7,99.0,100.0,4.17,rain,22.3,225.5,1015.5,53.3,,0.82,1.0,,
2016-07-09,Lagos,29.9,25.0,26.8,86.1,1.1,100.0,8.33,rain,16.6,215.2,1014.4,74.6,,0.16,0.0,,
2016-07-10,Lagos,29.8,25.0,26.5,89.0,13.0,100.0,8.33,rain,18.4,213.7,1014.6,81.2,,0.19,0.0,,
2016-07-11,Lagos,30.0,24.0,26.5,85.3,99.0,100.0,4.17,rain,18.4,212.6,1015.3,63.4,,0.23,1.0,,
2016-07-12,Lagos,30.0,24.0,26.5,85.3,99.0,100.0,4.17,rain,18.4,212.6,1015.3,63.4,,0.23,1.0,,
2016-07-13,Lagos,30.0,24.0,26.5,85.3,99.0,100.0,4.17,rain,18.4,212.6,1015.3,63.4,,0.23,1.0,,
2016-07-14,Lagos,27.1,24.9,25.7,86.8,1.0,100.0,4.17,rain,14.8,222.6,1013.8,60.9,,0.32,0.0,,
2016-07-15,Lagos,27.1,24.9,25.7,86.8,1.0,100.0,4.17,rain,14.8,222.6,1013.8,60.9,,0.32,0.0,,
2016-07-16,Lagos,30.0,24.0,26.7,83.7,0.1,100.0,4.17,rain,18.4,225.3,1012.7,60.1,,0.39,0.0,,
2016-07-17,Lagos,28.7,24.2,26.5,86.5,5.0,100.0,8.33,rain,16.6,200.9,1013.6,69.0,,0.42,0.0,,
2016-07-18,Lagos,30.2,24.0,26.2,86.2,18.0,100.0,4.17,rain,13.0,218.0,1015.1,63.8,,0.45,0.0,,
2016-07-19,Lagos,29.0,24.0,25.8,86.4,0.2,100.0,4.17,rain,15.5,242.3,1014.3,51.0,,0.5,0.0,,
2016-07-20,Lagos,29.0,24.0,25.9,87.9,0.6,100.0,4.17,rain,16.9,224.2,1013.8,61.7,,0.52,0.0,,
2016-07-21,Lagos,28.8,24.0,26.0,86.1,160.3,100.0,4.17,rain,15.5,226.5,1014.2,55.5,,0.55,1.0,,
2016-07-22,Lagos,28.8,24.0,26.0,86.1,160.3,100.0,4.17,rain,15.5,226.5,1014.2,55.5,,0.55,1.0,,
2016-07-23,Lagos,28.0,24.0,25.2,90.5,76.0,100.0,4.17,rain,16.9,244.8,1014.2,77.3,,0.63,1.0,,
2016-07-24,Lagos,28.0,24.0,25.2,90.5,76.0,100.0,4.17,rain,16.9,244.8,1014.2,77.3,,0.63,1.0,,
2016-07-25,Lagos,30.0,23.9,25.9,85.7,0.1,100.0,4.17,rain,20.5,232.4,1013.4,61.2,,0.7,0.0,,
2016-07-26,Lagos,30.0,23.9,25.9,85.7,0.1,100.0,4.17,rain,20.5,232.4,1013.4,61.2,,0.7,0.0,,
2016-07-27,Lagos,30.0,23.9,25.9,85.7,0.1,100.0,4.17,rain,20.5,232.4,1013.4,61.2,,0.7,0.0,,
2016-07-28,Lagos,30.0,24.0,25.8,88.4,4.0,100.0,4.17,rain,14.8,217.1,1014.3,67.1,,0.81,0.0,,
2016-07-29,Lagos,30.0,24.0,25.8,88.4,4.0,100.0,4.17,rain,14.8,217.1,1014.3,67.1,,0.81,0.0,,
2016-07-30,Lagos,30.0,24.0,25.8,88.4,4.0,100.0,4.17,rain,14.8,217.1,1014.3,67.1,,0.81,0.0,,
2016-07-31,Lagos,27.0,24.0,25.5,89.7,0.5,100.0,4.17,rain,17.3,215.5,1014.2,59.7,,0.91,0.0,,
2016-08-01,Lagos,29.0,24.2,26.2,84.9,4.5,100.0,4.17,rain,18.4,221.4,1015.1,61.0,,0.95,0.0,,
2016-08-02,Lagos,29.0,24.2,26.2,84.9,4.5,100.0,4.17,rain,18.4,221.4,1015.1,61.0,,0.95,0.0,,
2016-08-03,Lagos,29.0,24.2,26.2,84.9,4.5,100.0,4.17,rain,18.4,221.4,1015.1,61.0,,0.95,0.0,,
2016-08-04,Lagos,29.0,24.2,26.2,84.9,4.5,100.0,4.17,rain,18.4,221.4,1015.1,61.0,,0.95,0.0,,
2016-08-05,Lagos,29.0,24.2,26.2,84.9,4.5,100.0,4.17,rain,18.4,221.4,1015.1,61.0,,0.95,0.0,,
2016-08-06,Lagos,29.0,24.2,26.2,84.9,4.5,100.0,4.17,rain,18.4,221.4,1015.1,61.0,,0.95,0.0,,
2016-08-07,Lagos,29.0,24.2,26.2,84.9,4.5,100.0,4.17,rain,18.4,221.4,1015.1,61.0,,0.95,0.0,,
2016-08-08,Lagos,28.0,24.0,25.8,85.2,0.1,100.0,4.17,rain,15.1,206.6,1015.5,66.1,,0.18,0.0,,
2016-08-09,Lagos,27.0,23.8,24.9,90.1,5.0,100.0,4.17,rain,16.6,200.6,1015.1,54.9,,0.21,0.0,,
2016-08-10,Lagos,27.0,23.8,24.9,90.1,5.0,100.0,4.17,rain,16.6,200.6,1015.1,54.9,,0.21,0.0,,
2016-08-11,Lagos,27.0,23.8,24.9,90.1,5.0,100.0,4.17,rain,16.6,200.6,1015.1,54.9,,0.21,0.0,,
2016-08-12,Lagos,27.0,23.8,24.9,90.1,5.0,100.0,4.17,rain,16.6,200.6,1015.1,54.9,,0.21,0.0,,
2016-08-13,Lagos,27.0,23.8,24.9,90.1,5.0,100.0,4.17,rain,16.6,200.6,1015.1,54.9,,0.21,0.0,,
2016-08-14,Lagos,27.0,23.8,24.9,90.1,5.0,100.0,4.17,rain,16.6,200.6,1015.1,54.9,,0.21,0.0,,
2016-08-15,Lagos,29.0,24.9,26.0,85.2,0.8,100.0,4.17,rain,23.4,219.1,1013.9,56.2,,0.41,0.0,,
2016-08-16,Lagos,29.0,24.9,26.0,85.2,0.8,100.0,4.17,rain,23.4,219.1,1013.9,56.2,,0.41,0.0,,
2016-08-17,Lagos,29.0,24.9,26.0,85.2,0.8,100.0,4.17,rain,23.4,219.1,1013.9,56.2,,0.41,0.0,,
2016-08-18,Lagos,29.0,24.9,26.0,85.2,0.8,100.0,4.17,rain,23.4,219.1,1013.9,56.2,,0.41,0.0,,
2016-08-19,Lagos,29.0,24.9,26.0,85.2,0.8,100.0,4.17,rain,23.4,219.1,1013.9,56.2,,0.41,0.0,,
2016-08-20,Lagos,28.2,23.0,25.1,89.6,11.0,100.0,4.17,rain,16.6,203.0,1013.9,61.0,,0.57,0.0,,
2016-08-21,Lagos,27.0,24.0,25.6,88.1,99.0,100.0,4.17,rain,11.2,228.0,1014.5,50.9,,0.61,1.0,,
2016-08-22,Lagos,29.0,24.8,26.0,87.8,1.0,100.0,4.17,rain,13.0,227.7,1014.3,63.0,,0.65,0.0,,
2016-08-23,Lagos,29.0,24.8,26.0,87.8,1.0,100.0,4.17,rain,13.0,227.7,1014.3,63.0,,0.65,0.0,,
2016-08-24,Lagos,29.0,24.8,26.0,87.8,1.0,100.0,4.17,rain,13.0,227.7,1014.3,63.0,,0.65,0.0,,
2016-08-25,Lagos,30.0,24.0,26.2,82.8,6.0,100.0,4.17,rain,19.1,218.1,1013.7,56.3,,0.75,0.0,,
2016-08-26,Lagos,30.0,24.0,26.2,82.8,6.0,100.0,4.17,rain,19.1,218.1,1013.7,56.3,,0.75,0.0,,
2016-08-27,Lagos,30.0,24.0,26.2,82.8,6.0,100.0,4.17,rain,19.1,218.1,1013.7,56.3,,0.75,0.0,,
2016-08-28,Lagos,25.0,23.0,24.0,95.4,35.0,100.0,8.33,rain,17.6,203.0,1014.8,70.0,,0.86,1.0,,
2016-08-29,Lagos,30.0,23.0,25.5,88.6,14.0,100.0,8.33,rain,15.1,218.4,1015.3,69.6,,0.9,0.0,,
2016-08-30,Lagos,30.0,23.0,25.5,88.6,14.0,100.0,8.33,rain,15.1,218.4,1015.3,69.6,,0.9,0.0,,
2016-08-31,Lagos,31.0,23.8,26.8,82.9,0.1,100.0,4.17,rain,14.8,206.3,1014.5,70.6,,0.97,0.0,,
2016-09-01,Lagos,26.2,24.0,25.4,92.5,4.0,100.0,4.17,rain,7.6,239.8,1015.2,58.0,,0.0,0.0,,
2016-09-02,Lagos,29.8,24.0,26.1,87.4,0.1,100.0,4.17,rain,20.5,206.0,1013.4,69.4,,0.04,0.0,,
2016-09-03,Lagos,29.0,24.0,26.5,85.6,0.9,100.0,4.17,rain,16.6,215.2,1012.9,61.9,,0.07,0.0,,
2016-09-04,Lagos,28.0,24.0,26.1,86.8,0.8,100.0,4.17,rain,11.2,220.6,1013.8,57.7,,0.1,0.0,,
2016-09-05,Lagos,26.0,25.0,25.2,93.7,33.0,100.0,4.17,rain,11.2,218.9,1014.7,57.8,,0.13,1.0,,
2016-09-06,Lagos,26.0,23.9,24.6,96.0,30.0,100.0,8.33,rain,11.9,232.4,1015.3,64.9,,0.16,0.0,,
2016-09-07,Lagos,28.0,24.0,25.7,91.8,30.0,100.0,8.33,rain,13.7,236.3,1014.5,61.0,,0.2,0.0,,
2016-09-08,Lagos,30.0,24.4,26.5,85.5,3.8,100.0,41.67,rain,16.6,224.9,1014.0,76.9,,0.23,0.0,,
2016-09-09,Lagos,30.0,24.9,26.5,87.3,0.2,100.0,4.17,rain,20.5,214.8,1015.1,64.7,,0.25,0.0,,
2016-09-10,Lagos,26.0,24.0,24.9,93.2,14.0,100.0,8.33,rain,13.0,252.1,1015.1,49.9,,0.29,0.0,,
2016-09-11,Lagos,29.0,24.0,26.0,88.3,0.9,100.0,4.17,rain,14.8,235.7,1014.2,69.2,,0.33,0.0,,
2016-09-12,Lagos,29.0,25.0,26.1,87.3,0.7,100.0,16.67,rain,20.1,227.6,1013.3,74.0,,0.36,0.0,,
2016-09-13,Lagos,29.0,25.0,26.1,87.3,0.7,100.0,16.67,rain,20.1,227.6,1013.3,74.0,,0.36,0.0,,
2016-09-14,Lagos,29.0,25.0,26.1,87.3,0.7,100.0,16.67,rain,20.1,227.6,1013.3,74.0,,0.36,0.0,,
2016-09-15,Lagos,28.0,24.0,25.5,88.7,66.0,100.0,8.33,rain,20.5,214.3,1014.7,66.2,,0.46,1.0,,
2016-09-16,Lagos,29.0,24.0,26.3,87.8,0.7,100.0,4.17,rain,13.0,225.7,1014.8,63.4,,0.5,0.0,,
2016-09-17,Lagos,30.0,23.0,25.9,84.5,16.0,100.0,4.17,rain,14.8,180.5,1014.3,44.4,,0.52,0.0,,
2016-09-18,Lagos,30.0,23.0,25.9,84.5,16.0,100.0,4.17,rain,14.8,180.5,1014.3,44.4,,0.52,0.0,,
2016-09-19,Lagos,29.0,24.0,26.1,90.6,13.0,100.0,4.17,rain,11.2,217.8,1014.1,56.8,,0.59,0.0,,
2016-09-20,Lagos,28.0,23.1,25.4,90.1,16.0,100.0,4.17,rain,11.2,207.9,1013.0,47.9,,0.63,0.0,,
2016-09-21,Lagos,29.7,24.0,26.4,87.6,1.0,100.0,4.17,rain,11.2,211.9,1013.3,66.0,,0.66,0.0,,
2016-09-22,Lagos,30.0,25.0,26.7,86.6,0.3,100.0,4.17,rain,16.6,203.2,1014.0,61.2,,0.7,0.0,,
2016-09-23,Lagos,30.0,25.0,26.7,86.6,0.3,100.0,4.17,rain,16.6,203.2,1014.0,61.2,,0.7,0.0,,
2016-09-24,Lagos,30.0,25.0,26.7,86.6,0.3,100.0,4.17,rain,16.6,203.2,1014.0,61.2,,0.7,0.0,,
2016-09-25,Lagos,29.0,24.0,25.4,90.6,5.0,100.0,4.17,rain,11.2,214.2,1012.9,75.9,,0.8,0.0,,
2016-09-26,Lagos,29.0,24.0,25.4,90.6,5.0,100.0,4.17,rain,11.2,214.2,1012.9,75.9,,0.8,0.0,,
2016-09-27,Lagos,30.0,24.0,26.5,87.2,2.0,100.0,4.17,rain,13.0,213.9,1013.5,63.4,,0.88,0.0,,
2016-09-28,Lagos,30.0,24.0,26.5,87.2,2.0,100.0,4.17,rain,13.0,213.9,1013.5,63.4,,0.88,0.0,,
2016-09-29,Lagos,30.1,24.0,26.7,88.0,8.0,100.0,4.17,rain,11.2,223.1,1013.0,51.8,,0.95,0.0,,
2016-09-30,Lagos,30.1,24.0,26.7,88.0,8.0,100.0,4.17,rain,11.2,223.1,1013.0,51.8,,0.95,0.0,,
2016-10-01,Lagos,27.0,22.9,24.8,91.5,25.0,100.0,8.33,rain,22.3,249.0,1012.4,55.8,,0.0,0.0,,
2016-10-02,Lagos,27.0,22.9,24.8,91.5,25.0,100.0,8.33,rain,22.3,249.0,1012.4,55.8,,0.0,0.0,,
2016-10-03,Lagos,27.0,22.9,24.8,91.5,25.0,100.0,8.33,rain,22.3,249.0,1012.4,55.8,,0.0,0.0,,
2016-10-04,Lagos,27.0,22.9,24.8,91.5,25.0,100.0,8.33,rain,22.3,249.0,1012.4,55.8,,0.0,0.0,,
2016-10-05,Lagos,31.2,25.7,27.9,84.9,0.3,100.0,8.33,rain,14.8,199.9,1011.2,65.2,,0.15,0.0,,
2016-10-06,Lagos,31.2,25.7,27.9,84.9,0.3,100.0,8.33,rain,14.8,199.9,1011.2,65.2,,0.15,0.0,,
2016-10-07,Lagos,30.0,25.0,27.0,89.7,34.0,100.0,8.33,rain,42.5,178.9,1010.6,64.1,,0.21,1.0,,
2016-10-08,Lagos,28.4,24.0,25.8,90.6,69.0,100.0,8.33,rain,11.2,211.7,1012.0,51.9,,0.25,1.0,,
2016-10-09,Lagos,26.2,22.0,25.0,93.2,61.0,100.0,8.33,rain,9.4,212.9,1013.0,56.6,,0.25,1.0,,
2016-10-10,Lagos,30.0,23.0,26.5,87.9,0.6,100.0,4.17,rain,16.9,221.2,1012.8,53.0,,0.31,0.0,,
2016-10-11,Lagos,31.0,24.1,26.9,87.4,0.1,100.0,4.17,rain,11.2,216.8,1012.8,58.1,,0.34,0.0,,
2016-10-12,Lagos,31.0,24.1,26.9,87.4,0.1,100.0,4.17,rain,11.2,216.8,1012.8,58.1,,0.34,0.0,,
2016-10-13,Lagos,31.0,24.0,27.3,85.5,0.1,100.0,4.17,rain,14.8,231.5,1012.1,66.5,,0.41,0.0,,
2016-10-14,Lagos,30.0,23.1,26.5,87.7,14.0,100.0,4.17,rain,14.8,216.2,1012.0,58.6,,0.44,0.0,,
2016-10-15,Lagos,33.0,24.0,27.9,81.9,0.5,100.0,4.17,rain,18.4,206.8,1012.0,60.4,,0.48,0.0,,
2016-10-16,Lagos,32.0,22.7,27.3,82.3,10.0,100.0,4.17,rain,18.4,40.6,1012.6,47.1,,0.5,0.0,,
2016-10-17,Lagos,31.0,24.2,27.2,84.0,1.3,100.0,16.67,rain,16.6,203.1,1012.3,45.4,,0.54,0.0,,
2016-10-18,Lagos,31.0,24.2,27.2,84.0,1.3,100.0,16.67,rain,16.6,203.1,1012.3,45.4,,0.54,0.0,,
2016-10-19,Lagos,32.0,22.8,26.4,86.0,63.0,100.0,8.33,rain,14.8,153.5,1013.0,48.1,,0.61,1.0,,
2016-10-20,Lagos,32.0,22.8,26.4,86.0,63.0,100.0,8.33,rain,14.8,153.5,1013.0,48.1,,0.61,1.0,,
2016-10-21,Lagos,32.0,22.8,26.4,86.0,63.0,100.0,8.33,rain,14.8,153.5,1013.0,48.1,,0.61,1.0,,
2016-10-22,Lagos,32.0,23.0,26.9,85.8,7.8,100.0,25.0,rain,18.4,205.1,1013.2,69.5,,0.75,0.0,,
2016-10-23,Lagos,32.0,23.0,26.9,85.8,7.8,100.0,25.0,rain,18.4,205.1,1013.2,69.5,,0.75,0.0,,
2016-10-24,Lagos,32.0,23.0,26.9,85.8,7.8,100.0,25.0,rain,18.4,205.1,1013.2,69.5,,0.75,0.0,,
2016-10-25,Lagos,32.0,23.0,26.9,85.8,7.8,100.0,25.0,rain,18.4,205.1,1013.2,69.5,,0.75,0.0,,
2016-10-26,Lagos,32.0,23.0,26.9,85.8,7.8,100.0,25.0,rain,18.4,205.1,1013.2,69.5,,0.75,0.0,,
2016-10-27,Lagos,32.0,25.0,27.8,86.0,14.0,100.0,4.17,rain,13.0,210.9,1010.6,46.3,,0.89,0.0,,
2016-10-28,Lagos,30.0,25.0,26.8,87.9,2.0,100.0,4.17,rain,10.4,215.9,1011.9,51.0,,0.92,0.0,,
2016-10-29,Lagos,31.0,24.0,27.4,86.0,0.5,100.0,4.17,rain,9.7,252.5,1011.8,51.0,,0.96,0.0,,
2016-10-30,Lagos,31.0,24.0,27.4,86.0,0.5,100.0,4.17,rain,9.7,252.5,1011.8,51.0,,0.96,0.0,,
2016-10-31,Lagos,32.0,23.8,26.7,84.8,4.0,100.0,4.17,rain,9.4,271.2,1012.3,48.0,,0.02,0.0,,
2016-11-01,Lagos,30.0,24.0,26.7,85.4,2.0,100.0,4.17,rain,14.8,200.9,1013.2,45.2,,0.06,0.0,,
2016-11-02,Lagos,30.0,24.0,26.7,85.4,2.0,100.0,4.17,rain,14.8,200.9,1013.2,45.2,,0.06,0.0,,
2016-11-03,Lagos,30.0,24.0,26.7,85.4,2.0,100.0,4.17,rain,14.8,200.9,1013.2,45.2,,0.06,0.0,,
2016-11-04,Lagos,32.0,23.0,27.3,82.1,2.0,100.0,4.17,rain,14.8,181.4,1014.3,52.8,,0.16,0.0,,
2016-11-05,Lagos,32.0,25.7,28.1,82.7,0.2,100.0,4.17,rain,10.1,221.1,1014.1,54.4,,0.19,0.0,,
2016-11-06,Lagos,32.0,25.7,28.1,82.7,0.2,100.0,4.17,rain,10.1,221.1,1014.1,54.4,,0.19,0.0,,
2016-11-07,Lagos,32.0,25.7,28.1,82.7,0.2,100.0,4.17,rain,10.1,221.1,1014.1,54.4,,0.19,0.0,,
2016-11-08,Lagos,32.0,25.7,28.1,82.7,0.2,100.0,4.17,rain,10.1,221.1,1014.1,54.4,,0.19,0.0,,
2016-11-09,Lagos,32.0,25.7,28.1,82.7,0.2,100.0,4.17,rain,10.1,221.1,1014.1,54.4,,0.19,0.0,,
2016-11-10,Lagos,32.0,25.7,28.1,82.7,0.2,100.0,4.17,rain,10.1,221.1,1014.1,54.4,,0.19,0.0,,
2016-11-11,Lagos,32.8,22.9,27.0,85.1,46.0,100.0,4.17,rain,24.1,233.9,1011.1,54.8,,0.39,1.0,,
2016-11-12,Lagos,32.0,24.0,27.5,84.3,0.4,100.0,4.17,rain,14.8,208.5,1011.0,39.4,,0.43,0.0,,
2016-11-13,Lagos,32.0,24.0,27.5,84.3,0.4,100.0,4.17,rain,14.8,208.5,1011.0,39.4,,0.43,0.0,,
2016-11-14,Lagos,32.0,24.0,27.5,84.3,0.4,100.0,4.17,rain,14.8,208.5,1011.0,39.4,,0.43,0.0,,
2016-11-15,Lagos,32.0,24.0,27.5,84.3,0.4,100.0,4.17,rain,14.8,208.5,1011.0,39.4,,0.43,0.0,,
2016-11-16,Lagos,32.0,26.5,28.5,84.4,1.2,100.0,25.0,rain,13.7,224.9,1009.1,48.0,,0.56,0.0,,
2016-11-17,Lagos,33.0,25.0,28.7,84.1,1.3,100.0,12.5,rain,14.9,212.5,1009.4,55.0,,0.6,0.0,,
2016-11-18,Lagos,33.0,25.0,28.7,84.1,1.3,100.0,12.5,rain,14.9,212.5,1009.4,55.0,,0.6,0.0,,
2016-11-19,Lagos,33.0,25.0,28.7,84.1,1.3,100.0,12.5,rain,14.9,212.5,1009.4,55.0,,0.6,0.0,,
2016-11-20,Lagos,32.1,24.0,28.0,84.7,0.6,100.0,4.17,rain,17.3,197.5,1009.6,62.3,,0.7,0.0,,
2016-11-21,Lagos,32.0,25.0,28.0,86.8,4.0,100.0,4.17,rain,13.0,211.9,1010.4,50.3,,0.75,0.0,,
2016-11-22,Lagos,32.0,25.0,28.0,86.8,4.0,100.0,4.17,rain,13.0,211.9,1010.4,50.3,,0.75,0.0,,
2016-11-23,Lagos,31.0,25.9,27.9,87.8,1.0,100.0,4.17,rain,34.9,174.9,1012.2,48.5,,0.8,0.0,,
2016-11-24,Lagos,31.0,25.9,27.9,87.8,1.0,100.0,4.17,rain,34.9,174.9,1012.2,48.5,,0.8,0.0,,
2016-11-25,Lagos,31.0,25.9,27.9,87.8,1.0,100.0,4.17,rain,34.9,174.9,1012.2,48.5,,0.8,0.0,,
2016-11-26,Lagos,31.0,25.9,27.9,87.8,1.0,100.0,4.17,rain,34.9,174.9,1012.2,48.5,,0.8,0.0,,
2016-11-27,Lagos,34.0,25.0,28.4,81.7,0.4,100.0,16.67,rain,16.6,204.1,1010.0,41.6,,0.93,0.0,,
2016-11-28,Lagos,33.8,22.0,27.3,87.9,44.0,100.0,4.17,rain,14.8,221.6,1010.5,52.6,,0.96,1.0,,
2016-11-29,Lagos,33.8,22.0,27.3,87.9,44.0,100.0,4.17,rain,14.8,221.6,1010.5,52.6,,0.96,1.0,,
2016-11-30,Lagos,33.8,22.0,27.3,87.9,44.0,100.0,4.17,rain,14.8,221.6,1010.5,52.6,,0.96,1.0,,
2016-12-01,Lagos,33.0,26.0,29.1,83.2,0.4,100.0,8.33,rain,14.8,196.3,1012.2,46.4,,0.07,0.0,,
2016-12-02,Lagos,33.0,26.0,29.1,83.2,0.4,100.0,8.33,rain,14.8,196.3,1012.2,46.4,,0.07,0.0,,
2016-12-03,Lagos,33.0,26.0,29.1,83.2,0.4,100.0,8.33,rain,14.8,196.3,1012.2,46.4,,0.07,0.0,,
2016-12-04,Lagos,33.0,26.0,29.1,83.2,0.4,100.0,8.33,rain,14.8,196.3,1012.2,46.4,,0.07,0.0,,
2016-12-05,Lagos,34.0,25.9,28.3,84.3,0.4,100.0,4.17,rain,9.4,201.9,1012.7,40.4,,0.21,0.0,,
2016-12-06,Lagos,34.0,25.9,28.3,84.3,0.4,100.0,4.17,rain,9.4,201.9,1012.7,40.4,,0.21,0.0,,
2016-12-07,Lagos,34.0,25.0,28.9,82.3,0.2,100.0,4.17,rain,11.2,202.4,1011.7,52.9,,0.25,0.0,,
2016-12-08,Lagos,34.0,25.0,28.9,82.3,0.2,100.0,4.17,rain,11.2,202.4,1011.7,52.9,,0.25,0.0,,
2016-12-09,Lagos,34.0,25.0,28.9,82.3,0.2,100.0,4.17,rain,11.2,202.4,1011.7,52.9,,0.25,0.0,,
2016-12-10,Lagos,34.0,25.0,28.9,82.3,0.2,100.0,4.17,rain,11.2,202.4,1011.7,52.9,,0.25,0.0,,
2016-12-11,Lagos,34.0,25.0,28.9,82.3,0.2,100.0,4.17,rain,11.2,202.4,1011.7,52.9,,0.25,0.0,,
2016-12-12,Lagos,34.0,24.0,28.2,81.5,0.1,100.0,4.17,rain,13.0,215.3,1011.0,46.4,,0.45,0.0,,
2016-12-13,Lagos,33.6,26.5,29.1,81.8,0.3,100.0,12.5,rain,14.8,217.4,1010.4,52.0,,0.48,0.0,,
2016-12-14,Lagos,33.6,26.5,29.1,81.8,0.3,100.0,12.5,rain,14.8,217.4,1010.4,52.0,,0.48,0.0,,
2016-12-15,Lagos,34.0,25.0,28.6,80.8,0.2,100.0,4.17,rain,13.0,202.9,1012.4,45.8,,0.55,0.0,,
2016-12-16,Lagos,34.0,25.0,28.6,80.8,0.2,100.0,4.17,rain,13.0,202.9,1012.4,45.8,,0.55,0.0,,
2016-12-17,Lagos,34.0,25.0,28.6,80.8,0.2,100.0,4.17,rain,13.0,202.9,1012.4,45.8,,0.55,0.0,,
2016-12-18,Lagos,34.0,25.0,28.6,80.8,0.2,100.0,4.17,rain,13.0,202.9,1012.4,45.8,,0.55,0.0,,
2016-12-19,Lagos,34.0,25.0,28.6,80.8,0.2,100.0,4.17,rain,13.0,202.9,1012.4,45.8,,0.55,0.0,,
2016-12-20,Lagos,34.0,25.0,28.6,80.8,0.2,100.0,4.17,rain,13.0,202.9,1012.4,45.8,,0.55,0.0,,
2016-12-21,Lagos,34.0,25.0,28.6,80.8,0.2,100.0,4.17,rain,13.0,202.9,1012.4,45.8,,0.55,0.0,,
2016-12-22,Lagos,35.1,25.0,29.1,82.7,0.1,100.0,4.17,rain,11.2,255.2,1009.2,46.3,,0.78,0.0,,
2016-12-23,Lagos,35.1,25.0,29.1,82.7,0.1,100.0,4.17,rain,11.2,255.2,1009.2,46.3,,0.78,0.0,,
2016-12-24,Lagos,34.0,26.0,29.4,80.8,0.3,100.0,12.5,rain,11.4,236.3,1009.7,56.7,,0.84,0.0,,
2016-12-25,Lagos,34.0,26.0,29.4,80.8,0.3,100.0,12.5,rain,11.4,236.3,1009.7,56.7,,0.84,0.0,,
2016-12-26,Lagos,34.0,26.0,29.4,80.8,0.3,100.0,12.5,rain,11.4,236.3,1009.7,56.7,,0.84,0.0,,
2016-12-27,Lagos,34.0,26.0,29.4,80.8,0.3,100.0,12.5,rain,11.4,236.3,1009.7,56.7,,0.84,0.0,,
2016-12-28,Lagos,34.0,26.0,29.4,80.8,0.3,100.0,12.5,rain,11.4,236.3,1009.7,56.7,,0.84,0.0,,
2016-12-29,Lagos,34.0,26.0,29.4,80.8,0.3,100.0,12.5,rain,11.4,236.3,1009.7,56.7,,0.84,0.0,,
2016-12-30,Lagos,34.0,26.0,29.4,80.8,0.3,100.0,12.5,rain,11.4,236.3,1009.7,56.7,,0.84,0.0,,
2016-12-31,Lagos,34.0,26.0,29.4,80.8,0.3,100.0,12.5,rain,11.4,236.3,1009.7,56.7,,0.84,0.0,,
2017-01-01,Lagos,34.0,26.0,29.4,80.8,0.3,100.0,12.5,rain,11.4,236.3,1009.7,56.7,,0.84,0.0,,
2017-01-02,Lagos,34.0,26.0,29.4,80.8,0.3,100.0,12.5,rain,11.4,236.3,1009.7,56.7,,0.84,0.0,,
2017-01-03,Lagos,34.0,26.0,29.4,80.8,0.3,100.0,12.5,rain,11.4,236.3,1009.7,56.7,,0.84,0.0,,
2017-01-04,Lagos,34.0,26.0,29.4,80.8,0.3,100.0,12.5,rain,11.4,236.3,1009.7,56.7,,0.84,0.0,,
2017-01-05,Lagos,34.0,26.0,29.4,80.8,0.3,100.0,12.5,rain,11.4,236.3,1009.7,56.7,,0.84,0.0,,
2017-01-06,Lagos,34.0,26.0,29.4,80.8,0.3,100.0,12.5,rain,11.4,236.3,1009.7,56.7,,0.84,0.0,,
2017-01-07,Lagos,33.0,25.0,28.5,83.9,0.1,100.0,4.17,rain,13.0,185.4,1012.0,37.8,,0.32,0.0,,
2017-01-08,Lagos,33.0,25.0,28.5,83.9,0.1,100.0,4.17,rain,13.0,185.4,1012.0,37.8,,0.32,0.0,,
2017-01-09,Lagos,33.0,25.0,28.5,83.9,0.1,100.0,4.17,rain,13.0,185.4,1012.0,37.8,,0.32,0.0,,
2017-01-10,Lagos,33.0,25.0,28.5,83.9,0.1,100.0,4.17,rain,13.0,185.4,1012.0,37.8,,0.32,0.0,,
2017-01-11,Lagos,33.0,25.0,28.5,83.9,0.1,100.0,4.17,rain,13.0,185.4,1012.0,37.8,,0.32,0.0,,
2017-01-12,Lagos,33.0,25.0,28.5,83.9,0.1,100.0,4.17,rain,13.0,185.4,1012.0,37.8,,0.32,0.0,,
2017-01-13,Lagos,33.0,26.0,28.8,82.7,0.2,100.0,4.17,rain,11.2,239.6,1011.2,46.5,,0.53,0.0,,
2017-01-14,Lagos,33.0,26.0,28.8,82.7,0.2,100.0,4.17,rain,11.2,239.6,1011.2,46.5,,0.53,0.0,,
2017-01-15,Lagos,33.0,26.0,28.8,82.7,0.2,100.0,4.17,rain,11.2,239.6,1011.2,46.5,,0.53,0.0,,
2017-01-16,Lagos,33.0,26.0,28.8,82.7,0.2,100.0,4.17,rain,11.2,239.6,1011.2,46.5,,0.53,0.0,,
2017-01-17,Lagos,33.0,26.0,28.8,82.7,0.2,100.0,4.17,rain,11.2,239.6,1011.2,46.5,,0.53,0.0,,
2017-01-18,Lagos,34.0,25.0,28.8,81.0,0.1,100.0,4.17,rain,13.0,213.5,1010.5,42.3,,0.69,0.0,,
2017-01-19,Lagos,34.0,25.0,28.8,81.0,0.1,100.0,4.17,rain,13.0,213.5,1010.5,42.3,,0.69,0.0,,
2017-01-20,Lagos,34.0,25.0,28.8,81.0,0.1,100.0,4.17,rain,13.0,213.5,1010.5,42.3,,0.69,0.0,,
2017-01-21,Lagos,34.0,26.0,28.9,83.2,0.3,100.0,4.17,rain,20.3,208.4,1010.2,47.8,,0.79,0.0,,
2017-01-22,Lagos,34.0,26.0,28.9,83.2,0.3,100.0,4.17,rain,20.3,208.4,1010.2,47.8,,0.79,0.0,,
2017-01-23,Lagos,34.0,26.0,28.9,83.2,0.3,100.0,4.17,rain,20.3,208.4,1010.2,47.8,,0.79,0.0,,
2017-01-24,Lagos,34.0,26.0,28.9,83.2,0.3,100.0,4.17,rain,20.3,208.4,1010.2,47.8,,0.79,0.0,,
2017-01-25,Lagos,34.0,26.0,28.9,83.2,0.3,100.0,4.17,rain,20.3,208.4,1010.2,47.8,,0.79,0.0,,
2017-01-26,Lagos,34.0,26.0,28.9,83.2,0.3,100.0,4.17,rain,20.3,208.4,1010.2,47.8,,0.79,0.0,,
2017-01-27,Lagos,34.0,26.0,28.9,83.2,0.3,100.0,4.17,rain,20.3,208.4,1010.2,47.8,,0.79,0.0,,
2017-01-28,Lagos,34.0,26.0,28.9,83.2,0.3,100.0,4.17,rain,20.3,208.4,1010.2,47.8,,0.79,0.0,,
2017-01-29,Lagos,34.0,26.0,28.9,83.2,0.3,100.0,4.17,rain,20.3,208.4,1010.2,47.8,,0.79,0.0,,
2017-01-30,Lagos,34.0,26.0,28.9,82.2,1.0,100.0,4.17,rain,14.8,205.9,1011.9,56.2,,0.09,0.0,,
2017-01-31,Lagos,33.0,25.0,28.3,81.5,0.2,100.0,4.17,rain,14.8,231.1,1011.6,57.3,,0.12,0.0,,
2017-02-01,Lagos,32.0,26.0,28.0,82.5,0.3,100.0,4.17,rain,14.8,208.1,1011.3,46.7,,0.16,0.0,,
2017-02-02,Lagos,34.2,25.0,29.0,78.4,0.1,100.0,4.17,rain,14.0,230.3,1011.9,62.4,,0.19,0.0,,
2017-02-03,Lagos,34.2,25.0,29.0,78.4,0.1,100.0,4.17,rain,14.0,230.3,1011.9,62.4,,0.19,0.0,,
2017-02-04,Lagos,34.2,25.0,29.0,78.4,0.1,100.0,4.17,rain,14.0,230.3,1011.9,62.4,,0.19,0.0,,
2017-02-05,Lagos,34.0,25.9,29.2,81.8,0.2,100.0,8.33,rain,16.6,210.1,1010.7,47.0,,0.3,0.0,,
2017-02-06,Lagos,34.0,25.9,29.2,81.8,0.2,100.0,8.33,rain,16.6,210.1,1010.7,47.0,,0.3,0.0,,
2017-02-07,Lagos,34.0,25.9,29.2,81.8,0.2,100.0,8.33,rain,16.6,210.1,1010.7,47.0,,0.3,0.0,,
2017-02-08,Lagos,33.1,26.8,29.2,81.1,1.0,100.0,4.17,rain,11.2,194.2,1009.7,51.2,,0.41,0.0,,
2017-02-09,Lagos,32.0,26.0,28.6,83.3,8.0,100.0,4.17,rain,11.2,208.6,1010.0,49.6,,0.44,0.0,,
2017-02-10,Lagos,32.0,26.0,28.6,83.3,8.0,100.0,4.17,rain,11.2,208.6,1010.0,49.6,,0.44,0.0,,
2017-02-11,Lagos,32.0,26.0,28.6,83.3,8.0,100.0,4.17,rain,11.2,208.6,1010.0,49.6,,0.44,0.0,,
2017-02-12,Lagos,32.8,26.9,29.0,84.1,3.0,100.0,4.17,rain,18.2,176.4,1008.9,47.9,,0.55,0.0,,
2017-02-13,Lagos,36.0,26.9,29.4,79.9,4.0,100.0,4.17,rain,14.8,249.2,1009.5,46.7,,0.58,0.0,,
2017-02-14,Lagos,36.0,26.9,29.4,79.9,4.0,100.0,4.17,rain,14.8,249.2,1009.5,46.7,,0.58,0.0,,
2017-02-15,Lagos,35.0,26.0,29.4,81.3,0.1,100.0,4.17,rain,12.6,194.4,1011.4,49.6,,0.64,0.0,,
2017-02-16,Lagos,35.0,26.0,29.4,81.3,0.1,100.0,4.17,rain,12.6,194.4,1011.4,49.6,,0.64,0.0,,
2017-02-17,Lagos,35.0,26.0,29.4,81.3,0.1,100.0,4.17,rain,12.6,194.4,1011.4,49.6,,0.64,0.0,,
2017-02-18,Lagos,35.0,26.0,29.4,81.3,0.1,100.0,4.17,rain,12.6,194.4,1011.4,49.6,,0.64,0.0,,
2017-02-19,Lagos,35.0,26.0,29.4,81.3,0.1,100.0,4.17,rain,12.6,194.4,1011.4,49.6,,0.64,0.0,,
2017-02-20,Lagos,30.7,25.7,28.1,78.2,0.2,100.0,4.17,rain,16.6,195.3,1011.1,68.2,,0.8,0.0,,
2017-02-21,Lagos,30.7,25.7,28.1,78.2,0.2,100.0,4.17,rain,16.6,195.3,1011.1,68.2,,0.8,0.0,,
2017-02-22,Lagos,30.5,26.7,28.4,83.2,0.5,100.0,12.5,rain,17.6,219.0,1009.7,77.2,,0.87,0.0,,
2017-02-23,Lagos,30.6,26.6,28.4,84.6,1.3,100.0,33.33,rain,18.7,224.8,1009.5,82.1,,0.9,0.0,,
2017-02-24,Lagos,30.8,26.8,28.5,85.8,2.4,100.0,45.83,rain,19.4,224.7,1009.0,47.1,,0.93,0.0,,
2017-02-25,Lagos,30.6,26.7,28.7,85.9,1.4,100.0,50.0,rain,16.9,212.6,1009.5,85.3,,0.96,0.0,,
2017-02-26,Lagos,29.3,26.6,27.8,86.3,2.9,100.0,54.17,rain,18.0,211.8,1009.3,97.2,,0.0,0.0,,
2017-02-27,Lagos,30.2,26.4,28.0,83.5,4.1,100.0,45.83,rain,16.2,228.3,1008.3,95.6,,0.03,0.0,,
2017-02-28,Lagos,31.3,27.0,28.6,84.5,1.4,100.0,25.0,rain,20.2,224.7,1008.1,69.1,,0.07,0.0,,
2017-03-01,Lagos,30.8,26.2,28.0,85.8,3.7,100.0,50.0,rain,20.2,209.5,1009.3,87.1,,0.1,0.0,,
2017-03-02,Lagos,30.7,26.2,28.2,84.5,0.7,100.0,25.0,rain,18.0,217.7,1009.9,41.7,,0.14,0.0,,
2017-03-03,Lagos,30.8,27.0,28.2,86.4,2.0,100.0,41.67,rain,20.9,218.3,1008.7,49.2,,0.17,0.0,,
2017-03-04,Lagos,30.4,26.7,28.2,86.0,1.1,100.0,37.5,rain,18.4,214.8,1007.3,80.5,,0.21,0.0,,
2017-03-05,Lagos,31.3,26.6,28.3,84.6,1.6,100.0,45.83,rain,19.1,217.2,1007.7,25.5,,0.25,0.0,,
2017-03-06,Lagos,30.2,26.7,27.9,86.2,5.6,100.0,62.5,rain,18.0,224.1,1009.0,75.7,,0.28,0.0,,
2017-03-07,Lagos,31.1,26.3,28.3,83.6,1.4,100.0,37.5,rain,22.0,232.9,1008.4,69.7,,0.32,0.0,,
2017-03-08,Lagos,30.6,26.4,28.5,85.1,1.3,100.0,37.5,rain,18.4,224.6,1008.1,64.0,,0.35,0.0,,
2017-03-09,Lagos,30.6,26.8,28.0,86.6,6.6,100.0,54.17,rain,18.4,222.0,1008.3,70.5,,0.39,0.0,,
2017-03-10,Lagos,30.1,26.8,28.4,83.2,1.8,100.0,37.5,rain,15.8,203.2,1008.3,64.0,,0.42,0.0,,
2017-03-11,Lagos,29.9,26.9,28.1,84.0,5.6,100.0,37.5,rain,17.3,220.1,1007.5,55.8,,0.46,0.0,,
2017-03-12,Lagos,30.0,26.3,27.9,84.3,6.0,100.0,45.83,rain,15.1,211.6,1008.4,95.9,,0.5,0.0,,
2017-03-13,Lagos,30.3,26.2,28.2,83.6,2.0,100.0,41.67,rain,15.8,204.9,1008.8,67.4,,0.53,0.0,,
2017-03-14,Lagos,30.4,26.5,28.2,85.0,5.9,100.0,66.67,rain,14.8,202.8,1010.5,79.0,,0.56,0.0,,
2017-03-15,Lagos,30.0,27.0,28.3,85.6,4.2,100.0,20.83,rain,14.4,205.1,1010.0,94.3,,0.59,0.0,,
2017-03-16,Lagos,31.5,27.2,29.1,83.1,0.4,100.0,16.67,rain,19.8,232.9,1007.9,52.1,,0.62,0.0,,
2017-03-17,Lagos,31.3,27.3,28.8,83.7,1.6,100.0,54.17,rain,16.9,221.1,1008.0,81.3,,0.66,0.0,,
2017-03-18,Lagos,32.0,27.0,28.8,82.4,0.9,100.0,29.17,rain,18.4,216.3,1008.7,67.4,,0.69,0.0,,
2017-03-19,Lagos,30.6,27.2,28.1,86.1,6.2,100.0,50.0,rain,19.1,216.8,1009.1,72.4,,0.72,0.0,,
2017-03-20,Lagos,30.2,27.1,28.4,84.2,4.5,100.0,58.33,rain,20.5,232.3,1010.3,70.4,,0.75,0.0,,
2017-03-21,Lagos,30.7,26.9,28.1,85.4,2.5,100.0,37.5,rain,23.0,235.7,1009.5,98.9,,0.79,0.0,,
2017-03-22,Lagos,30.0,26.6,27.9,85.4,7.6,100.0,66.67,rain,22.7,220.8,1010.3,95.5,,0.82,0.0,,
2017-03-23,Lagos,30.0,26.5,27.7,84.1,8.2,100.0,33.33,rain,18.0,213.2,1011.0,83.7,,0.85,0.0,,
2017-03-24,Lagos,29.7,25.7,27.8,82.9,1.7,100.0,33.33,rain,16.9,228.7,1011.0,82.8,,0.88,0.0,,
2017-03-25,Lagos,30.4,26.4,28.3,82.9,0.6,100.0,16.67,rain,16.9,212.0,1010.3,79.2,,0.91,0.0,,
2017-03-26,Lagos,30.4,26.4,28.3,82.9,0.6,100.0,16.67,rain,16.9,212.0,1010.3,79.2,,0.91,0.0,,
2017-03-27,Lagos,30.4,27.0,28.1,85.6,2.5,100.0,20.83,rain,16.6,212.5,1009.8,82.9,,0.98,0.0,,
2017-03-28,Lagos,30.6,27.3,28.6,85.4,0.9,100.0,29.17,rain,14.8,210.0,1009.3,82.8,,0.0,0.0,,
2017-03-29,Lagos,30.6,27.3,28.6,85.4,0.9,100.0,29.17,rain,14.8,210.0,1009.3,82.8,,0.0,0.0,,
2017-03-30,Lagos,30.4,27.3,28.6,86.3,4.3,100.0,50.0,rain,19.1,209.0,1009.4,81.3,,0.08,0.0,,
2017-03-31,Lagos,30.6,27.0,28.1,86.5,2.5,100.0,54.17,rain,22.3,207.9,1010.4,84.3,,0.12,0.0,,
2017-04-01,Lagos,30.4,26.5,28.2,83.7,0.7,100.0,25.0,rain,19.1,205.8,1009.7,88.8,,0.15,0.0,,
2017-04-02,Lagos,30.9,27.2,28.8,81.5,0.6,100.0,20.83,rain,14.8,211.3,1009.2,80.5,,0.19,0.0,,
2017-04-03,Lagos,35.0,27.1,29.6,77.9,0.1,100.0,4.17,rain,14.8,222.7,1009.9,66.4,,0.25,0.0,,
2017-04-04,Lagos,34.1,26.9,29.2,79.6,1.4,100.0,16.67,rain,16.6,228.1,1010.0,64.9,,0.26,0.0,,
2017-04-05,Lagos,30.5,27.2,28.4,85.4,6.1,100.0,41.67,rain,17.6,223.1,1009.8,64.8,,0.29,0.0,,
2017-04-06,Lagos,32.0,26.0,28.1,85.5,2.3,100.0,37.5,rain,18.4,218.0,1009.8,65.3,,0.33,0.0,,
2017-04-07,Lagos,32.0,26.0,28.1,85.5,2.3,100.0,37.5,rain,18.4,218.0,1009.8,65.3,,0.33,0.0,,
2017-04-08,Lagos,32.7,25.0,28.0,88.1,20.0,100.0,4.17,rain,14.8,218.4,1008.5,51.5,,0.4,0.0,,
2017-04-09,Lagos,32.7,25.0,28.0,88.1,20.0,100.0,4.17,rain,14.8,218.4,1008.5,51.5,,0.4,0.0,,
2017-04-10,Lagos,33.0,22.0,27.9,83.0,0.2,100.0,8.33,rain,16.6,202.3,1009.4,59.0,,0.47,0.0,,
2017-04-11,Lagos,30.2,26.6,28.5,86.1,5.5,100.0,33.33,rain,17.6,226.9,1008.6,71.3,,0.5,0.0,,
2017-04-12,Lagos,30.2,26.6,28.5,86.1,5.5,100.0,33.33,rain,17.6,226.9,1008.6,71.3,,0.5,0.0,,
2017-04-13,Lagos,33.0,26.0,28.4,86.7,7.0,100.0,20.83,rain,19.8,215.8,1009.2,80.7,,0.57,0.0,,
2017-04-14,Lagos,32.0,26.6,28.5,82.5,5.0,100.0,4.17,rain,18.4,191.1,1010.3,70.2,,0.6,0.0,,
2017-04-15,Lagos,32.0,25.0,27.9,85.0,9.4,100.0,25.0,rain,19.1,180.2,1010.4,68.9,,0.64,0.0,,
2017-04-16,Lagos,34.0,25.4,28.3,80.5,2.9,100.0,25.0,rain,18.4,119.2,1010.4,80.7,,0.67,0.0,,
2017-04-17,Lagos,34.0,27.3,29.6,79.8,0.1,100.0,4.17,rain,16.6,200.1,1009.9,49.6,,0.7,0.0,,
2017-04-18,Lagos,33.1,27.0,29.7,79.9,0.1,100.0,4.17,rain,18.4,195.2,1010.2,60.0,,0.74,0.0,,
2017-04-19,Lagos,33.1,27.0,29.7,79.9,0.1,100.0,4.17,rain,18.4,195.2,1010.2,60.0,,0.74,0.0,,
2017-04-20,Lagos,30.0,24.0,25.7,91.5,9.0,100.0,8.33,rain,22.3,192.1,1009.7,55.0,,0.8,0.0,,
2017-04-21,Lagos,33.0,23.1,27.8,83.6,23.0,100.0,8.33,rain,20.5,177.8,1010.4,58.6,,0.83,0.0,,
2017-04-22,Lagos,29.8,26.8,28.3,83.1,0.4,100.0,12.5,rain,15.8,234.9,1010.0,90.5,,0.87,0.0,,
2017-04-23,Lagos,29.9,27.0,28.3,83.1,0.1,100.0,4.17,rain,16.6,226.0,1010.6,73.1,,0.9,0.0,,
2017-04-24,Lagos,30.6,27.0,28.3,83.1,0.2,100.0,4.17,rain,16.2,221.6,1010.9,87.8,,0.93,0.0,,
2017-04-25,Lagos,32.0,27.0,28.9,81.6,0.5,100.0,8.33,rain,25.9,183.9,1011.2,66.2,,0.97,0.0,,
2017-04-26,Lagos,32.0,27.0,28.9,81.6,0.5,100.0,8.33,rain,25.9,183.9,1011.2,66.2,,0.97,0.0,,
2017-04-27,Lagos,32.0,27.0,28.9,81.6,0.5,100.0,8.33,rain,25.9,183.9,1011.2,66.2,,0.97,0.0,,
2017-04-28,Lagos,32.0,27.0,28.9,81.6,0.5,100.0,8.33,rain,25.9,183.9,1011.2,66.2,,0.97,0.0,,
2017-04-29,Lagos,32.0,27.0,28.9,81.6,0.5,100.0,8.33,rain,25.9,183.9,1011.2,66.2,,0.97,0.0,,
2017-04-30,Lagos,32.0,27.0,28.9,81.6,0.5,100.0,8.33,rain,25.9,183.9,1011.2,66.2,,0.97,0.0,,
2017-05-01,Lagos,29.0,23.0,26.2,90.2,14.0,100.0,4.17,rain,13.0,297.6,1011.6,46.5,,0.17,0.0,,
2017-05-02,Lagos,29.0,23.0,26.2,90.2,14.0,100.0,4.17,rain,13.0,297.6,1011.6,46.5,,0.17,0.0,,
2017-05-03,Lagos,34.0,25.0,28.7,82.3,0.2,100.0,8.33,rain,19.1,200.8,1010.1,66.4,,0.25,0.0,,
2017-05-04,Lagos,32.0,24.0,28.1,80.8,1.6,100.0,12.5,rain,16.7,162.8,1011.0,59.2,,0.28,0.0,,
2017-05-05,Lagos,32.2,21.6,27.1,81.9,57.0,100.0,8.33,rain,48.2,336.9,1011.6,55.8,,0.31,1.0,,
2017-05-06,Lagos,32.2,21.6,27.1,81.9,57.0,100.0,8.33,rain,48.2,336.9,1011.6,55.8,,0.31,1.0,,
2017-05-07,Lagos,32.0,22.0,27.0,84.5,16.0,100.0,4.17,rain,18.4,175.1,1010.9,50.4,,0.38,0.0,,
2017-05-08,Lagos,32.0,22.0,27.0,84.5,16.0,100.0,4.17,rain,18.4,175.1,1010.9,50.4,,0.38,0.0,,
2017-05-09,Lagos,32.0,22.0,27.0,84.5,16.0,100.0,4.17,rain,18.4,175.1,1010.9,50.4,,0.38,0.0,,
2017-05-10,Lagos,33.8,25.0,29.1,77.9,0.2,100.0,8.33,rain,18.4,176.3,1010.7,51.9,,0.5,0.0,,
2017-05-11,Lagos,29.9,24.0,25.7,92.5,54.0,100.0,4.17,rain,18.4,290.6,1012.2,53.6,,0.52,1.0,,
2017-05-12,Lagos,29.9,24.0,25.7,92.5,54.0,100.0,4.17,rain,18.4,290.6,1012.2,53.6,,0.52,1.0,,
2017-05-13,Lagos,34.0,25.0,29.1,80.6,0.1,100.0,4.17,rain,18.4,253.4,1012.0,45.7,,0.59,0.0,,
2017-05-14,Lagos,33.0,26.0,29.4,82.9,0.5,100.0,8.33,rain,20.5,225.6,1011.4,61.8,,0.62,0.0,,
2017-05-15,Lagos,33.0,26.0,29.4,82.9,0.5,100.0,8.33,rain,20.5,225.6,1011.4,61.8,,0.62,0.0,,
2017-05-16,Lagos,30.0,25.2,27.0,89.9,2.0,100.0,4.17,rain,22.3,239.5,1013.5,71.5,,0.69,0.0,,
2017-05-17,Lagos,32.9,24.0,27.8,82.2,2.0,100.0,4.17,rain,14.8,256.8,1012.6,47.6,,0.72,0.0,,
2017-05-18,Lagos,33.0,24.8,28.1,84.0,1.0,100.0,4.17,rain,21.8,239.2,1011.7,55.0,,0.75,0.0,,
2017-05-19,Lagos,33.0,24.8,28.1,84.0,1.0,100.0,4.17,rain,21.8,239.2,1011.7,55.0,,0.75,0.0,,
2017-05-20,Lagos,29.9,22.0,25.9,91.1,47.0,100.0,4.17,rain,18.4,157.9,1013.3,55.5,,0.82,1.0,,
2017-05-21,Lagos,29.9,22.0,25.9,91.1,47.0,100.0,4.17,rain,18.4,157.9,1013.3,55.5,,0.82,1.0,,
2017-05-22,Lagos,34.0,25.0,29.2,79.8,0.2,100.0,4.17,rain,20.5,259.6,1011.0,60.6,,0.89,0.0,,
2017-05-23,Lagos,32.0,26.2,29.2,83.2,1.0,100.0,4.17,rain,20.3,249.1,1011.0,57.8,,0.92,0.0,,
2017-05-24,Lagos,33.0,26.9,29.4,79.9,0.1,100.0,4.17,rain,25.9,252.7,1012.0,59.9,,0.95,0.0,,
2017-05-25,Lagos,28.0,22.6,26.3,87.7,10.0,100.0,4.17,rain,25.9,130.2,1013.1,58.2,,0.0,0.0,,
2017-05-26,Lagos,32.0,25.0,27.0,85.0,5.0,100.0,4.17,rain,11.2,263.5,1014.0,51.4,,0.02,0.0,,
2017-05-27,Lagos,32.3,25.8,28.3,82.4,0.8,100.0,12.5,rain,14.8,240.3,1014.0,55.0,,0.06,0.0,,
2017-05-28,Lagos,32.0,26.0,28.4,83.6,0.8,100.0,4.17,rain,25.9,244.1,1014.3,55.7,,0.09,0.0,,
2017-05-29,Lagos,33.0,26.1,29.0,81.9,0.2,100.0,8.33,rain,18.4,237.0,1013.4,54.4,,0.12,0.0,,
2017-05-30,Lagos,31.0,24.9,27.8,84.9,0.4,100.0,4.17,rain,44.6,263.9,1013.5,59.2,,0.16,0.0,,
2017-05-31,Lagos,28.0,24.2,26.0,89.9,8.0,100.0,4.17,rain,18.4,238.9,1015.2,47.5,,0.19,0.0,,
2017-06-01,Lagos,28.0,24.2,26.0,89.9,8.0,100.0,4.17,rain,18.4,238.9,1015.2,47.5,,0.19,0.0,,
2017-06-02,Lagos,28.0,24.2,26.0,89.9,8.0,100.0,4.17,rain,18.4,238.9,1015.2,47.5,,0.19,0.0,,
2017-06-03,Lagos,30.0,24.0,26.8,89.8,11.0,100.0,8.33,rain,13.0,230.7,1013.5,67.5,,0.29,0.0,,
2017-06-04,Lagos,28.0,21.0,25.2,90.3,63.0,100.0,4.17,rain,51.8,348.2,1013.5,64.8,,0.33,1.0,,
2017-06-05,Lagos,30.1,23.0,26.1,90.3,7.0,100.0,4.17,rain,18.3,265.4,1013.0,65.7,,0.36,0.0,,
2017-06-06,Lagos,30.0,24.8,26.5,89.7,5.0,100.0,4.17,rain,14.8,255.4,1013.5,55.1,,0.4,0.0,,
2017-06-07,Lagos,32.0,24.1,27.2,87.7,0.9,100.0,8.33,rain,11.2,234.0,1013.6,61.6,,0.43,0.0,,
2017-06-08,Lagos,32.0,25.4,28.0,85.2,2.0,100.0,4.17,rain,14.8,219.7,1011.8,62.7,,0.46,0.0,,
2017-06-09,Lagos,31.4,27.0,28.4,86.1,3.7,100.0,16.67,rain,20.5,244.1,1010.6,58.0,,0.5,0.0,,
2017-06-10,Lagos,30.9,26.0,27.5,89.8,5.0,100.0,4.17,rain,22.3,238.6,1011.6,66.4,,0.53,0.0,,
2017-06-11,Lagos,30.9,26.0,27.5,89.8,5.0,100.0,4.17,rain,22.3,238.6,1011.6,66.4,,0.53,0.0,,
2017-06-12,Lagos,27.0,23.0,25.3,92.1,49.0,100.0,4.17,rain,15.5,238.3,1011.8,82.2,,0.6,1.0,,
2017-06-13,Lagos,27.7,24.8,26.0,88.6,16.7,100.0,95.83,rain,19.1,241.0,1012.1,97.1,,0.63,0.0,,
2017-06-14,Lagos,28.0,25.0,26.1,90.0,19.1,100.0,58.33,rain,13.0,257.4,1013.3,88.4,,0.67,0.0,,
2017-06-15,Lagos,30.0,24.0,26.5,90.3,0.5,100.0,4.17,rain,16.6,250.0,1013.0,61.6,,0.7,0.0,,
2017-06-16,Lagos,30.0,22.0,26.8,85.7,12.5,100.0,4.17,rain,22.3,263.9,1013.2,62.9,,0.74,0.0,,
2017-06-17,Lagos,29.0,22.0,25.4,86.7,1.8,100.0,12.5,rain,20.5,230.5,1012.9,51.1,,0.75,0.0,,
2017-06-18,Lagos,29.2,24.1,26.9,85.3,0.1,100.0,4.17,rain,18.4,242.7,1011.6,60.8,,0.81,0.0,,
2017-06-19,Lagos,31.0,24.0,27.2,84.7,0.3,100.0,8.33,rain,27.7,252.7,1012.1,72.2,,0.84,0.0,,
2017-06-20,Lagos,28.0,23.9,25.6,90.9,29.0,100.0,8.33,rain,16.6,259.5,1013.9,60.6,,0.87,0.0,,
2017-06-21,Lagos,29.3,24.4,26.6,85.7,4.3,100.0,70.83,rain,13.0,291.2,1012.6,74.4,,0.91,0.0,,
2017-06-22,Lagos,31.0,25.1,27.8,85.1,99.0,100.0,8.33,rain,18.4,260.1,1012.6,61.1,,0.94,1.0,,
2017-06-23,Lagos,30.0,26.0,27.1,88.4,2.0,100.0,4.17,rain,20.5,238.8,1012.4,58.9,,0.98,0.0,,
2017-06-24,Lagos,30.0,24.9,27.0,84.3,10.0,100.0,4.17,rain,14.8,240.4,1012.4,67.7,,0.0,0.0,,
2017-06-25,Lagos,30.0,24.9,26.6,88.9,16.0,100.0,8.33,rain,14.8,272.2,1013.4,63.0,,0.04,0.0,,
2017-06-26,Lagos,32.0,23.9,26.6,84.8,2.5,100.0,12.5,rain,22.3,302.8,1013.1,55.2,,0.08,0.0,,
2017-06-27,Lagos,30.0,24.0,27.3,84.8,0.1,100.0,4.17,rain,13.0,251.6,1013.5,65.6,,0.11,0.0,,
2017-06-28,Lagos,30.0,24.9,27.0,87.3,22.0,100.0,4.17,rain,14.8,252.5,1014.4,55.8,,0.14,0.0,,
2017-06-29,Lagos,28.4,25.0,26.2,91.5,11.0,100.0,8.33,rain,20.5,234.3,1014.5,68.5,,0.18,0.0,,
2017-06-30,Lagos,30.0,24.0,26.3,88.0,0.3,100.0,4.17,rain,16.6,258.6,1015.3,61.0,,0.21,0.0,,
2017-07-01,Lagos,29.0,24.0,25.9,90.7,20.0,100.0,8.33,rain,16.6,251.1,1014.7,73.1,,0.25,0.0,,
2017-07-02,Lagos,30.0,24.9,27.0,86.0,2.2,100.0,25.0,rain,13.1,232.7,1014.2,85.2,,0.28,0.0,,
2017-07-03,Lagos,29.0,24.0,26.8,87.0,5.8,100.0,8.33,rain,22.3,240.9,1014.4,74.4,,0.31,0.0,,
2017-07-04,Lagos,28.2,25.1,26.6,88.3,1.4,100.0,8.33,rain,22.3,256.5,1014.5,62.1,,0.34,0.0,,
2017-07-05,Lagos,27.8,24.0,25.5,92.8,10.0,100.0,8.33,rain,24.1,257.5,1015.3,70.7,,0.38,0.0,,
2017-07-06,Lagos,25.2,23.0,24.2,95.7,66.0,100.0,12.5,rain,18.4,264.0,1015.8,65.8,,0.41,1.0,,
2017-07-07,Lagos,27.9,23.8,25.3,92.2,0.9,100.0,4.17,rain,13.0,253.6,1015.3,79.9,,0.44,0.0,,
2017-07-08,Lagos,25.1,24.0,24.6,95.5,18.1,100.0,8.33,rain,14.8,247.9,1015.2,71.5,,0.48,0.0,,
2017-07-09,Lagos,27.0,23.0,24.9,92.6,15.0,100.0,8.33,rain,22.3,244.0,1015.6,66.7,,0.5,0.0,,
2017-07-10,Lagos,29.1,22.0,25.8,83.0,0.9,100.0,16.67,rain,22.3,235.3,1015.7,64.9,,0.55,0.0,,
2017-07-11,Lagos,30.0,21.8,25.7,81.0,0.1,100.0,4.17,rain,20.5,250.3,1016.9,55.3,,0.58,0.0,,
2017-07-12,Lagos,30.0,23.0,26.0,82.2,0.1,100.0,4.17,rain,14.8,255.2,1016.6,57.9,,0.62,0.0,,
2017-07-13,Lagos,29.9,23.8,25.9,85.2,0.1,100.0,4.17,rain,17.6,244.0,1015.6,69.9,,0.65,0.0,,
2017-07-14,Lagos,29.1,24.3,26.3,82.8,1.5,100.0,45.83,rain,18.4,250.5,1014.6,67.1,,0.69,0.0,,
2017-07-15,Lagos,30.0,23.9,26.6,84.2,0.1,100.0,4.17,rain,20.5,267.7,1014.9,56.8,,0.72,0.0,,
2017-07-16,Lagos,27.3,24.2,25.8,88.3,7.4,100.0,45.83,rain,22.3,251.8,1014.5,73.7,,0.75,0.0,,
2017-07-17,Lagos,26.0,25.0,25.6,91.5,8.0,100.0,8.33,rain,22.3,255.9,1014.3,62.9,,0.79,0.0,,
2017-07-18,Lagos,28.0,23.8,25.4,91.9,5.0,100.0,8.33,rain,20.5,245.6,1015.2,66.4,,0.83,0.0,,
2017-07-19,Lagos,27.0,25.3,26.0,87.9,2.4,100.0,66.67,rain,16.6,221.3,1015.6,79.0,,0.86,0.0,,
2017-07-20,Lagos,27.8,24.6,26.0,88.2,1.7,100.0,45.83,rain,18.4,238.9,1014.1,50.9,,0.9,0.0,,
2017-07-21,Lagos,27.4,24.8,25.9,87.7,4.2,100.0,54.17,rain,17.3,245.2,1013.2,71.3,,0.93,0.0,,
2017-07-22,Lagos,26.3,24.7,25.4,90.3,38.9,100.0,87.5,rain,29.9,246.8,1012.8,100.0,,0.97,1.0,,
2017-07-23,Lagos,28.0,23.6,25.5,89.8,23.0,100.0,8.33,rain,31.7,255.5,1015.3,84.9,,0.0,0.0,,
2017-07-24,Lagos,27.0,24.0,25.3,88.9,6.0,100.0,12.5,rain,23.8,245.1,1015.5,63.0,,0.03,0.0,,
2017-07-25,Lagos,26.0,24.2,25.2,88.6,5.0,100.0,8.33,rain,31.7,248.6,1015.6,84.0,,0.07,0.0,,
2017-07-26,Lagos,29.0,24.0,25.5,87.9,0.9,100.0,20.83,rain,18.4,236.5,1014.4,64.0,,0.1,0.0,,
2017-07-27,Lagos,27.4,24.3,25.5,87.6,1.1,100.0,37.5,rain,13.3,239.8,1013.1,62.7,,0.13,0.0,,
2017-07-28,Lagos,27.4,24.3,25.5,87.6,1.1,100.0,37.5,rain,13.3,239.8,1013.1,62.7,,0.13,0.0,,
2017-07-29,Lagos,28.0,24.8,25.9,87.6,0.1,100.0,4.17,rain,22.3,250.0,1015.0,73.4,,0.2,0.0,,
2017-07-30,Lagos,29.0,24.2,26.0,84.8,0.5,100.0,16.67,rain,25.9,253.0,1014.3,75.2,,0.25,0.0,,
2017-07-31,Lagos,28.0,24.8,25.9,85.3,0.1,100.0,4.17,rain,27.7,249.6,1014.6,66.4,,0.26,0.0,,
2017-08-01,Lagos,28.0,24.4,25.5,87.8,2.3,100.0,29.17,rain,24.1,260.5,1014.8,81.9,,0.29,0.0,,
2017-08-02,Lagos,26.4,23.9,25.2,92.4,9.0,100.0,8.33,rain,22.3,249.5,1015.5,73.8,,0.33,0.0,,
2017-08-03,Lagos,25.1,23.9,24.3,93.0,8.0,100.0,4.17,rain,24.1,260.9,1016.3,72.2,,0.36,0.0,,
2017-08-04,Lagos,26.9,22.4,24.6,90.2,4.0,100.0,4.17,rain,22.3,256.5,1014.4,94.0,,0.39,0.0,,
2017-08-05,Lagos,26.6,22.1,24.6,90.7,7.0,100.0,4.17,rain,22.3,251.3,1014.1,91.6,,0.43,0.0,,
2017-08-06,Lagos,26.6,22.1,24.6,90.7,7.0,100.0,4.17,rain,22.3,251.3,1014.1,91.6,,0.43,0.0,,
2017-08-07,Lagos,28.8,23.0,25.4,85.6,0.6,100.0,12.5,rain,25.9,262.1,1015.2,70.3,,0.5,0.0,,
2017-08-08,Lagos,28.0,23.0,25.0,88.2,0.3,100.0,8.33,rain,18.4,239.0,1015.1,61.7,,0.53,0.0,,
2017-08-09,Lagos,27.0,23.7,25.0,90.5,0.6,100.0,12.5,rain,20.5,236.3,1015.5,69.2,,0.56,0.0,,
2017-08-10,Lagos,28.7,24.0,25.8,87.5,0.2,100.0,8.33,rain,22.3,247.9,1015.0,66.3,,0.6,0.0,,
2017-08-11,Lagos,28.7,24.0,25.8,87.5,0.2,100.0,8.33,rain,22.3,247.9,1015.0,66.3,,0.6,0.0,,
2017-08-12,Lagos,28.7,24.0,25.8,87.5,0.2,100.0,8.33,rain,22.3,247.9,1015.0,66.3,,0.6,0.0,,
2017-08-13,Lagos,28.7,24.0,25.8,87.5,0.2,100.0,8.33,rain,22.3,247.9,1015.0,66.3,,0.6,0.0,,
2017-08-14,Lagos,27.8,24.8,25.7,88.0,2.0,100.0,16.67,rain,24.1,249.0,1012.7,80.6,,0.74,0.0,,
2017-08-15,Lagos,29.6,24.8,25.9,87.0,1.6,100.0,41.67,rain,27.7,233.9,1013.2,90.6,,0.75,0.0,,
2017-08-16,Lagos,28.0,24.0,25.6,88.2,0.7,100.0,16.67,rain,22.3,256.4,1013.1,81.1,,0.81,0.0,,
2017-08-17,Lagos,26.0,23.0,24.7,90.2,17.0,100.0,4.17,rain,25.2,254.3,1012.1,74.5,,0.85,0.0,,
2017-08-18,Lagos,28.0,24.0,25.5,86.3,0.1,100.0,4.17,rain,20.5,231.3,1012.1,82.4,,0.88,0.0,,
2017-08-19,Lagos,29.1,22.9,25.2,84.8,0.8,100.0,29.17,rain,14.4,218.7,1013.2,58.3,,0.92,0.0,,
2017-08-20,Lagos,29.1,23.0,25.3,84.6,0.2,100.0,8.33,rain,20.5,227.2,1014.0,61.3,,0.95,0.0,,
2017-08-21,Lagos,27.0,24.0,25.1,85.1,0.8,100.0,20.83,rain,25.9,246.6,1013.8,66.9,,0.0,0.0,,
2017-08-22,Lagos,27.0,24.0,25.1,85.1,0.8,100.0,20.83,rain,25.9,246.6,1013.8,66.9,,0.0,0.0,,
2017-08-23,Lagos,27.0,24.0,25.1,85.1,0.8,100.0,20.83,rain,25.9,246.6,1013.8,66.9,,0.0,0.0,,
2017-08-24,Lagos,27.0,24.0,25.1,85.1,0.8,100.0,20.83,rain,25.9,246.6,1013.8,66.9,,0.0,0.0,,
2017-08-25,Lagos,25.0,21.9,23.6,91.9,39.0,100.0,4.17,rain,20.5,255.7,1013.0,56.6,,0.12,1.0,,
2017-08-26,Lagos,28.0,22.0,24.6,88.9,4.0,100.0,4.17,rain,18.4,268.0,1013.8,58.0,,0.15,0.0,,
2017-08-27,Lagos,27.0,23.0,25.0,89.2,0.8,100.0,12.5,rain,22.3,257.1,1014.6,64.8,,0.18,0.0,,
2017-08-28,Lagos,27.0,23.0,25.0,89.2,0.8,100.0,12.5,rain,22.3,257.1,1014.6,64.8,,0.18,0.0,,
2017-08-29,Lagos,27.0,23.0,25.0,89.2,0.8,100.0,12.5,rain,22.3,257.1,1014.6,64.8,,0.18,0.0,,
2017-08-30,Lagos,28.0,24.0,25.2,88.1,3.0,100.0,4.17,rain,27.7,249.3,1014.2,69.3,,0.28,0.0,,
2017-08-31,Lagos,28.0,24.0,25.2,87.7,0.2,100.0,8.33,rain,25.9,256.8,1014.5,71.8,,0.31,0.0,,
2017-09-01,Lagos,28.0,24.0,25.2,87.7,0.2,100.0,8.33,rain,25.9,256.8,1014.5,71.8,,0.31,0.0,,
2017-09-02,Lagos,28.0,24.0,25.2,87.7,0.2,100.0,8.33,rain,25.9,256.8,1014.5,71.8,,0.31,0.0,,
2017-09-03,Lagos,28.0,24.0,25.2,87.7,0.2,100.0,8.33,rain,25.9,256.8,1014.5,71.8,,0.31,0.0,,
2017-09-04,Lagos,28.0,24.0,25.2,87.7,0.2,100.0,8.33,rain,25.9,256.8,1014.5,71.8,,0.31,0.0,,
2017-09-05,Lagos,28.0,24.0,25.2,87.7,0.2,100.0,8.33,rain,25.9,256.8,1014.5,71.8,,0.31,0.0,,
2017-09-06,Lagos,28.0,24.0,25.2,87.7,0.2,100.0,8.33,rain,25.9,256.8,1014.5,71.8,,0.31,0.0,,
2017-09-07,Lagos,26.0,23.0,24.3,92.4,11.0,100.0,8.33,rain,20.5,265.1,1013.5,69.1,,0.54,0.0,,
2017-09-08,Lagos,27.0,23.6,24.8,91.2,25.0,100.0,8.33,rain,20.5,259.4,1013.8,81.3,,0.58,0.0,,
2017-09-09,Lagos,27.0,23.6,24.8,91.2,25.0,100.0,8.33,rain,20.5,259.4,1013.8,81.3,,0.58,0.0,,
2017-09-10,Lagos,27.0,23.6,24.8,91.2,25.0,100.0,8.33,rain,20.5,259.4,1013.8,81.3,,0.58,0.0,,
2017-09-11,Lagos,27.0,21.0,24.7,89.2,290.0,100.0,8.33,rain,22.3,245.7,1012.9,80.0,,0.69,1.0,,
2017-09-12,Lagos,27.0,21.0,24.7,89.2,290.0,100.0,8.33,rain,22.3,245.7,1012.9,80.0,,0.69,1.0,,
2017-09-13,Lagos,27.0,21.0,24.7,89.2,290.0,100.0,8.33,rain,22.3,245.7,1012.9,80.0,,0.69,1.0,,
2017-09-14,Lagos,27.0,21.0,24.7,89.2,290.0,100.0,8.33,rain,22.3,245.7,1012.9,80.0,,0.69,1.0,,
2017-09-15,Lagos,28.0,24.9,26.2,86.5,0.3,100.0,12.5,rain,25.9,256.7,1013.4,59.9,,0.83,0.0,,
2017-09-16,Lagos,30.0,24.6,26.2,85.8,2.0,100.0,4.17,rain,24.1,262.8,1013.7,67.2,,0.86,0.0,,
2017-09-17,Lagos,30.0,24.6,26.2,85.8,2.0,100.0,4.17,rain,24.1,262.8,1013.7,67.2,,0.86,0.0,,
2017-09-18,Lagos,30.1,23.8,26.0,86.2,0.7,100.0,20.83,rain,18.4,258.4,1014.6,60.6,,0.94,0.0,,
2017-09-19,Lagos,30.0,25.0,26.4,86.3,0.6,100.0,12.5,rain,24.1,249.7,1013.4,71.7,,0.97,0.0,,
2017-09-20,Lagos,27.7,24.9,26.1,87.1,0.8,100.0,33.33,rain,18.0,228.3,1012.2,52.9,,0.0,0.0,,
2017-09-21,Lagos,28.0,25.1,26.1,86.7,3.1,100.0,50.0,rain,24.1,236.9,1011.9,77.4,,0.04,0.0,,
2017-09-22,Lagos,30.0,24.8,26.9,80.1,0.6,100.0,16.67,rain,22.3,250.7,1013.5,65.4,,0.07,0.0,,
2017-09-23,Lagos,30.0,24.8,26.9,80.1,0.6,100.0,16.67,rain,22.3,250.7,1013.5,65.4,,0.07,0.0,,
2017-09-24,Lagos,29.0,21.8,25.3,87.5,49.0,100.0,8.33,rain,27.7,261.9,1014.5,52.0,,0.14,1.0,,
2017-09-25,Lagos,31.0,23.2,26.7,85.6,0.1,100.0,4.17,rain,24.1,262.7,1013.0,60.5,,0.17,0.0,,
2017-09-26,Lagos,25.0,22.8,24.1,95.1,4.0,100.0,4.17,rain,27.7,275.6,1012.1,52.4,,0.2,0.0,,
2017-09-27,Lagos,25.0,22.8,24.1,95.1,4.0,100.0,4.17,rain,27.7,275.6,1012.1,52.4,,0.2,0.0,,
2017-09-28,Lagos,29.0,22.0,25.5,88.5,0.2,100.0,4.17,rain,20.5,265.0,1013.5,51.3,,0.25,0.0,,
2017-09-29,Lagos,29.0,24.2,26.2,88.5,1.0,100.0,4.17,rain,137.2,246.6,1013.2,63.4,,0.3,0.0,,
2017-09-30,Lagos,32.0,22.0,26.6,82.8,6.0,100.0,4.17,rain,27.7,237.3,1012.2,55.9,,0.33,0.0,,
2017-10-01,Lagos,32.0,22.0,26.6,82.8,6.0,100.0,4.17,rain,27.7,237.3,1012.2,55.9,,0.33,0.0,,
2017-10-02,Lagos,29.0,23.9,26.0,86.7,5.0,100.0,4.17,rain,18.4,260.9,1011.8,53.4,,0.39,0.0,,
2017-10-03,Lagos,29.0,23.9,26.0,86.7,5.0,100.0,4.17,rain,18.4,260.9,1011.8,53.4,,0.39,0.0,,
2017-10-04,Lagos,30.1,22.8,26.4,87.2,25.0,100.0,4.17,rain,25.9,261.7,1012.3,60.9,,0.46,0.0,,
2017-10-05,Lagos,30.0,24.0,26.2,87.4,1.0,100.0,4.17,rain,25.9,255.9,1012.1,63.7,,0.5,0.0,,
2017-10-06,Lagos,31.0,23.9,26.9,85.8,0.2,100.0,8.33,rain,27.7,269.6,1011.7,60.5,,0.52,0.0,,
2017-10-07,Lagos,30.0,23.9,25.8,90.5,27.0,100.0,4.17,rain,22.3,266.3,1011.7,68.4,,0.56,0.0,,
2017-10-08,Lagos,28.0,23.8,25.8,89.2,0.7,100.0,4.17,rain,18.4,269.5,1012.5,66.9,,0.6,0.0,,
2017-10-09,Lagos,32.0,24.9,27.4,85.5,0.1,100.0,4.17,rain,24.1,255.8,1012.0,53.1,,0.63,0.0,,
2017-10-10,Lagos,31.0,21.9,26.5,87.0,35.0,100.0,4.17,rain,25.9,263.7,1011.8,64.2,,0.67,1.0,,
2017-10-11,Lagos,31.0,21.9,26.5,87.0,35.0,100.0,4.17,rain,25.9,263.7,1011.8,64.2,,0.67,1.0,,
2017-10-12,Lagos,28.0,22.0,24.9,92.6,17.0,100.0,4.17,rain,20.5,259.5,1013.4,58.3,,0.75,0.0,,
2017-10-13,Lagos,28.0,22.0,24.9,92.6,17.0,100.0,4.17,rain,20.5,259.5,1013.4,58.3,,0.75,0.0,,
2017-10-14,Lagos,28.0,22.0,24.9,92.6,17.0,100.0,4.17,rain,20.5,259.5,1013.4,58.3,,0.75,0.0,,
2017-10-15,Lagos,31.0,24.9,27.4,84.8,0.1,100.0,4.17,rain,22.3,252.4,1012.9,55.7,,0.85,0.0,,
2017-10-16,Lagos,31.0,25.0,27.3,86.7,0.2,100.0,4.17,rain,20.5,268.0,1014.0,61.5,,0.88,0.0,,
2017-10-17,Lagos,32.1,25.0,27.8,86.5,2.0,100.0,4.17,rain,24.1,267.5,1014.2,58.1,,0.92,0.0,,
2017-10-18,Lagos,32.1,25.0,27.8,86.5,2.0,100.0,4.17,rain,24.1,267.5,1014.2,58.1,,0.92,0.0,,
2017-10-19,Lagos,32.1,25.0,27.8,86.5,2.0,100.0,4.17,rain,24.1,267.5,1014.2,58.1,,0.92,0.0,,
2017-10-20,Lagos,31.0,24.9,27.6,84.2,0.1,100.0,4.17,rain,20.5,257.0,1013.3,65.9,,0.02,0.0,,
2017-10-21,Lagos,32.0,24.0,27.8,83.9,0.1,100.0,4.17,rain,27.7,262.4,1013.5,57.4,,0.05,0.0,,
2017-10-22,Lagos,30.8,24.0,27.1,87.6,11.0,100.0,4.17,rain,25.9,268.7,1013.5,54.5,,0.09,0.0,,
2017-10-23,Lagos,31.0,25.8,27.5,86.8,5.0,100.0,4.17,rain,27.7,257.6,1012.5,60.4,,0.12,0.0,,
2017-10-24,Lagos,31.0,25.8,27.5,86.8,5.0,100.0,4.17,rain,27.7,257.6,1012.5,60.4,,0.12,0.0,,
2017-10-25,Lagos,31.0,25.8,27.5,86.8,5.0,100.0,4.17,rain,27.7,257.6,1012.5,60.4,,0.12,0.0,,
2017-10-26,Lagos,31.0,25.8,27.5,86.8,5.0,100.0,4.17,rain,27.7,257.6,1012.5,60.4,,0.12,0.0,,
2017-10-27,Lagos,31.4,24.0,26.3,93.1,32.0,100.0,8.33,rain,18.4,264.3,1011.8,55.9,,0.25,1.0,,
2017-10-28,Lagos,30.0,25.0,27.1,87.9,0.6,100.0,8.33,rain,20.5,255.2,1011.1,60.3,,0.28,0.0,,
2017-10-29,Lagos,30.0,25.0,27.1,87.9,0.6,100.0,8.33,rain,20.5,255.2,1011.1,60.3,,0.28,0.0,,
2017-10-30,Lagos,30.0,25.0,27.1,87.9,0.6,100.0,8.33,rain,20.5,255.2,1011.1,60.3,,0.28,0.0,,
2017-10-31,Lagos,31.0,25.9,27.7,86.0,0.2,100.0,4.17,rain,20.5,245.0,1011.6,50.3,,0.38,0.0,,
2017-11-01,Lagos,31.0,25.9,27.7,86.0,0.2,100.0,4.17,rain,20.5,245.0,1011.6,50.3,,0.38,0.0,,
2017-11-02,Lagos,31.0,25.9,27.7,86.0,0.2,100.0,4.17,rain,20.5,245.0,1011.6,50.3,,0.38,0.0,,
2017-11-03,Lagos,31.0,25.9,27.7,86.0,0.2,100.0,4.17,rain,20.5,245.0,1011.6,50.3,,0.38,0.0,,
2017-11-04,Lagos,31.0,23.0,26.4,90.0,12.0,100.0,8.33,rain,55.4,231.9,1012.4,56.9,,0.5,0.0,,
2017-11-05,Lagos,29.5,23.9,26.3,89.3,1.7,100.0,29.17,rain,11.9,227.2,1011.6,63.8,,0.54,0.0,,
2017-11-06,Lagos,28.6,25.2,26.8,85.5,2.3,100.0,54.17,rain,14.0,214.5,1010.0,71.9,,0.58,0.0,,
2017-11-07,Lagos,29.6,25.7,27.6,84.2,1.3,100.0,37.5,rain,11.9,227.0,1009.5,71.5,,0.61,0.0,,
2017-11-08,Lagos,29.5,25.9,27.6,85.0,1.1,100.0,29.17,rain,14.4,224.6,1009.7,46.2,,0.65,0.0,,
2017-11-09,Lagos,29.3,26.1,27.6,84.6,1.6,100.0,45.83,rain,15.1,221.7,1010.2,93.6,,0.68,0.0,,
2017-11-10,Lagos,29.9,25.4,27.6,85.1,2.3,100.0,41.67,rain,16.2,228.1,1010.1,63.6,,0.75,0.0,,
2017-11-11,Lagos,29.6,25.9,27.4,86.3,2.0,100.0,50.0,rain,14.8,227.3,1009.9,64.1,,0.75,0.0,,
2017-11-12,Lagos,28.7,26.0,27.2,86.8,4.8,100.0,37.5,rain,12.2,209.5,1009.5,57.2,,0.79,0.0,,
2017-11-13,Lagos,29.7,25.9,27.6,84.9,6.8,100.0,41.67,rain,12.2,208.5,1009.0,46.4,,0.82,0.0,,
2017-11-14,Lagos,29.0,26.0,27.4,86.4,7.7,100.0,41.67,rain,15.5,214.1,1008.6,46.4,,0.86,0.0,,
2017-11-15,Lagos,29.6,26.3,27.4,86.2,9.3,100.0,50.0,rain,14.4,232.3,1009.0,82.3,,0.89,0.0,,
2017-11-16,Lagos,28.5,26.2,27.3,87.4,5.6,100.0,50.0,rain,15.1,236.0,1009.6,98.1,,0.93,0.0,,
2017-11-17,Lagos,29.0,26.1,27.3,86.0,2.9,100.0,58.33,rain,15.1,228.7,1009.0,72.9,,0.96,0.0,,
2017-11-18,Lagos,28.8,25.8,27.0,87.8,3.4,100.0,62.5,rain,16.2,228.8,1009.5,83.5,,0.0,0.0,,
2017-11-19,Lagos,28.1,25.9,26.8,86.9,5.4,100.0,70.83,rain,14.4,205.0,1009.8,85.1,,0.03,0.0,,
2017-11-20,Lagos,28.8,25.4,26.9,86.7,5.7,100.0,50.0,rain,11.9,203.5,1010.5,82.7,,0.06,0.0,,
2017-11-21,Lagos,29.1,25.0,26.9,86.3,3.7,100.0,37.5,rain,11.2,231.3,1009.9,66.1,,0.1,0.0,,
2017-11-22,Lagos,28.0,25.5,26.7,87.7,9.0,100.0,58.33,rain,13.7,207.6,1009.9,69.3,,0.13,0.0,,
2017-11-23,Lagos,28.9,25.4,26.7,87.3,4.7,100.0,62.5,rain,11.9,204.8,1010.6,75.8,,0.16,0.0,,
2017-11-24,Lagos,31.7,25.9,27.4,84.3,1.3,100.0,50.0,rain,11.9,226.0,1011.1,64.0,,0.2,0.0,,
2017-11-25,Lagos,28.4,25.3,26.9,86.4,1.4,100.0,45.83,rain,11.9,225.7,1011.5,76.8,,0.23,0.0,,
2017-11-26,Lagos,29.6,25.2,27.2,83.2,0.1,100.0,4.17,rain,13.0,225.4,1011.7,32.8,,0.25,0.0,,
2017-11-27,Lagos,33.0,25.2,28.1,81.0,0.2,100.0,8.33,rain,14.8,234.9,1012.9,43.8,,0.3,0.0,,
2017-11-28,Lagos,33.0,25.2,28.1,81.0,0.2,100.0,8.33,rain,14.8,234.9,1012.9,43.8,,0.3,0.0,,
2017-11-29,Lagos,33.0,25.2,28.1,81.0,0.2,100.0,8.33,rain,14.8,234.9,1012.9,43.8,,0.3,0.0,,
2017-11-30,Lagos,33.0,25.2,28.1,81.0,0.2,100.0,8.33,rain,14.8,234.9,1012.9,43.8,,0.3,0.0,,
2017-12-01,Lagos,33.0,25.2,28.1,81.0,0.2,100.0,8.33,rain,14.8,234.9,1012.9,43.8,,0.3,0.0,,
2017-12-02,Lagos,33.0,25.2,28.1,81.0,0.2,100.0,8.33,rain,14.8,234.9,1012.9,43.8,,0.3,0.0,,
2017-12-03,Lagos,33.0,25.2,28.1,81.0,0.2,100.0,8.33,rain,14.8,234.9,1012.9,43.8,,0.3,0.0,,
2017-12-04,Lagos,33.0,25.2,28.1,81.0,0.2,100.0,8.33,rain,14.8,234.9,1012.9,43.8,,0.3,0.0,,
2017-12-05,Lagos,33.0,25.8,28.7,82.3,0.1,100.0,4.17,rain,22.3,242.5,1011.7,43.7,,0.56,0.0,,
2017-12-06,Lagos,33.0,25.8,28.7,82.3,0.1,100.0,4.17,rain,22.3,242.5,1011.7,43.7,,0.56,0.0,,
2017-12-07,Lagos,33.0,25.8,28.7,82.3,0.1,100.0,4.17,rain,22.3,242.5,1011.7,43.7,,0.56,0.0,,
2017-12-08,Lagos,31.0,24.8,27.1,87.1,18.0,100.0,4.17,rain,14.8,230.7,1010.7,44.1,,0.66,0.0,,
2017-12-09,Lagos,27.0,24.0,25.3,92.3,1.0,100.0,4.17,rain,13.0,275.4,1011.7,65.5,,0.7,0.0,,
2017-12-10,Lagos,27.0,24.0,25.3,92.3,1.0,100.0,4.17,rain,13.0,275.4,1011.7,65.5,,0.7,0.0,,
2017-12-11,Lagos,27.0,24.0,25.3,92.3,1.0,100.0,4.17,rain,13.0,275.4,1011.7,65.5,,0.7,0.0,,
2017-12-12,Lagos,27.0,24.0,25.3,92.3,1.0,100.0,4.17,rain,13.0,275.4,1011.7,65.5,,0.7,0.0,,
2017-12-13,Lagos,27.0,24.0,25.3,92.3,1.0,100.0,4.17,rain,13.0,275.4,1011.7,65.5,,0.7,0.0,,
2017-12-14,Lagos,27.0,24.0,25.3,92.3,1.0,100.0,4.17,rain,13.0,275.4,1011.7,65.5,,0.7,0.0,,
2017-12-15,Lagos,27.0,24.0,25.3,92.3,1.0,100.0,4.17,rain,13.0,275.4,1011.7,65.5,,0.7,0.0,,
2017-12-16,Lagos,27.0,24.0,25.3,92.3,1.0,100.0,4.17,rain,13.0,275.4,1011.7,65.5,,0.7,0.0,,
2017-12-17,Lagos,27.0,24.0,25.3,92.3,1.0,100.0,4.17,rain,13.0,275.4,1011.7,65.5,,0.7,0.0,,
2017-12-18,Lagos,27.0,24.0,25.3,92.3,1.0,100.0,4.17,rain,13.0,275.4,1011.7,65.5,,0.7,0.0,,
2017-12-19,Lagos,31.0,26.0,28.1,86.3,5.0,100.0,4.17,rain,14.8,198.3,1011.4,54.4,,0.04,0.0,,
2017-12-20,Lagos,32.0,25.1,28.1,85.7,4.0,100.0,4.17,rain,13.0,217.3,1011.4,47.6,,0.07,0.0,,
2017-12-21,Lagos,32.0,25.1,28.1,85.7,4.0,100.0,4.17,rain,13.0,217.3,1011.4,47.6,,0.07,0.0,,
2017-12-22,Lagos,32.0,25.1,28.1,85.7,4.0,100.0,4.17,rain,13.0,217.3,1011.4,47.6,,0.07,0.0,,
2017-12-23,Lagos,32.0,25.1,28.1,85.7,4.0,100.0,4.17,rain,13.0,217.3,1011.4,47.6,,0.07,0.0,,
2017-12-24,Lagos,32.0,25.1,28.1,85.7,4.0,100.0,4.17,rain,13.0,217.3,1011.4,47.6,,0.07,0.0,,
2017-12-25,Lagos,32.0,25.1,28.1,85.7,4.0,100.0,4.17,rain,13.0,217.3,1011.4,47.6,,0.07,0.0,,
2017-12-26,Lagos,32.0,25.1,28.1,85.7,4.0,100.0,4.17,rain,13.0,217.3,1011.4,47.6,,0.07,0.0,,
2017-12-27,Lagos,32.0,25.1,28.1,85.7,4.0,100.0,4.17,rain,13.0,217.3,1011.4,47.6,,0.07,0.0,,
2017-12-28,Lagos,32.0,25.1,28.1,85.7,4.0,100.0,4.17,rain,13.0,217.3,1011.4,47.6,,0.07,0.0,,
2017-12-29,Lagos,32.0,25.1,28.1,85.7,4.0,100.0,4.17,rain,13.0,217.3,1011.4,47.6,,0.07,0.0,,
2017-12-30,Lagos,32.0,25.1,28.1,85.7,4.0,100.0,4.17,rain,13.0,217.3,1011.4,47.6,,0.07,0.0,,
2017-12-31,Lagos,32.0,25.1,28.1,85.7,4.0,100.0,4.17,rain,13.0,217.3,1011.4,47.6,,0.07,0.0,,
2018-01-01,Lagos,32.0,25.1,28.1,85.7,4.0,100.0,4.17,rain,13.0,217.3,1011.4,47.6,,0.07,0.0,,
2018-01-02,Lagos,32.0,25.1,28.1,85.7,4.0,100.0,4.17,rain,13.0,217.3,1011.4,47.6,,0.07,0.0,,
2018-01-03,Lagos,32.0,25.1,28.1,85.7,4.0,100.0,4.17,rain,13.0,217.3,1011.4,47.6,,0.07,0.0,,
2018-01-04,Lagos,32.0,25.1,28.1,85.7,4.0,100.0,4.17,rain,13.0,217.3,1011.4,47.6,,0.07,0.0,,
2018-01-05,Lagos,32.0,25.1,28.1,85.7,4.0,100.0,4.17,rain,13.0,217.3,1011.4,47.6,,0.07,0.0,,
2018-01-06,Lagos,32.0,25.1,28.1,85.7,4.0,100.0,4.17,rain,13.0,217.3,1011.4,47.6,,0.07,0.0,,
2018-01-07,Lagos,32.0,25.1,28.1,85.7,4.0,100.0,4.17,rain,13.0,217.3,1011.4,47.6,,0.07,0.0,,
2018-01-08,Lagos,32.0,25.1,28.1,85.7,4.0,100.0,4.17,rain,13.0,217.3,1011.4,47.6,,0.07,0.0,,
2018-01-09,lagos,35.0,24.0,28.0,79.5,54.4,100.0,4.17,rain,17.3,197.0,1013.2,32.6,,0.75,1.0,,
2018-01-10,lagos,35.0,24.0,28.0,79.5,54.4,100.0,4.17,rain,17.3,197.0,1013.2,32.6,,0.75,1.0,,
2018-01-11,lagos,35.0,24.0,28.0,79.5,54.4,100.0,4.17,rain,17.3,197.0,1013.2,32.6,,0.75,1.0,,
2018-01-12,lagos,35.0,25.0,28.3,81.4,0.1,100.0,4.17,rain,13.0,235.0,1012.5,43.0,,0.85,0.0,,
2018-01-13,lagos,35.0,25.0,28.3,81.4,0.1,100.0,4.17,rain,13.0,235.0,1012.5,43.0,,0.85,0.0,,
2018-01-14,lagos,35.0,25.0,28.3,81.4,0.1,100.0,4.17,rain,13.0,235.0,1012.5,43.0,,0.85,0.0,,
2018-01-15,lagos,35.0,25.0,28.3,81.4,0.1,100.0,4.17,rain,13.0,235.0,1012.5,43.0,,0.85,0.0,,
2018-01-16,lagos,35.0,25.0,28.3,81.4,0.1,100.0,4.17,rain,13.0,235.0,1012.5,43.0,,0.85,0.0,,
2018-01-17,lagos,35.0,25.0,28.3,81.4,0.1,100.0,4.17,rain,13.0,235.0,1012.5,43.0,,0.85,0.0,,
2018-01-18,lagos,35.0,25.0,28.3,81.4,0.1,100.0,4.17,rain,13.0,235.0,1012.5,43.0,,0.85,0.0,,
2018-01-19,lagos,35.0,25.0,28.3,81.4,0.1,100.0,4.17,rain,13.0,235.0,1012.5,43.0,,0.85,0.0,,
2018-01-20,lagos,35.0,25.0,28.3,81.4,0.1,100.0,4.17,rain,13.0,235.0,1012.5,43.0,,0.85,0.0,,
2018-01-21,lagos,35.0,25.0,28.3,81.4,0.1,100.0,4.17,rain,13.0,235.0,1012.5,43.0,,0.85,0.0,,
2018-01-22,lagos,35.0,25.0,28.3,81.4,0.1,100.0,4.17,rain,13.0,235.0,1012.5,43.0,,0.85,0.0,,
2018-01-23,lagos,35.0,25.0,28.3,81.4,0.1,100.0,4.17,rain,13.0,235.0,1012.5,43.0,,0.85,0.0,,
2018-01-24,lagos,35.0,25.0,28.3,81.4,0.1,100.0,4.17,rain,13.0,235.0,1012.5,43.0,,0.85,0.0,,
2018-01-25,lagos,35.0,25.0,28.3,81.4,0.1,100.0,4.17,rain,13.0,235.0,1012.5,43.0,,0.85,0.0,,
2018-01-26,lagos,35.0,25.0,28.3,81.4,0.1,100.0,4.17,rain,13.0,235.0,1012.5,43.0,,0.85,0.0,,
2018-01-27,lagos,35.0,25.0,28.3,81.4,0.1,100.0,4.17,rain,13.0,235.0,1012.5,43.0,,0.85,0.0,,
2018-01-28,lagos,35.0,25.0,28.3,81.4,0.1,100.0,4.17,rain,13.0,235.0,1012.5,43.0,,0.85,0.0,,
2018-01-29,lagos,35.0,25.0,28.3,81.4,0.1,100.0,4.17,rain,13.0,235.0,1012.5,43.0,,0.85,0.0,,
2018-01-30,lagos,35.0,25.0,28.3,81.4,0.1,100.0,4.17,rain,13.0,235.0,1012.5,43.0,,0.85,0.0,,
2018-01-31,lagos,35.0,25.0,28.3,81.4,0.1,100.0,4.17,rain,13.0,235.0,1012.5,43.0,,0.85,0.0,,
2018-02-01,lagos,35.0,25.0,28.3,81.4,0.1,100.0,4.17,rain,13.0,235.0,1012.5,43.0,,0.85,0.0,,
2018-02-02,lagos,35.0,25.0,28.3,81.4,0.1,100.0,4.17,rain,13.0,235.0,1012.5,43.0,,0.85,0.0,,
2018-02-03,lagos,35.0,25.0,28.3,81.4,0.1,100.0,4.17,rain,13.0,235.0,1012.5,43.0,,0.85,0.0,,
2018-02-04,lagos,35.0,25.0,28.3,81.4,0.1,100.0,4.17,rain,13.0,235.0,1012.5,43.0,,0.85,0.0,,
2018-02-05,lagos,35.0,26.7,29.6,79.2,0.1,100.0,4.17,rain,16.2,210.0,1009.1,49.1,,0.66,0.0,,
2018-02-06,lagos,35.0,26.7,29.6,79.2,0.1,100.0,4.17,rain,16.2,210.0,1009.1,49.1,,0.66,0.0,,
2018-02-07,lagos,35.0,26.7,29.6,79.2,0.1,100.0,4.17,rain,16.2,210.0,1009.1,49.1,,0.66,0.0,,
2018-02-08,lagos,35.0,26.7,29.6,79.2,0.1,100.0,4.17,rain,16.2,210.0,1009.1,49.1,,0.66,0.0,,
2018-02-09,lagos,35.0,26.7,29.6,79.2,0.1,100.0,4.17,rain,16.2,210.0,1009.1,49.1,,0.66,0.0,,
2018-02-10,lagos,34.0,23.8,28.6,83.9,15.0,100.0,4.17,rain,18.4,200.2,1008.9,56.2,,0.82,0.0,,
2018-02-11,lagos,29.0,24.0,26.6,89.9,7.0,100.0,4.17,rain,13.0,218.4,1010.0,52.9,,0.86,0.0,,
2018-02-12,lagos,29.0,24.0,26.6,89.9,7.0,100.0,4.17,rain,13.0,218.4,1010.0,52.9,,0.86,0.0,,
2018-02-13,lagos,29.0,24.0,26.6,89.9,7.0,100.0,4.17,rain,13.0,218.4,1010.0,52.9,,0.86,0.0,,
2018-02-14,lagos,29.0,24.0,26.6,89.9,7.0,100.0,4.17,rain,13.0,218.4,1010.0,52.9,,0.86,0.0,,
2018-02-15,lagos,34.0,26.0,29.1,84.5,0.1,100.0,4.17,rain,14.8,203.3,1011.0,58.5,,0.0,0.0,,
2018-02-16,lagos,34.0,26.0,29.1,84.5,0.1,100.0,4.17,rain,14.8,203.3,1011.0,58.5,,0.0,0.0,,
2018-02-17,lagos,34.0,26.0,29.1,84.5,0.1,100.0,4.17,rain,14.8,203.3,1011.0,58.5,,0.0,0.0,,
2018-02-18,lagos,31.0,24.0,27.8,82.8,0.3,100.0,8.33,rain,16.6,194.8,1010.7,55.2,,0.09,0.0,,
2018-02-19,lagos,31.0,24.0,27.8,82.8,0.3,100.0,8.33,rain,16.6,194.8,1010.7,55.2,,0.09,0.0,,
2018-02-20,lagos,30.0,22.9,26.9,84.5,2.0,100.0,4.17,rain,18.4,218.4,1009.8,55.9,,0.16,0.0,,
2018-02-21,lagos,30.0,22.9,26.9,84.5,2.0,100.0,4.17,rain,18.4,218.4,1009.8,55.9,,0.16,0.0,,
2018-02-22,lagos,30.0,22.9,26.9,84.5,2.0,100.0,4.17,rain,18.4,218.4,1009.8,55.9,,0.16,0.0,,
2018-02-23,lagos,30.0,22.9,26.9,84.5,2.0,100.0,4.17,rain,18.4,218.4,1009.8,55.9,,0.16,0.0,,
2018-02-24,lagos,30.9,22.0,25.9,84.9,10.0,100.0,4.17,rain,22.3,333.9,1011.1,58.1,,0.3,0.0,,
2018-02-25,lagos,34.0,24.2,28.3,83.7,0.4,100.0,4.17,rain,18.4,200.0,1011.2,52.5,,0.34,0.0,,
2018-02-26,lagos,28.0,23.0,25.6,89.8,9.0,100.0,4.17,rain,14.8,236.7,1011.8,61.1,,0.37,0.0,,
2018-02-27,lagos,32.0,23.0,27.0,82.7,9.0,100.0,4.17,rain,22.3,161.6,1012.4,53.8,,0.41,0.0,,
2018-02-28,lagos,32.0,23.0,27.0,82.7,9.0,100.0,4.17,rain,22.3,161.6,1012.4,53.8,,0.41,0.0,,
2018-03-01,lagos,32.0,23.0,27.0,82.7,9.0,100.0,4.17,rain,22.3,161.6,1012.4,53.8,,0.41,0.0,,
2018-03-02,lagos,32.0,25.1,28.4,82.8,0.5,100.0,12.5,rain,18.0,211.8,1012.2,49.3,,0.5,0.0,,
2018-03-03,lagos,32.0,25.1,28.4,82.8,0.5,100.0,12.5,rain,18.0,211.8,1012.2,49.3,,0.5,0.0,,
2018-03-04,lagos,32.0,25.1,28.4,82.8,0.5,100.0,12.5,rain,18.0,211.8,1012.2,49.3,,0.5,0.0,,
2018-03-05,lagos,32.0,25.1,28.4,82.8,0.5,100.0,12.5,rain,18.0,211.8,1012.2,49.3,,0.5,0.0,,
2018-03-06,lagos,32.0,25.1,28.4,82.8,0.5,100.0,12.5,rain,18.0,211.8,1012.2,49.3,,0.5,0.0,,
2018-03-07,lagos,32.0,25.1,28.4,82.8,0.5,100.0,12.5,rain,18.0,211.8,1012.2,49.3,,0.5,0.0,,
2018-03-08,lagos,34.0,25.8,28.6,79.3,0.3,100.0,8.33,rain,21.6,218.7,1012.3,48.3,,0.71,0.0,,
2018-03-09,lagos,33.1,26.0,29.2,76.3,0.2,100.0,4.17,rain,20.5,200.2,1012.3,61.2,,0.75,0.0,,
2018-03-10,lagos,33.1,26.0,29.2,76.3,0.2,100.0,4.17,rain,20.5,200.2,1012.3,61.2,,0.75,0.0,,
2018-03-11,lagos,33.1,26.0,29.2,76.3,0.2,100.0,4.17,rain,20.5,200.2,1012.3,61.2,,0.75,0.0,,
2018-03-12,lagos,35.0,26.8,29.7,76.4,0.1,100.0,4.17,rain,25.9,193.1,1012.9,55.6,,0.84,0.0,,
2018-03-13,lagos,35.0,26.0,29.7,77.8,0.1,100.0,4.17,rain,20.5,196.7,1012.5,58.9,,0.87,0.0,,
2018-03-14,lagos,35.0,26.0,29.7,77.8,0.1,100.0,4.17,rain,20.5,196.7,1012.5,58.9,,0.87,0.0,,
2018-03-15,lagos,34.0,26.9,29.4,81.7,0.1,100.0,4.17,rain,25.9,192.8,1011.2,48.7,,0.93,0.0,,
2018-03-16,lagos,35.0,26.0,29.7,79.0,0.2,100.0,4.17,rain,22.3,211.1,1010.5,55.9,,0.96,0.0,,
2018-03-17,lagos,35.0,26.0,29.7,79.0,0.2,100.0,4.17,rain,22.3,211.1,1010.5,55.9,,0.96,0.0,,
2018-03-18,lagos,35.0,26.0,29.7,79.0,0.2,100.0,4.17,rain,22.3,211.1,1010.5,55.9,,0.96,0.0,,
2018-03-19,lagos,35.0,26.1,29.5,80.1,0.2,100.0,8.33,rain,25.7,219.0,1009.9,55.4,,0.07,0.0,,
2018-03-20,lagos,35.0,26.1,29.5,80.1,0.2,100.0,8.33,rain,25.7,219.0,1009.9,55.4,,0.07,0.0,,
2018-03-21,lagos,33.0,26.9,28.7,82.1,3.7,100.0,8.33,rain,18.7,222.4,1011.6,54.2,,0.14,0.0,,
2018-03-22,lagos,32.0,27.0,28.7,81.4,0.1,100.0,4.17,rain,18.4,235.1,1011.9,52.5,,0.18,0.0,,
2018-03-23,lagos,34.0,24.0,28.5,82.0,0.1,100.0,4.17,rain,27.7,248.4,1011.7,72.4,,0.21,0.0,,
2018-03-24,lagos,33.0,24.0,27.4,81.9,0.2,100.0,8.33,rain,17.5,203.1,1010.4,53.3,,0.25,0.0,,
2018-03-25,lagos,29.8,26.3,27.7,82.7,6.2,100.0,29.17,rain,12.2,230.3,1009.0,94.2,,0.28,0.0,,
2018-03-26,lagos,34.1,26.9,29.6,78.0,0.1,100.0,4.17,rain,18.4,204.2,1010.4,68.4,,0.32,0.0,,
2018-03-27,lagos,34.1,26.9,29.6,78.0,0.1,100.0,4.17,rain,18.4,204.2,1010.4,68.4,,0.32,0.0,,
2018-03-28,lagos,33.0,26.8,28.7,84.0,0.6,100.0,8.33,rain,20.5,212.1,1010.4,72.1,,0.39,0.0,,
2018-03-29,lagos,35.0,26.6,28.4,83.6,3.5,100.0,25.0,rain,18.4,206.6,1009.8,78.4,,0.43,0.0,,
2018-03-30,lagos,35.0,26.6,28.4,83.6,3.5,100.0,25.0,rain,18.4,206.6,1009.8,78.4,,0.43,0.0,,
2018-03-31,lagos,35.0,26.6,28.4,83.6,3.5,100.0,25.0,rain,18.4,206.6,1009.8,78.4,,0.43,0.0,,
2018-04-01,lagos,35.0,26.6,28.4,83.6,3.5,100.0,25.0,rain,18.4,206.6,1009.8,78.4,,0.43,0.0,,
2018-04-02,lagos,32.0,27.0,29.3,83.0,0.4,100.0,12.5,rain,19.4,215.6,1008.2,55.4,,0.56,0.0,,
2018-04-03,lagos,33.0,27.0,29.3,83.2,0.6,100.0,12.5,rain,18.4,208.2,1008.5,59.9,,0.59,0.0,,
2018-04-04,lagos,33.0,27.0,29.4,82.3,0.1,100.0,4.17,rain,22.1,192.1,1009.7,52.7,,0.63,0.0,,
2018-04-05,lagos,32.0,26.0,28.1,86.4,2.9,100.0,25.0,rain,18.4,216.4,1008.8,65.6,,0.66,0.0,,
2018-04-06,lagos,33.0,26.2,28.0,86.3,4.2,100.0,25.0,rain,17.3,207.5,1007.7,57.4,,0.69,0.0,,
2018-04-07,lagos,33.0,25.6,28.4,81.8,0.7,100.0,12.5,rain,16.6,216.7,1008.7,70.7,,0.72,0.0,,
2018-04-08,lagos,32.0,22.0,27.3,85.1,19.0,100.0,4.17,rain,37.1,172.9,1011.0,54.1,,0.75,0.0,,
2018-04-09,lagos,32.0,22.0,27.3,85.1,19.0,100.0,4.17,rain,37.1,172.9,1011.0,54.1,,0.75,0.0,,
2018-04-10,lagos,32.0,22.0,27.3,85.1,19.0,100.0,4.17,rain,37.1,172.9,1011.0,54.1,,0.75,0.0,,
2018-04-11,lagos,32.0,24.0,27.8,83.7,0.1,100.0,4.17,rain,14.8,189.4,1011.1,54.8,,0.85,0.0,,
2018-04-12,lagos,33.0,24.9,28.8,80.6,0.3,100.0,4.17,rain,24.1,194.4,1011.5,54.5,,0.88,0.0,,
2018-04-13,lagos,33.0,25.2,28.3,83.4,1.0,100.0,12.5,rain,22.3,210.7,1012.1,54.1,,0.92,0.0,,
2018-04-14,lagos,33.0,26.1,29.3,78.2,0.6,100.0,4.17,rain,25.0,211.6,1013.0,58.4,,0.95,0.0,,
2018-04-15,lagos,33.0,26.1,29.3,78.2,0.6,100.0,4.17,rain,25.0,211.6,1013.0,58.4,,0.95,0.0,,
2018-04-16,lagos,33.0,26.1,29.3,78.2,0.6,100.0,4.17,rain,25.0,211.6,1013.0,58.4,,0.95,0.0,,
2018-04-17,lagos,33.0,26.1,29.3,78.2,0.6,100.0,4.17,rain,25.0,211.6,1013.0,58.4,,0.95,0.0,,
2018-04-18,lagos,34.0,27.0,29.7,77.5,0.1,100.0,4.17,rain,18.4,195.2,1013.5,62.0,,0.09,0.0,,
2018-04-19,lagos,34.0,27.0,29.7,77.5,0.1,100.0,4.17,rain,18.4,195.2,1013.5,62.0,,0.09,0.0,,
2018-04-20,lagos,28.0,23.0,26.3,88.8,8.0,100.0,4.17,rain,33.5,208.6,1012.2,56.7,,0.16,0.0,,
2018-04-21,lagos,28.0,23.0,26.3,88.8,8.0,100.0,4.17,rain,33.5,208.6,1012.2,56.7,,0.16,0.0,,
2018-04-22,lagos,28.0,23.0,26.3,88.8,8.0,100.0,4.17,rain,33.5,208.6,1012.2,56.7,,0.16,0.0,,
2018-04-23,lagos,28.0,23.0,26.3,88.8,8.0,100.0,4.17,rain,33.5,208.6,1012.2,56.7,,0.16,0.0,,
2018-04-24,lagos,34.0,27.0,29.7,80.5,0.1,100.0,4.17,rain,24.1,202.7,1012.2,54.2,,0.3,0.0,,
2018-04-25,lagos,31.0,25.9,27.6,85.9,1.0,100.0,4.17,rain,13.0,191.8,1012.5,56.3,,0.34,0.0,,
2018-04-26,lagos,33.0,24.8,28.2,78.9,0.1,100.0,4.17,rain,16.6,200.4,1012.0,47.1,,0.37,0.0,,
2018-04-27,lagos,33.0,24.8,28.2,78.9,0.1,100.0,4.17,rain,16.6,200.4,1012.0,47.1,,0.37,0.0,,
2018-04-28,lagos,33.0,25.8,29.0,81.3,0.1,100.0,4.17,rain,22.3,217.5,1012.4,53.3,,0.44,0.0,,
2018-04-29,lagos,34.1,26.8,29.9,77.3,0.1,100.0,4.17,rain,24.1,191.4,1012.4,51.0,,0.48,0.0,,
2018-04-30,lagos,33.0,27.0,29.2,80.2,0.2,100.0,4.17,rain,18.0,196.3,1012.5,62.9,,0.5,0.0,,
2018-05-01,lagos,34.0,26.0,29.4,78.7,0.1,100.0,4.17,rain,21.2,196.2,1012.5,52.3,,0.55,0.0,,
2018-05-02,lagos,35.0,26.8,29.9,77.9,0.5,100.0,4.17,rain,21.5,187.7,1011.6,62.0,,0.58,0.0,,
2018-05-03,lagos,32.1,23.0,27.5,82.0,3.0,100.0,4.17,rain,27.1,156.6,1011.6,56.0,,0.61,0.0,,
2018-05-04,lagos,31.0,22.8,26.5,85.2,16.0,100.0,4.17,rain,33.5,225.9,1011.7,56.9,,0.64,0.0,,
2018-05-05,lagos,31.0,25.8,27.4,85.7,2.5,100.0,33.33,rain,16.6,204.8,1011.4,69.3,,0.68,0.0,,
2018-05-06,lagos,32.1,25.0,27.9,83.4,2.0,100.0,20.83,rain,16.6,203.4,1012.6,67.7,,0.71,0.0,,
2018-05-07,lagos,33.1,25.0,28.8,80.8,0.1,100.0,4.17,rain,20.5,185.2,1013.2,57.8,,0.74,0.0,,
2018-05-08,lagos,29.0,22.0,26.4,87.3,26.0,100.0,4.17,rain,92.5,136.0,1011.4,42.9,,0.75,0.0,,
2018-05-09,lagos,29.0,22.0,26.4,87.3,26.0,100.0,4.17,rain,92.5,136.0,1011.4,42.9,,0.75,0.0,,
2018-05-10,lagos,29.0,22.0,26.4,87.3,26.0,100.0,4.17,rain,92.5,136.0,1011.4,42.9,,0.75,0.0,,
2018-05-11,lagos,29.0,22.0,26.4,87.3,26.0,100.0,4.17,rain,92.5,136.0,1011.4,42.9,,0.75,0.0,,
2018-05-12,lagos,31.8,24.8,26.7,87.8,5.0,100.0,4.17,rain,11.2,238.2,1013.4,62.0,,0.9,0.0,,
2018-05-13,lagos,31.0,23.1,27.0,85.5,50.0,100.0,4.17,rain,21.2,247.6,1012.4,45.3,,0.93,1.0,,
2018-05-14,lagos,31.0,23.1,27.0,85.5,50.0,100.0,4.17,rain,21.2,247.6,1012.4,45.3,,0.93,1.0,,
2018-05-15,lagos,31.0,23.1,27.0,85.5,50.0,100.0,4.17,rain,21.2,247.6,1012.4,45.3,,0.93,1.0,,
2018-05-16,lagos,31.0,23.1,27.0,85.5,50.0,100.0,4.17,rain,21.2,247.6,1012.4,45.3,,0.93,1.0,,
2018-05-17,lagos,29.0,23.0,26.6,86.8,25.0,100.0,8.33,rain,44.6,180.7,1012.3,55.8,,0.07,0.0,,
2018-05-18,lagos,29.0,23.0,26.6,86.8,25.0,100.0,8.33,rain,44.6,180.7,1012.3,55.8,,0.07,0.0,,
2018-05-19,lagos,29.0,23.0,26.6,86.8,25.0,100.0,8.33,rain,44.6,180.7,1012.3,55.8,,0.07,0.0,,
2018-05-20,lagos,29.0,23.0,26.6,86.8,25.0,100.0,8.33,rain,44.6,180.7,1012.3,55.8,,0.07,0.0,,
2018-05-21,lagos,32.1,26.0,28.7,82.4,0.1,100.0,4.17,rain,23.4,199.5,1012.2,60.3,,0.21,0.0,,
2018-05-22,lagos,31.0,23.0,27.2,86.5,35.0,100.0,4.17,rain,18.4,173.5,1013.0,56.2,,0.25,1.0,,
2018-05-23,lagos,31.0,23.0,27.2,86.5,35.0,100.0,4.17,rain,18.4,173.5,1013.0,56.2,,0.25,1.0,,
2018-05-24,lagos,31.0,23.0,27.2,86.5,35.0,100.0,4.17,rain,18.4,173.5,1013.0,56.2,,0.25,1.0,,
2018-05-25,lagos,30.0,22.0,26.1,89.5,41.0,100.0,4.17,rain,16.9,215.1,1011.7,53.9,,0.35,1.0,,
2018-05-26,lagos,30.0,22.0,26.1,89.5,41.0,100.0,4.17,rain,16.9,215.1,1011.7,53.9,,0.35,1.0,,
2018-05-27,lagos,31.0,25.0,26.8,91.1,4.0,100.0,4.17,rain,13.0,215.1,1013.8,57.8,,0.42,0.0,,
2018-05-28,lagos,30.9,25.0,28.1,82.7,13.0,100.0,4.17,rain,19.7,231.8,1014.0,52.2,,0.46,0.0,,
2018-05-29,lagos,29.0,25.0,26.3,88.9,5.0,100.0,4.17,rain,23.3,151.5,1014.2,50.0,,0.5,0.0,,
2018-05-30,lagos,30.0,24.0,26.3,88.2,12.6,100.0,37.5,rain,16.6,204.8,1013.7,58.0,,0.53,0.0,,
2018-05-31,lagos,30.0,25.0,27.3,86.8,13.0,100.0,8.33,rain,16.6,221.8,1013.6,54.2,,0.56,0.0,,
2018-06-01,lagos,30.0,25.0,27.3,86.8,13.0,100.0,8.33,rain,16.6,221.8,1013.6,54.2,,0.56,0.0,,
2018-06-02,lagos,29.2,22.0,26.2,88.5,13.0,100.0,8.33,rain,16.6,213.6,1013.6,56.8,,0.63,0.0,,
2018-06-03,lagos,29.2,22.0,26.2,88.5,13.0,100.0,8.33,rain,16.6,213.6,1013.6,56.8,,0.63,0.0,,
2018-06-04,lagos,32.0,25.8,28.4,82.6,0.9,100.0,8.33,rain,20.5,178.8,1014.3,61.8,,0.69,0.0,,
2018-06-05,lagos,32.0,25.8,28.4,82.6,0.9,100.0,8.33,rain,20.5,178.8,1014.3,61.8,,0.69,0.0,,
2018-06-06,lagos,30.0,24.8,26.5,86.9,1.0,100.0,4.17,rain,27.7,219.1,1013.5,49.0,,0.75,0.0,,
2018-06-07,lagos,30.0,24.8,26.5,86.9,1.0,100.0,4.17,rain,27.7,219.1,1013.5,49.0,,0.75,0.0,,
2018-06-08,lagos,33.0,24.0,28.1,85.1,16.0,100.0,4.17,rain,24.1,211.9,1014.2,58.4,,0.82,0.0,,
2018-06-09,lagos,33.0,24.0,28.1,85.1,16.0,100.0,4.17,rain,24.1,211.9,1014.2,58.4,,0.82,0.0,,
2018-06-10,lagos,30.8,24.0,25.8,89.2,2.0,100.0,4.17,rain,20.5,179.1,1014.5,63.7,,0.89,0.0,,
2018-06-11,lagos,30.8,24.0,25.8,89.2,2.0,100.0,4.17,rain,20.5,179.1,1014.5,63.7,,0.89,0.0,,
2018-06-12,lagos,31.0,25.1,27.8,86.1,22.0,100.0,4.17,rain,18.4,216.4,1015.2,56.7,,0.96,0.0,,
2018-06-13,lagos,31.0,25.0,27.6,88.5,0.2,100.0,4.17,rain,16.6,206.9,1015.0,54.4,,0.0,0.0,,
2018-06-14,lagos,32.0,25.0,27.8,85.2,3.0,100.0,4.17,rain,14.8,214.2,1015.0,51.7,,0.02,0.0,,
2018-06-15,lagos,33.0,25.0,27.7,85.4,0.4,100.0,4.17,rain,14.8,237.7,1014.3,60.3,,0.06,0.0,,
2018-06-16,lagos,28.0,25.0,26.2,88.4,0.3,100.0,12.5,rain,20.5,196.0,1014.5,70.1,,0.09,0.0,,
2018-06-17,lagos,28.4,24.8,26.5,87.9,9.2,100.0,83.33,rain,19.1,225.7,1013.5,92.6,,0.13,0.0,,
2018-06-18,lagos,28.4,24.8,26.5,87.9,9.2,100.0,83.33,rain,19.1,225.7,1013.5,92.6,,0.13,0.0,,
2018-06-19,lagos,28.4,24.8,26.5,87.9,9.2,100.0,83.33,rain,19.1,225.7,1013.5,92.6,,0.13,0.0,,
2018-06-20,lagos,28.4,24.8,26.5,87.9,9.2,100.0,83.33,rain,19.1,225.7,1013.5,92.6,,0.13,0.0,,
2018-06-21,lagos,27.0,23.0,24.9,88.9,26.0,100.0,4.17,rain,20.5,223.5,1016.1,58.7,,0.27,0.0,,
2018-06-22,lagos,29.1,23.0,26.0,86.2,2.0,100.0,4.17,rain,20.5,197.6,1016.0,69.9,,0.3,0.0,,
2018-06-23,lagos,25.0,23.0,24.5,94.2,40.0,100.0,8.33,rain,11.2,223.9,1015.5,50.4,,0.34,1.0,,
2018-06-24,lagos,25.0,23.0,24.5,94.2,40.0,100.0,8.33,rain,11.2,223.9,1015.5,50.4,,0.34,1.0,,
2018-06-25,lagos,25.0,23.0,24.5,94.2,40.0,100.0,8.33,rain,11.2,223.9,1015.5,50.4,,0.34,1.0,,
2018-06-26,lagos,30.0,24.0,26.5,83.5,8.0,100.0,4.17,rain,14.8,224.1,1013.5,61.9,,0.44,0.0,,
2018-06-27,lagos,30.0,24.0,26.5,83.5,8.0,100.0,4.17,rain,14.8,224.1,1013.5,61.9,,0.44,0.0,,
2018-06-28,lagos,31.0,24.0,26.6,84.3,1.0,100.0,4.17,rain,16.6,212.3,1013.9,50.7,,0.5,0.0,,
2018-06-29,lagos,31.0,25.0,26.5,86.5,2.0,100.0,8.33,rain,18.4,217.5,1013.2,47.1,,0.54,0.0,,
2018-06-30,lagos,28.6,23.2,25.6,91.0,9.0,100.0,8.33,rain,31.7,238.6,1011.9,69.2,,0.58,0.0,,
2018-07-01,lagos,25.0,23.0,23.9,96.6,9.0,100.0,4.17,rain,13.0,230.9,1013.3,50.1,,0.61,0.0,,
2018-07-02,lagos,28.0,23.0,25.4,90.3,0.5,100.0,8.33,rain,13.3,244.6,1013.1,55.2,,0.64,0.0,,
2018-07-03,lagos,29.0,24.0,25.9,89.6,1.2,100.0,25.0,rain,14.8,218.4,1012.8,58.6,,0.68,0.0,,
2018-07-04,lagos,29.0,24.0,25.9,89.6,1.2,100.0,25.0,rain,14.8,218.4,1012.8,58.6,,0.68,0.0,,
2018-07-05,lagos,30.0,24.1,26.1,87.6,2.0,100.0,4.17,rain,14.8,228.7,1015.0,61.3,,0.74,0.0,,
2018-07-06,lagos,31.0,24.3,26.7,85.7,0.1,100.0,4.17,rain,18.4,227.8,1014.7,58.7,,0.75,0.0,,
2018-07-07,lagos,29.0,22.0,25.1,91.5,34.0,100.0,4.17,rain,20.5,233.7,1015.1,75.9,,0.81,1.0,,
2018-07-08,lagos,29.0,22.0,25.1,91.5,34.0,100.0,4.17,rain,20.5,233.7,1015.1,75.9,,0.81,1.0,,
2018-07-09,lagos,29.0,22.0,25.1,91.5,34.0,100.0,4.17,rain,20.5,233.7,1015.1,75.9,,0.81,1.0,,
2018-07-10,lagos,31.2,24.0,26.3,88.0,31.0,100.0,4.17,rain,29.5,237.1,1016.0,56.5,,0.91,1.0,,
2018-07-11,lagos,31.0,24.1,26.7,85.9,0.2,100.0,4.17,rain,18.4,204.5,1015.8,50.4,,0.94,0.0,,
2018-07-12,lagos,31.0,24.8,26.5,85.6,0.1,100.0,4.17,rain,22.3,214.9,1015.7,58.5,,0.98,0.0,,
2018-07-13,lagos,30.0,24.0,26.1,88.5,0.5,100.0,8.33,rain,18.4,228.9,1015.1,70.6,,0.0,0.0,,
2018-07-14,lagos,30.0,24.0,26.1,88.5,0.5,100.0,8.33,rain,18.4,228.9,1015.1,70.6,,0.0,0.0,,
2018-07-15,lagos,28.8,23.0,26.4,84.5,20.0,100.0,8.33,rain,24.1,227.3,1014.7,70.4,,0.08,0.0,,
2018-07-16,lagos,29.0,24.0,26.0,86.3,5.0,100.0,4.17,rain,25.9,235.2,1015.8,67.3,,0.11,0.0,,
2018-07-17,lagos,29.0,24.8,26.1,88.5,0.5,100.0,4.17,rain,18.4,205.1,1015.7,73.5,,0.15,0.0,,
2018-07-18,lagos,29.0,24.8,26.0,87.9,4.0,100.0,8.33,rain,18.4,215.6,1015.9,60.7,,0.18,0.0,,
2018-07-19,lagos,27.0,24.8,25.5,88.5,1.9,100.0,20.83,rain,16.2,224.8,1015.0,61.0,,0.25,0.0,,
2018-07-20,lagos,26.0,24.0,25.0,94.1,41.0,100.0,4.17,rain,16.6,215.3,1014.0,70.4,,0.25,1.0,,
2018-07-21,lagos,26.0,24.0,24.6,96.3,25.0,100.0,8.33,rain,92.9,219.3,1014.6,62.4,,0.28,0.0,,
2018-07-22,lagos,29.2,23.0,25.6,90.1,10.0,100.0,4.17,rain,14.4,221.8,1014.6,63.2,,0.32,0.0,,
2018-07-23,lagos,29.2,23.0,25.6,90.1,10.0,100.0,4.17,rain,14.4,221.8,1014.6,63.2,,0.32,0.0,,
2018-07-24,lagos,29.2,23.0,25.6,90.1,10.0,100.0,4.17,rain,14.4,221.8,1014.6,63.2,,0.32,0.0,,
2018-07-25,lagos,28.1,24.7,26.3,87.8,2.0,100.0,4.17,rain,22.3,212.1,1015.2,75.6,,0.42,0.0,,
2018-07-26,lagos,28.1,24.7,26.3,87.8,2.0,100.0,4.17,rain,22.3,212.1,1015.2,75.6,,0.42,0.0,,
2018-07-27,lagos,30.0,24.8,26.4,87.6,0.1,100.0,4.17,rain,14.8,219.8,1016.3,66.7,,0.5,0.0,,
2018-07-28,lagos,30.0,24.8,26.4,87.6,0.1,100.0,4.17,rain,14.8,219.8,1016.3,66.7,,0.5,0.0,,
2018-07-29,lagos,27.0,24.9,25.4,89.1,3.0,100.0,4.17,rain,24.1,207.0,1015.7,57.8,,0.56,0.0,,
2018-07-30,lagos,27.0,24.9,25.4,89.1,3.0,100.0,4.17,rain,24.1,207.0,1015.7,57.8,,0.56,0.0,,
2018-07-31,lagos,27.0,24.0,25.3,83.0,0.1,100.0,4.17,rain,16.6,217.7,1016.1,62.2,,0.62,0.0,,
2018-08-01,lagos,29.0,22.8,25.3,85.0,0.1,100.0,4.17,rain,21.8,200.9,1015.0,59.9,,0.66,0.0,,
2018-08-02,lagos,29.0,24.0,26.0,85.4,0.7,100.0,4.17,rain,18.4,191.0,1014.9,62.9,,0.69,0.0,,
2018-08-03,lagos,29.0,24.0,25.7,86.1,2.0,100.0,4.17,rain,18.4,207.9,1015.5,69.1,,0.73,0.0,,
2018-08-04,lagos,29.0,24.0,25.7,86.1,2.0,100.0,4.17,rain,18.4,207.9,1015.5,69.1,,0.73,0.0,,
2018-08-05,lagos,29.0,24.0,25.7,86.1,2.0,100.0,4.17,rain,18.4,207.9,1015.5,69.1,,0.73,0.0,,
2018-08-06,lagos,29.0,24.0,25.7,86.1,2.0,100.0,4.17,rain,18.4,207.9,1015.5,69.1,,0.73,0.0,,
2018-08-07,lagos,29.0,24.0,25.7,86.1,2.0,100.0,4.17,rain,18.4,207.9,1015.5,69.1,,0.73,0.0,,
2018-08-08,lagos,29.0,24.0,25.7,86.1,2.0,100.0,4.17,rain,18.4,207.9,1015.5,69.1,,0.73,0.0,,
2018-08-09,lagos,29.0,24.0,25.7,86.1,2.0,100.0,4.17,rain,18.4,207.9,1015.5,69.1,,0.73,0.0,,
2018-08-10,lagos,28.0,24.0,25.4,89.1,1.0,100.0,4.17,rain,20.8,218.4,1015.9,81.4,,0.97,0.0,,
2018-08-11,lagos,28.0,24.0,25.4,89.1,1.0,100.0,4.17,rain,20.8,218.4,1015.9,81.4,,0.97,0.0,,
2018-08-12,lagos,28.0,24.0,25.4,89.1,1.0,100.0,4.17,rain,20.8,218.4,1015.9,81.4,,0.97,0.0,,
2018-08-13,lagos,25.3,23.1,24.6,92.0,41.0,100.0,4.17,rain,22.3,220.7,1014.9,81.6,,0.07,1.0,,
2018-08-14,lagos,25.3,23.1,24.6,92.0,41.0,100.0,4.17,rain,22.3,220.7,1014.9,81.6,,0.07,1.0,,
2018-08-15,lagos,25.3,23.1,24.6,92.0,41.0,100.0,4.17,rain,22.3,220.7,1014.9,81.6,,0.07,1.0,,
2018-08-16,lagos,25.3,23.1,24.6,92.0,41.0,100.0,4.17,rain,22.3,220.7,1014.9,81.6,,0.07,1.0,,
2018-08-17,lagos,28.5,24.4,25.9,87.1,5.6,100.0,33.33,rain,17.6,241.5,1014.2,89.3,,0.2,0.0,,
2018-08-18,lagos,29.0,24.5,25.9,88.1,7.0,100.0,4.17,rain,22.3,230.7,1013.7,84.0,,0.25,0.0,,
2018-08-19,lagos,29.0,24.5,25.9,88.1,7.0,100.0,4.17,rain,22.3,230.7,1013.7,84.0,,0.25,0.0,,
2018-08-20,lagos,28.6,23.0,25.0,89.7,11.0,100.0,12.5,rain,28.7,222.7,1015.1,71.0,,0.3,0.0,,
2018-08-21,lagos,27.1,23.0,25.2,89.7,12.9,100.0,41.67,rain,24.8,233.0,1013.5,80.0,,0.33,0.0,,
2018-08-22,lagos,25.5,24.4,24.9,91.1,13.0,100.0,62.5,rain,18.0,227.9,1014.1,91.4,,0.37,0.0,,
2018-08-23,lagos,29.0,24.0,25.8,89.5,1.5,100.0,20.83,rain,24.1,202.3,1014.5,88.5,,0.4,0.0,,
2018-08-24,lagos,28.0,23.8,25.3,89.7,2.0,100.0,4.17,rain,20.5,225.8,1014.0,72.1,,0.43,0.0,,
2018-08-25,lagos,26.0,23.9,24.8,93.0,17.0,100.0,12.5,rain,16.6,188.7,1014.1,80.3,,0.47,0.0,,
2018-08-26,lagos,29.0,24.0,25.9,88.0,10.0,100.0,8.33,rain,20.5,184.1,1015.8,63.5,,0.5,0.0,,
2018-08-27,lagos,29.0,24.0,25.9,88.0,10.0,100.0,8.33,rain,20.5,184.1,1015.8,63.5,,0.5,0.0,,
2018-08-28,lagos,29.0,23.8,25.9,86.8,2.0,100.0,4.17,rain,13.3,221.7,1014.1,67.8,,0.57,0.0,,
2018-08-29,lagos,29.0,23.8,25.9,86.8,2.0,100.0,4.17,rain,13.3,221.7,1014.1,67.8,,0.57,0.0,,
2018-08-30,lagos,29.0,23.8,25.9,86.8,2.0,100.0,4.17,rain,13.3,221.7,1014.1,67.8,,0.57,0.0,,
2018-08-31,lagos,28.1,25.0,25.9,88.7,2.9,100.0,20.83,rain,23.5,214.2,1011.9,66.9,,0.67,0.0,,
2018-09-01,lagos,28.1,25.0,25.9,88.7,2.9,100.0,20.83,rain,23.5,214.2,1011.9,66.9,,0.67,0.0,,
2018-09-02,lagos,29.0,24.8,26.4,87.3,1.0,100.0,4.17,rain,13.0,208.7,1013.9,55.8,,0.74,0.0,,
2018-09-03,lagos,28.0,24.9,26.0,89.4,0.3,100.0,12.5,rain,16.6,228.5,1012.5,59.3,,0.75,0.0,,
2018-09-04,lagos,28.0,24.8,26.0,90.0,2.0,100.0,4.17,rain,14.8,201.7,1012.7,69.0,,0.81,0.0,,
2018-09-05,lagos,29.2,24.0,26.6,86.2,3.0,100.0,4.17,rain,14.8,226.4,1013.9,67.2,,0.85,0.0,,
2018-09-06,lagos,28.0,24.0,25.2,92.9,8.0,100.0,8.33,rain,16.6,243.0,1012.9,69.8,,0.88,0.0,,
2018-09-07,lagos,26.2,22.8,24.6,93.7,92.0,100.0,8.33,rain,20.7,238.9,1012.3,81.5,,0.92,1.0,,
2018-09-08,lagos,26.1,24.0,24.7,95.7,11.0,100.0,4.17,rain,14.6,225.7,1013.6,62.9,,0.95,0.0,,
2018-09-09,lagos,29.0,23.3,25.2,92.4,3.0,100.0,8.33,rain,12.2,208.6,1014.2,65.1,,0.0,0.0,,
2018-09-10,lagos,28.0,24.0,25.0,95.5,24.0,100.0,4.17,rain,13.0,200.0,1014.8,69.0,,0.02,0.0,,
2018-09-11,lagos,29.0,23.0,25.7,91.8,1.0,100.0,4.17,rain,13.0,215.9,1014.8,74.6,,0.06,0.0,,
2018-09-12,lagos,29.0,24.0,26.3,87.7,2.0,100.0,4.17,rain,14.8,203.5,1014.7,47.2,,0.09,0.0,,
2018-09-13,lagos,30.0,23.2,26.0,86.8,0.6,100.0,8.33,rain,51.8,148.2,1013.5,61.9,,0.12,0.0,,
2018-09-14,lagos,31.0,22.8,26.4,81.7,0.1,100.0,4.17,rain,18.4,206.0,1013.2,52.2,,0.15,0.0,,
2018-09-15,lagos,31.0,22.8,26.4,81.7,0.1,100.0,4.17,rain,18.4,206.0,1013.2,52.2,,0.15,0.0,,
2018-09-16,lagos,29.4,24.0,25.9,90.6,2.0,100.0,4.17,rain,12.2,212.2,1013.6,58.6,,0.22,0.0,,
2018-09-17,lagos,29.4,24.0,25.9,90.6,2.0,100.0,4.17,rain,12.2,212.2,1013.6,58.6,,0.22,0.0,,
2018-09-18,lagos,29.0,22.0,25.1,92.5,5.0,100.0,4.17,rain,24.1,249.1,1012.7,52.6,,0.28,0.0,,
2018-09-19,lagos,34.0,23.0,27.2,82.5,0.2,100.0,8.33,rain,14.8,206.5,1012.5,66.7,,0.32,0.0,,
2018-09-20,lagos,29.1,24.6,26.8,86.7,3.0,100.0,4.17,rain,13.0,234.4,1010.8,84.5,,0.35,0.0,,
2018-09-21,lagos,30.6,23.1,26.2,87.4,8.7,100.0,12.5,rain,16.6,233.3,1011.1,91.0,,0.38,0.0,,
2018-09-22,lagos,28.4,24.0,25.4,92.4,8.9,100.0,8.33,rain,18.4,219.6,1012.3,74.6,,0.41,0.0,,
2018-09-23,lagos,29.0,23.0,25.1,90.3,59.0,100.0,4.17,rain,13.0,220.0,1012.9,73.2,,0.45,1.0,,
2018-09-24,lagos,29.0,23.0,25.1,90.3,59.0,100.0,4.17,rain,13.0,220.0,1012.9,73.2,,0.45,1.0,,
2018-09-25,lagos,31.0,24.9,26.9,87.2,2.6,100.0,8.33,rain,16.6,220.3,1012.5,64.1,,0.5,0.0,,
2018-09-26,lagos,28.0,24.8,25.9,91.9,16.0,100.0,8.33,rain,14.8,197.7,1013.0,67.9,,0.55,0.0,,
2018-09-27,lagos,31.0,24.0,26.4,88.3,0.3,100.0,12.5,rain,15.1,225.7,1012.1,61.7,,0.58,0.0,,
2018-09-28,lagos,28.0,24.9,25.9,91.0,3.0,100.0,4.17,rain,9.4,229.4,1012.6,55.7,,0.62,0.0,,
2018-09-29,lagos,28.0,24.9,25.9,91.0,3.0,100.0,4.17,rain,9.4,229.4,1012.6,55.7,,0.62,0.0,,
2018-09-30,lagos,30.0,25.2,27.2,85.9,1.6,100.0,12.5,rain,20.5,223.8,1011.7,64.6,,0.69,0.0,,
2018-10-01,lagos,27.0,23.0,25.0,91.0,6.0,100.0,4.17,rain,27.7,295.9,1012.7,56.1,,0.73,0.0,,
2018-10-02,lagos,27.0,23.0,25.0,91.0,6.0,100.0,4.17,rain,27.7,295.9,1012.7,56.1,,0.73,0.0,,
2018-10-03,lagos,27.0,23.0,25.0,91.0,6.0,100.0,4.17,rain,27.7,295.9,1012.7,56.1,,0.73,0.0,,
2018-10-04,lagos,27.0,23.0,25.0,91.0,6.0,100.0,4.17,rain,27.7,295.9,1012.7,56.1,,0.73,0.0,,
2018-10-05,lagos,30.0,24.2,26.5,90.1,5.0,100.0,4.17,rain,16.6,215.5,1013.1,59.7,,0.87,0.0,,
2018-10-06,lagos,30.1,24.1,26.7,87.9,10.0,100.0,4.17,rain,18.4,201.0,1014.0,59.4,,0.9,0.0,,
2018-10-07,lagos,30.1,24.1,26.7,87.9,10.0,100.0,4.17,rain,18.4,201.0,1014.0,59.4,,0.9,0.0,,
2018-10-08,lagos,32.0,23.0,27.0,84.8,9.0,100.0,4.17,rain,18.4,181.4,1012.0,58.4,,0.98,0.0,,
2018-10-09,lagos,29.0,25.2,26.6,88.8,5.4,100.0,45.83,rain,13.3,225.8,1011.1,84.1,,0.0,0.0,,
2018-10-10,lagos,29.0,21.0,25.7,90.6,31.0,100.0,4.17,rain,22.3,184.2,1012.5,61.3,,0.04,1.0,,
2018-10-11,lagos,31.0,24.0,26.7,87.3,1.5,100.0,12.5,rain,13.0,224.1,1013.2,62.2,,0.07,0.0,,
2018-10-12,lagos,27.2,24.9,25.8,89.8,4.0,100.0,4.17,rain,13.3,199.2,1012.8,73.8,,0.11,0.0,,
2018-10-13,lagos,28.4,24.3,26.4,86.2,2.8,100.0,37.5,rain,14.0,238.2,1012.3,90.8,,0.14,0.0,,
2018-10-14,lagos,31.0,23.9,26.9,88.3,0.1,100.0,4.17,rain,14.8,211.9,1012.7,51.8,,0.17,0.0,,
2018-10-15,lagos,31.0,23.9,26.9,88.3,0.1,100.0,4.17,rain,14.8,211.9,1012.7,51.8,,0.17,0.0,,
2018-10-16,lagos,29.1,22.7,25.5,89.7,11.0,100.0,4.17,rain,24.1,45.0,1014.5,51.7,,0.25,0.0,,
2018-10-17,lagos,29.1,22.7,25.5,89.7,11.0,100.0,4.17,rain,24.1,45.0,1014.5,51.7,,0.25,0.0,,
2018-10-18,lagos,29.1,22.7,25.5,89.7,11.0,100.0,4.17,rain,24.1,45.0,1014.5,51.7,,0.25,0.0,,
2018-10-19,lagos,29.1,22.7,25.5,89.7,11.0,100.0,4.17,rain,24.1,45.0,1014.5,51.7,,0.25,0.0,,
2018-10-20,lagos,29.1,22.7,25.5,89.7,11.0,100.0,4.17,rain,24.1,45.0,1014.5,51.7,,0.25,0.0,,
2018-10-21,lagos,33.0,25.0,28.2,85.4,0.1,100.0,4.17,rain,22.3,188.7,1010.7,56.5,,0.4,0.0,,
2018-10-22,lagos,33.0,25.0,28.2,85.4,0.1,100.0,4.17,rain,22.3,188.7,1010.7,56.5,,0.4,0.0,,
2018-10-23,lagos,33.0,25.3,27.7,85.3,1.6,100.0,33.33,rain,16.6,225.4,1011.7,83.2,,0.46,0.0,,
2018-10-24,lagos,29.0,25.0,26.6,90.3,1.0,100.0,4.17,rain,14.8,191.6,1012.7,53.8,,0.5,0.0,,
2018-10-25,lagos,29.0,25.0,26.6,90.3,1.0,100.0,4.17,rain,14.8,191.6,1012.7,53.8,,0.5,0.0,,
2018-10-26,lagos,29.0,25.0,26.6,90.3,1.0,100.0,4.17,rain,14.8,191.6,1012.7,53.8,,0.5,0.0,,
2018-10-27,lagos,31.0,24.1,26.9,89.5,4.0,100.0,4.17,rain,16.6,142.8,1013.5,48.0,,0.6,0.0,,
2018-10-28,lagos,33.0,23.9,26.9,87.3,5.5,100.0,8.33,rain,18.4,262.0,1012.8,57.8,,0.63,0.0,,
2018-10-29,lagos,29.0,23.0,25.4,91.6,61.0,100.0,12.5,rain,42.5,1.2,1013.2,70.4,,0.67,1.0,,
2018-10-30,lagos,33.0,24.1,28.0,83.4,1.5,100.0,16.67,rain,13.0,233.7,1012.1,58.9,,0.71,0.0,,
2018-10-31,lagos,32.5,25.1,28.1,84.1,2.6,100.0,12.5,rain,16.8,237.3,1010.6,66.9,,0.75,0.0,,
2018-11-01,lagos,29.6,26.2,27.6,85.6,2.0,100.0,4.17,rain,16.9,232.3,1010.2,82.9,,0.78,0.0,,
2018-11-02,lagos,30.0,25.0,27.2,86.9,26.0,100.0,4.17,rain,18.4,203.9,1011.6,60.1,,0.81,0.0,,
2018-11-03,lagos,30.0,25.0,27.2,86.9,26.0,100.0,4.17,rain,18.4,203.9,1011.6,60.1,,0.81,0.0,,
2018-11-04,lagos,33.0,24.0,27.6,85.9,1.0,100.0,4.17,rain,14.8,199.0,1011.2,63.6,,0.89,0.0,,
2018-11-05,lagos,33.0,25.0,27.9,84.4,0.8,100.0,12.5,rain,18.4,227.8,1011.0,51.9,,0.92,0.0,,
2018-11-06,lagos,29.0,25.0,26.6,89.6,3.5,100.0,12.5,rain,20.5,211.7,1011.2,49.7,,0.96,0.0,,
2018-11-07,lagos,31.0,25.0,27.1,88.8,0.9,100.0,12.5,rain,25.9,145.8,1012.5,56.6,,0.0,0.0,,
2018-11-08,lagos,32.0,24.7,27.7,86.6,0.1,100.0,4.17,rain,13.3,183.1,1013.1,47.1,,0.03,0.0,,
2018-11-09,lagos,32.0,22.8,27.0,86.0,7.0,100.0,4.17,rain,22.3,197.9,1012.3,61.5,,0.06,0.0,,
2018-11-10,lagos,31.1,24.0,27.4,86.5,7.0,100.0,4.17,rain,14.8,195.8,1011.4,58.6,,0.09,0.0,,
2018-11-11,lagos,32.0,25.8,28.3,84.7,0.5,100.0,8.33,rain,13.0,208.9,1010.7,54.5,,0.12,0.0,,
2018-11-12,lagos,29.7,26.4,27.7,85.4,1.1,100.0,20.83,rain,15.1,238.1,1009.0,34.1,,0.15,0.0,,
2018-11-13,lagos,34.0,26.2,29.5,82.4,0.9,100.0,16.67,rain,14.8,226.2,1009.6,54.6,,0.19,0.0,,
2018-11-14,lagos,34.0,26.2,29.5,82.4,0.9,100.0,16.67,rain,14.8,226.2,1009.6,54.6,,0.19,0.0,,
2018-11-15,lagos,34.0,26.2,29.5,82.4,0.9,100.0,16.67,rain,14.8,226.2,1009.6,54.6,,0.19,0.0,,
2018-11-16,lagos,34.0,26.2,29.5,82.4,0.9,100.0,16.67,rain,14.8,226.2,1009.6,54.6,,0.19,0.0,,
2018-11-17,lagos,33.0,26.5,28.7,84.1,0.4,100.0,12.5,rain,13.0,197.2,1013.0,54.7,,0.31,0.0,,
2018-11-18,lagos,33.0,25.0,28.0,88.4,99.0,100.0,4.17,rain,9.6,216.3,1012.3,49.5,,0.35,1.0,,
2018-11-19,lagos,33.0,25.0,28.0,88.4,99.0,100.0,4.17,rain,9.6,216.3,1012.3,49.5,,0.35,1.0,,
2018-11-20,lagos,33.0,25.0,28.0,88.4,99.0,100.0,4.17,rain,9.6,216.3,1012.3,49.5,,0.35,1.0,,
2018-11-21,lagos,33.0,25.0,28.0,88.4,99.0,100.0,4.17,rain,9.6,216.3,1012.3,49.5,,0.35,1.0,,
2018-11-22,lagos,32.0,25.0,28.2,85.7,1.0,100.0,4.17,rain,13.0,240.5,1011.9,51.2,,0.48,0.0,,
2018-11-23,lagos,32.0,25.0,28.2,85.7,1.0,100.0,4.17,rain,13.0,240.5,1011.9,51.2,,0.48,0.0,,
2018-11-24,lagos,34.0,24.9,28.8,82.7,0.1,100.0,4.17,rain,11.2,225.9,1011.9,47.2,,0.54,0.0,,
2018-11-25,lagos,34.0,24.9,28.8,82.7,0.1,100.0,4.17,rain,11.2,225.9,1011.9,47.2,,0.54,0.0,,
2018-11-26,lagos,33.0,25.2,28.9,83.9,0.1,100.0,4.17,rain,16.6,215.4,1011.2,57.4,,0.61,0.0,,
2018-11-27,lagos,33.0,25.2,28.9,83.9,0.1,100.0,4.17,rain,16.6,215.4,1011.2,57.4,,0.61,0.0,,
2018-11-28,lagos,33.0,25.2,28.9,83.9,0.1,100.0,4.17,rain,16.6,215.4,1011.2,57.4,,0.61,0.0,,
2018-11-29,lagos,33.0,25.2,28.9,83.9,0.1,100.0,4.17,rain,16.6,215.4,1011.2,57.4,,0.61,0.0,,
2018-11-30,lagos,33.0,25.2,28.9,83.9,0.1,100.0,4.17,rain,16.6,215.4,1011.2,57.4,,0.61,0.0,,
2018-12-01,lagos,33.0,25.2,28.9,83.9,0.1,100.0,4.17,rain,16.6,215.4,1011.2,57.4,,0.61,0.0,,
2018-12-02,lagos,33.0,25.2,28.9,83.9,0.1,100.0,4.17,rain,16.6,215.4,1011.2,57.4,,0.61,0.0,,
2018-12-03,lagos,33.8,25.2,28.5,82.2,0.2,100.0,8.33,rain,11.2,210.1,1010.6,46.3,,0.86,0.0,,
2018-12-04,lagos,33.8,25.2,28.5,82.2,0.2,100.0,8.33,rain,11.2,210.1,1010.6,46.3,,0.86,0.0,,
2018-12-05,lagos,33.8,25.2,28.5,82.2,0.2,100.0,8.33,rain,11.2,210.1,1010.6,46.3,,0.86,0.0,,
2018-12-06,lagos,33.8,25.2,28.5,82.2,0.2,100.0,8.33,rain,11.2,210.1,1010.6,46.3,,0.86,0.0,,
2018-12-07,lagos,33.8,25.2,28.5,82.2,0.2,100.0,8.33,rain,11.2,210.1,1010.6,46.3,,0.86,0.0,,
2018-12-08,lagos,33.9,23.0,27.4,81.3,0.8,100.0,20.83,rain,13.7,215.9,1012.7,64.5,,0.04,0.0,,
2018-12-09,lagos,33.9,23.0,27.4,81.3,0.8,100.0,20.83,rain,13.7,215.9,1012.7,64.5,,0.04,0.0,,
2018-12-10,lagos,33.9,23.0,27.4,81.3,0.8,100.0,20.83,rain,13.7,215.9,1012.7,64.5,,0.04,0.0,,
2018-12-11,lagos,34.0,24.7,28.3,82.0,4.0,100.0,12.5,rain,13.0,250.1,1014.0,45.1,,0.13,0.0,,
2018-12-12,lagos,34.0,25.9,28.2,85.4,11.0,100.0,4.17,rain,13.0,251.7,1014.3,45.8,,0.17,0.0,,
2018-12-13,lagos,34.0,25.9,28.2,85.4,11.0,100.0,4.17,rain,13.0,251.7,1014.3,45.8,,0.17,0.0,,
2018-12-14,lagos,34.0,25.9,28.2,85.4,11.0,100.0,4.17,rain,13.0,251.7,1014.3,45.8,,0.17,0.0,,
2018-12-15,lagos,34.0,25.9,28.2,85.4,11.0,100.0,4.17,rain,13.0,251.7,1014.3,45.8,,0.17,0.0,,
2018-12-16,lagos,34.0,25.9,28.2,85.4,11.0,100.0,4.17,rain,13.0,251.7,1014.3,45.8,,0.17,0.0,,
2018-12-17,lagos,34.0,25.9,28.2,85.4,11.0,100.0,4.17,rain,13.0,251.7,1014.3,45.8,,0.17,0.0,,
2018-12-18,lagos,34.0,25.9,28.2,85.4,11.0,100.0,4.17,rain,13.0,251.7,1014.3,45.8,,0.17,0.0,,
2018-12-19,lagos,34.0,25.9,28.2,85.4,11.0,100.0,4.17,rain,13.0,251.7,1014.3,45.8,,0.17,0.0,,
2018-12-20,lagos,34.0,25.9,28.2,85.4,11.0,100.0,4.17,rain,13.0,251.7,1014.3,45.8,,0.17,0.0,,
2018-12-21,lagos,34.0,25.9,28.2,85.4,11.0,100.0,4.17,rain,13.0,251.7,1014.3,45.8,,0.17,0.0,,
2018-12-22,lagos,34.0,25.9,28.2,85.4,11.0,100.0,4.17,rain,13.0,251.7,1014.3,45.8,,0.17,0.0,,
2018-12-23,lagos,34.0,25.9,28.2,85.4,11.0,100.0,4.17,rain,13.0,251.7,1014.3,45.8,,0.17,0.0,,
2018-12-24,lagos,34.0,25.9,28.2,85.4,11.0,100.0,4.17,rain,13.0,251.7,1014.3,45.8,,0.17,0.0,,
2018-12-25,lagos,34.0,25.9,28.2,85.4,11.0,100.0,4.17,rain,13.0,251.7,1014.3,45.8,,0.17,0.0,,
2018-12-26,lagos,34.0,25.9,28.2,85.4,11.0,100.0,4.17,rain,13.0,251.7,1014.3,45.8,,0.17,0.0,,
2018-12-27,lagos,34.0,25.9,28.2,85.4,11.0,100.0,4.17,rain,13.0,251.7,1014.3,45.8,,0.17,0.0,,
2018-12-28,lagos,34.0,25.9,28.2,85.4,11.0,100.0,4.17,rain,13.0,251.7,1014.3,45.8,,0.17,0.0,,
2018-12-29,lagos,33.6,25.1,27.8,81.0,0.1,100.0,4.17,rain,13.0,225.1,1010.7,32.5,,0.75,0.0,,
2018-12-30,lagos,33.6,25.1,27.8,81.0,0.1,100.0,4.17,rain,13.0,225.1,1010.7,32.5,,0.75,0.0,,
2018-12-31,lagos,33.6,25.1,27.8,81.0,0.1,100.0,4.17,rain,13.0,225.1,1010.7,32.5,,0.75,0.0,,
2019-01-01,lagos,33.6,25.1,27.8,81.0,0.1,100.0,4.17,rain,13.0,225.1,1010.7,32.5,,0.75,0.0,,
2019-01-02,lagos,33.6,25.1,27.8,81.0,0.1,100.0,4.17,rain,13.0,225.1,1010.7,32.5,,0.75,0.0,,
2019-01-03,Lagos,33.1,22.0,26.9,84.3,1.0,100.0,4.17,rain,14.8,250.5,1013.9,56.8,,0.83,0.0,,
2019-01-04,Lagos,33.1,22.0,26.9,84.3,1.0,100.0,4.17,rain,14.8,250.5,1013.9,56.8,,0.83,0.0,,
2019-01-05,Lagos,34.1,27.0,30.3,78.0,0.1,100.0,4.17,rain,18.4,224.5,1012.2,55.2,,0.89,0.0,,
2019-01-06,Lagos,30.0,23.0,26.4,87.5,33.0,100.0,8.33,rain,12.2,271.8,1013.3,53.5,,0.94,1.0,,
2019-01-07,Lagos,27.5,25.0,25.7,92.3,26.0,100.0,4.17,rain,16.9,225.9,1014.3,58.3,,0.96,0.0,,
2019-01-08,Lagos,27.5,25.0,25.7,92.3,26.0,100.0,4.17,rain,16.9,225.9,1014.3,58.3,,0.96,0.0,,
2019-01-09,Lagos,29.2,24.0,25.5,87.5,2.9,100.0,33.33,rain,24.1,242.5,1012.0,82.3,,0.07,0.0,,
2019-01-10,Lagos,26.0,23.8,24.5,96.4,28.0,100.0,4.17,rain,11.2,197.2,1012.1,74.3,,0.09,0.0,,
2019-01-11,Lagos,26.0,23.8,24.5,96.4,28.0,100.0,4.17,rain,11.2,197.2,1012.1,74.3,,0.09,0.0,,
2019-01-12,Lagos,26.0,23.8,24.5,96.4,28.0,100.0,4.17,rain,11.2,197.2,1012.1,74.3,,0.09,0.0,,
2019-01-13,Lagos,26.0,23.8,24.5,96.4,28.0,100.0,4.17,rain,11.2,197.2,1012.1,74.3,,0.09,0.0,,
2019-01-14,Lagos,26.0,23.8,24.5,96.4,28.0,100.0,4.17,rain,11.2,197.2,1012.1,74.3,,0.09,0.0,,
2019-01-15,Lagos,26.0,23.8,24.5,96.4,28.0,100.0,4.17,rain,11.2,197.2,1012.1,74.3,,0.09,0.0,,
2019-01-16,Lagos,26.0,23.8,24.5,96.4,28.0,100.0,4.17,rain,11.2,197.2,1012.1,74.3,,0.09,0.0,,
2019-01-17,Lagos,26.0,23.8,24.5,96.4,28.0,100.0,4.17,rain,11.2,197.2,1012.1,74.3,,0.09,0.0,,
2019-01-18,Lagos,26.0,23.8,24.5,96.4,28.0,100.0,4.17,rain,11.2,197.2,1012.1,74.3,,0.09,0.0,,
2019-01-19,Lagos,26.0,23.8,24.5,96.4,28.0,100.0,4.17,rain,11.2,197.2,1012.1,74.3,,0.09,0.0,,
2019-01-20,Lagos,26.0,23.8,24.5,96.4,28.0,100.0,4.17,rain,11.2,197.2,1012.1,74.3,,0.09,0.0,,
2019-01-21,Lagos,26.0,23.8,24.5,96.4,28.0,100.0,4.17,rain,11.2,197.2,1012.1,74.3,,0.09,0.0,,
2019-01-22,Lagos,26.0,23.8,24.5,96.4,28.0,100.0,4.17,rain,11.2,197.2,1012.1,74.3,,0.09,0.0,,
2019-01-23,Lagos,26.0,23.8,24.5,96.4,28.0,100.0,4.17,rain,11.2,197.2,1012.1,74.3,,0.09,0.0,,
2019-01-24,Lagos,26.0,23.8,24.5,96.4,28.0,100.0,4.17,rain,11.2,197.2,1012.1,74.3,,0.09,0.0,,
2019-01-25,Lagos,26.0,23.8,24.5,96.4,28.0,100.0,4.17,rain,11.2,197.2,1012.1,74.3,,0.09,0.0,,
2019-01-26,Lagos,26.0,23.8,24.5,96.4,28.0,100.0,4.17,rain,11.2,197.2,1012.1,74.3,,0.09,0.0,,
2019-01-27,Lagos,26.0,23.8,24.5,96.4,28.0,100.0,4.17,rain,11.2,197.2,1012.1,74.3,,0.09,0.0,,
2019-01-28,Lagos,26.0,23.8,24.5,96.4,28.0,100.0,4.17,rain,11.2,197.2,1012.1,74.3,,0.09,0.0,,
2019-01-29,Lagos,26.0,23.8,24.5,96.4,28.0,100.0,4.17,rain,11.2,197.2,1012.1,74.3,,0.09,0.0,,
2019-01-30,Lagos,26.0,23.8,24.5,96.4,28.0,100.0,4.17,rain,11.2,197.2,1012.1,74.3,,0.09,0.0,,
2019-01-31,Lagos,26.0,23.8,24.5,96.4,28.0,100.0,4.17,rain,11.2,197.2,1012.1,74.3,,0.09,0.0,,
2019-02-01,Lagos,26.0,23.8,24.5,96.4,28.0,100.0,4.17,rain,11.2,197.2,1012.1,74.3,,0.09,0.0,,
2019-02-02,Lagos,29.2,26.0,27.6,90.3,9.0,100.0,4.17,rain,16.2,219.5,1011.5,51.3,,0.92,0.0,,
2019-02-03,Lagos,33.0,24.1,28.5,76.3,3.3,100.0,8.33,rain,20.5,229.8,1013.2,40.1,,0.86,0.0,,
2019-02-04,Lagos,33.0,24.1,28.5,76.3,3.3,100.0,8.33,rain,20.5,229.8,1013.2,40.1,,0.86,0.0,,
2019-02-05,Lagos,33.0,24.1,28.5,76.3,3.3,100.0,8.33,rain,20.5,229.8,1013.2,40.1,,0.86,0.0,,
2019-02-06,Lagos,33.0,24.1,28.5,76.3,3.3,100.0,8.33,rain,20.5,229.8,1013.2,40.1,,0.86,0.0,,
2019-02-07,Lagos,33.0,24.1,28.5,76.3,3.3,100.0,8.33,rain,20.5,229.8,1013.2,40.1,,0.86,0.0,,
2019-02-08,Lagos,30.0,24.0,26.3,84.2,11.0,100.0,4.17,rain,20.5,263.6,1014.2,66.7,,0.05,0.0,,
2019-02-09,Lagos,30.0,24.7,26.5,85.1,1.0,100.0,4.17,rain,20.5,222.7,1013.3,63.2,,0.1,0.0,,
2019-02-10,Lagos,29.0,23.9,25.7,89.1,13.0,100.0,8.33,rain,16.6,236.2,1012.9,61.8,,0.12,0.0,,
2019-02-11,Lagos,29.0,23.9,25.7,89.1,13.0,100.0,8.33,rain,16.6,236.2,1012.9,61.8,,0.12,0.0,,
2019-02-12,Lagos,33.0,25.0,27.6,86.0,0.4,100.0,8.33,rain,16.6,258.7,1011.3,51.4,,0.19,0.0,,
2019-02-13,Lagos,33.0,25.0,27.6,86.0,0.4,100.0,8.33,rain,16.6,258.7,1011.3,51.4,,0.19,0.0,,
2019-02-14,Lagos,33.0,25.0,27.6,86.0,0.4,100.0,8.33,rain,16.6,258.7,1011.3,51.4,,0.19,0.0,,
2019-02-15,Lagos,33.0,25.0,27.6,86.0,0.4,100.0,8.33,rain,16.6,258.7,1011.3,51.4,,0.19,0.0,,
2019-02-16,Lagos,33.0,25.0,27.6,86.0,0.4,100.0,8.33,rain,16.6,258.7,1011.3,51.4,,0.19,0.0,,
2019-02-17,Lagos,33.0,25.0,27.6,86.0,0.4,100.0,8.33,rain,16.6,258.7,1011.3,51.4,,0.19,0.0,,
2019-02-18,Lagos,33.0,25.0,27.6,86.0,0.4,100.0,8.33,rain,16.6,258.7,1011.3,51.4,,0.19,0.0,,
2019-02-19,Lagos,33.0,25.0,27.6,86.0,0.4,100.0,8.33,rain,16.6,258.7,1011.3,51.4,,0.19,0.0,,
2019-02-20,Lagos,33.0,25.0,27.6,86.0,0.4,100.0,8.33,rain,16.6,258.7,1011.3,51.4,,0.19,0.0,,
2019-02-21,Lagos,33.0,25.0,27.6,86.0,0.4,100.0,8.33,rain,16.6,258.7,1011.3,51.4,,0.19,0.0,,
2019-02-22,Lagos,33.0,25.0,27.6,86.0,0.4,100.0,8.33,rain,16.6,258.7,1011.3,51.4,,0.19,0.0,,
2019-02-23,Lagos,33.0,25.0,27.6,86.0,0.4,100.0,8.33,rain,16.6,258.7,1011.3,51.4,,0.19,0.0,,
2019-02-24,Lagos,33.0,25.0,27.6,86.0,0.4,100.0,8.33,rain,16.6,258.7,1011.3,51.4,,0.19,0.0,,
2019-02-25,Lagos,33.0,25.0,27.6,86.0,0.4,100.0,8.33,rain,16.6,258.7,1011.3,51.4,,0.19,0.0,,
2019-02-26,Lagos,33.0,25.0,27.6,86.0,0.4,100.0,8.33,rain,16.6,258.7,1011.3,51.4,,0.19,0.0,,
2019-02-27,Lagos,33.0,25.0,27.6,86.0,0.4,100.0,8.33,rain,16.6,258.7,1011.3,51.4,,0.19,0.0,,
2019-02-28,Lagos,33.0,25.0,27.6,86.0,0.4,100.0,8.33,rain,16.6,258.7,1011.3,51.4,,0.19,0.0,,
2019-03-01,Lagos,33.0,25.0,27.6,86.0,0.4,100.0,8.33,rain,16.6,258.7,1011.3,51.4,,0.19,0.0,,
2019-03-02,Lagos,33.0,25.0,28.5,85.9,8.0,100.0,4.17,rain,13.0,277.2,1011.4,45.7,,0.95,0.0,,
2019-03-03,Lagos,33.0,25.0,28.5,85.9,8.0,100.0,4.17,rain,13.0,277.2,1011.4,45.7,,0.95,0.0,,
2019-03-04,Lagos,35.0,27.0,30.3,81.5,0.2,100.0,4.17,rain,24.1,214.7,1009.7,51.6,,0.94,0.0,,
2019-03-05,Lagos,33.3,25.0,29.5,81.8,0.3,100.0,12.5,rain,27.7,222.9,1011.3,48.7,,0.95,0.0,,
2019-03-06,Lagos,32.1,24.9,28.2,82.3,0.4,100.0,12.5,rain,14.8,252.3,1014.0,54.4,,0.0,0.0,,
2019-03-07,Lagos,30.0,24.8,26.9,88.0,0.7,100.0,12.5,rain,18.4,220.5,1012.5,54.8,,0.02,0.0,,
2019-03-08,Lagos,27.1,24.5,25.7,86.5,0.5,100.0,4.17,rain,24.1,246.9,1015.0,68.1,,0.08,0.0,,
2019-03-09,Lagos,28.0,18.0,25.4,88.0,0.9,100.0,25.0,rain,27.7,232.0,1015.0,63.1,,0.14,0.0,,
2019-03-10,Lagos,30.1,23.0,25.8,86.1,1.0,100.0,4.17,rain,24.1,318.3,1012.2,77.2,,0.16,0.0,,
2019-03-11,Lagos,30.0,23.9,26.4,86.4,0.3,100.0,4.17,rain,14.8,194.7,1013.0,51.2,,0.2,0.0,,
2019-03-12,Lagos,33.0,25.0,28.7,84.5,3.0,100.0,4.17,rain,14.8,250.6,1011.1,54.1,,0.22,0.0,,
2019-03-13,Lagos,33.0,25.0,28.7,84.5,3.0,100.0,4.17,rain,14.8,250.6,1011.1,54.1,,0.22,0.0,,
2019-03-14,Lagos,33.0,25.0,28.7,84.5,3.0,100.0,4.17,rain,14.8,250.6,1011.1,54.1,,0.22,0.0,,
2019-03-15,Lagos,33.0,25.0,28.7,84.5,3.0,100.0,4.17,rain,14.8,250.6,1011.1,54.1,,0.22,0.0,,
2019-03-16,Lagos,33.0,25.0,28.7,84.5,3.0,100.0,4.17,rain,14.8,250.6,1011.1,54.1,,0.22,0.0,,
2019-03-17,Lagos,33.0,25.0,28.7,84.5,3.0,100.0,4.17,rain,14.8,250.6,1011.1,54.1,,0.22,0.0,,
2019-03-18,Lagos,33.0,25.0,28.7,84.5,3.0,100.0,4.17,rain,14.8,250.6,1011.1,54.1,,0.22,0.0,,
2019-03-19,Lagos,33.0,25.0,28.7,84.5,3.0,100.0,4.17,rain,14.8,250.6,1011.1,54.1,,0.22,0.0,,
2019-03-20,Lagos,33.0,25.0,28.7,84.5,3.0,100.0,4.17,rain,14.8,250.6,1011.1,54.1,,0.22,0.0,,
2019-03-21,Lagos,33.0,25.0,28.7,84.5,3.0,100.0,4.17,rain,14.8,250.6,1011.1,54.1,,0.22,0.0,,
2019-03-22,Lagos,33.0,25.0,28.7,84.5,3.0,100.0,4.17,rain,14.8,250.6,1011.1,54.1,,0.22,0.0,,
2019-03-23,Lagos,33.0,25.0,28.7,84.5,3.0,100.0,4.17,rain,14.8,250.6,1011.1,54.1,,0.22,0.0,,
2019-03-24,Lagos,33.0,25.0,28.7,84.5,3.0,100.0,4.17,rain,14.8,250.6,1011.1,54.1,,0.22,0.0,,
2019-03-25,Lagos,33.0,25.0,28.7,84.5,3.0,100.0,4.17,rain,14.8,250.6,1011.1,54.1,,0.22,0.0,,
2019-03-26,Lagos,33.0,25.0,28.7,84.5,3.0,100.0,4.17,rain,14.8,250.6,1011.1,54.1,,0.22,0.0,,
2019-03-27,Lagos,33.0,25.0,28.7,84.5,3.0,100.0,4.17,rain,14.8,250.6,1011.1,54.1,,0.22,0.0,,
2019-03-28,Lagos,33.0,25.0,28.7,84.5,3.0,100.0,4.17,rain,14.8,250.6,1011.1,54.1,,0.22,0.0,,
2019-03-29,Lagos,33.0,25.0,28.7,84.5,3.0,100.0,4.17,rain,14.8,250.6,1011.1,54.1,,0.22,0.0,,
2019-03-30,Lagos,33.0,25.0,28.7,84.5,3.0,100.0,4.17,rain,14.8,250.6,1011.1,54.1,,0.22,0.0,,
2019-03-31,Lagos,33.0,25.0,28.7,84.5,3.0,100.0,4.17,rain,14.8,250.6,1011.1,54.1,,0.22,0.0,,
2019-04-01,Lagos,33.0,25.0,28.7,84.5,3.0,100.0,4.17,rain,14.8,250.6,1011.1,54.1,,0.22,0.0,,
2019-04-02,Lagos,33.0,25.0,28.7,84.5,3.0,100.0,4.17,rain,14.8,250.6,1011.1,54.1,,0.22,0.0,,
2019-04-03,Lagos,33.0,27.3,29.4,82.0,0.6,100.0,16.67,rain,18.4,233.3,1012.3,56.5,,0.93,0.0,,
2019-04-04,Lagos,33.0,27.3,29.4,82.0,0.6,100.0,16.67,rain,18.4,233.3,1012.3,56.5,,0.93,0.0,,
2019-04-05,Lagos,32.0,23.0,27.1,86.1,28.0,100.0,4.17,rain,24.1,205.0,1011.5,60.3,,0.0,0.0,,
2019-04-06,Lagos,32.0,23.0,27.1,86.1,28.0,100.0,4.17,rain,24.1,205.0,1011.5,60.3,,0.0,0.0,,
2019-04-07,Lagos,27.3,25.0,25.8,95.2,8.0,100.0,4.17,rain,14.8,237.6,1013.5,61.0,,0.06,0.0,,
2019-04-08,Lagos,27.3,25.0,25.8,95.2,8.0,100.0,4.17,rain,14.8,237.6,1013.5,61.0,,0.06,0.0,,
2019-04-09,Lagos,26.8,17.0,24.9,89.0,28.7,100.0,70.83,rain,44.6,259.1,1014.1,90.5,,0.17,0.0,,
2019-04-10,Lagos,26.8,24.0,25.1,92.7,48.0,100.0,4.17,rain,10.1,217.2,1011.2,73.9,,0.19,1.0,,
2019-04-11,Lagos,26.8,24.0,25.1,92.7,48.0,100.0,4.17,rain,10.1,217.2,1011.2,73.9,,0.19,1.0,,
2019-04-12,Lagos,26.8,24.0,25.1,92.7,48.0,100.0,4.17,rain,10.1,217.2,1011.2,73.9,,0.19,1.0,,
2019-04-13,Lagos,26.8,24.0,25.1,92.7,48.0,100.0,4.17,rain,10.1,217.2,1011.2,73.9,,0.19,1.0,,
2019-04-14,Lagos,26.8,24.0,25.1,92.7,48.0,100.0,4.17,rain,10.1,217.2,1011.2,73.9,,0.19,1.0,,
2019-04-15,Lagos,26.8,24.0,25.1,92.7,48.0,100.0,4.17,rain,10.1,217.2,1011.2,73.9,,0.19,1.0,,
2019-04-16,Lagos,26.8,24.0,25.1,92.7,48.0,100.0,4.17,rain,10.1,217.2,1011.2,73.9,,0.19,1.0,,
2019-04-17,Lagos,26.8,24.0,25.1,92.7,48.0,100.0,4.17,rain,10.1,217.2,1011.2,73.9,,0.19,1.0,,
2019-04-18,Lagos,26.8,24.0,25.1,92.7,48.0,100.0,4.17,rain,10.1,217.2,1011.2,73.9,,0.19,1.0,,
2019-04-19,Lagos,26.8,24.0,25.1,92.7,48.0,100.0,4.17,rain,10.1,217.2,1011.2,73.9,,0.19,1.0,,
2019-04-20,Lagos,26.8,24.0,25.1,92.7,48.0,100.0,4.17,rain,10.1,217.2,1011.2,73.9,,0.19,1.0,,
2019-04-21,Lagos,26.8,24.0,25.1,92.7,48.0,100.0,4.17,rain,10.1,217.2,1011.2,73.9,,0.19,1.0,,
2019-04-22,Lagos,26.8,24.0,25.1,92.7,48.0,100.0,4.17,rain,10.1,217.2,1011.2,73.9,,0.19,1.0,,
2019-04-23,Lagos,26.8,24.0,25.1,92.7,48.0,100.0,4.17,rain,10.1,217.2,1011.2,73.9,,0.19,1.0,,
2019-04-24,Lagos,26.8,24.0,25.1,92.7,48.0,100.0,4.17,rain,10.1,217.2,1011.2,73.9,,0.19,1.0,,
2019-04-25,Lagos,26.8,24.0,25.1,92.7,48.0,100.0,4.17,rain,10.1,217.2,1011.2,73.9,,0.19,1.0,,
2019-04-26,Lagos,26.8,24.0,25.1,92.7,48.0,100.0,4.17,rain,10.1,217.2,1011.2,73.9,,0.19,1.0,,
2019-04-27,Lagos,26.8,24.0,25.1,92.7,48.0,100.0,4.17,rain,10.1,217.2,1011.2,73.9,,0.19,1.0,,
2019-04-28,Lagos,26.8,24.0,25.1,92.7,48.0,100.0,4.17,rain,10.1,217.2,1011.2,73.9,,0.19,1.0,,
2019-04-29,Lagos,26.8,24.0,25.1,92.7,48.0,100.0,4.17,rain,10.1,217.2,1011.2,73.9,,0.19,1.0,,
2019-04-30,Lagos,26.8,24.0,25.1,92.7,48.0,100.0,4.17,rain,10.1,217.2,1011.2,73.9,,0.19,1.0,,
2019-05-01,Lagos,26.8,24.0,25.1,92.7,48.0,100.0,4.17,rain,10.1,217.2,1011.2,73.9,,0.19,1.0,,
2019-05-02,Lagos,34.0,26.0,28.8,85.2,0.1,100.0,4.17,rain,33.5,239.4,1011.8,54.2,,0.02,0.0,,
2019-05-03,Lagos,32.0,26.2,28.5,85.3,0.7,100.0,25.0,rain,14.8,228.6,1011.6,45.6,,0.96,0.0,,
2019-05-04,Lagos,34.0,23.0,28.8,82.8,30.0,100.0,4.17,rain,29.5,244.4,1009.8,56.9,,0.0,0.0,,
2019-05-05,Lagos,34.0,23.0,28.8,82.8,30.0,100.0,4.17,rain,29.5,244.4,1009.8,56.9,,0.0,0.0,,
2019-05-06,Lagos,30.0,25.0,27.5,85.5,1.0,100.0,4.17,rain,18.4,255.8,1013.5,61.2,,0.07,0.0,,
2019-05-07,Lagos,28.0,25.0,25.8,94.3,3.0,100.0,4.17,rain,16.6,246.8,1014.6,64.6,,0.09,0.0,,
2019-05-08,Lagos,28.0,25.0,25.8,94.3,3.0,100.0,4.17,rain,16.6,246.8,1014.6,64.6,,0.09,0.0,,
2019-05-09,Lagos,27.5,17.0,25.4,87.8,6.4,100.0,54.17,rain,55.4,242.0,1013.5,89.7,,0.2,0.0,,
2019-05-10,Lagos,27.0,23.0,25.2,91.7,10.0,100.0,4.17,rain,19.1,210.5,1011.5,87.4,,0.25,0.0,,
2019-05-11,Lagos,30.1,26.0,27.4,87.3,3.0,100.0,4.17,rain,16.6,217.7,1013.1,52.5,,0.27,0.0,,
2019-05-12,Lagos,30.1,26.0,27.4,87.3,3.0,100.0,4.17,rain,16.6,217.7,1013.1,52.5,,0.27,0.0,,
2019-05-13,Lagos,30.1,26.0,27.4,87.3,3.0,100.0,4.17,rain,16.6,217.7,1013.1,52.5,,0.27,0.0,,
2019-05-14,Lagos,30.1,26.0,27.4,87.3,3.0,100.0,4.17,rain,16.6,217.7,1013.1,52.5,,0.27,0.0,,
2019-05-15,Lagos,30.1,26.0,27.4,87.3,3.0,100.0,4.17,rain,16.6,217.7,1013.1,52.5,,0.27,0.0,,
2019-05-16,Lagos,30.1,26.0,27.4,87.3,3.0,100.0,4.17,rain,16.6,217.7,1013.1,52.5,,0.27,0.0,,
2019-05-17,Lagos,30.1,26.0,27.4,87.3,3.0,100.0,4.17,rain,16.6,217.7,1013.1,52.5,,0.27,0.0,,
2019-05-18,Lagos,30.1,26.0,27.4,87.3,3.0,100.0,4.17,rain,16.6,217.7,1013.1,52.5,,0.27,0.0,,
2019-05-19,Lagos,30.1,26.0,27.4,87.3,3.0,100.0,4.17,rain,16.6,217.7,1013.1,52.5,,0.27,0.0,,
2019-05-20,Lagos,30.1,26.0,27.4,87.3,3.0,100.0,4.17,rain,16.6,217.7,1013.1,52.5,,0.27,0.0,,
2019-05-21,Lagos,30.1,26.0,27.4,87.3,3.0,100.0,4.17,rain,16.6,217.7,1013.1,52.5,,0.27,0.0,,
2019-05-22,Lagos,30.1,26.0,27.4,87.3,3.0,100.0,4.17,rain,16.6,217.7,1013.1,52.5,,0.27,0.0,,
2019-05-23,Lagos,30.1,26.0,27.4,87.3,3.0,100.0,4.17,rain,16.6,217.7,1013.1,52.5,,0.27,0.0,,
2019-05-24,Lagos,30.1,26.0,27.4,87.3,3.0,100.0,4.17,rain,16.6,217.7,1013.1,52.5,,0.27,0.0,,
2019-05-25,Lagos,30.1,26.0,27.4,87.3,3.0,100.0,4.17,rain,16.6,217.7,1013.1,52.5,,0.27,0.0,,
2019-05-26,Lagos,30.1,26.0,27.4,87.3,3.0,100.0,4.17,rain,16.6,217.7,1013.1,52.5,,0.27,0.0,,
2019-05-27,Lagos,30.1,26.0,27.4,87.3,3.0,100.0,4.17,rain,16.6,217.7,1013.1,52.5,,0.27,0.0,,
2019-05-28,Lagos,30.1,26.0,27.4,87.3,3.0,100.0,4.17,rain,16.6,217.7,1013.1,52.5,,0.27,0.0,,
2019-05-29,Lagos,30.1,26.0,27.4,87.3,3.0,100.0,4.17,rain,16.6,217.7,1013.1,52.5,,0.27,0.0,,
2019-05-30,Lagos,30.1,26.0,27.4,87.3,3.0,100.0,4.17,rain,16.6,217.7,1013.1,52.5,,0.27,0.0,,
2019-05-31,Lagos,30.1,26.0,27.4,87.3,3.0,100.0,4.17,rain,16.6,217.7,1013.1,52.5,,0.27,0.0,,
2019-06-01,Lagos,30.1,26.0,27.4,87.3,3.0,100.0,4.17,rain,16.6,217.7,1013.1,52.5,,0.27,0.0,,
2019-06-02,Lagos,30.1,26.0,27.4,87.3,3.0,100.0,4.17,rain,16.6,217.7,1013.1,52.5,,0.27,0.0,,
2019-06-03,Lagos,31.0,23.8,26.9,91.9,38.0,100.0,4.17,rain,42.5,197.8,1013.1,62.6,,0.0,1.0,,
2019-06-04,Lagos,34.0,27.1,30.0,83.7,0.7,100.0,8.33,rain,25.9,242.3,1010.7,58.7,,0.04,0.0,,
2019-06-05,Lagos,34.0,27.1,30.0,83.7,0.7,100.0,8.33,rain,25.9,242.3,1010.7,58.7,,0.04,0.0,,
2019-06-06,Lagos,30.1,22.9,26.7,88.3,2.0,100.0,4.17,rain,21.6,240.9,1013.0,78.0,,0.11,0.0,,
2019-06-07,Lagos,30.1,22.9,26.7,88.3,2.0,100.0,4.17,rain,21.6,240.9,1013.0,78.0,,0.11,0.0,,
2019-06-08,Lagos,30.1,22.9,26.7,88.3,2.0,100.0,4.17,rain,21.6,240.9,1013.0,78.0,,0.11,0.0,,
2019-06-09,Lagos,29.0,22.0,25.3,90.5,42.0,100.0,4.17,rain,18.4,264.1,1014.0,77.6,,0.25,1.0,,
2019-06-10,Lagos,31.0,23.2,26.4,87.3,0.3,100.0,12.5,rain,18.4,249.1,1012.0,76.5,,0.25,0.0,,
2019-06-11,Lagos,31.2,24.9,27.3,87.4,16.0,100.0,4.17,rain,13.0,217.2,1011.5,56.4,,0.3,0.0,,
2019-06-12,Lagos,31.2,24.9,27.3,87.4,16.0,100.0,4.17,rain,13.0,217.2,1011.5,56.4,,0.3,0.0,,
2019-06-13,Lagos,31.2,24.9,27.3,87.4,16.0,100.0,4.17,rain,13.0,217.2,1011.5,56.4,,0.3,0.0,,
2019-06-14,Lagos,31.2,24.9,27.3,87.4,16.0,100.0,4.17,rain,13.0,217.2,1011.5,56.4,,0.3,0.0,,
2019-06-15,Lagos,31.2,24.9,27.3,87.4,16.0,100.0,4.17,rain,13.0,217.2,1011.5,56.4,,0.3,0.0,,
2019-06-16,Lagos,31.2,24.9,27.3,87.4,16.0,100.0,4.17,rain,13.0,217.2,1011.5,56.4,,0.3,0.0,,
2019-06-17,Lagos,31.2,24.9,27.3,87.4,16.0,100.0,4.17,rain,13.0,217.2,1011.5,56.4,,0.3,0.0,,
2019-06-18,Lagos,31.2,24.9,27.3,87.4,16.0,100.0,4.17,rain,13.0,217.2,1011.5,56.4,,0.3,0.0,,
2019-06-19,Lagos,31.2,24.9,27.3,87.4,16.0,100.0,4.17,rain,13.0,217.2,1011.5,56.4,,0.3,0.0,,
2019-06-20,Lagos,31.2,24.9,27.3,87.4,16.0,100.0,4.17,rain,13.0,217.2,1011.5,56.4,,0.3,0.0,,
2019-06-21,Lagos,31.2,24.9,27.3,87.4,16.0,100.0,4.17,rain,13.0,217.2,1011.5,56.4,,0.3,0.0,,
2019-06-22,Lagos,31.2,24.9,27.3,87.4,16.0,100.0,4.17,rain,13.0,217.2,1011.5,56.4,,0.3,0.0,,
2019-06-23,Lagos,31.2,24.9,27.3,87.4,16.0,100.0,4.17,rain,13.0,217.2,1011.5,56.4,,0.3,0.0,,
2019-06-24,Lagos,31.2,24.9,27.3,87.4,16.0,100.0,4.17,rain,13.0,217.2,1011.5,56.4,,0.3,0.0,,
2019-06-25,Lagos,31.2,24.9,27.3,87.4,16.0,100.0,4.17,rain,13.0,217.2,1011.5,56.4,,0.3,0.0,,
2019-06-26,Lagos,31.2,24.9,27.3,87.4,16.0,100.0,4.17,rain,13.0,217.2,1011.5,56.4,,0.3,0.0,,
2019-06-27,Lagos,31.2,24.9,27.3,87.4,16.0,100.0,4.17,rain,13.0,217.2,1011.5,56.4,,0.3,0.0,,
2019-06-28,Lagos,31.2,24.9,27.3,87.4,16.0,100.0,4.17,rain,13.0,217.2,1011.5,56.4,,0.3,0.0,,
2019-06-29,Lagos,31.2,24.9,27.3,87.4,16.0,100.0,4.17,rain,13.0,217.2,1011.5,56.4,,0.3,0.0,,
2019-06-30,Lagos,31.2,24.9,27.3,87.4,16.0,100.0,4.17,rain,13.0,217.2,1011.5,56.4,,0.3,0.0,,
2019-07-01,Lagos,32.0,24.0,27.9,79.2,0.2,100.0,4.17,rain,42.5,257.7,1012.4,31.0,,0.05,0.0,,
2019-07-02,Lagos,32.0,24.0,27.9,79.2,0.2,100.0,4.17,rain,42.5,257.7,1012.4,31.0,,0.05,0.0,,
2019-07-03,Lagos,32.0,24.0,27.9,79.2,0.2,100.0,4.17,rain,42.5,257.7,1012.4,31.0,,0.05,0.0,,
2019-07-04,Lagos,33.0,23.0,27.5,88.9,37.0,100.0,8.33,rain,33.5,226.3,1011.9,61.1,,0.07,1.0,,
2019-07-05,Lagos,33.8,27.1,29.9,81.7,0.4,100.0,12.5,rain,18.4,220.1,1012.3,70.5,,0.09,0.0,,
2019-07-06,Lagos,30.1,22.9,25.8,87.3,1.4,100.0,16.67,rain,22.0,225.7,1013.0,77.4,,0.14,0.0,,
2019-07-07,Lagos,30.0,25.0,26.9,86.1,0.4,100.0,4.17,rain,18.7,242.2,1013.7,70.6,,0.17,0.0,,
2019-07-08,Lagos,30.0,25.0,26.9,86.1,0.4,100.0,4.17,rain,18.7,242.2,1013.7,70.6,,0.17,0.0,,
2019-07-09,Lagos,30.0,23.0,25.7,88.4,0.4,100.0,8.33,rain,18.0,246.1,1014.6,58.1,,0.27,0.0,,
2019-07-10,Lagos,30.0,24.0,26.4,87.7,1.0,100.0,4.17,rain,14.8,255.5,1011.0,62.2,,0.29,0.0,,
2019-07-11,Lagos,30.0,24.0,26.4,87.7,1.0,100.0,4.17,rain,14.8,255.5,1011.0,62.2,,0.29,0.0,,
2019-07-12,Lagos,32.0,25.0,27.5,87.3,0.3,100.0,4.17,rain,14.8,244.3,1011.2,50.1,,0.35,0.0,,
2019-07-13,Lagos,32.0,25.0,27.5,87.3,0.3,100.0,4.17,rain,14.8,244.3,1011.2,50.1,,0.35,0.0,,
2019-07-14,Lagos,32.0,25.0,27.5,87.3,0.3,100.0,4.17,rain,14.8,244.3,1011.2,50.1,,0.35,0.0,,
2019-07-15,Lagos,32.0,25.0,27.5,87.3,0.3,100.0,4.17,rain,14.8,244.3,1011.2,50.1,,0.35,0.0,,
2019-07-16,Lagos,32.0,25.0,27.5,87.3,0.3,100.0,4.17,rain,14.8,244.3,1011.2,50.1,,0.35,0.0,,
2019-07-17,Lagos,32.0,25.0,27.5,87.3,0.3,100.0,4.17,rain,14.8,244.3,1011.2,50.1,,0.35,0.0,,
2019-07-18,Lagos,32.0,25.0,27.5,87.3,0.3,100.0,4.17,rain,14.8,244.3,1011.2,50.1,,0.35,0.0,,
2019-07-19,Lagos,32.0,25.0,27.5,87.3,0.3,100.0,4.17,rain,14.8,244.3,1011.2,50.1,,0.35,0.0,,
2019-07-20,Lagos,32.0,25.0,27.5,87.3,0.3,100.0,4.17,rain,14.8,244.3,1011.2,50.1,,0.35,0.0,,
2019-07-21,Lagos,32.0,25.0,27.5,87.3,0.3,100.0,4.17,rain,14.8,244.3,1011.2,50.1,,0.35,0.0,,
2019-07-22,Lagos,32.0,25.0,27.5,87.3,0.3,100.0,4.17,rain,14.8,244.3,1011.2,50.1,,0.35,0.0,,
2019-07-23,Lagos,32.0,25.0,27.5,87.3,0.3,100.0,4.17,rain,14.8,244.3,1011.2,50.1,,0.35,0.0,,
2019-07-24,Lagos,32.0,25.0,27.5,87.3,0.3,100.0,4.17,rain,14.8,244.3,1011.2,50.1,,0.35,0.0,,
2019-07-25,Lagos,32.0,25.0,27.5,87.3,0.3,100.0,4.17,rain,14.8,244.3,1011.2,50.1,,0.35,0.0,,
2019-07-26,Lagos,32.0,25.0,27.5,87.3,0.3,100.0,4.17,rain,14.8,244.3,1011.2,50.1,,0.35,0.0,,
2019-07-27,Lagos,32.0,25.0,27.5,87.3,0.3,100.0,4.17,rain,14.8,244.3,1011.2,50.1,,0.35,0.0,,
2019-07-28,Lagos,32.0,25.0,27.5,87.3,0.3,100.0,4.17,rain,14.8,244.3,1011.2,50.1,,0.35,0.0,,
2019-07-29,Lagos,32.0,25.0,27.5,87.3,0.3,100.0,4.17,rain,14.8,244.3,1011.2,50.1,,0.35,0.0,,
2019-07-30,Lagos,32.0,25.0,27.5,87.3,0.3,100.0,4.17,rain,14.8,244.3,1011.2,50.1,,0.35,0.0,,
2019-07-31,Lagos,32.0,25.0,27.5,87.3,0.3,100.0,4.17,rain,14.8,244.3,1011.2,50.1,,0.35,0.0,,
2019-08-01,Lagos,32.0,25.0,27.5,87.3,0.3,100.0,4.17,rain,14.8,244.3,1011.2,50.1,,0.35,0.0,,
2019-08-02,Lagos,29.0,25.0,27.3,89.9,8.0,100.0,4.17,rain,12.2,228.9,1010.1,65.1,,0.12,0.0,,
2019-08-03,Lagos,32.6,25.7,28.5,84.6,0.1,100.0,4.17,rain,16.9,217.9,1010.6,72.8,,0.06,0.0,,
2019-08-04,Lagos,33.0,24.0,28.4,81.5,0.1,100.0,4.17,rain,25.9,212.2,1011.9,49.7,,0.11,0.0,,
2019-08-05,Lagos,30.9,26.4,28.8,83.4,1.3,100.0,41.67,rain,15.5,215.0,1010.1,68.2,,0.13,0.0,,
2019-08-06,Lagos,32.0,24.0,27.6,84.1,0.1,100.0,4.17,rain,18.4,256.9,1014.8,55.7,,0.18,0.0,,
2019-08-07,Lagos,29.0,23.0,25.9,85.5,4.0,100.0,4.17,rain,24.1,225.0,1015.2,56.5,,0.2,0.0,,
2019-08-08,Lagos,29.0,23.0,25.9,85.5,4.0,100.0,4.17,rain,24.1,225.0,1015.2,56.5,,0.2,0.0,,
2019-08-09,Lagos,30.0,23.8,26.3,85.5,1.0,100.0,4.17,rain,16.6,243.7,1015.6,60.2,,0.31,0.0,,
2019-08-10,Lagos,27.0,23.0,25.2,93.5,28.0,100.0,12.5,rain,13.0,263.3,1011.3,76.2,,0.32,0.0,,
2019-08-11,Lagos,27.0,23.0,25.2,93.5,28.0,100.0,12.5,rain,13.0,263.3,1011.3,76.2,,0.32,0.0,,
2019-08-12,Lagos,27.0,23.0,25.2,93.5,28.0,100.0,12.5,rain,13.0,263.3,1011.3,76.2,,0.32,0.0,,
2019-08-13,Lagos,27.0,23.0,25.2,93.5,28.0,100.0,12.5,rain,13.0,263.3,1011.3,76.2,,0.32,0.0,,
2019-08-14,Lagos,27.0,23.0,25.2,93.5,28.0,100.0,12.5,rain,13.0,263.3,1011.3,76.2,,0.32,0.0,,
2019-08-15,Lagos,27.0,23.0,25.2,93.5,28.0,100.0,12.5,rain,13.0,263.3,1011.3,76.2,,0.32,0.0,,
2019-08-16,Lagos,27.0,23.0,25.2,93.5,28.0,100.0,12.5,rain,13.0,263.3,1011.3,76.2,,0.32,0.0,,
2019-08-17,Lagos,27.0,23.0,25.2,93.5,28.0,100.0,12.5,rain,13.0,263.3,1011.3,76.2,,0.32,0.0,,
2019-08-18,Lagos,27.0,23.0,25.2,93.5,28.0,100.0,12.5,rain,13.0,263.3,1011.3,76.2,,0.32,0.0,,
2019-08-19,Lagos,27.0,23.0,25.2,93.5,28.0,100.0,12.5,rain,13.0,263.3,1011.3,76.2,,0.32,0.0,,
2019-08-20,Lagos,27.0,23.0,25.2,93.5,28.0,100.0,12.5,rain,13.0,263.3,1011.3,76.2,,0.32,0.0,,
2019-08-21,Lagos,27.0,23.0,25.2,93.5,28.0,100.0,12.5,rain,13.0,263.3,1011.3,76.2,,0.32,0.0,,
2019-08-22,Lagos,27.0,23.0,25.2,93.5,28.0,100.0,12.5,rain,13.0,263.3,1011.3,76.2,,0.32,0.0,,
2019-08-23,Lagos,27.0,23.0,25.2,93.5,28.0,100.0,12.5,rain,13.0,263.3,1011.3,76.2,,0.32,0.0,,
2019-08-24,Lagos,27.0,23.0,25.2,93.5,28.0,100.0,12.5,rain,13.0,263.3,1011.3,76.2,,0.32,0.0,,
2019-08-25,Lagos,27.0,23.0,25.2,93.5,28.0,100.0,12.5,rain,13.0,263.3,1011.3,76.2,,0.32,0.0,,
2019-08-26,Lagos,27.0,23.0,25.2,93.5,28.0,100.0,12.5,rain,13.0,263.3,1011.3,76.2,,0.32,0.0,,
2019-08-27,Lagos,27.0,23.0,25.2,93.5,28.0,100.0,12.5,rain,13.0,263.3,1011.3,76.2,,0.32,0.0,,
2019-08-28,Lagos,27.0,23.0,25.2,93.5,28.0,100.0,12.5,rain,13.0,263.3,1011.3,76.2,,0.32,0.0,,
2019-08-29,Lagos,27.0,23.0,25.2,93.5,28.0,100.0,12.5,rain,13.0,263.3,1011.3,76.2,,0.32,0.0,,
2019-08-30,Lagos,27.0,23.0,25.2,93.5,28.0,100.0,12.5,rain,13.0,263.3,1011.3,76.2,,0.32,0.0,,
2019-08-31,Lagos,27.0,23.0,25.2,93.5,28.0,100.0,12.5,rain,13.0,263.3,1011.3,76.2,,0.32,0.0,,
2019-09-01,Lagos,27.0,23.0,25.2,93.5,28.0,100.0,12.5,rain,13.0,263.3,1011.3,76.2,,0.32,0.0,,
2019-09-02,Lagos,32.6,24.9,28.2,83.2,0.3,100.0,12.5,rain,16.3,234.7,1009.2,56.0,,0.15,0.0,,
2019-09-03,Lagos,33.1,24.7,28.6,82.6,3.4,100.0,29.17,rain,16.9,239.8,1011.2,84.0,,0.1,0.0,,
2019-09-04,Lagos,33.1,24.7,28.6,82.6,3.4,100.0,29.17,rain,16.9,239.8,1011.2,84.0,,0.1,0.0,,
2019-09-05,Lagos,29.0,23.0,25.9,93.5,73.0,100.0,4.17,rain,41.6,200.5,1010.7,53.3,,0.16,1.0,,
2019-09-06,Lagos,29.0,23.0,25.9,93.5,73.0,100.0,4.17,rain,41.6,200.5,1010.7,53.3,,0.16,1.0,,
2019-09-07,Lagos,29.0,23.0,25.9,93.5,73.0,100.0,4.17,rain,41.6,200.5,1010.7,53.3,,0.16,1.0,,
2019-09-08,Lagos,27.0,23.9,25.5,87.8,1.1,100.0,4.17,rain,21.3,253.6,1016.8,68.5,,0.29,0.0,,
2019-09-09,Lagos,27.0,23.9,25.5,87.8,1.1,100.0,4.17,rain,21.3,253.6,1016.8,68.5,,0.29,0.0,,
2019-09-10,Lagos,30.0,24.0,26.4,89.2,8.0,100.0,8.33,rain,22.3,241.7,1011.1,60.4,,0.35,0.0,,
2019-09-11,Lagos,33.0,25.0,27.7,88.9,2.0,100.0,4.17,rain,14.8,230.7,1010.3,63.1,,0.4,0.0,,
2019-09-12,Lagos,33.0,25.0,27.7,88.9,2.0,100.0,4.17,rain,14.8,230.7,1010.3,63.1,,0.4,0.0,,
2019-09-13,Lagos,33.0,25.0,27.7,88.9,2.0,100.0,4.17,rain,14.8,230.7,1010.3,63.1,,0.4,0.0,,
2019-09-14,Lagos,33.0,25.0,27.7,88.9,2.0,100.0,4.17,rain,14.8,230.7,1010.3,63.1,,0.4,0.0,,
2019-09-15,Lagos,33.0,25.0,27.7,88.9,2.0,100.0,4.17,rain,14.8,230.7,1010.3,63.1,,0.4,0.0,,
2019-09-16,Lagos,33.0,25.0,27.7,88.9,2.0,100.0,4.17,rain,14.8,230.7,1010.3,63.1,,0.4,0.0,,
2019-09-17,Lagos,33.0,25.0,27.7,88.9,2.0,100.0,4.17,rain,14.8,230.7,1010.3,63.1,,0.4,0.0,,
2019-09-18,Lagos,33.0,25.0,27.7,88.9,2.0,100.0,4.17,rain,14.8,230.7,1010.3,63.1,,0.4,0.0,,
2019-09-19,Lagos,33.0,25.0,27.7,88.9,2.0,100.0,4.17,rain,14.8,230.7,1010.3,63.1,,0.4,0.0,,
2019-09-20,Lagos,33.0,25.0,27.7,88.9,2.0,100.0,4.17,rain,14.8,230.7,1010.3,63.1,,0.4,0.0,,
2019-09-21,Lagos,33.0,25.0,27.7,88.9,2.0,100.0,4.17,rain,14.8,230.7,1010.3,63.1,,0.4,0.0,,
2019-09-22,Lagos,33.0,25.0,27.7,88.9,2.0,100.0,4.17,rain,14.8,230.7,1010.3,63.1,,0.4,0.0,,
2019-09-23,Lagos,33.0,25.0,27.7,88.9,2.0,100.0,4.17,rain,14.8,230.7,1010.3,63.1,,0.4,0.0,,
2019-09-24,Lagos,33.0,25.0,27.7,88.9,2.0,100.0,4.17,rain,14.8,230.7,1010.3,63.1,,0.4,0.0,,
2019-09-25,Lagos,33.0,25.0,27.7,88.9,2.0,100.0,4.17,rain,14.8,230.7,1010.3,63.1,,0.4,0.0,,
2019-09-26,Lagos,33.0,25.0,27.7,88.9,2.0,100.0,4.17,rain,14.8,230.7,1010.3,63.1,,0.4,0.0,,
2019-09-27,Lagos,33.0,25.0,27.7,88.9,2.0,100.0,4.17,rain,14.8,230.7,1010.3,63.1,,0.4,0.0,,
2019-09-28,Lagos,33.0,25.0,27.7,88.9,2.0,100.0,4.17,rain,14.8,230.7,1010.3,63.1,,0.4,0.0,,
2019-09-29,Lagos,33.0,25.0,27.7,88.9,2.0,100.0,4.17,rain,14.8,230.7,1010.3,63.1,,0.4,0.0,,
2019-09-30,Lagos,33.0,25.0,27.7,88.9,2.0,100.0,4.17,rain,14.8,230.7,1010.3,63.1,,0.4,0.0,,
2019-10-01,Lagos,33.0,25.0,27.7,88.9,2.0,100.0,4.17,rain,14.8,230.7,1010.3,63.1,,0.4,0.0,,
2019-10-02,Lagos,33.0,25.0,27.7,88.9,2.0,100.0,4.17,rain,14.8,230.7,1010.3,63.1,,0.4,0.0,,
2019-10-03,Lagos,33.7,24.9,28.6,85.2,2.9,100.0,29.17,rain,16.2,220.2,1012.1,73.5,,0.13,0.0,,
2019-10-04,Lagos,33.7,24.9,28.6,85.2,2.9,100.0,29.17,rain,16.2,220.2,1012.1,73.5,,0.13,0.0,,
2019-10-05,Lagos,33.7,24.9,28.6,85.2,2.9,100.0,29.17,rain,16.2,220.2,1012.1,73.5,,0.13,0.0,,
2019-10-06,Lagos,29.0,24.7,26.2,91.7,9.0,100.0,4.17,rain,16.6,230.5,1014.6,64.2,,0.25,0.0,,
2019-10-07,Lagos,29.0,24.7,26.2,91.7,9.0,100.0,4.17,rain,16.6,230.5,1014.6,64.2,,0.25,0.0,,
2019-10-08,Lagos,29.0,23.0,25.5,88.0,4.0,100.0,8.33,rain,24.1,251.2,1017.2,57.9,,0.32,0.0,,
2019-10-09,Lagos,29.1,25.0,26.4,87.0,1.0,100.0,4.17,rain,19.4,241.8,1014.5,61.9,,0.37,0.0,,
2019-10-10,Lagos,31.0,25.0,27.1,87.4,14.3,100.0,8.33,rain,18.7,217.5,1010.8,59.5,,0.39,0.0,,
2019-10-11,Lagos,29.0,25.0,26.4,91.0,4.0,100.0,4.17,rain,20.5,211.9,1010.7,54.6,,0.43,0.0,,
2019-10-12,Lagos,33.1,26.0,28.6,84.1,102.0,100.0,4.17,rain,14.8,257.8,1010.9,51.0,,0.44,1.0,,
2019-10-13,Lagos,33.1,26.0,28.6,84.1,102.0,100.0,4.17,rain,14.8,257.8,1010.9,51.0,,0.44,1.0,,
2019-10-14,Lagos,33.1,26.0,28.6,84.1,102.0,100.0,4.17,rain,14.8,257.8,1010.9,51.0,,0.44,1.0,,
2019-10-15,Lagos,33.1,26.0,28.6,84.1,102.0,100.0,4.17,rain,14.8,257.8,1010.9,51.0,,0.44,1.0,,
2019-10-16,Lagos,33.1,26.0,28.6,84.1,102.0,100.0,4.17,rain,14.8,257.8,1010.9,51.0,,0.44,1.0,,
2019-10-17,Lagos,33.1,26.0,28.6,84.1,102.0,100.0,4.17,rain,14.8,257.8,1010.9,51.0,,0.44,1.0,,
2019-10-18,Lagos,33.1,26.0,28.6,84.1,102.0,100.0,4.17,rain,14.8,257.8,1010.9,51.0,,0.44,1.0,,
2019-10-19,Lagos,33.1,26.0,28.6,84.1,102.0,100.0,4.17,rain,14.8,257.8,1010.9,51.0,,0.44,1.0,,
2019-10-20,Lagos,33.1,26.0,28.6,84.1,102.0,100.0,4.17,rain,14.8,257.8,1010.9,51.0,,0.44,1.0,,
2019-10-21,Lagos,33.1,26.0,28.6,84.1,102.0,100.0,4.17,rain,14.8,257.8,1010.9,51.0,,0.44,1.0,,
2019-10-22,Lagos,33.1,26.0,28.6,84.1,102.0,100.0,4.17,rain,14.8,257.8,1010.9,51.0,,0.44,1.0,,
2019-10-23,Lagos,33.1,26.0,28.6,84.1,102.0,100.0,4.17,rain,14.8,257.8,1010.9,51.0,,0.44,1.0,,
2019-10-24,Lagos,33.1,26.0,28.6,84.1,102.0,100.0,4.17,rain,14.8,257.8,1010.9,51.0,,0.44,1.0,,
2019-10-25,Lagos,33.1,26.0,28.6,84.1,102.0,100.0,4.17,rain,14.8,257.8,1010.9,51.0,,0.44,1.0,,
2019-10-26,Lagos,33.1,26.0,28.6,84.1,102.0,100.0,4.17,rain,14.8,257.8,1010.9,51.0,,0.44,1.0,,
2019-10-27,Lagos,33.1,26.0,28.6,84.1,102.0,100.0,4.17,rain,14.8,257.8,1010.9,51.0,,0.44,1.0,,
2019-10-28,Lagos,33.1,26.0,28.6,84.1,102.0,100.0,4.17,rain,14.8,257.8,1010.9,51.0,,0.44,1.0,,
2019-10-29,Lagos,33.1,26.0,28.6,84.1,102.0,100.0,4.17,rain,14.8,257.8,1010.9,51.0,,0.44,1.0,,
2019-10-30,Lagos,33.1,26.0,28.6,84.1,102.0,100.0,4.17,rain,14.8,257.8,1010.9,51.0,,0.44,1.0,,
2019-10-31,Lagos,33.1,26.0,28.6,84.1,102.0,100.0,4.17,rain,14.8,257.8,1010.9,51.0,,0.44,1.0,,
2019-11-01,Lagos,33.1,26.0,28.6,84.1,102.0,100.0,4.17,rain,14.8,257.8,1010.9,51.0,,0.44,1.0,,
2019-11-02,Lagos,33.1,26.0,28.6,84.1,102.0,100.0,4.17,rain,14.8,257.8,1010.9,51.0,,0.44,1.0,,
2019-11-03,Lagos,30.6,26.1,28.5,85.4,0.8,100.0,20.83,rain,17.3,228.5,1011.2,51.7,,0.17,0.0,,
2019-11-04,Lagos,30.0,25.0,27.4,90.3,8.0,100.0,8.33,rain,20.5,187.1,1010.7,55.5,,0.22,0.0,,
2019-11-05,Lagos,32.0,25.9,28.0,84.4,52.2,100.0,4.17,rain,13.0,272.1,1011.4,52.6,,0.23,1.0,,
2019-11-06,Lagos,30.2,25.0,26.9,86.0,0.5,100.0,12.5,rain,18.0,254.3,1013.9,50.6,,0.29,0.0,,
2019-11-07,Lagos,29.0,24.0,25.7,89.0,6.0,100.0,4.17,rain,24.1,246.2,1014.6,67.7,,0.31,0.0,,
2019-11-08,Lagos,30.0,24.0,26.3,82.5,0.1,100.0,4.17,rain,18.4,260.4,1015.9,60.5,,0.36,0.0,,
2019-11-09,Lagos,27.0,25.0,25.7,91.3,1.2,100.0,4.17,rain,7.6,259.9,1013.4,67.5,,0.41,0.0,,
2019-11-10,Lagos,28.0,25.0,25.8,93.0,20.0,100.0,8.33,rain,16.6,228.9,1011.3,70.4,,0.42,0.0,,
2019-11-11,Lagos,28.0,25.0,25.8,93.0,20.0,100.0,8.33,rain,16.6,228.9,1011.3,70.4,,0.42,0.0,,
2019-11-12,Lagos,28.0,25.0,25.8,93.0,20.0,100.0,8.33,rain,16.6,228.9,1011.3,70.4,,0.42,0.0,,
2019-11-13,Lagos,28.0,25.0,25.8,93.0,20.0,100.0,8.33,rain,16.6,228.9,1011.3,70.4,,0.42,0.0,,
2019-11-14,Lagos,28.0,25.0,25.8,93.0,20.0,100.0,8.33,rain,16.6,228.9,1011.3,70.4,,0.42,0.0,,
2019-11-15,Lagos,28.0,25.0,25.8,93.0,20.0,100.0,8.33,rain,16.6,228.9,1011.3,70.4,,0.42,0.0,,
2019-11-16,Lagos,28.0,25.0,25.8,93.0,20.0,100.0,8.33,rain,16.6,228.9,1011.3,70.4,,0.42,0.0,,
2019-11-17,Lagos,28.0,25.0,25.8,93.0,20.0,100.0,8.33,rain,16.6,228.9,1011.3,70.4,,0.42,0.0,,
2019-11-18,Lagos,28.0,25.0,25.8,93.0,20.0,100.0,8.33,rain,16.6,228.9,1011.3,70.4,,0.42,0.0,,
2019-11-19,Lagos,28.0,25.0,25.8,93.0,20.0,100.0,8.33,rain,16.6,228.9,1011.3,70.4,,0.42,0.0,,
2019-11-20,Lagos,28.0,25.0,25.8,93.0,20.0,100.0,8.33,rain,16.6,228.9,1011.3,70.4,,0.42,0.0,,
2019-11-21,Lagos,28.0,25.0,25.8,93.0,20.0,100.0,8.33,rain,16.6,228.9,1011.3,70.4,,0.42,0.0,,
2019-11-22,Lagos,28.0,25.0,25.8,93.0,20.0,100.0,8.33,rain,16.6,228.9,1011.3,70.4,,0.42,0.0,,
2019-11-23,Lagos,28.0,25.0,25.8,93.0,20.0,100.0,8.33,rain,16.6,228.9,1011.3,70.4,,0.42,0.0,,
2019-11-24,Lagos,28.0,25.0,25.8,93.0,20.0,100.0,8.33,rain,16.6,228.9,1011.3,70.4,,0.42,0.0,,
2019-11-25,Lagos,28.0,25.0,25.8,93.0,20.0,100.0,8.33,rain,16.6,228.9,1011.3,70.4,,0.42,0.0,,
2019-11-26,Lagos,28.0,25.0,25.8,93.0,20.0,100.0,8.33,rain,16.6,228.9,1011.3,70.4,,0.42,0.0,,
2019-11-27,Lagos,28.0,25.0,25.8,93.0,20.0,100.0,8.33,rain,16.6,228.9,1011.3,70.4,,0.42,0.0,,
2019-11-28,Lagos,28.0,25.0,25.8,93.0,20.0,100.0,8.33,rain,16.6,228.9,1011.3,70.4,,0.42,0.0,,
2019-11-29,Lagos,28.0,25.0,25.8,93.0,20.0,100.0,8.33,rain,16.6,228.9,1011.3,70.4,,0.42,0.0,,
2019-11-30,Lagos,28.0,25.0,25.8,93.0,20.0,100.0,8.33,rain,16.6,228.9,1011.3,70.4,,0.42,0.0,,
2019-12-01,Lagos,28.0,25.0,25.8,93.0,20.0,100.0,8.33,rain,16.6,228.9,1011.3,70.4,,0.42,0.0,,
2019-12-02,Lagos,28.0,25.0,25.8,93.0,20.0,100.0,8.33,rain,16.6,228.9,1011.3,70.4,,0.42,0.0,,
2019-12-03,Lagos,33.1,27.1,29.2,83.7,0.8,100.0,25.0,rain,16.6,218.8,1010.6,67.4,,0.2,0.0,,
2019-12-04,Lagos,33.1,27.1,29.2,83.7,0.8,100.0,25.0,rain,16.6,218.8,1010.6,67.4,,0.2,0.0,,
2019-12-05,Lagos,33.1,27.1,29.2,83.7,0.8,100.0,25.0,rain,16.6,218.8,1010.6,67.4,,0.2,0.0,,
2019-12-06,Lagos,31.0,24.6,27.0,85.5,1.1,100.0,16.67,rain,16.6,245.0,1014.6,57.4,,0.32,0.0,,
2019-12-07,Lagos,26.0,23.0,24.6,94.3,4.0,100.0,8.33,rain,14.8,257.0,1015.4,66.0,,0.34,0.0,,
2019-12-08,Lagos,29.0,23.1,25.7,84.4,0.3,100.0,12.5,rain,17.6,247.6,1014.4,56.1,,0.39,0.0,,
2019-12-09,Lagos,29.0,24.0,26.0,90.6,0.9,100.0,4.17,rain,24.1,217.2,1013.8,66.4,,0.44,0.0,,
2019-12-10,Lagos,25.0,23.0,24.1,96.2,3.1,100.0,4.17,rain,9.4,232.4,1012.6,66.9,,0.45,0.0,,
2019-12-11,Lagos,25.0,23.0,24.1,96.2,3.1,100.0,4.17,rain,9.4,232.4,1012.6,66.9,,0.45,0.0,,
2019-12-12,Lagos,30.0,23.0,26.1,92.3,55.0,100.0,4.17,rain,13.0,195.3,1011.6,50.0,,0.5,1.0,,
2019-12-13,Lagos,30.0,23.0,26.1,92.3,55.0,100.0,4.17,rain,13.0,195.3,1011.6,50.0,,0.5,1.0,,
2019-12-14,Lagos,30.0,23.0,26.1,92.3,55.0,100.0,4.17,rain,13.0,195.3,1011.6,50.0,,0.5,1.0,,
2019-12-15,Lagos,30.0,23.0,26.1,92.3,55.0,100.0,4.17,rain,13.0,195.3,1011.6,50.0,,0.5,1.0,,
2019-12-16,Lagos,30.0,23.0,26.1,92.3,55.0,100.0,4.17,rain,13.0,195.3,1011.6,50.0,,0.5,1.0,,
2019-12-17,Lagos,30.0,23.0,26.1,92.3,55.0,100.0,4.17,rain,13.0,195.3,1011.6,50.0,,0.5,1.0,,
2019-12-18,Lagos,30.0,23.0,26.1,92.3,55.0,100.0,4.17,rain,13.0,195.3,1011.6,50.0,,0.5,1.0,,
2019-12-19,Lagos,30.0,23.0,26.1,92.3,55.0,100.0,4.17,rain,13.0,195.3,1011.6,50.0,,0.5,1.0,,
2019-12-20,Lagos,30.0,23.0,26.1,92.3,55.0,100.0,4.17,rain,13.0,195.3,1011.6,50.0,,0.5,1.0,,
2019-12-21,Lagos,30.0,23.0,26.1,92.3,55.0,100.0,4.17,rain,13.0,195.3,1011.6,50.0,,0.5,1.0,,
2019-12-22,Lagos,30.0,23.0,26.1,92.3,55.0,100.0,4.17,rain,13.0,195.3,1011.6,50.0,,0.5,1.0,,
2019-12-23,Lagos,30.0,23.0,26.1,92.3,55.0,100.0,4.17,rain,13.0,195.3,1011.6,50.0,,0.5,1.0,,
2019-12-24,Lagos,30.0,23.0,26.1,92.3,55.0,100.0,4.17,rain,13.0,195.3,1011.6,50.0,,0.5,1.0,,
2019-12-25,Lagos,30.0,23.0,26.1,92.3,55.0,100.0,4.17,rain,13.0,195.3,1011.6,50.0,,0.5,1.0,,
2019-12-26,Lagos,30.0,23.0,26.1,92.3,55.0,100.0,4.17,rain,13.0,195.3,1011.6,50.0,,0.5,1.0,,
2019-12-27,Lagos,30.0,23.0,26.1,92.3,55.0,100.0,4.17,rain,13.0,195.3,1011.6,50.0,,0.5,1.0,,
2019-12-28,Lagos,30.0,23.0,26.1,92.3,55.0,100.0,4.17,rain,13.0,195.3,1011.6,50.0,,0.5,1.0,,
2019-12-29,Lagos,30.0,23.0,26.1,92.3,55.0,100.0,4.17,rain,13.0,195.3,1011.6,50.0,,0.5,1.0,,
2019-12-30,Lagos,30.0,23.0,26.1,92.3,55.0,100.0,4.17,rain,13.0,195.3,1011.6,50.0,,0.5,1.0,,
2019-12-31,Lagos,30.0,23.0,26.1,92.3,55.0,100.0,4.17,rain,13.0,195.3,1011.6,50.0,,0.5,1.0,,
2020-01-01,Lagos,30.0,23.0,26.1,92.3,55.0,100.0,4.17,rain,13.0,195.3,1011.6,50.0,,0.5,1.0,,
2020-01-02,Lagos,30.0,23.0,26.1,92.3,55.0,100.0,4.17,rain,13.0,195.3,1011.6,50.0,,0.5,1.0,,
2020-01-03,Lagos,30.0,23.0,26.1,92.3,55.0,100.0,4.17,rain,13.0,195.3,1011.6,50.0,,0.5,1.0,,
2020-01-04,Lagos,30.0,23.0,26.1,92.3,55.0,100.0,4.17,rain,13.0,195.3,1011.6,50.0,,0.5,1.0,,
2020-01-05,Lagos,30.0,23.0,26.1,92.3,55.0,100.0,4.17,rain,13.0,195.3,1011.6,50.0,,0.5,1.0,,
2020-01-06,Lagos,30.0,23.0,26.1,92.3,55.0,100.0,4.17,rain,13.0,195.3,1011.6,50.0,,0.5,1.0,,
2020-01-07,Lagos,30.0,23.0,26.1,92.3,55.0,100.0,4.17,rain,13.0,195.3,1011.6,50.0,,0.5,1.0,,
2020-01-08,Lagos,30.0,23.0,26.1,92.3,55.0,100.0,4.17,rain,13.0,195.3,1011.6,50.0,,0.5,1.0,,
2020-01-09,Lagos,30.0,23.0,26.1,92.3,55.0,100.0,4.17,rain,13.0,195.3,1011.6,50.0,,0.5,1.0,,
2020-01-10,Lagos,30.0,23.0,26.1,92.3,55.0,100.0,4.17,rain,13.0,195.3,1011.6,50.0,,0.5,1.0,,
2020-01-11,Lagos,34.0,26.9,29.0,84.0,0.6,100.0,4.17,rain,20.5,218.5,1013.3,46.9,,0.52,0.0,,
2020-01-12,Lagos,34.0,26.9,29.0,84.0,0.6,100.0,4.17,rain,20.5,218.5,1013.3,46.9,,0.52,0.0,,
2020-01-13,Lagos,34.0,26.9,29.0,84.0,0.6,100.0,4.17,rain,20.5,218.5,1013.3,46.9,,0.52,0.0,,
2020-01-14,Lagos,35.0,26.0,29.4,83.3,1.0,100.0,4.17,rain,20.4,273.4,1010.1,52.3,,0.63,0.0,,
2020-01-15,Lagos,35.0,26.0,29.4,83.3,1.0,100.0,4.17,rain,20.4,273.4,1010.1,52.3,,0.63,0.0,,
2020-01-16,Lagos,35.0,26.0,29.4,83.3,1.0,100.0,4.17,rain,20.4,273.4,1010.1,52.3,,0.63,0.0,,
2020-01-17,Lagos,35.0,26.0,29.4,83.3,1.0,100.0,4.17,rain,20.4,273.4,1010.1,52.3,,0.63,0.0,,
2020-01-18,Lagos,35.0,26.0,29.4,83.3,1.0,100.0,4.17,rain,20.4,273.4,1010.1,52.3,,0.63,0.0,,
2020-01-19,Lagos,35.0,26.0,29.4,83.3,1.0,100.0,4.17,rain,20.4,273.4,1010.1,52.3,,0.63,0.0,,
2020-01-20,Lagos,35.0,26.0,29.4,83.3,1.0,100.0,4.17,rain,20.4,273.4,1010.1,52.3,,0.63,0.0,,
2020-01-21,Lagos,35.0,26.0,29.4,83.3,1.0,100.0,4.17,rain,20.4,273.4,1010.1,52.3,,0.63,0.0,,
2020-01-22,Lagos,35.0,26.0,29.4,83.3,1.0,100.0,4.17,rain,20.4,273.4,1010.1,52.3,,0.63,0.0,,
2020-01-23,Lagos,35.0,26.0,29.4,83.3,1.0,100.0,4.17,rain,20.4,273.4,1010.1,52.3,,0.63,0.0,,
2020-01-24,Lagos,35.0,26.0,29.4,83.3,1.0,100.0,4.17,rain,20.4,273.4,1010.1,52.3,,0.63,0.0,,
2020-01-25,Lagos,35.0,26.0,29.4,83.3,1.0,100.0,4.17,rain,20.4,273.4,1010.1,52.3,,0.63,0.0,,
2020-01-26,Lagos,35.0,26.0,29.4,83.3,1.0,100.0,4.17,rain,20.4,273.4,1010.1,52.3,,0.63,0.0,,
2020-01-27,Lagos,35.0,26.0,29.4,83.3,1.0,100.0,4.17,rain,20.4,273.4,1010.1,52.3,,0.63,0.0,,
2020-01-28,Lagos,35.0,26.0,29.4,83.3,1.0,100.0,4.17,rain,20.4,273.4,1010.1,52.3,,0.63,0.0,,
2020-01-29,Lagos,35.0,26.0,29.4,83.3,1.0,100.0,4.17,rain,20.4,273.4,1010.1,52.3,,0.63,0.0,,
2020-01-30,Lagos,35.0,26.0,29.4,83.3,1.0,100.0,4.17,rain,20.4,273.4,1010.1,52.3,,0.63,0.0,,
2020-01-31,Lagos,35.0,26.0,29.4,83.3,1.0,100.0,4.17,rain,20.4,273.4,1010.1,52.3,,0.63,0.0,,
2020-02-01,Lagos,35.0,26.0,29.4,83.3,1.0,100.0,4.17,rain,20.4,273.4,1010.1,52.3,,0.63,0.0,,
2020-02-02,Lagos,35.0,26.0,29.4,83.3,1.0,100.0,4.17,rain,20.4,273.4,1010.1,52.3,,0.63,0.0,,
2020-02-03,Lagos,35.0,26.0,29.4,83.3,1.0,100.0,4.17,rain,20.4,273.4,1010.1,52.3,,0.63,0.0,,
2020-02-04,Lagos,35.0,26.0,29.4,83.3,1.0,100.0,4.17,rain,20.4,273.4,1010.1,52.3,,0.63,0.0,,
2020-02-05,Lagos,35.0,26.0,29.4,83.3,1.0,100.0,4.17,rain,20.4,273.4,1010.1,52.3,,0.63,0.0,,
2020-02-06,Lagos,35.0,26.0,29.4,83.3,1.0,100.0,4.17,rain,20.4,273.4,1010.1,52.3,,0.63,0.0,,
2020-02-07,Lagos,35.0,26.0,29.4,83.3,1.0,100.0,4.17,rain,20.4,273.4,1010.1,52.3,,0.63,0.0,,
2020-02-08,Lagos,35.0,26.0,29.4,83.3,1.0,100.0,4.17,rain,20.4,273.4,1010.1,52.3,,0.63,0.0,,
2020-02-09,Lagos,35.0,26.0,29.4,83.3,1.0,100.0,4.17,rain,20.4,273.4,1010.1,52.3,,0.63,0.0,,
2020-02-10,Lagos,35.0,26.0,29.4,83.3,1.0,100.0,4.17,rain,20.4,273.4,1010.1,52.3,,0.63,0.0,,
2020-02-11,Lagos,35.0,26.0,29.4,83.3,1.0,100.0,4.17,rain,20.4,273.4,1010.1,52.3,,0.63,0.0,,
2020-02-12,Lagos,35.0,26.0,29.4,83.3,1.0,100.0,4.17,rain,20.4,273.4,1010.1,52.3,,0.63,0.0,,
2020-02-13,Lagos,35.0,26.0,29.4,83.3,1.0,100.0,4.17,rain,20.4,273.4,1010.1,52.3,,0.63,0.0,,
2020-02-14,Lagos,35.0,26.0,29.4,83.3,1.0,100.0,4.17,rain,20.4,273.4,1010.1,52.3,,0.63,0.0,,
2020-02-15,Lagos,35.0,26.0,29.4,83.3,1.0,100.0,4.17,rain,20.4,273.4,1010.1,52.3,,0.63,0.0,,
2020-02-16,Lagos,35.0,26.0,29.4,83.3,1.0,100.0,4.17,rain,20.4,273.4,1010.1,52.3,,0.63,0.0,,
2020-02-17,Lagos,35.0,26.0,29.4,83.3,1.0,100.0,4.17,rain,20.4,273.4,1010.1,52.3,,0.63,0.0,,
2020-02-18,Lagos,35.0,26.0,29.4,83.3,1.0,100.0,4.17,rain,20.4,273.4,1010.1,52.3,,0.63,0.0,,
2020-02-19,Lagos,35.0,26.0,29.4,83.3,1.0,100.0,4.17,rain,20.4,273.4,1010.1,52.3,,0.63,0.0,,
2020-02-20,Lagos,35.0,26.0,29.4,83.3,1.0,100.0,4.17,rain,20.4,273.4,1010.1,52.3,,0.63,0.0,,
2020-02-21,Lagos,35.0,26.0,29.4,83.3,1.0,100.0,4.17,rain,20.4,273.4,1010.1,52.3,,0.63,0.0,,
2020-02-22,Lagos,35.0,26.0,29.4,83.3,1.0,100.0,4.17,rain,20.4,273.4,1010.1,52.3,,0.63,0.0,,
2020-02-23,Lagos,35.0,26.0,29.4,83.3,1.0,100.0,4.17,rain,20.4,273.4,1010.1,52.3,,0.63,0.0,,
2020-02-24,Lagos,35.0,26.0,29.4,83.3,1.0,100.0,4.17,rain,20.4,273.4,1010.1,52.3,,0.63,0.0,,
2020-02-25,Lagos,35.0,26.0,29.4,83.3,1.0,100.0,4.17,rain,20.4,273.4,1010.1,52.3,,0.63,0.0,,
2020-02-26,Lagos,35.0,26.0,29.4,83.3,1.0,100.0,4.17,rain,20.4,273.4,1010.1,52.3,,0.63,0.0,,
2020-02-27,Lagos,35.0,26.0,29.4,83.3,1.0,100.0,4.17,rain,20.4,273.4,1010.1,52.3,,0.63,0.0,,
2020-02-28,Lagos,35.0,26.0,29.4,83.3,1.0,100.0,4.17,rain,20.4,273.4,1010.1,52.3,,0.63,0.0,,
2020-02-29,Lagos,35.0,26.0,29.4,83.3,1.0,100.0,4.17,rain,20.4,273.4,1010.1,52.3,,0.63,0.0,,
2020-03-01,Lagos,35.0,26.0,29.4,83.3,1.0,100.0,4.17,rain,20.4,273.4,1010.1,52.3,,0.63,0.0,,
2020-03-02,Lagos,35.0,26.0,29.4,83.3,1.0,100.0,4.17,rain,20.4,273.4,1010.1,52.3,,0.63,0.0,,
2020-03-03,Lagos,33.0,23.0,27.8,82.8,10.0,100.0,8.33,rain,27.7,202.3,1013.2,42.7,,0.29,0.0,,
2020-03-04,Lagos,33.0,23.0,27.8,82.8,10.0,100.0,8.33,rain,27.7,202.3,1013.2,42.7,,0.29,0.0,,
2020-03-05,Lagos,33.0,23.0,27.8,82.8,10.0,100.0,8.33,rain,27.7,202.3,1013.2,42.7,,0.29,0.0,,
2020-03-06,Lagos,35.0,24.8,28.6,84.4,3.0,100.0,4.17,rain,25.9,259.4,1010.3,59.2,,0.39,0.0,,
2020-03-07,Lagos,35.0,24.8,28.6,84.4,3.0,100.0,4.17,rain,25.9,259.4,1010.3,59.2,,0.39,0.0,,
2020-03-08,Lagos,35.0,24.8,28.6,84.4,3.0,100.0,4.17,rain,25.9,259.4,1010.3,59.2,,0.39,0.0,,
2020-03-09,Lagos,33.0,26.6,29.6,81.3,0.4,100.0,12.5,rain,24.4,223.8,1010.1,43.7,,0.5,0.0,,
2020-03-10,Lagos,33.0,26.6,29.6,81.3,0.4,100.0,12.5,rain,24.4,223.8,1010.1,43.7,,0.5,0.0,,
2020-03-11,Lagos,35.0,27.8,30.3,81.4,2.1,100.0,25.0,rain,31.7,232.2,1009.5,55.1,,0.56,0.0,,
2020-03-12,Lagos,35.0,24.9,28.7,82.0,6.0,100.0,4.17,rain,15.9,222.1,1009.9,55.2,,0.59,0.0,,
2020-03-13,Lagos,35.0,27.0,29.9,80.2,1.9,100.0,25.0,rain,20.1,216.3,1009.9,60.8,,0.63,0.0,,
2020-03-14,Lagos,33.1,25.2,28.7,83.5,12.0,100.0,4.17,rain,14.8,254.0,1010.6,50.6,,0.66,0.0,,
2020-03-15,Lagos,34.0,26.2,29.6,81.5,0.1,100.0,4.17,rain,22.3,232.4,1010.1,47.9,,0.7,0.0,,
2020-03-16,Lagos,34.0,26.2,29.6,81.5,0.1,100.0,4.17,rain,22.3,232.4,1010.1,47.9,,0.7,0.0,,
2020-03-17,Lagos,34.0,26.2,29.6,81.5,0.1,100.0,4.17,rain,22.3,232.4,1010.1,47.9,,0.7,0.0,,
2020-03-18,Lagos,34.0,26.2,29.6,81.5,0.1,100.0,4.17,rain,22.3,232.4,1010.1,47.9,,0.7,0.0,,
2020-03-19,Lagos,34.0,26.2,29.6,81.5,0.1,100.0,4.17,rain,22.3,232.4,1010.1,47.9,,0.7,0.0,,
2020-03-20,Lagos,34.0,26.2,29.6,81.5,0.1,100.0,4.17,rain,22.3,232.4,1010.1,47.9,,0.7,0.0,,
2020-03-21,Lagos,34.1,27.0,29.5,82.4,0.1,100.0,4.17,rain,31.7,224.3,1010.5,63.1,,0.9,0.0,,
2020-03-22,Lagos,34.1,27.0,29.5,82.4,0.1,100.0,4.17,rain,31.7,224.3,1010.5,63.1,,0.9,0.0,,
2020-03-23,Lagos,31.0,27.0,28.7,85.0,1.0,100.0,8.33,rain,17.3,256.9,1011.0,56.1,,0.97,0.0,,
2020-03-24,Lagos,29.0,23.0,26.1,87.8,14.0,100.0,8.33,rain,13.0,269.8,1012.0,45.5,,0.0,0.0,,
2020-03-25,Lagos,29.0,23.0,26.1,87.8,14.0,100.0,8.33,rain,13.0,269.8,1012.0,45.5,,0.0,0.0,,
2020-03-26,Lagos,29.0,23.0,26.1,87.8,14.0,100.0,8.33,rain,13.0,269.8,1012.0,45.5,,0.0,0.0,,
2020-03-27,Lagos,29.0,23.0,26.1,87.8,14.0,100.0,8.33,rain,13.0,269.8,1012.0,45.5,,0.0,0.0,,
2020-03-28,Lagos,29.0,23.0,26.1,87.8,14.0,100.0,8.33,rain,13.0,269.8,1012.0,45.5,,0.0,0.0,,
2020-03-29,Lagos,29.0,23.0,26.1,87.8,14.0,100.0,8.33,rain,13.0,269.8,1012.0,45.5,,0.0,0.0,,
2020-03-30,Lagos,29.0,23.0,26.1,87.8,14.0,100.0,8.33,rain,13.0,269.8,1012.0,45.5,,0.0,0.0,,
2020-03-31,Lagos,29.0,23.0,26.1,87.8,14.0,100.0,8.33,rain,13.0,269.8,1012.0,45.5,,0.0,0.0,,
2020-04-01,Lagos,33.0,24.8,28.0,82.8,9.0,100.0,4.17,rain,27.7,185.4,1010.8,46.2,,0.25,0.0,,
2020-04-02,Lagos,33.0,24.8,28.0,82.8,9.0,100.0,4.17,rain,27.7,185.4,1010.8,46.2,,0.25,0.0,,
2020-04-03,Lagos,33.0,24.8,28.0,82.8,9.0,100.0,4.17,rain,27.7,185.4,1010.8,46.2,,0.25,0.0,,
2020-04-04,Lagos,31.0,20.0,26.9,85.3,0.1,100.0,4.17,rain,31.7,206.1,1011.9,48.2,,0.38,0.0,,
2020-04-05,Lagos,35.0,24.9,28.7,83.0,3.9,100.0,4.17,rain,24.1,198.7,1011.0,41.5,,0.41,0.0,,
2020-04-06,Lagos,35.0,24.9,28.7,83.0,3.9,100.0,4.17,rain,24.1,198.7,1011.0,41.5,,0.41,0.0,,
2020-04-07,Lagos,35.0,24.9,28.7,83.0,3.9,100.0,4.17,rain,24.1,198.7,1011.0,41.5,,0.41,0.0,,
2020-04-08,Lagos,33.0,26.8,29.1,82.9,0.2,100.0,4.17,rain,18.1,220.6,1010.9,60.2,,0.5,0.0,,
2020-04-09,Lagos,33.0,26.8,29.1,82.9,0.2,100.0,4.17,rain,18.1,220.6,1010.9,60.2,,0.5,0.0,,
2020-04-10,Lagos,33.0,26.8,29.1,82.9,0.2,100.0,4.17,rain,18.1,220.6,1010.9,60.2,,0.5,0.0,,
2020-04-11,Lagos,33.0,26.8,29.1,82.9,0.2,100.0,4.17,rain,18.1,220.6,1010.9,60.2,,0.5,0.0,,
2020-04-12,Lagos,33.0,26.8,29.1,82.9,0.2,100.0,4.17,rain,18.1,220.6,1010.9,60.2,,0.5,0.0,,
2020-04-13,Lagos,33.0,26.8,29.1,82.9,0.2,100.0,4.17,rain,18.1,220.6,1010.9,60.2,,0.5,0.0,,
2020-04-14,Lagos,34.0,27.0,29.9,78.7,0.1,100.0,4.17,rain,27.7,224.8,1010.6,49.5,,0.75,0.0,,
2020-04-15,Lagos,34.0,27.0,29.9,78.7,0.1,100.0,4.17,rain,27.7,224.8,1010.6,49.5,,0.75,0.0,,
2020-04-16,Lagos,34.6,27.8,30.1,81.8,0.6,100.0,16.67,rain,31.7,243.9,1009.9,50.8,,0.78,0.0,,
2020-04-17,Lagos,34.0,28.0,29.9,79.8,1.3,100.0,4.17,rain,19.4,218.5,1009.7,71.0,,0.81,0.0,,
2020-04-18,Lagos,34.0,28.0,29.9,79.8,1.3,100.0,4.17,rain,19.4,218.5,1009.7,71.0,,0.81,0.0,,
2020-04-19,Lagos,34.0,28.0,29.9,79.8,1.3,100.0,4.17,rain,19.4,218.5,1009.7,71.0,,0.81,0.0,,
2020-04-20,Lagos,34.0,28.0,29.9,79.8,1.3,100.0,4.17,rain,19.4,218.5,1009.7,71.0,,0.81,0.0,,
2020-04-21,Lagos,34.0,28.0,29.9,79.8,1.3,100.0,4.17,rain,19.4,218.5,1009.7,71.0,,0.81,0.0,,
2020-04-22,Lagos,33.1,22.9,27.6,83.1,40.0,100.0,4.17,rain,46.4,236.6,1010.8,58.8,,0.98,1.0,,
2020-04-23,Lagos,33.0,25.0,28.3,80.7,3.8,100.0,16.67,rain,20.5,213.6,1010.5,52.7,,0.0,0.0,,
2020-04-24,Lagos,34.0,26.8,29.7,80.6,0.1,100.0,4.17,rain,28.5,234.1,1010.6,43.1,,0.05,0.0,,
2020-04-25,Lagos,34.0,26.8,29.7,80.6,0.1,100.0,4.17,rain,28.5,234.1,1010.6,43.1,,0.05,0.0,,
2020-04-26,Lagos,31.0,22.0,26.7,89.2,4.0,100.0,4.17,rain,29.5,260.4,1011.6,53.5,,0.12,0.0,,
2020-04-27,Lagos,31.0,22.0,26.7,89.2,4.0,100.0,4.17,rain,29.5,260.4,1011.6,53.5,,0.12,0.0,,
2020-04-28,Lagos,33.0,22.0,27.2,82.4,4.0,100.0,4.17,rain,16.6,219.4,1012.9,44.4,,0.19,0.0,,
2020-04-29,Lagos,32.0,23.0,28.4,84.0,3.0,100.0,4.17,rain,27.7,224.4,1013.3,55.7,,0.22,0.0,,
2020-04-30,Lagos,31.0,24.0,27.1,85.5,3.0,100.0,4.17,rain,16.6,209.9,1013.7,56.8,,0.25,0.0,,
2020-05-01,Lagos,31.0,24.0,27.1,85.5,3.0,100.0,4.17,rain,16.6,209.9,1013.7,56.8,,0.25,0.0,,
2020-05-02,Lagos,31.0,24.0,27.1,85.5,3.0,100.0,4.17,rain,16.6,209.9,1013.7,56.8,,0.25,0.0,,
2020-05-03,Lagos,31.0,24.0,27.5,84.2,1.0,100.0,4.17,rain,35.3,185.3,1011.7,56.6,,0.36,0.0,,
2020-05-04,Lagos,32.0,24.0,27.7,80.7,4.0,100.0,4.17,rain,24.1,157.1,1012.0,48.7,,0.4,0.0,,
2020-05-05,Lagos,32.0,24.0,27.7,80.7,4.0,100.0,4.17,rain,24.1,157.1,1012.0,48.7,,0.4,0.0,,
2020-05-06,Lagos,32.0,24.0,27.7,80.7,4.0,100.0,4.17,rain,24.1,157.1,1012.0,48.7,,0.4,0.0,,
2020-05-07,Lagos,33.1,27.0,29.6,81.6,0.2,100.0,8.33,rain,18.0,219.4,1010.7,52.7,,0.5,0.0,,
2020-05-08,Lagos,33.1,27.0,29.6,81.6,0.2,100.0,8.33,rain,18.0,219.4,1010.7,52.7,,0.5,0.0,,
2020-05-09,Lagos,33.1,27.0,29.6,81.6,0.2,100.0,8.33,rain,18.0,219.4,1010.7,52.7,,0.5,0.0,,
2020-05-10,Lagos,29.0,25.0,27.2,90.0,15.0,100.0,4.17,rain,35.3,141.2,1012.3,54.1,,0.6,0.0,,
2020-05-11,Lagos,29.0,25.0,27.2,90.0,15.0,100.0,4.17,rain,35.3,141.2,1012.3,54.1,,0.6,0.0,,
2020-05-12,Lagos,29.0,25.0,27.2,90.0,15.0,100.0,4.17,rain,35.3,141.2,1012.3,54.1,,0.6,0.0,,
2020-05-13,Lagos,33.0,25.0,28.5,78.8,0.2,100.0,4.17,rain,24.1,187.6,1013.3,47.9,,0.7,0.0,,
2020-05-14,Lagos,33.0,25.0,28.5,78.8,0.2,100.0,4.17,rain,24.1,187.6,1013.3,47.9,,0.7,0.0,,
2020-05-15,Lagos,33.0,25.0,28.5,78.8,0.2,100.0,4.17,rain,24.1,187.6,1013.3,47.9,,0.7,0.0,,
2020-05-16,Lagos,33.0,25.0,28.5,78.8,0.2,100.0,4.17,rain,24.1,187.6,1013.3,47.9,,0.7,0.0,,
2020-05-17,Lagos,33.0,25.0,28.5,78.8,0.2,100.0,4.17,rain,24.1,187.6,1013.3,47.9,,0.7,0.0,,
2020-05-18,Lagos,33.0,25.0,28.5,78.8,0.2,100.0,4.17,rain,24.1,187.6,1013.3,47.9,,0.7,0.0,,
2020-05-19,Lagos,30.0,22.0,26.6,88.2,11.0,100.0,4.17,rain,34.1,238.5,1014.2,46.5,,0.89,0.0,,
2020-05-20,Lagos,30.0,22.0,26.6,88.2,11.0,100.0,4.17,rain,34.1,238.5,1014.2,46.5,,0.89,0.0,,
2020-05-21,Lagos,34.0,20.0,29.1,81.4,0.1,100.0,4.17,rain,40.7,248.5,1013.8,56.3,,0.96,0.0,,
2020-05-22,Lagos,31.0,26.4,28.3,84.3,0.2,100.0,4.17,rain,17.9,216.6,1014.1,58.5,,0.0,0.0,,
2020-05-23,Lagos,31.0,26.4,28.3,84.3,0.2,100.0,4.17,rain,17.9,216.6,1014.1,58.5,,0.0,0.0,,
2020-05-24,Lagos,31.0,26.4,28.3,84.3,0.2,100.0,4.17,rain,17.9,216.6,1014.1,58.5,,0.0,0.0,,
2020-05-25,Lagos,30.1,22.0,26.0,90.4,11.0,100.0,4.17,rain,24.1,190.4,1013.6,61.7,,0.1,0.0,,
2020-05-26,Lagos,30.1,22.0,26.0,90.4,11.0,100.0,4.17,rain,24.1,190.4,1013.6,61.7,,0.1,0.0,,
2020-05-27,Lagos,30.1,22.0,26.0,90.4,11.0,100.0,4.17,rain,24.1,190.4,1013.6,61.7,,0.1,0.0,,
2020-05-28,Lagos,28.7,23.0,25.6,93.9,21.0,100.0,8.33,rain,51.8,358.9,1012.8,47.7,,0.2,0.0,,
2020-05-29,Lagos,33.0,23.0,27.4,85.6,0.4,100.0,8.33,rain,16.6,207.9,1012.0,55.0,,0.24,0.0,,
2020-05-30,Lagos,30.8,26.0,27.7,87.3,1.4,100.0,16.67,rain,22.3,218.9,1012.0,56.1,,0.25,0.0,,
2020-05-31,Lagos,30.0,25.5,27.5,86.3,1.6,100.0,50.0,rain,18.4,224.2,1012.7,86.0,,0.31,0.0,,
2020-06-01,Lagos,29.2,24.0,26.9,86.4,1.6,100.0,29.17,rain,16.6,225.1,1013.7,72.3,,0.35,0.0,,
2020-06-02,Lagos,31.0,22.0,25.4,87.2,21.0,100.0,8.33,rain,22.3,180.4,1013.9,54.6,,0.38,0.0,,
2020-06-03,Lagos,31.0,22.0,25.4,87.2,21.0,100.0,8.33,rain,22.3,180.4,1013.9,54.6,,0.38,0.0,,
2020-06-04,Lagos,31.9,25.0,27.4,88.3,0.7,100.0,8.33,rain,14.8,238.8,1013.1,47.1,,0.45,0.0,,
2020-06-05,Lagos,33.1,25.0,28.2,82.6,23.0,100.0,4.17,rain,18.4,218.2,1014.1,55.2,,0.5,0.0,,
2020-06-06,Lagos,32.0,25.0,27.9,85.7,0.1,100.0,4.17,rain,14.9,213.2,1014.1,68.3,,0.52,0.0,,
2020-06-07,Lagos,31.0,22.0,26.7,87.6,52.0,100.0,8.33,rain,15.0,248.1,1014.1,60.6,,0.55,1.0,,
2020-06-08,Lagos,31.0,22.0,26.7,87.6,52.0,100.0,8.33,rain,15.0,248.1,1014.1,60.6,,0.55,1.0,,
2020-06-09,Lagos,32.6,23.0,27.2,79.9,0.5,100.0,8.33,rain,40.0,133.8,1013.3,55.2,,0.62,0.0,,
2020-06-10,Lagos,32.6,23.0,27.2,79.9,0.5,100.0,8.33,rain,40.0,133.8,1013.3,55.2,,0.62,0.0,,
2020-06-11,Lagos,32.6,23.0,27.2,79.9,0.5,100.0,8.33,rain,40.0,133.8,1013.3,55.2,,0.62,0.0,,
2020-06-12,Lagos,32.6,23.0,27.2,79.9,0.5,100.0,8.33,rain,40.0,133.8,1013.3,55.2,,0.62,0.0,,
2020-06-13,Lagos,31.0,24.0,27.0,84.0,0.2,100.0,4.17,rain,14.8,199.8,1013.3,58.7,,0.75,0.0,,
2020-06-14,Lagos,29.1,25.0,26.9,89.2,15.0,100.0,4.17,rain,14.8,244.9,1014.0,68.5,,0.78,0.0,,
2020-06-15,Lagos,30.0,24.0,27.0,89.4,15.0,100.0,8.33,rain,16.6,232.4,1014.4,59.7,,0.81,0.0,,
2020-06-16,Lagos,30.0,24.0,27.0,89.4,15.0,100.0,8.33,rain,16.6,232.4,1014.4,59.7,,0.81,0.0,,
2020-06-17,Lagos,28.0,24.0,26.0,93.6,45.0,100.0,12.5,rain,16.6,223.9,1013.0,66.9,,0.88,1.0,,
2020-06-18,Lagos,25.1,22.0,23.9,98.3,56.0,100.0,12.5,rain,18.4,306.1,1014.5,70.2,,0.91,1.0,,
2020-06-19,Lagos,25.1,22.0,23.9,98.3,56.0,100.0,12.5,rain,18.4,306.1,1014.5,70.2,,0.91,1.0,,
2020-06-20,Lagos,25.1,22.0,23.9,98.3,56.0,100.0,12.5,rain,18.4,306.1,1014.5,70.2,,0.91,1.0,,
2020-06-21,Lagos,29.0,22.8,25.6,91.9,37.0,100.0,8.33,rain,14.9,225.7,1014.3,61.4,,0.0,1.0,,
2020-06-22,Lagos,28.0,23.0,24.6,96.5,22.0,100.0,8.33,rain,20.5,215.7,1013.4,66.6,,0.04,0.0,,
2020-06-23,Lagos,28.0,23.0,24.6,96.5,22.0,100.0,8.33,rain,20.5,215.7,1013.4,66.6,,0.04,0.0,,
2020-06-24,Lagos,30.0,24.8,27.0,87.0,221.0,100.0,4.17,rain,14.8,240.6,1012.8,57.2,,0.11,1.0,,
2020-06-25,Lagos,30.0,24.8,27.0,87.0,221.0,100.0,4.17,rain,14.8,240.6,1012.8,57.2,,0.11,1.0,,
2020-06-26,Lagos,31.0,23.0,27.0,86.3,0.1,100.0,4.17,rain,18.7,243.3,1012.4,63.6,,0.19,0.0,,
2020-06-27,Lagos,31.0,23.0,26.4,86.5,0.9,100.0,4.17,rain,20.5,228.6,1011.8,67.7,,0.22,0.0,,
2020-06-28,Lagos,26.1,24.0,25.1,94.1,19.0,100.0,8.33,rain,9.4,269.2,1012.5,69.7,,0.25,0.0,,
2020-06-29,Lagos,29.0,23.9,25.7,90.9,2.0,100.0,4.17,rain,22.3,229.2,1012.9,64.7,,0.29,0.0,,
2020-06-30,Lagos,28.1,23.0,25.2,92.0,61.0,100.0,8.33,rain,13.7,249.2,1013.4,85.6,,0.33,1.0,,
2020-07-01,Lagos,28.1,23.0,25.2,92.0,61.0,100.0,8.33,rain,13.7,249.2,1013.4,85.6,,0.33,1.0,,
2020-07-02,Lagos,28.1,23.0,25.2,92.0,61.0,100.0,8.33,rain,13.7,249.2,1013.4,85.6,,0.33,1.0,,
2020-07-03,Lagos,28.1,23.0,25.2,92.0,61.0,100.0,8.33,rain,13.7,249.2,1013.4,85.6,,0.33,1.0,,
2020-07-04,Lagos,27.0,23.0,24.8,94.4,71.0,100.0,8.33,rain,22.3,250.7,1013.2,80.7,,0.47,1.0,,
2020-07-05,Lagos,30.0,23.0,25.5,91.5,59.0,100.0,8.33,rain,14.3,282.2,1013.3,56.0,,0.5,1.0,,
2020-07-06,Lagos,30.1,24.0,26.1,90.2,13.0,100.0,4.17,rain,15.1,267.2,1012.7,56.4,,0.54,0.0,,
2020-07-07,Lagos,27.1,23.8,25.6,92.4,6.0,100.0,4.17,rain,14.4,240.2,1012.0,62.6,,0.57,0.0,,
2020-07-08,Lagos,26.0,24.0,25.0,94.2,18.0,100.0,4.17,rain,14.8,256.0,1012.0,55.7,,0.6,0.0,,
2020-07-09,Lagos,27.0,23.7,25.1,94.2,5.0,100.0,4.17,rain,9.4,255.5,1013.2,63.2,,0.64,0.0,,
2020-07-10,Lagos,27.0,23.7,25.1,94.2,5.0,100.0,4.17,rain,9.4,255.5,1013.2,63.2,,0.64,0.0,,
2020-07-11,Lagos,27.0,23.7,25.1,94.2,5.0,100.0,4.17,rain,9.4,255.5,1013.2,63.2,,0.64,0.0,,
2020-07-12,Lagos,28.0,24.8,25.8,88.6,1.5,100.0,8.33,rain,18.4,260.5,1014.6,55.3,,0.73,0.0,,
2020-07-13,Lagos,29.1,23.7,25.9,87.3,0.2,100.0,4.17,rain,20.2,249.0,1013.1,60.7,,0.75,0.0,,
2020-07-14,Lagos,30.0,23.9,26.0,85.2,0.1,100.0,4.17,rain,27.7,263.9,1013.1,54.0,,0.8,0.0,,
2020-07-15,Lagos,28.0,23.2,25.4,86.7,0.2,100.0,4.17,rain,19.8,261.8,1013.8,53.7,,0.83,0.0,,
2020-07-16,Lagos,28.0,23.2,25.4,86.7,0.2,100.0,4.17,rain,19.8,261.8,1013.8,53.7,,0.83,0.0,,
2020-07-17,Lagos,28.0,23.2,25.4,86.7,0.2,100.0,4.17,rain,19.8,261.8,1013.8,53.7,,0.83,0.0,,
2020-07-18,Lagos,28.0,23.2,25.4,86.7,0.2,100.0,4.17,rain,19.8,261.8,1013.8,53.7,,0.83,0.0,,
2020-07-19,Lagos,28.0,23.2,25.4,86.7,0.2,100.0,4.17,rain,19.8,261.8,1013.8,53.7,,0.83,0.0,,
2020-07-20,Lagos,30.2,24.0,26.3,85.1,0.4,100.0,4.17,rain,25.9,223.2,1013.1,58.1,,0.0,0.0,,
2020-07-21,Lagos,31.0,24.8,26.8,83.8,0.6,100.0,4.17,rain,20.5,233.3,1012.9,60.9,,0.03,0.0,,
2020-07-22,Lagos,29.0,24.0,26.2,86.9,4.0,100.0,4.17,rain,18.4,235.7,1013.4,60.3,,0.06,0.0,,
2020-07-23,Lagos,29.0,24.0,26.2,86.9,4.0,100.0,4.17,rain,18.4,235.7,1013.4,60.3,,0.06,0.0,,
2020-07-24,Lagos,29.0,24.0,26.2,86.9,4.0,100.0,4.17,rain,18.4,235.7,1013.4,60.3,,0.06,0.0,,
2020-07-25,Lagos,29.0,24.0,26.2,86.9,4.0,100.0,4.17,rain,18.4,235.7,1013.4,60.3,,0.06,0.0,,
2020-07-26,Lagos,29.0,24.0,26.2,86.9,4.0,100.0,4.17,rain,18.4,235.7,1013.4,60.3,,0.06,0.0,,
2020-07-27,Lagos,28.8,24.0,26.2,81.0,0.1,100.0,4.17,rain,14.8,258.5,1014.1,61.0,,0.25,0.0,,
2020-07-28,Lagos,27.0,22.0,25.3,85.2,0.8,100.0,29.17,rain,35.3,227.7,1013.8,66.2,,0.28,0.0,,
2020-07-29,Lagos,31.0,23.0,26.0,83.9,0.1,100.0,4.17,rain,27.7,236.8,1014.4,50.2,,0.31,0.0,,
2020-07-30,Lagos,31.0,23.0,26.0,83.9,0.1,100.0,4.17,rain,27.7,236.8,1014.4,50.2,,0.31,0.0,,
2020-07-31,Lagos,28.0,24.2,25.6,84.9,0.6,100.0,20.83,rain,29.5,244.9,1013.9,82.9,,0.38,0.0,,
2020-08-01,Lagos,29.0,24.2,26.0,83.5,2.0,100.0,4.17,rain,30.4,217.6,1014.9,65.6,,0.42,0.0,,
2020-08-02,Lagos,29.0,23.0,24.9,88.2,0.1,100.0,4.17,rain,40.7,269.0,1015.5,44.0,,0.46,0.0,,
2020-08-03,Lagos,27.0,23.7,25.0,86.1,0.4,100.0,16.67,rain,27.7,253.0,1016.4,49.9,,0.5,0.0,,
2020-08-04,Lagos,27.0,23.7,25.0,86.1,0.4,100.0,16.67,rain,27.7,253.0,1016.4,49.9,,0.5,0.0,,
2020-08-05,Lagos,27.0,23.7,25.0,86.1,0.4,100.0,16.67,rain,27.7,253.0,1016.4,49.9,,0.5,0.0,,
2020-08-06,Lagos,27.0,23.7,25.0,86.1,0.4,100.0,16.67,rain,27.7,253.0,1016.4,49.9,,0.5,0.0,,
2020-08-07,Lagos,28.0,23.0,24.7,82.4,1.0,100.0,4.17,rain,18.4,247.4,1016.4,59.5,,0.62,0.0,,
2020-08-08,Lagos,28.0,23.0,24.7,82.4,1.0,100.0,4.17,rain,18.4,247.4,1016.4,59.5,,0.62,0.0,,
2020-08-09,Lagos,28.0,23.0,24.7,82.4,1.0,100.0,4.17,rain,18.4,247.4,1016.4,59.5,,0.62,0.0,,
2020-08-10,Lagos,28.0,23.0,24.7,82.4,1.0,100.0,4.17,rain,18.4,247.4,1016.4,59.5,,0.62,0.0,,
2020-08-11,Lagos,28.0,23.0,24.7,82.4,1.0,100.0,4.17,rain,18.4,247.4,1016.4,59.5,,0.62,0.0,,
2020-08-12,Lagos,28.0,23.0,24.7,82.4,1.0,100.0,4.17,rain,18.4,247.4,1016.4,59.5,,0.62,0.0,,
2020-08-13,Lagos,28.0,23.0,24.7,82.4,1.0,100.0,4.17,rain,18.4,247.4,1016.4,59.5,,0.62,0.0,,
2020-08-14,Lagos,28.0,23.0,25.5,82.5,0.5,100.0,12.5,rain,22.3,245.7,1012.5,67.6,,0.85,0.0,,
2020-08-15,Lagos,30.0,24.0,26.3,83.4,0.2,100.0,4.17,rain,20.5,232.9,1012.5,60.9,,0.88,0.0,,
2020-08-16,Lagos,30.0,24.0,26.3,83.4,0.2,100.0,4.17,rain,20.5,232.9,1012.5,60.9,,0.88,0.0,,
2020-08-17,Lagos,29.0,22.0,25.5,84.3,0.1,100.0,4.17,rain,37.1,275.7,1012.1,61.5,,0.95,0.0,,
2020-08-18,Lagos,29.0,22.0,25.5,84.3,0.1,100.0,4.17,rain,37.1,275.7,1012.1,61.5,,0.95,0.0,,
2020-08-19,Lagos,32.0,24.0,27.1,78.4,0.1,100.0,4.17,rain,18.7,253.2,1011.2,51.4,,0.0,0.0,,
2020-08-20,Lagos,28.1,24.0,25.7,84.8,0.2,100.0,8.33,rain,37.1,255.9,1010.8,69.5,,0.05,0.0,,
2020-08-21,Lagos,28.1,24.0,25.7,84.8,0.2,100.0,8.33,rain,37.1,255.9,1010.8,69.5,,0.05,0.0,,
2020-08-22,Lagos,27.0,24.0,25.3,87.7,0.2,100.0,8.33,rain,16.6,244.6,1013.3,78.4,,0.12,0.0,,
2020-08-23,Lagos,31.0,24.0,26.4,82.7,0.2,100.0,8.33,rain,18.0,251.9,1014.1,58.6,,0.15,0.0,,
2020-08-24,Lagos,29.9,23.0,26.3,79.3,0.1,100.0,4.17,rain,19.1,242.3,1012.9,66.2,,0.19,0.0,,
2020-08-25,Lagos,30.0,23.0,25.6,83.5,0.1,100.0,4.17,rain,14.9,237.7,1013.2,59.0,,0.25,0.0,,
2020-08-26,Lagos,30.0,23.0,25.6,83.5,0.1,100.0,4.17,rain,14.9,237.7,1013.2,59.0,,0.25,0.0,,
2020-08-27,Lagos,30.0,23.0,25.6,83.5,0.1,100.0,4.17,rain,14.9,237.7,1013.2,59.0,,0.25,0.0,,
2020-08-28,Lagos,30.0,23.0,25.6,83.5,0.1,100.0,4.17,rain,14.9,237.7,1013.2,59.0,,0.25,0.0,,
2020-08-29,Lagos,30.0,23.0,25.6,83.5,0.1,100.0,4.17,rain,14.9,237.7,1013.2,59.0,,0.25,0.0,,
2020-08-30,Lagos,29.1,24.8,26.3,83.8,0.9,100.0,12.5,rain,24.1,243.6,1013.3,71.1,,0.4,0.0,,
2020-08-31,Lagos,30.0,23.9,26.4,82.8,1.0,100.0,8.33,rain,19.4,245.2,1013.6,67.9,,0.44,0.0,,
2020-09-01,Lagos,28.6,24.7,25.8,87.1,1.0,100.0,4.17,rain,14.0,272.5,1012.8,65.9,,0.47,0.0,,
2020-09-02,Lagos,27.0,24.8,25.6,86.4,1.0,100.0,4.17,rain,18.4,238.5,1011.3,75.8,,0.5,0.0,,
2020-09-03,Lagos,27.9,24.4,25.5,88.0,1.8,100.0,58.33,rain,19.4,226.0,1012.4,74.2,,0.54,0.0,,
2020-09-04,Lagos,28.0,24.4,25.7,87.2,1.5,100.0,45.83,rain,18.4,234.6,1014.1,92.1,,0.57,0.0,,
2020-09-05,Lagos,26.6,24.8,25.4,88.1,5.0,100.0,70.83,rain,23.8,235.5,1012.9,98.0,,0.61,0.0,,
2020-09-06,Lagos,27.4,24.0,25.8,86.3,1.7,100.0,70.83,rain,19.4,235.7,1011.3,77.3,,0.64,0.0,,
2020-09-07,Lagos,29.9,24.1,26.4,83.0,0.8,100.0,25.0,rain,16.6,229.6,1011.1,65.0,,0.67,0.0,,
2020-09-08,Lagos,29.9,24.1,26.4,83.0,0.8,100.0,25.0,rain,16.6,229.6,1011.1,65.0,,0.67,0.0,,
2020-09-09,Lagos,27.0,23.0,25.0,89.3,9.6,100.0,25.0,rain,20.5,258.4,1013.0,62.3,,0.74,0.0,,
2020-09-10,Lagos,30.0,23.6,26.5,83.6,1.8,100.0,33.33,rain,20.7,237.1,1013.1,75.9,,0.75,0.0,,
2020-09-11,Lagos,30.0,23.6,26.5,83.6,1.8,100.0,33.33,rain,20.7,237.1,1013.1,75.9,,0.75,0.0,,
2020-09-12,Lagos,30.0,22.0,26.0,88.0,1.0,100.0,4.17,rain,14.8,234.5,1013.1,74.4,,0.84,0.0,,
2020-09-13,Lagos,30.0,22.0,26.0,88.0,1.0,100.0,4.17,rain,14.8,234.5,1013.1,74.4,,0.84,0.0,,
2020-09-14,Lagos,30.0,22.0,26.0,88.0,1.0,100.0,4.17,rain,14.8,234.5,1013.1,74.4,,0.84,0.0,,
2020-09-15,Lagos,26.0,21.0,23.7,93.6,21.0,100.0,8.33,rain,69.2,298.2,1013.1,64.6,,0.93,0.0,,
2020-09-16,Lagos,28.6,23.0,25.1,89.7,2.0,100.0,4.17,rain,22.3,245.5,1011.7,75.1,,0.97,0.0,,
2020-09-17,Lagos,30.0,23.9,26.2,85.5,4.2,100.0,8.33,rain,24.1,233.2,1012.7,70.1,,0.0,0.0,,
2020-09-18,Lagos,30.0,24.6,26.3,85.1,1.0,100.0,29.17,rain,31.7,261.9,1013.0,76.7,,0.03,0.0,,
2020-09-19,Lagos,30.2,22.0,26.2,85.2,4.2,100.0,45.83,rain,35.3,243.0,1012.8,86.8,,0.07,0.0,,
2020-09-20,Lagos,27.3,23.0,25.3,89.7,1.7,100.0,41.67,rain,33.5,260.9,1013.5,76.5,,0.1,0.0,,
2020-09-21,Lagos,30.0,23.0,25.9,88.0,3.3,100.0,12.5,rain,18.7,249.8,1013.7,74.3,,0.14,0.0,,
2020-09-22,Lagos,28.6,24.6,26.0,89.3,1.3,100.0,12.5,rain,16.2,269.0,1013.5,73.3,,0.17,0.0,,
2020-09-23,Lagos,28.6,24.6,26.0,89.3,1.3,100.0,12.5,rain,16.2,269.0,1013.5,73.3,,0.17,0.0,,
2020-09-24,Lagos,29.0,22.0,25.6,86.5,8.0,100.0,4.17,rain,18.4,249.9,1014.2,65.6,,0.25,0.0,,
2020-09-25,Lagos,30.1,23.6,26.4,83.8,0.2,100.0,8.33,rain,14.8,257.1,1014.0,65.9,,0.28,0.0,,
2020-09-26,Lagos,26.5,21.0,24.8,90.2,2.3,100.0,45.83,rain,31.7,272.5,1012.4,79.0,,0.31,0.0,,
2020-09-27,Lagos,29.0,22.0,25.5,87.6,1.0,100.0,4.17,rain,18.3,251.6,1011.7,77.7,,0.35,0.0,,
2020-09-28,Lagos,30.0,23.8,26.5,86.2,0.7,100.0,12.5,rain,16.9,247.4,1012.2,71.8,,0.38,0.0,,
2020-09-29,Lagos,30.2,22.0,26.3,84.4,1.1,100.0,25.0,rain,29.5,238.2,1013.3,68.0,,0.42,0.0,,
2020-09-30,Lagos,28.1,22.0,25.4,89.8,8.0,100.0,8.33,rain,18.4,248.2,1012.8,75.3,,0.45,0.0,,
2020-10-01,Lagos,30.5,21.0,26.2,85.3,0.3,100.0,8.33,rain,24.1,230.0,1012.0,63.2,,0.5,0.0,,
2020-10-02,Lagos,30.8,24.0,26.9,84.3,0.3,100.0,12.5,rain,48.2,232.7,1011.6,67.7,,0.52,0.0,,
2020-10-03,Lagos,29.0,24.4,26.4,86.6,2.7,100.0,50.0,rain,43.2,240.9,1011.4,84.1,,0.55,0.0,,
2020-10-04,Lagos,30.0,24.1,26.5,85.4,1.3,100.0,41.67,rain,46.8,210.2,1012.3,82.4,,0.59,0.0,,
2020-10-05,Lagos,30.0,24.6,27.0,85.8,3.0,100.0,8.33,rain,75.6,224.6,1013.4,76.0,,0.62,0.0,,
2020-10-06,Lagos,28.8,22.0,25.4,89.4,4.4,100.0,29.17,rain,46.4,248.5,1013.2,76.7,,0.65,0.0,,
2020-10-07,Lagos,27.0,22.0,25.0,87.6,16.0,100.0,4.17,rain,20.5,174.6,1013.4,74.2,,0.69,0.0,,
2020-10-08,Lagos,28.9,24.0,25.9,89.7,0.5,100.0,4.17,rain,18.4,228.1,1013.0,66.1,,0.72,0.0,,
2020-10-09,Lagos,29.0,24.8,26.0,86.9,6.5,100.0,50.0,rain,28.8,234.8,1013.1,68.1,,0.75,0.0,,
2020-10-10,Lagos,30.0,23.0,26.1,87.7,0.5,100.0,16.67,rain,14.4,228.1,1013.5,73.4,,0.75,0.0,,
2020-10-11,Lagos,29.0,24.7,26.3,87.4,8.7,100.0,37.5,rain,14.8,241.5,1013.3,78.8,,0.82,0.0,,
2020-10-12,Lagos,29.1,22.9,26.1,87.4,0.6,100.0,16.67,rain,37.1,266.5,1012.5,49.5,,0.85,0.0,,
2020-10-13,Lagos,31.0,22.0,26.6,83.8,17.0,100.0,4.17,rain,18.0,240.1,1012.5,59.2,,0.89,0.0,,
2020-10-14,Lagos,27.0,24.4,25.6,90.2,6.7,100.0,20.83,rain,13.0,242.8,1012.9,72.0,,0.92,0.0,,
2020-10-15,Lagos,30.3,23.9,26.6,85.7,4.3,100.0,37.5,rain,50.0,236.8,1013.0,54.5,,0.95,0.0,,
2020-10-16,Lagos,29.7,25.0,26.3,88.1,4.0,100.0,16.67,rain,13.7,242.4,1011.9,71.3,,0.0,0.0,,
2020-10-17,Lagos,28.2,23.9,25.7,88.1,2.6,100.0,29.17,rain,11.2,169.7,1012.2,71.5,,0.02,0.0,,
2020-10-18,Lagos,28.2,23.9,25.7,88.1,2.6,100.0,29.17,rain,11.2,169.7,1012.2,71.5,,0.02,0.0,,
2020-10-19,Lagos,31.1,23.5,26.8,85.2,3.0,100.0,20.83,rain,25.2,268.0,1012.0,54.0,,0.09,0.0,,
2020-10-20,Lagos,32.1,23.0,26.8,84.2,2.0,100.0,4.17,rain,24.1,232.2,1012.2,58.5,,0.12,0.0,,
2020-10-21,Lagos,30.0,25.0,27.3,85.2,1.1,100.0,29.17,rain,15.4,235.4,1012.1,43.1,,0.16,0.0,,
2020-10-22,Lagos,33.1,25.0,28.0,83.6,0.3,100.0,12.5,rain,18.0,221.7,1012.5,49.3,,0.19,0.0,,
2020-10-23,Lagos,32.6,25.0,28.0,84.5,0.4,100.0,12.5,rain,28.8,234.5,1012.7,57.8,,0.25,0.0,,
2020-10-24,Lagos,31.0,25.3,27.5,86.3,0.4,100.0,12.5,rain,25.2,240.4,1012.0,68.3,,0.26,0.0,,
2020-10-25,Lagos,30.0,22.0,26.5,87.4,29.0,100.0,4.17,rain,28.2,199.3,1011.3,69.5,,0.29,0.0,,
2020-10-26,Lagos,31.0,23.9,26.7,88.6,0.4,100.0,4.17,rain,14.8,230.0,1010.7,84.5,,0.33,0.0,,
2020-10-27,Lagos,32.0,24.0,27.4,86.4,0.2,100.0,4.17,rain,13.0,216.7,1010.3,75.4,,0.36,0.0,,
2020-10-28,Lagos,32.1,24.6,27.5,87.2,2.8,100.0,4.17,rain,18.4,238.2,1010.9,67.5,,0.39,0.0,,
2020-10-29,Lagos,31.2,24.8,27.6,85.8,0.7,100.0,8.33,rain,14.8,207.4,1011.6,60.6,,0.43,0.0,,
2020-10-30,Lagos,31.9,24.0,27.3,84.3,5.0,100.0,4.17,rain,17.4,220.2,1011.7,56.3,,0.46,0.0,,
2020-10-31,Lagos,32.2,24.9,28.2,84.3,0.1,100.0,4.17,rain,14.8,218.4,1011.4,55.8,,0.5,0.0,,
2020-11-01,Lagos,33.0,25.0,28.0,86.7,1.1,100.0,25.0,rain,22.3,226.6,1010.4,61.6,,0.53,0.0,,
2020-11-02,Lagos,32.0,25.3,27.7,85.4,1.4,100.0,25.0,rain,14.4,229.6,1011.0,84.9,,0.56,0.0,,
2020-11-03,Lagos,32.0,25.3,27.7,85.4,1.4,100.0,25.0,rain,14.4,229.6,1011.0,84.9,,0.56,0.0,,
2020-11-04,Lagos,31.0,25.0,27.3,87.9,0.6,100.0,8.33,rain,14.8,217.8,1012.2,64.3,,0.63,0.0,,
2020-11-05,Lagos,29.7,24.9,27.3,90.3,2.7,100.0,12.5,rain,14.8,217.9,1011.2,72.2,,0.67,0.0,,
2020-11-06,Lagos,35.0,26.7,28.9,81.3,1.5,100.0,37.5,rain,16.6,234.9,1011.7,62.6,,0.7,0.0,,
2020-11-07,Lagos,33.1,25.0,28.0,84.3,18.0,100.0,4.17,rain,18.0,240.6,1012.7,64.6,,0.73,0.0,,
2020-11-08,Lagos,32.1,25.0,27.5,85.6,0.4,100.0,12.5,rain,11.2,237.6,1013.7,59.4,,0.75,0.0,,
2020-11-09,Lagos,31.0,25.0,27.2,86.9,3.0,100.0,4.17,rain,14.8,251.8,1013.5,62.2,,0.8,0.0,,
2020-11-10,Lagos,32.0,25.0,27.4,84.4,3.6,100.0,25.0,rain,50.4,181.9,1012.2,53.1,,0.84,0.0,,
2020-11-11,Lagos,29.6,24.0,26.4,89.3,56.0,100.0,8.33,rain,46.3,144.2,1012.1,61.1,,0.87,1.0,,
2020-11-12,Lagos,29.6,24.0,26.4,89.3,56.0,100.0,8.33,rain,46.3,144.2,1012.1,61.1,,0.87,1.0,,
2020-11-13,Lagos,29.6,24.0,26.4,89.3,56.0,100.0,8.33,rain,46.3,144.2,1012.1,61.1,,0.87,1.0,,
2020-11-14,Lagos,32.8,25.2,28.3,83.2,1.3,100.0,25.0,rain,21.6,195.3,1011.7,73.1,,0.97,0.0,,
2020-11-15,Lagos,33.0,24.7,28.3,83.0,8.0,100.0,4.17,rain,36.0,232.9,1010.3,71.5,,0.0,0.0,,
2020-11-16,Lagos,32.3,24.0,27.4,83.9,0.9,100.0,29.17,rain,21.6,219.9,1011.7,56.2,,0.04,0.0,,
2020-11-17,Lagos,32.2,24.0,27.7,83.8,0.2,100.0,8.33,rain,25.2,210.2,1011.1,58.5,,0.07,0.0,,
2020-11-18,Lagos,35.0,25.2,28.2,84.1,0.5,100.0,8.33,rain,16.6,232.6,1010.6,51.2,,0.11,0.0,,
2020-11-19,Lagos,33.0,25.0,28.1,83.1,0.6,100.0,16.67,rain,16.6,237.8,1010.2,66.8,,0.14,0.0,,
2020-11-20,Lagos,38.6,24.2,28.2,82.4,0.3,100.0,12.5,rain,16.6,237.3,1009.9,61.4,,0.17,0.0,,
2020-11-21,Lagos,33.7,25.1,28.0,82.2,1.0,100.0,25.0,rain,16.6,217.2,1010.4,72.8,,0.21,0.0,,
2020-11-22,Lagos,35.0,24.6,28.7,80.7,0.1,100.0,4.17,rain,16.6,226.5,1011.1,60.8,,0.25,0.0,,
2020-11-23,Lagos,32.9,24.0,28.4,79.6,0.2,100.0,8.33,rain,14.8,241.5,1011.9,56.3,,0.27,0.0,,
2020-11-24,Lagos,33.1,24.9,27.5,86.8,16.0,100.0,4.17,rain,14.8,214.7,1012.1,52.5,,0.3,0.0,,
2020-11-25,Lagos,30.1,25.0,27.1,88.6,2.0,100.0,4.17,rain,14.1,218.9,1010.7,59.4,,0.34,0.0,,
2020-11-26,Lagos,33.0,17.0,27.0,83.3,1.5,100.0,20.83,rain,44.6,219.4,1010.5,56.8,,0.37,0.0,,
2020-11-27,Lagos,33.0,19.0,27.2,81.5,2.8,100.0,16.67,rain,25.2,234.7,1011.7,70.4,,0.4,0.0,,
2020-11-28,Lagos,31.6,20.5,27.3,81.9,1.9,100.0,8.33,rain,18.0,225.4,1012.2,59.5,,0.44,0.0,,
2020-11-29,Lagos,34.1,25.0,27.9,81.2,1.2,100.0,20.83,rain,20.5,243.7,1011.4,58.2,,0.47,0.0,,
2020-11-30,Lagos,33.0,25.0,28.4,83.4,0.5,100.0,16.67,rain,35.3,265.8,1011.4,63.8,,0.5,0.0,,
2020-12-01,Lagos,34.0,25.1,28.7,82.6,0.5,100.0,12.5,rain,16.9,224.4,1011.2,47.0,,0.54,0.0,,
2020-12-02,Lagos,33.1,25.8,28.5,83.3,0.6,100.0,20.83,rain,18.0,237.9,1011.5,54.5,,0.57,0.0,,
2020-12-03,Lagos,33.0,24.6,28.3,79.1,0.6,100.0,16.67,rain,18.4,250.0,1011.8,55.4,,0.61,0.0,,
2020-12-04,Lagos,33.0,26.0,28.5,82.2,1.1,100.0,29.17,rain,50.0,248.8,1012.5,44.8,,0.64,0.0,,
2020-12-05,Lagos,38.0,25.0,28.8,82.0,0.1,100.0,4.17,rain,22.3,222.5,1012.0,44.1,,0.68,0.0,,
2020-12-06,Lagos,33.1,25.2,28.9,82.4,0.3,100.0,4.17,rain,17.0,224.4,1011.4,50.4,,0.71,0.0,,
2020-12-07,Lagos,34.0,23.0,28.7,82.0,0.5,100.0,12.5,rain,25.2,204.0,1012.4,65.5,,0.75,0.0,,
2020-12-08,Lagos,33.0,24.0,27.5,83.2,1.8,100.0,12.5,rain,39.6,236.6,1012.8,62.1,,0.75,0.0,,
2020-12-09,Lagos,34.7,24.7,28.6,81.3,0.5,100.0,12.5,rain,20.5,236.4,1012.0,60.8,,0.82,0.0,,
2020-12-10,Lagos,32.0,24.6,28.2,83.3,0.1,100.0,4.17,rain,22.6,228.4,1012.1,54.8,,0.85,0.0,,
2020-12-11,Lagos,33.0,25.9,28.6,83.8,0.8,100.0,16.67,rain,21.6,231.8,1012.3,48.3,,0.89,0.0,,
2020-12-12,Lagos,33.0,24.2,28.4,83.1,1.4,100.0,16.67,rain,18.0,233.5,1011.8,56.4,,0.92,0.0,,
2020-12-13,Lagos,32.1,25.0,27.6,85.4,2.2,100.0,25.0,rain,16.6,226.3,1010.6,56.4,,0.96,0.0,,
2020-12-14,Lagos,32.1,24.0,27.5,86.5,5.0,100.0,4.17,rain,18.0,225.0,1010.4,57.6,,0.0,0.0,,
2020-12-15,Lagos,31.0,23.0,27.5,85.0,5.0,100.0,4.17,rain,18.4,215.6,1010.4,62.1,,0.03,0.0,,
2020-12-16,Lagos,33.0,25.0,27.9,85.7,1.1,100.0,4.17,rain,16.6,244.9,1010.9,67.5,,0.06,0.0,,
2020-12-17,Lagos,33.0,25.0,28.0,84.9,0.4,100.0,12.5,rain,28.8,278.4,1011.1,64.4,,0.09,0.0,,
2020-12-18,Lagos,34.0,25.0,28.0,85.1,2.0,100.0,4.17,rain,15.1,230.3,1010.9,59.5,,0.12,0.0,,
2020-12-19,Lagos,32.4,25.8,27.7,85.3,4.0,100.0,4.17,rain,14.8,230.1,1010.5,52.9,,0.15,0.0,,
2020-12-20,Lagos,33.6,25.0,27.8,86.7,15.0,100.0,4.17,rain,14.8,228.3,1010.7,45.7,,0.19,0.0,,
2020-12-21,Lagos,31.7,25.2,27.6,86.7,0.8,100.0,20.83,rain,16.6,235.9,1011.1,64.5,,0.22,0.0,,
2020-12-22,Lagos,34.2,25.7,28.3,84.1,0.9,100.0,25.0,rain,25.2,238.2,1010.8,63.6,,0.25,0.0,,
2020-12-23,Lagos,35.6,25.0,28.7,82.4,0.3,100.0,8.33,rain,18.0,211.8,1010.7,57.1,,0.28,0.0,,
2020-12-24,Lagos,32.0,25.7,27.9,85.9,7.0,100.0,4.17,rain,18.4,242.9,1010.0,64.6,,0.32,0.0,,
2020-12-25,Lagos,34.0,25.2,28.2,85.4,0.3,100.0,8.33,rain,18.4,225.5,1009.6,52.7,,0.35,0.0,,
2020-12-26,Lagos,34.0,25.2,28.2,85.4,0.3,100.0,8.33,rain,18.4,225.5,1009.6,52.7,,0.35,0.0,,
2020-12-27,Lagos,34.0,23.4,27.8,77.0,5.0,100.0,4.17,rain,13.0,246.0,1009.8,47.7,,0.41,0.0,,
2020-12-28,Lagos,34.0,23.4,27.8,77.0,5.0,100.0,4.17,rain,13.0,246.0,1009.8,47.7,,0.41,0.0,,
2020-12-29,Lagos,34.0,23.4,27.8,77.0,5.0,100.0,4.17,rain,13.0,246.0,1009.8,47.7,,0.41,0.0,,
2020-12-30,Lagos,34.0,23.4,27.8,77.0,5.0,100.0,4.17,rain,13.0,246.0,1009.8,47.7,,0.41,0.0,,
2020-12-31,Lagos,34.0,23.4,27.8,77.0,5.0,100.0,4.17,rain,13.0,246.0,1009.8,47.7,,0.41,0.0,,
2021-01-01,Lagos,34.0,23.4,27.8,77.0,5.0,100.0,4.17,rain,13.0,246.0,1009.8,47.7,,0.41,0.0,,
2021-01-02,Lagos,34.0,26.0,28.9,81.7,0.4,100.0,16.67,rain,14.8,223.6,1010.6,56.3,,0.62,0.0,,
2021-01-03,Lagos,33.0,25.4,28.5,85.0,0.3,100.0,4.17,rain,17.3,217.2,1010.4,43.0,,0.65,0.0,,
2021-01-04,Lagos,34.0,22.0,28.5,83.7,0.4,100.0,12.5,rain,38.9,240.5,1009.9,48.8,,0.69,0.0,,
2021-01-05,Lagos,34.1,22.7,28.1,81.7,2.0,100.0,4.17,rain,19.1,237.6,1009.4,47.1,,0.72,0.0,,
2021-01-06,Lagos,33.4,22.0,28.2,82.8,0.7,100.0,20.83,rain,22.3,236.1,1009.9,62.5,,0.75,0.0,,
2021-01-07,Lagos,33.3,23.0,27.4,82.8,0.8,100.0,29.17,rain,50.0,199.3,1010.7,75.1,,0.8,0.0,,
2021-01-08,Lagos,33.0,23.1,27.7,86.2,0.8,100.0,20.83,rain,16.9,246.0,1010.9,83.4,,0.83,0.0,,
2021-01-09,Lagos,33.1,24.9,28.5,79.6,0.2,100.0,8.33,rain,20.5,234.3,1010.4,55.3,,0.87,0.0,,
2021-01-10,Lagos,33.0,21.0,28.1,84.0,0.6,100.0,12.5,rain,46.8,247.6,1009.8,51.4,,0.9,0.0,,
2021-01-11,Lagos,33.0,21.0,28.1,84.0,0.6,100.0,12.5,rain,46.8,247.6,1009.8,51.4,,0.9,0.0,,
2021-01-12,Lagos,32.6,17.0,27.4,85.2,0.1,100.0,4.17,rain,18.0,265.7,1011.6,55.0,,0.97,0.0,,
2021-01-13,Lagos,34.0,25.1,28.6,81.1,0.8,100.0,8.33,rain,31.4,231.9,1011.8,60.2,,0.0,0.0,,
2021-01-14,Lagos,32.9,15.0,27.7,78.8,0.2,100.0,8.33,rain,22.3,227.5,1012.2,49.3,,0.04,0.0,,
2021-01-15,Lagos,35.9,24.4,28.3,80.8,1.9,100.0,20.83,rain,16.6,228.4,1009.7,52.9,,0.07,0.0,,
2021-01-16,Lagos,31.0,24.6,27.4,82.5,2.8,100.0,29.17,rain,15.1,222.5,1009.1,57.2,,0.1,0.0,,
2021-01-17,Lagos,33.9,25.0,28.2,83.3,0.4,100.0,8.33,rain,14.8,188.6,1009.9,51.7,,0.14,0.0,,
2021-01-18,Lagos,36.0,25.0,28.1,83.2,1.0,100.0,4.17,rain,16.6,221.3,1010.5,51.2,,0.17,0.0,,
2021-01-19,Lagos,34.0,24.9,28.5,79.7,0.6,100.0,12.5,rain,16.6,225.6,1011.2,53.7,,0.2,0.0,,
2021-01-20,Lagos,34.1,25.6,28.8,80.2,0.2,100.0,8.33,rain,18.4,256.7,1011.0,50.5,,0.25,0.0,,
2021-01-21,Lagos,34.1,25.6,28.8,80.2,0.2,100.0,8.33,rain,18.4,256.7,1011.0,50.5,,0.25,0.0,,
2021-01-22,Lagos,33.1,22.7,27.7,70.3,0.1,100.0,4.17,rain,20.5,1.0,1011.2,42.9,,0.3,0.0,,
2021-01-23,Lagos,33.1,22.7,27.7,70.3,0.1,100.0,4.17,rain,20.5,1.0,1011.2,42.9,,0.3,0.0,,
2021-01-24,Lagos,33.1,22.7,27.7,70.3,0.1,100.0,4.17,rain,20.5,1.0,1011.2,42.9,,0.3,0.0,,
2021-01-25,Lagos,33.1,22.7,27.7,70.3,0.1,100.0,4.17,rain,20.5,1.0,1011.2,42.9,,0.3,0.0,,
2021-01-26,Lagos,34.0,18.0,28.4,77.8,0.1,100.0,4.17,rain,24.1,212.7,1011.1,41.0,,0.42,0.0,,
2021-01-27,Lagos,34.0,18.0,28.4,77.8,0.1,100.0,4.17,rain,24.1,212.7,1011.1,41.0,,0.42,0.0,,
2021-01-28,Lagos,33.4,25.8,28.4,85.7,0.5,100.0,20.83,rain,15.8,214.1,1010.3,47.8,,0.5,0.0,,
2021-01-29,Lagos,33.4,25.8,28.4,85.7,0.5,100.0,20.83,rain,15.8,214.1,1010.3,47.8,,0.5,0.0,,
2021-01-30,Lagos,33.4,25.8,28.4,85.7,0.5,100.0,20.83,rain,15.8,214.1,1010.3,47.8,,0.5,0.0,,
2021-01-31,Lagos,34.1,24.6,28.6,81.1,0.5,100.0,16.67,rain,28.3,238.5,1010.0,70.7,,0.59,0.0,,
2021-02-01,Lagos,34.1,24.0,29.0,79.6,1.1,100.0,25.0,rain,16.6,220.9,1010.9,54.1,,0.63,0.0,,
2021-02-02,Lagos,31.0,26.6,28.2,84.5,17.0,100.0,4.17,rain,20.5,212.5,1011.4,47.8,,0.67,0.0,,
2021-02-03,Lagos,34.0,25.9,29.1,77.9,0.5,100.0,20.83,rain,22.3,227.2,1011.3,54.1,,0.7,0.0,,
2021-02-04,Lagos,34.6,26.4,29.6,80.6,0.2,100.0,8.33,rain,18.4,237.5,1010.7,55.4,,0.75,0.0,,
2021-02-05,Lagos,33.1,26.4,28.8,84.6,0.7,100.0,12.5,rain,17.3,221.7,1011.1,47.8,,0.77,0.0,,
2021-02-06,Lagos,35.0,25.4,29.1,80.6,0.6,100.0,16.67,rain,18.0,232.2,1010.6,51.6,,0.81,0.0,,
2021-02-07,Lagos,35.0,26.0,29.2,82.0,0.4,100.0,12.5,rain,18.4,223.7,1010.0,57.2,,0.85,0.0,,
2021-02-08,Lagos,33.1,26.4,29.3,81.3,0.4,100.0,16.67,rain,27.7,229.3,1009.2,61.4,,0.88,0.0,,
2021-02-09,Lagos,33.1,26.4,29.3,81.3,0.4,100.0,16.67,rain,27.7,229.3,1009.2,61.4,,0.88,0.0,,
2021-02-10,Lagos,34.0,26.0,29.1,83.5,0.3,100.0,12.5,rain,16.9,219.3,1009.7,48.0,,0.95,0.0,,
2021-02-11,Lagos,30.7,26.0,28.6,85.0,2.0,100.0,29.17,rain,16.2,228.4,1009.3,38.1,,0.0,0.0,,
2021-02-12,Lagos,30.2,27.0,28.6,83.5,1.9,100.0,37.5,rain,18.4,222.9,1009.1,55.3,,0.02,0.0,,
2021-02-13,Lagos,34.0,27.0,29.4,82.4,0.3,100.0,12.5,rain,20.5,223.5,1008.5,52.0,,0.05,0.0,,
2021-02-14,Lagos,35.0,26.9,29.8,79.5,1.0,100.0,4.17,rain,18.4,229.7,1008.9,59.1,,0.09,0.0,,
2021-02-15,Lagos,33.0,26.9,29.3,82.6,0.5,100.0,16.67,rain,15.1,220.6,1009.1,59.8,,0.12,0.0,,
2021-02-16,Lagos,33.4,26.1,28.9,81.5,6.0,100.0,4.17,rain,24.1,212.3,1009.2,51.7,,0.15,0.0,,
2021-02-17,Lagos,30.8,26.9,28.7,82.0,0.5,100.0,12.5,rain,16.6,179.5,1009.7,46.5,,0.18,0.0,,
2021-02-18,Lagos,35.1,26.4,28.7,79.2,1.1,100.0,29.17,rain,18.4,223.8,1010.9,82.9,,0.21,0.0,,
2021-02-19,Lagos,35.1,26.4,28.7,79.2,1.1,100.0,29.17,rain,18.4,223.8,1010.9,82.9,,0.21,0.0,,
2021-02-20,Lagos,35.1,26.4,28.7,79.2,1.1,100.0,29.17,rain,18.4,223.8,1010.9,82.9,,0.21,0.0,,
2021-02-21,Lagos,35.1,26.4,28.7,79.2,1.1,100.0,29.17,rain,18.4,223.8,1010.9,82.9,,0.21,0.0,,
2021-02-22,Lagos,35.1,26.4,28.7,79.2,1.1,100.0,29.17,rain,18.4,223.8,1010.9,82.9,,0.21,0.0,,
2021-02-23,Lagos,35.1,26.4,28.7,79.2,1.1,100.0,29.17,rain,18.4,223.8,1010.9,82.9,,0.21,0.0,,
2021-02-24,Lagos,35.1,26.4,28.7,79.2,1.1,100.0,29.17,rain,18.4,223.8,1010.9,82.9,,0.21,0.0,,
2021-02-25,Lagos,30.6,27.0,28.7,79.5,2.0,100.0,4.17,rain,16.6,251.7,1010.7,60.9,,0.44,0.0,,
2021-02-26,Lagos,34.1,25.1,28.7,78.8,3.2,100.0,12.5,rain,20.5,215.8,1010.1,59.5,,0.47,0.0,,
2021-02-27,Lagos,30.2,25.8,28.1,82.0,0.5,100.0,12.5,rain,16.6,215.0,1009.3,56.3,,0.5,0.0,,
2021-02-28,Lagos,30.2,25.8,28.1,82.0,0.5,100.0,12.5,rain,16.6,215.0,1009.3,56.3,,0.5,0.0,,
2021-03-01,Lagos,34.6,18.0,29.2,77.5,0.5,100.0,12.5,rain,50.4,242.0,1008.6,51.0,,0.57,0.0,,
2021-03-02,Lagos,35.0,17.0,29.1,82.1,0.3,100.0,12.5,rain,33.5,226.9,1009.1,54.1,,0.61,0.0,,
2021-03-03,Lagos,34.0,16.0,27.9,79.5,0.4,100.0,16.67,rain,33.5,205.3,1010.6,59.1,,0.65,0.0,,
2021-03-04,Lagos,34.1,26.9,29.3,82.8,0.9,100.0,12.5,rain,18.7,229.7,1008.5,49.7,,0.68,0.0,,
2021-03-05,Lagos,35.0,15.0,28.8,78.9,2.2,100.0,33.33,rain,37.1,203.5,1009.3,75.4,,0.72,0.0,,
2021-03-06,Lagos,35.0,15.0,28.8,78.9,2.2,100.0,33.33,rain,37.1,203.5,1009.3,75.4,,0.72,0.0,,
2021-03-07,Lagos,35.4,27.7,30.0,81.2,0.2,100.0,8.33,rain,19.8,223.7,1010.6,61.9,,0.79,0.0,,
2021-03-08,Lagos,33.0,26.6,29.0,82.3,0.7,100.0,8.33,rain,19.1,223.6,1009.4,51.8,,0.82,0.0,,
2021-03-09,Lagos,31.4,14.5,26.5,76.5,3.6,100.0,29.17,rain,59.4,296.4,1010.9,52.3,,0.86,0.0,,
2021-03-10,Lagos,33.7,17.0,27.1,72.3,2.0,100.0,4.17,rain,59.4,308.4,1011.6,68.8,,0.89,0.0,,
2021-03-11,Lagos,32.0,16.0,26.6,78.0,1.8,100.0,20.83,rain,61.2,329.1,1010.5,50.6,,0.93,0.0,,
2021-03-12,Lagos,35.0,19.5,28.6,77.7,0.8,100.0,16.67,rain,33.5,252.3,1009.0,60.5,,0.97,0.0,,
2021-03-13,Lagos,30.4,23.0,27.4,83.4,8.0,100.0,4.17,rain,22.3,246.5,1009.3,75.5,,0.0,0.0,,
2021-03-14,Lagos,36.1,25.0,26.8,88.3,4.0,100.0,4.17,rain,24.1,233.0,1010.8,75.7,,0.03,0.0,,
2021-03-15,Lagos,33.6,24.6,28.5,80.6,2.0,100.0,4.17,rain,25.9,225.2,1009.4,71.7,,0.07,0.0,,
2021-03-16,Lagos,33.6,24.6,28.5,80.6,2.0,100.0,4.17,rain,25.9,225.2,1009.4,71.7,,0.07,0.0,,
2021-03-17,Lagos,28.2,25.0,27.0,84.6,3.5,100.0,16.67,rain,19.1,215.5,1009.8,73.0,,0.13,0.0,,
2021-03-18,Lagos,28.0,24.0,25.9,84.4,7.7,100.0,20.83,rain,22.3,168.2,1010.7,68.0,,0.16,0.0,,
2021-03-19,Lagos,30.0,23.0,26.7,84.4,2.0,100.0,4.17,rain,15.5,171.3,1009.8,79.2,,0.2,0.0,,
2021-03-20,Lagos,30.0,23.0,26.7,84.4,2.0,100.0,4.17,rain,15.5,171.3,1009.8,79.2,,0.2,0.0,,
2021-03-21,Lagos,30.0,23.0,26.7,84.4,2.0,100.0,4.17,rain,15.5,171.3,1009.8,79.2,,0.2,0.0,,
2021-03-22,Lagos,33.0,25.0,28.2,84.3,4.0,100.0,4.17,rain,20.5,232.3,1009.0,74.2,,0.29,0.0,,
2021-03-23,Lagos,31.7,22.0,25.5,86.8,2.0,100.0,4.17,rain,35.3,216.8,1011.4,65.3,,0.33,0.0,,
2021-03-24,Lagos,29.0,22.0,26.3,86.2,16.0,100.0,4.17,rain,15.1,222.2,1012.2,66.9,,0.36,0.0,,
2021-03-25,Lagos,31.1,26.5,28.7,77.6,1.6,100.0,25.0,rain,18.7,202.7,1012.0,85.1,,0.39,0.0,,
2021-03-26,Lagos,31.1,26.5,28.7,77.6,1.6,100.0,25.0,rain,18.7,202.7,1012.0,85.1,,0.39,0.0,,
2021-03-27,Lagos,34.0,26.0,29.3,79.1,0.2,100.0,8.33,rain,20.5,211.6,1010.5,61.3,,0.46,0.0,,
2021-03-28,Lagos,35.1,26.0,29.1,79.6,0.1,100.0,4.17,rain,22.3,215.3,1010.8,45.0,,0.5,0.0,,
2021-03-29,Lagos,35.1,26.0,29.1,79.6,0.1,100.0,4.17,rain,22.3,215.3,1010.8,45.0,,0.5,0.0,,
2021-03-30,Lagos,34.0,27.0,29.7,78.7,0.1,100.0,4.17,rain,18.4,231.3,1010.1,66.8,,0.56,0.0,,
2021-03-31,Lagos,33.1,27.0,29.6,80.3,0.2,100.0,8.33,rain,16.6,226.7,1009.6,62.1,,0.59,0.0,,
2021-04-01,Lagos,35.0,26.1,29.8,75.4,0.1,100.0,4.17,rain,14.8,206.0,1010.3,54.3,,0.63,0.0,,
2021-04-02,Lagos,33.0,26.8,29.1,79.1,2.0,100.0,4.17,rain,16.6,212.6,1010.8,50.7,,0.66,0.0,,
2021-04-03,Lagos,33.2,26.0,28.8,80.6,0.4,100.0,12.5,rain,14.8,228.2,1010.0,51.5,,0.7,0.0,,
2021-04-04,Lagos,33.0,26.8,29.5,79.3,0.2,100.0,8.33,rain,20.5,211.8,1010.1,46.7,,0.75,0.0,,
2021-04-05,Lagos,30.5,27.9,29.0,83.4,3.0,100.0,37.5,rain,17.3,220.4,1009.8,41.6,,0.77,0.0,,
2021-04-06,Lagos,35.0,27.0,29.7,82.1,0.1,100.0,4.17,rain,22.3,215.9,1009.8,58.8,,0.8,0.0,,
2021-04-07,Lagos,33.0,24.8,28.5,83.6,9.0,100.0,4.17,rain,14.8,208.3,1010.1,58.0,,0.84,0.0,,
2021-04-08,Lagos,33.0,27.7,29.9,80.6,0.6,100.0,20.83,rain,18.4,219.6,1010.0,58.6,,0.87,0.0,,
2021-04-09,Lagos,31.0,25.0,28.1,80.4,3.0,100.0,4.17,rain,22.3,207.1,1009.5,44.5,,0.91,0.0,,
2021-04-10,Lagos,31.0,25.0,28.1,80.4,3.0,100.0,4.17,rain,22.3,207.1,1009.5,44.5,,0.91,0.0,,
2021-04-11,Lagos,33.0,24.0,28.2,80.3,19.0,100.0,4.17,rain,16.6,226.9,1009.2,40.6,,0.98,0.0,,
2021-04-12,Lagos,35.0,24.1,29.1,73.3,7.0,100.0,4.17,rain,15.1,218.4,1010.7,40.2,,0.0,0.0,,
2021-04-13,Lagos,34.0,25.0,29.0,78.0,0.1,100.0,4.17,rain,22.3,207.6,1011.9,51.5,,0.04,0.0,,
2021-04-14,Lagos,34.0,25.0,29.0,78.0,0.1,100.0,4.17,rain,22.3,207.6,1011.9,51.5,,0.04,0.0,,
2021-04-15,Lagos,34.0,25.0,29.0,78.0,0.1,100.0,4.17,rain,22.3,207.6,1011.9,51.5,,0.04,0.0,,
2021-04-16,Lagos,34.0,25.0,29.0,78.0,0.1,100.0,4.17,rain,22.3,207.6,1011.9,51.5,,0.04,0.0,,
2021-04-17,Lagos,31.0,25.1,27.6,85.0,8.0,100.0,4.17,rain,16.7,243.5,1009.8,50.6,,0.18,0.0,,
2021-04-18,Lagos,27.8,22.6,25.0,91.5,49.0,100.0,4.17,rain,19.2,12.1,1011.8,58.7,,0.21,1.0,,
2021-04-19,Lagos,27.8,22.6,25.0,91.5,49.0,100.0,4.17,rain,19.2,12.1,1011.8,58.7,,0.21,1.0,,
2021-04-20,Lagos,32.0,24.5,28.5,79.4,0.1,100.0,4.17,rain,19.5,231.6,1010.9,49.7,,0.25,0.0,,
2021-04-21,Lagos,32.0,24.5,28.5,79.4,0.1,100.0,4.17,rain,19.5,231.6,1010.9,49.7,,0.25,0.0,,
2021-04-22,Lagos,31.0,23.8,27.8,84.1,4.0,100.0,4.17,rain,33.5,248.5,1010.9,51.9,,0.34,0.0,,
2021-04-23,Lagos,31.0,23.8,27.8,84.1,4.0,100.0,4.17,rain,33.5,248.5,1010.9,51.9,,0.34,0.0,,
2021-04-24,Lagos,31.0,23.8,27.8,84.1,4.0,100.0,4.17,rain,33.5,248.5,1010.9,51.9,,0.34,0.0,,
2021-04-25,Lagos,31.0,23.8,27.8,84.1,4.0,100.0,4.17,rain,33.5,248.5,1010.9,51.9,,0.34,0.0,,
2021-04-26,Lagos,31.0,23.8,27.8,84.1,4.0,100.0,4.17,rain,33.5,248.5,1010.9,51.9,,0.34,0.0,,
2021-04-27,Lagos,31.0,23.8,27.8,84.1,4.0,100.0,4.17,rain,33.5,248.5,1010.9,51.9,,0.34,0.0,,
2021-04-28,Lagos,31.0,24.0,27.8,80.8,1.3,100.0,4.17,rain,37.1,146.9,1009.9,55.1,,0.54,0.0,,
2021-04-29,Lagos,31.0,24.0,27.8,80.8,1.3,100.0,4.17,rain,37.1,146.9,1009.9,55.1,,0.54,0.0,,
2021-04-30,Lagos,31.0,24.0,27.8,80.8,1.3,100.0,4.17,rain,37.1,146.9,1009.9,55.1,,0.54,0.0,,
2021-05-01,Lagos,34.0,25.5,29.8,75.8,0.1,100.0,4.17,rain,20.5,221.9,1009.8,44.5,,0.65,0.0,,
2021-05-02,Lagos,34.0,25.5,29.8,75.8,0.1,100.0,4.17,rain,20.5,221.9,1009.8,44.5,,0.65,0.0,,
2021-05-03,Lagos,34.0,23.0,28.4,82.8,4.0,100.0,4.17,rain,18.4,216.8,1009.6,66.9,,0.75,0.0,,
2021-05-04,Lagos,34.0,23.0,28.4,82.8,4.0,100.0,4.17,rain,18.4,216.8,1009.6,66.9,,0.75,0.0,,
2021-05-05,Lagos,34.0,23.0,28.4,82.8,4.0,100.0,4.17,rain,18.4,216.8,1009.6,66.9,,0.75,0.0,,
2021-05-06,Lagos,34.0,23.0,28.4,82.8,4.0,100.0,4.17,rain,18.4,216.8,1009.6,66.9,,0.75,0.0,,
2021-05-07,Lagos,34.0,23.0,28.4,82.8,4.0,100.0,4.17,rain,18.4,216.8,1009.6,66.9,,0.75,0.0,,
2021-05-08,Lagos,31.0,22.0,26.7,81.4,24.0,100.0,4.17,rain,14.8,247.3,1013.6,60.7,,0.89,0.0,,
2021-05-09,Lagos,31.0,24.9,27.4,81.2,24.0,100.0,4.17,rain,25.9,213.7,1013.6,37.7,,0.92,0.0,,
2021-05-10,Lagos,31.0,24.9,27.4,81.2,24.0,100.0,4.17,rain,25.9,213.7,1013.6,37.7,,0.92,0.0,,
2021-05-11,Lagos,34.0,25.0,28.9,76.0,0.1,100.0,4.17,rain,20.5,218.4,1012.7,50.8,,0.0,0.0,,
2021-05-12,Lagos,34.0,25.0,28.9,76.0,0.1,100.0,4.17,rain,20.5,218.4,1012.7,50.8,,0.0,0.0,,
2021-05-13,Lagos,32.2,24.9,27.8,83.3,7.0,100.0,8.33,rain,29.5,216.2,1011.7,52.9,,0.06,0.0,,
2021-05-14,Lagos,33.0,24.0,27.7,82.2,0.6,100.0,8.33,rain,16.6,188.8,1010.9,48.1,,0.09,0.0,,
2021-05-15,Lagos,33.0,24.0,27.7,82.2,0.6,100.0,8.33,rain,16.6,188.8,1010.9,48.1,,0.09,0.0,,
2021-05-16,Lagos,34.0,24.0,28.4,79.3,0.1,100.0,4.17,rain,14.8,214.3,1011.0,51.7,,0.16,0.0,,
2021-05-17,Lagos,32.0,26.8,28.7,81.0,0.9,100.0,4.17,rain,15.1,230.6,1011.5,53.4,,0.19,0.0,,
2021-05-18,Lagos,31.0,26.0,28.2,84.2,1.1,100.0,12.5,rain,18.4,206.8,1012.3,61.5,,0.23,0.0,,
2021-05-19,Lagos,31.0,26.0,28.2,84.2,1.1,100.0,12.5,rain,18.4,206.8,1012.3,61.5,,0.23,0.0,,
2021-05-20,Lagos,31.0,26.0,28.2,84.2,1.1,100.0,12.5,rain,18.4,206.8,1012.3,61.5,,0.23,0.0,,
2021-05-21,Lagos,31.0,26.0,28.2,84.2,1.1,100.0,12.5,rain,18.4,206.8,1012.3,61.5,,0.23,0.0,,
2021-05-22,Lagos,27.2,22.0,25.6,88.6,16.0,100.0,4.17,rain,52.4,336.3,1014.0,68.2,,0.36,0.0,,
2021-05-23,Lagos,27.2,22.0,25.6,88.6,16.0,100.0,4.17,rain,52.4,336.3,1014.0,68.2,,0.36,0.0,,
2021-05-24,Lagos,27.2,22.0,25.6,88.6,16.0,100.0,4.17,rain,52.4,336.3,1014.0,68.2,,0.36,0.0,,
2021-05-25,Lagos,27.2,22.0,25.6,88.6,16.0,100.0,4.17,rain,52.4,336.3,1014.0,68.2,,0.36,0.0,,
2021-05-26,Lagos,32.9,27.0,29.1,82.8,0.4,100.0,12.5,rain,20.2,216.6,1012.0,54.9,,0.5,0.0,,
2021-05-27,Lagos,33.8,26.1,29.6,79.6,0.1,100.0,4.17,rain,20.5,216.2,1011.8,66.1,,0.53,0.0,,
2021-05-28,Lagos,33.8,26.1,29.6,79.6,0.1,100.0,4.17,rain,20.5,216.2,1011.8,66.1,,0.53,0.0,,
2021-05-29,Lagos,33.8,26.1,29.6,79.6,0.1,100.0,4.17,rain,20.5,216.2,1011.8,66.1,,0.53,0.0,,
2021-05-30,Lagos,30.1,24.0,27.7,84.8,19.0,100.0,4.17,rain,16.6,204.2,1010.3,55.6,,0.63,0.0,,
2021-05-31,Lagos,32.4,26.0,28.5,84.9,7.0,100.0,4.17,rain,16.6,241.9,1010.6,58.5,,0.67,0.0,,
2021-06-01,Lagos,29.0,24.0,26.3,89.4,11.0,100.0,8.33,rain,40.7,145.4,1011.8,58.4,,0.7,0.0,,
2021-06-02,Lagos,29.0,24.0,26.3,89.4,11.0,100.0,8.33,rain,40.7,145.4,1011.8,58.4,,0.7,0.0,,
2021-06-03,Lagos,32.1,24.1,28.2,83.4,0.2,100.0,8.33,rain,14.8,204.2,1012.1,42.1,,0.77,0.0,,
2021-06-04,Lagos,29.8,23.6,27.2,81.7,95.0,100.0,8.33,rain,35.3,210.6,1012.3,57.5,,0.8,1.0,,
2021-06-05,Lagos,30.0,23.1,27.0,82.1,0.2,100.0,8.33,rain,15.1,168.3,1012.7,62.7,,0.83,0.0,,
2021-06-06,Lagos,30.0,23.1,27.0,82.1,0.2,100.0,8.33,rain,15.1,168.3,1012.7,62.7,,0.83,0.0,,
2021-06-07,Lagos,32.9,24.8,28.1,82.9,0.1,100.0,4.17,rain,16.6,208.6,1011.5,49.2,,0.9,0.0,,
2021-06-08,Lagos,30.8,22.0,25.9,91.2,7.0,100.0,4.17,rain,11.2,266.9,1011.6,47.9,,0.93,0.0,,
2021-06-09,Lagos,32.8,22.0,25.0,88.9,12.0,100.0,4.17,rain,24.1,60.6,1011.9,58.1,,0.97,0.0,,
2021-06-10,Lagos,32.0,22.1,27.1,82.3,0.4,100.0,4.17,rain,14.8,179.1,1011.1,48.4,,0.0,0.0,,
2021-06-11,Lagos,29.1,24.0,26.2,87.6,7.0,100.0,4.17,rain,33.5,313.1,1011.5,50.7,,0.04,0.0,,
2021-06-12,Lagos,29.1,24.0,26.2,87.6,7.0,100.0,4.17,rain,33.5,313.1,1011.5,50.7,,0.04,0.0,,
2021-06-13,Lagos,31.0,23.8,27.3,83.8,0.1,100.0,4.17,rain,16.6,203.5,1013.2,55.7,,0.1,0.0,,
2021-06-14,Lagos,31.0,23.8,27.3,83.8,0.1,100.0,4.17,rain,16.6,203.5,1013.2,55.7,,0.1,0.0,,
2021-06-15,Lagos,31.0,23.8,27.3,83.8,0.1,100.0,4.17,rain,16.6,203.5,1013.2,55.7,,0.1,0.0,,
2021-06-16,Lagos,31.1,24.9,27.8,83.3,51.3,100.0,8.33,rain,23.1,254.3,1013.0,46.8,,0.21,1.0,,
2021-06-17,Lagos,33.0,25.0,27.7,83.7,2.0,100.0,4.17,rain,14.8,212.3,1014.5,46.7,,0.24,0.0,,
2021-06-18,Lagos,32.0,25.0,28.1,85.2,1.0,100.0,4.17,rain,17.1,211.3,1014.3,52.5,,0.25,0.0,,
2021-06-19,Lagos,31.0,25.0,27.7,85.4,2.0,100.0,4.17,rain,14.8,219.0,1013.6,55.0,,0.31,0.0,,
2021-06-20,Lagos,26.2,23.0,24.9,94.7,14.0,100.0,8.33,rain,11.2,245.8,1014.3,55.5,,0.35,0.0,,
2021-06-21,Lagos,29.8,23.3,26.1,86.9,0.4,100.0,4.17,rain,20.5,272.4,1014.8,61.3,,0.38,0.0,,
2021-06-22,Lagos,32.0,20.5,26.4,82.7,4.7,100.0,25.0,rain,55.4,289.9,1014.0,58.3,,0.42,0.0,,
2021-06-23,Lagos,26.4,20.0,24.6,88.7,36.9,100.0,95.83,rain,48.2,316.9,1013.0,96.1,,0.45,1.0,,
2021-06-24,Lagos,27.8,21.5,25.5,87.0,10.2,100.0,75.0,rain,33.5,224.8,1012.4,95.0,,0.5,0.0,,
2021-06-25,Lagos,28.8,24.7,26.8,86.7,4.2,100.0,54.17,rain,12.6,240.5,1012.0,79.3,,0.52,0.0,,
2021-06-26,Lagos,26.7,23.0,25.0,90.6,22.7,100.0,79.17,rain,15.8,289.9,1011.5,98.9,,0.56,0.0,,
2021-06-27,Lagos,27.7,22.9,25.5,86.4,0.8,100.0,16.67,rain,12.2,138.0,1011.4,80.0,,0.59,0.0,,
2021-06-28,Lagos,30.6,20.0,26.3,84.4,7.1,100.0,45.83,rain,57.6,265.0,1013.6,64.4,,0.62,0.0,,
2021-06-29,Lagos,28.0,19.5,25.0,86.6,13.4,100.0,50.0,rain,57.6,316.5,1015.1,83.8,,0.65,0.0,,
2021-06-30,Lagos,31.0,19.0,26.8,80.7,1.0,100.0,25.0,rain,31.7,245.9,1014.8,68.6,,0.69,0.0,,
2021-07-01,Lagos,33.0,24.0,27.7,81.7,1.0,100.0,4.17,rain,20.5,248.8,1014.5,56.1,,0.75,0.0,,
2021-07-02,Lagos,31.0,25.0,27.4,87.5,1.1,100.0,4.17,rain,22.3,233.4,1013.9,63.0,,0.75,0.0,,
2021-07-03,Lagos,29.0,23.1,26.2,90.7,36.0,100.0,4.17,rain,25.9,245.5,1014.5,60.5,,0.78,1.0,,
2021-07-04,Lagos,31.0,22.0,25.7,85.9,4.0,100.0,4.17,rain,27.7,249.1,1015.3,55.3,,0.82,0.0,,
2021-07-05,Lagos,31.0,22.0,25.7,85.9,4.0,100.0,4.17,rain,27.7,249.1,1015.3,55.3,,0.82,0.0,,
2021-07-06,Lagos,31.0,22.0,25.7,85.9,4.0,100.0,4.17,rain,27.7,249.1,1015.3,55.3,,0.82,0.0,,
2021-07-07,Lagos,30.0,21.0,25.4,86.6,4.0,100.0,8.33,rain,24.1,242.1,1012.9,60.3,,0.92,0.0,,
2021-07-08,Lagos,28.0,24.0,26.1,90.6,1.0,100.0,4.17,rain,22.3,230.7,1014.5,62.7,,0.95,0.0,,
2021-07-09,Lagos,28.0,24.9,25.9,90.9,27.0,100.0,8.33,rain,22.3,223.5,1014.7,72.8,,0.98,0.0,,
2021-07-10,Lagos,30.0,23.0,26.9,81.2,1.0,100.0,4.17,rain,20.5,227.8,1014.6,62.8,,0.0,0.0,,
2021-07-11,Lagos,30.0,23.0,26.9,81.2,1.0,100.0,4.17,rain,20.5,227.8,1014.6,62.8,,0.0,0.0,,
2021-07-12,Lagos,30.0,23.0,26.9,81.2,1.0,100.0,4.17,rain,20.5,227.8,1014.6,62.8,,0.0,0.0,,
2021-07-13,Lagos,30.0,23.0,26.9,81.2,1.0,100.0,4.17,rain,20.5,227.8,1014.6,62.8,,0.0,0.0,,
2021-07-14,Lagos,28.8,25.0,26.7,83.2,0.1,100.0,4.17,rain,23.1,229.7,1014.0,63.8,,0.16,0.0,,
2021-07-15,Lagos,30.0,25.0,26.4,86.3,50.0,100.0,4.17,rain,18.4,247.1,1013.1,51.4,,0.19,1.0,,
2021-07-16,Lagos,26.0,22.0,24.1,95.6,2.0,100.0,4.17,rain,31.7,233.7,1013.3,55.8,,0.23,0.0,,
2021-07-17,Lagos,29.4,22.0,25.2,90.3,0.3,100.0,4.17,rain,24.1,221.1,1015.1,52.7,,0.25,0.0,,
2021-07-18,Lagos,28.7,24.0,26.3,86.1,0.2,100.0,8.33,rain,29.5,231.9,1014.8,58.4,,0.3,0.0,,
2021-07-19,Lagos,29.1,24.0,26.7,80.6,0.1,100.0,4.17,rain,26.9,238.8,1014.4,60.5,,0.33,0.0,,
2021-07-20,Lagos,28.0,25.0,26.3,83.7,2.0,100.0,4.17,rain,24.1,237.8,1015.3,58.0,,0.37,0.0,,
2021-07-21,Lagos,30.1,24.9,26.6,81.5,2.0,100.0,4.17,rain,25.9,230.1,1016.7,49.1,,0.41,0.0,,
2021-07-22,Lagos,30.1,24.9,26.6,81.5,2.0,100.0,4.17,rain,25.9,230.1,1016.7,49.1,,0.41,0.0,,
2021-07-23,Lagos,30.1,24.9,26.6,81.5,2.0,100.0,4.17,rain,25.9,230.1,1016.7,49.1,,0.41,0.0,,
2021-07-24,Lagos,30.1,24.9,26.6,81.5,2.0,100.0,4.17,rain,25.9,230.1,1016.7,49.1,,0.41,0.0,,
2021-07-25,Lagos,30.1,24.9,26.6,81.5,2.0,100.0,4.17,rain,25.9,230.1,1016.7,49.1,,0.41,0.0,,
2021-07-26,Lagos,30.1,24.9,26.6,81.5,2.0,100.0,4.17,rain,25.9,230.1,1016.7,49.1,,0.41,0.0,,
2021-07-27,Lagos,30.1,24.9,26.6,81.5,2.0,100.0,4.17,rain,25.9,230.1,1016.7,49.1,,0.41,0.0,,
2021-07-28,Lagos,31.0,24.0,26.7,79.8,0.1,100.0,4.17,rain,20.5,219.0,1014.2,50.0,,0.64,0.0,,
2021-07-29,Lagos,31.0,24.0,26.7,79.8,0.1,100.0,4.17,rain,20.5,219.0,1014.2,50.0,,0.64,0.0,,
2021-07-30,Lagos,31.0,24.0,26.7,79.8,0.1,100.0,4.17,rain,20.5,219.0,1014.2,50.0,,0.64,0.0,,
2021-07-31,Lagos,31.0,24.0,26.7,79.8,0.1,100.0,4.17,rain,20.5,219.0,1014.2,50.0,,0.64,0.0,,
2021-08-01,Lagos,31.0,24.0,26.7,79.8,0.1,100.0,4.17,rain,20.5,219.0,1014.2,50.0,,0.64,0.0,,
2021-08-02,Lagos,31.0,24.0,26.7,79.8,0.1,100.0,4.17,rain,20.5,219.0,1014.2,50.0,,0.64,0.0,,
2021-08-03,Lagos,31.0,24.0,26.7,79.8,0.1,100.0,4.17,rain,20.5,219.0,1014.2,50.0,,0.64,0.0,,
2021-08-04,Lagos,30.0,23.9,26.5,84.3,0.1,100.0,4.17,rain,24.1,223.1,1015.1,67.4,,0.87,0.0,,
2021-08-05,Lagos,28.0,23.1,25.7,89.1,38.0,100.0,8.33,rain,22.3,227.7,1017.0,52.2,,0.9,1.0,,
2021-08-06,Lagos,31.0,25.0,26.5,85.6,0.1,100.0,4.17,rain,24.8,236.5,1016.3,54.3,,0.93,0.0,,
2021-08-07,Lagos,29.0,24.2,25.8,90.2,4.0,100.0,4.17,rain,18.4,236.6,1015.3,52.4,,0.96,0.0,,
2021-08-08,Lagos,26.8,23.0,24.9,91.1,3.0,100.0,4.17,rain,27.7,243.0,1015.0,64.1,,0.0,0.0,,
2021-08-09,Lagos,29.2,24.9,26.6,84.1,1.0,100.0,4.17,rain,27.7,229.7,1015.9,54.7,,0.03,0.0,,
2021-08-10,Lagos,29.2,24.0,26.2,85.5,0.1,100.0,4.17,rain,24.1,233.9,1015.2,61.7,,0.07,0.0,,
2021-08-11,Lagos,29.2,24.0,26.2,85.5,0.1,100.0,4.17,rain,24.1,233.9,1015.2,61.7,,0.07,0.0,,
2021-08-12,Lagos,30.0,24.0,26.6,85.3,1.0,100.0,4.17,rain,25.9,209.3,1014.3,66.9,,0.14,0.0,,
2021-08-13,Lagos,29.0,24.9,26.1,84.3,0.2,100.0,4.17,rain,55.4,220.1,1015.0,75.7,,0.18,0.0,,
2021-08-14,Lagos,29.0,24.9,26.1,84.3,0.2,100.0,4.17,rain,55.4,220.1,1015.0,75.7,,0.18,0.0,,
2021-08-15,Lagos,29.0,24.9,26.1,84.3,0.2,100.0,4.17,rain,55.4,220.1,1015.0,75.7,,0.18,0.0,,
2021-08-16,Lagos,29.0,24.9,26.1,84.3,0.2,100.0,4.17,rain,55.4,220.1,1015.0,75.7,,0.18,0.0,,
2021-08-17,Lagos,29.0,24.9,26.5,84.4,0.1,100.0,4.17,rain,20.5,234.3,1014.8,58.9,,0.32,0.0,,
2021-08-18,Lagos,29.0,24.9,26.5,84.4,0.1,100.0,4.17,rain,20.5,234.3,1014.8,58.9,,0.32,0.0,,
2021-08-19,Lagos,31.0,25.0,26.7,82.2,0.4,100.0,8.33,rain,20.5,251.9,1013.4,57.8,,0.39,0.0,,
2021-08-20,Lagos,31.0,25.0,26.7,82.2,0.4,100.0,8.33,rain,20.5,251.9,1013.4,57.8,,0.39,0.0,,
2021-08-21,Lagos,27.0,24.0,25.1,91.6,7.0,100.0,4.17,rain,18.4,231.6,1013.0,66.6,,0.46,0.0,,
2021-08-22,Lagos,30.0,23.8,25.7,89.4,2.0,100.0,4.17,rain,18.4,220.2,1012.8,60.9,,0.5,0.0,,
2021-08-23,Lagos,30.8,23.2,26.4,86.4,2.0,100.0,4.17,rain,22.3,229.5,1011.6,59.8,,0.53,0.0,,
2021-08-24,Lagos,29.0,25.0,26.6,86.0,1.0,100.0,16.67,rain,22.3,226.3,1010.8,72.3,,0.56,0.0,,
2021-08-25,Lagos,30.0,24.9,26.9,83.0,6.0,100.0,4.17,rain,25.9,213.8,1011.2,60.4,,0.6,0.0,,
2021-08-26,Lagos,29.0,25.0,26.8,82.9,3.0,100.0,4.17,rain,17.3,243.8,1012.5,57.2,,0.63,0.0,,
2021-08-27,Lagos,29.0,25.0,26.8,82.9,3.0,100.0,4.17,rain,17.3,243.8,1012.5,57.2,,0.63,0.0,,
2021-08-28,Lagos,30.5,23.8,26.2,86.4,4.0,100.0,4.17,rain,18.4,234.4,1013.6,59.3,,0.69,0.0,,
2021-08-29,Lagos,28.0,25.0,26.2,88.2,1.1,100.0,20.83,rain,22.3,241.0,1011.3,82.8,,0.72,0.0,,
2021-08-30,Lagos,30.0,25.0,26.8,85.9,4.0,100.0,4.17,rain,27.7,223.7,1011.6,60.8,,0.75,0.0,,
2021-08-31,Lagos,29.1,25.0,26.7,87.5,4.0,100.0,4.17,rain,14.8,255.2,1012.2,60.6,,0.79,0.0,,
2021-09-01,Lagos,31.0,23.0,26.9,87.0,2.7,100.0,8.33,rain,24.1,227.5,1011.5,67.7,,0.82,0.0,,
2021-09-02,Lagos,29.0,22.0,24.6,91.3,88.0,100.0,8.33,rain,16.6,219.1,1012.4,85.3,,0.85,1.0,,
2021-09-03,Lagos,25.1,22.0,24.1,94.0,75.0,100.0,4.17,rain,18.4,257.0,1013.5,56.1,,0.88,1.0,,
2021-09-04,Lagos,25.1,22.0,24.1,94.0,75.0,100.0,4.17,rain,18.4,257.0,1013.5,56.1,,0.88,1.0,,
2021-09-05,Lagos,31.0,23.9,26.2,86.8,4.0,100.0,4.17,rain,18.4,247.1,1013.4,61.7,,0.95,0.0,,
2021-09-06,Lagos,28.9,24.0,25.8,91.6,0.2,100.0,4.17,rain,20.5,227.7,1013.5,58.3,,0.98,0.0,,
2021-09-07,Lagos,30.8,24.0,26.2,89.4,31.0,100.0,4.17,rain,37.1,241.4,1013.2,64.3,,0.0,1.0,,
2021-09-08,Lagos,30.8,24.0,26.2,89.4,31.0,100.0,4.17,rain,37.1,241.4,1013.2,64.3,,0.0,1.0,,
2021-09-09,Lagos,31.0,24.1,27.2,85.1,0.3,100.0,8.33,rain,25.9,211.8,1012.8,63.9,,0.09,0.0,,
2021-09-10,Lagos,31.0,25.0,26.8,86.7,2.9,100.0,33.33,rain,18.4,242.3,1013.5,81.7,,0.12,0.0,,
2021-09-11,Lagos,30.1,24.8,26.4,87.2,1.0,100.0,4.17,rain,14.4,249.6,1014.5,48.2,,0.16,0.0,,
2021-09-12,Lagos,30.1,24.8,26.4,87.2,1.0,100.0,4.17,rain,14.4,249.6,1014.5,48.2,,0.16,0.0,,
2021-09-13,Lagos,26.0,21.4,24.6,91.3,45.0,100.0,4.17,rain,16.7,246.1,1012.9,55.4,,0.25,1.0,,
2021-09-14,Lagos,26.0,21.4,24.6,91.3,45.0,100.0,4.17,rain,16.7,246.1,1012.9,55.4,,0.25,1.0,,
2021-09-15,Lagos,30.0,24.1,26.1,83.6,0.1,100.0,4.17,rain,18.4,228.2,1014.1,62.5,,0.3,0.0,,
2021-09-16,Lagos,31.0,23.8,27.0,84.4,2.0,100.0,4.17,rain,18.4,248.0,1014.7,49.7,,0.34,0.0,,
2021-09-17,Lagos,31.0,23.8,27.0,84.4,2.0,100.0,4.17,rain,18.4,248.0,1014.7,49.7,,0.34,0.0,,
2021-09-18,Lagos,31.0,24.8,26.8,89.1,1.0,100.0,4.17,rain,18.4,235.9,1013.2,57.8,,0.41,0.0,,
2021-09-19,Lagos,31.0,24.8,26.8,89.1,1.0,100.0,4.17,rain,18.4,235.9,1013.2,57.8,,0.41,0.0,,
2021-09-20,Lagos,31.0,24.8,26.8,89.1,1.0,100.0,4.17,rain,18.4,235.9,1013.2,57.8,,0.41,0.0,,
2021-09-21,Lagos,30.0,25.0,26.8,86.0,2.0,100.0,4.17,rain,29.5,219.3,1012.4,63.4,,0.5,0.0,,
2021-09-22,Lagos,31.0,23.0,25.6,90.6,4.0,100.0,4.17,rain,38.9,198.4,1013.0,70.5,,0.55,0.0,,
2021-09-23,Lagos,31.0,23.0,26.4,85.5,21.0,100.0,8.33,rain,38.9,208.6,1012.6,47.5,,0.58,0.0,,
2021-09-24,Lagos,31.0,23.0,26.4,85.5,21.0,100.0,8.33,rain,38.9,208.6,1012.6,47.5,,0.58,0.0,,
2021-09-25,Lagos,31.0,22.5,25.6,87.8,81.0,100.0,4.17,rain,17.5,236.9,1013.6,55.4,,0.64,1.0,,
2021-09-26,Lagos,31.0,22.5,25.6,87.8,81.0,100.0,4.17,rain,17.5,236.9,1013.6,55.4,,0.64,1.0,,
2021-09-27,Lagos,30.0,24.9,27.1,84.3,0.3,100.0,4.17,rain,27.7,212.5,1012.7,54.6,,0.71,0.0,,
2021-09-28,Lagos,31.4,23.0,26.8,84.4,2.8,100.0,16.67,rain,37.1,211.4,1012.2,56.5,,0.74,0.0,,
2021-09-29,Lagos,31.4,23.0,26.8,84.4,2.8,100.0,16.67,rain,37.1,211.4,1012.2,56.5,,0.74,0.0,,
2021-09-30,Lagos,29.0,24.7,26.3,89.8,4.0,100.0,4.17,rain,16.6,248.5,1012.5,54.3,,0.81,0.0,,
2021-10-01,Lagos,29.6,24.7,26.6,90.1,3.0,100.0,8.33,rain,14.8,230.9,1013.2,57.0,,0.84,0.0,,
2021-10-02,Lagos,29.6,24.7,26.6,90.1,3.0,100.0,8.33,rain,14.8,230.9,1013.2,57.0,,0.84,0.0,,
2021-10-03,Lagos,31.1,24.8,27.2,86.7,1.0,100.0,12.5,rain,16.7,240.2,1012.0,63.6,,0.9,0.0,,
2021-10-04,Lagos,31.1,24.8,27.2,86.7,1.0,100.0,12.5,rain,16.7,240.2,1012.0,63.6,,0.9,0.0,,
2021-10-05,Lagos,31.1,24.8,27.2,86.7,1.0,100.0,12.5,rain,16.7,240.2,1012.0,63.6,,0.9,0.0,,
2021-10-06,Lagos,29.0,24.9,26.7,88.6,1.0,100.0,4.17,rain,18.4,229.9,1012.4,55.2,,0.0,0.0,,
2021-10-07,Lagos,29.0,24.9,26.7,88.6,1.0,100.0,4.17,rain,18.4,229.9,1012.4,55.2,,0.0,0.0,,
2021-10-08,Lagos,29.0,24.9,26.7,88.6,1.0,100.0,4.17,rain,18.4,229.9,1012.4,55.2,,0.0,0.0,,
2021-10-09,Lagos,29.0,24.8,26.7,91.3,30.0,100.0,4.17,rain,22.3,244.4,1011.4,65.2,,0.11,0.0,,
2021-10-10,Lagos,32.0,24.0,27.3,86.6,5.0,100.0,4.17,rain,18.4,224.2,1012.3,62.3,,0.14,0.0,,
2021-10-11,Lagos,32.0,24.0,27.7,85.8,2.0,100.0,4.17,rain,16.6,240.8,1012.7,58.2,,0.18,0.0,,
2021-10-12,Lagos,32.0,23.0,27.2,87.6,17.0,100.0,4.17,rain,27.7,220.4,1011.5,43.8,,0.21,0.0,,
2021-10-13,Lagos,33.0,24.9,28.3,79.9,0.1,100.0,4.17,rain,18.4,221.2,1011.4,49.1,,0.25,0.0,,
2021-10-14,Lagos,33.0,24.9,28.3,79.9,0.1,100.0,4.17,rain,18.4,221.2,1011.4,49.1,,0.25,0.0,,
2021-10-15,Lagos,32.9,24.8,26.9,88.7,11.0,100.0,4.17,rain,16.6,228.9,1011.4,48.7,,0.32,0.0,,
2021-10-16,Lagos,32.0,23.0,26.9,85.9,26.0,100.0,8.33,rain,18.4,235.1,1011.1,59.5,,0.35,0.0,,
2021-10-17,Lagos,32.0,23.0,27.0,86.3,0.1,100.0,4.17,rain,21.6,195.1,1010.7,57.6,,0.39,0.0,,
2021-10-18,Lagos,29.1,23.2,26.0,88.8,22.0,100.0,8.33,rain,17.5,209.3,1011.9,63.7,,0.42,0.0,,
2021-10-19,Lagos,31.2,23.2,26.8,86.5,2.0,100.0,4.17,rain,18.4,221.2,1012.5,58.1,,0.46,0.0,,
2021-10-20,Lagos,31.2,23.2,26.8,86.5,2.0,100.0,4.17,rain,18.4,221.2,1012.5,58.1,,0.46,0.0,,
2021-10-21,Lagos,30.1,25.1,27.2,87.0,0.5,100.0,4.17,rain,14.8,239.8,1012.5,56.8,,0.53,0.0,,
2021-10-22,Lagos,31.0,24.0,26.4,89.9,7.0,100.0,4.17,rain,14.8,204.9,1012.1,60.2,,0.56,0.0,,
2021-10-23,Lagos,29.0,23.0,25.9,88.3,20.0,100.0,8.33,rain,13.0,90.0,1013.5,62.0,,0.59,0.0,,
2021-10-24,Lagos,29.0,23.0,25.9,88.3,20.0,100.0,8.33,rain,13.0,90.0,1013.5,62.0,,0.59,0.0,,
2021-10-25,Lagos,32.0,24.1,27.5,84.7,2.0,100.0,4.17,rain,18.4,220.4,1012.9,56.6,,0.66,0.0,,
2021-10-26,Lagos,33.0,24.0,27.7,81.1,4.0,100.0,4.17,rain,33.5,147.6,1013.4,50.1,,0.69,0.0,,
2021-10-27,Lagos,33.0,24.0,27.7,81.1,4.0,100.0,4.17,rain,33.5,147.6,1013.4,50.1,,0.69,0.0,,
2021-10-28,Lagos,31.0,25.0,27.7,84.7,5.0,100.0,4.17,rain,14.8,198.5,1012.2,55.9,,0.75,0.0,,
2021-10-29,Lagos,31.0,25.0,27.7,84.7,5.0,100.0,4.17,rain,14.8,198.5,1012.2,55.9,,0.75,0.0,,
2021-10-30,Lagos,33.0,24.0,27.9,84.1,3.0,100.0,4.17,rain,33.5,194.7,1011.8,55.6,,0.82,0.0,,
2021-10-31,Lagos,31.0,18.0,27.9,84.5,1.0,100.0,4.17,rain,25.9,186.9,1012.8,58.4,,0.85,0.0,,
2021-11-01,Lagos,32.8,23.0,27.5,82.2,3.0,100.0,4.17,rain,14.8,216.9,1013.2,49.1,,0.89,0.0,,
2021-11-02,Lagos,30.9,22.0,25.9,87.3,35.0,100.0,8.33,rain,40.7,159.5,1013.8,64.9,,0.92,1.0,,
2021-11-03,Lagos,32.0,23.8,27.5,84.2,28.0,100.0,4.17,rain,22.3,193.9,1012.4,56.9,,0.95,0.0,,
2021-11-04,Lagos,32.0,23.8,27.5,84.2,28.0,100.0,4.17,rain,22.3,193.9,1012.4,56.9,,0.95,0.0,,
2021-11-05,Lagos,28.9,23.0,25.7,87.1,12.0,100.0,4.17,rain,29.5,84.3,1012.0,49.7,,0.02,0.0,,
2021-11-06,Lagos,28.9,23.0,25.7,87.1,12.0,100.0,4.17,rain,29.5,84.3,1012.0,49.7,,0.02,0.0,,
2021-11-07,Lagos,32.0,23.9,26.2,88.7,11.0,100.0,4.17,rain,22.3,231.3,1010.2,61.2,,0.09,0.0,,
2021-11-08,Lagos,32.0,23.9,26.2,88.7,11.0,100.0,4.17,rain,22.3,231.3,1010.2,61.2,,0.09,0.0,,
2021-11-09,Lagos,32.0,23.9,26.2,88.7,11.0,100.0,4.17,rain,22.3,231.3,1010.2,61.2,,0.09,0.0,,
2021-11-10,Lagos,32.0,25.0,27.9,87.4,3.0,100.0,4.17,rain,14.8,237.2,1011.3,57.8,,0.19,0.0,,
2021-11-11,Lagos,32.0,23.2,26.0,90.1,126.0,100.0,4.17,rain,35.3,221.8,1011.7,59.2,,0.25,1.0,,
2021-11-12,Lagos,32.0,23.2,26.0,90.1,126.0,100.0,4.17,rain,35.3,221.8,1011.7,59.2,,0.25,1.0,,
2021-11-13,Lagos,32.0,24.9,27.1,87.0,1.0,100.0,4.17,rain,18.4,200.7,1010.3,57.3,,0.3,0.0,,
2021-11-14,Lagos,32.0,23.9,26.8,84.5,0.2,100.0,8.33,rain,18.4,230.3,1011.3,52.5,,0.33,0.0,,
2021-11-15,Lagos,32.1,24.0,27.3,85.1,12.0,100.0,4.17,rain,13.0,225.9,1011.6,52.4,,0.36,0.0,,
2021-11-16,Lagos,32.0,24.9,27.7,85.8,0.3,100.0,8.33,rain,18.4,212.7,1010.8,47.7,,0.4,0.0,,
2021-11-17,Lagos,32.0,24.9,27.7,85.8,0.3,100.0,8.33,rain,18.4,212.7,1010.8,47.7,,0.4,0.0,,
2021-11-18,Lagos,32.0,24.9,27.7,85.8,0.3,100.0,8.33,rain,18.4,212.7,1010.8,47.7,,0.4,0.0,,
2021-11-19,Lagos,32.0,24.9,27.7,85.8,0.3,100.0,8.33,rain,18.4,212.7,1010.8,47.7,,0.4,0.0,,
2021-11-20,Lagos,32.0,24.0,27.7,84.7,0.1,100.0,4.17,rain,14.8,192.9,1010.7,55.1,,0.54,0.0,,
2021-11-21,Lagos,33.0,25.0,28.6,81.8,0.9,100.0,4.17,rain,22.3,191.6,1009.7,49.9,,0.57,0.0,,
2021-11-22,Lagos,33.0,26.0,28.1,83.3,6.0,100.0,4.17,rain,14.8,219.3,1010.9,51.1,,0.6,0.0,,
2021-11-23,Lagos,33.0,26.0,28.1,83.3,6.0,100.0,4.17,rain,14.8,219.3,1010.9,51.1,,0.6,0.0,,
2021-11-24,Lagos,33.0,25.0,28.4,81.8,0.9,100.0,4.17,rain,14.8,202.5,1011.5,52.9,,0.67,0.0,,
2021-11-25,Lagos,33.0,25.0,28.4,81.8,0.9,100.0,4.17,rain,14.8,202.5,1011.5,52.9,,0.67,0.0,,
2021-11-26,Lagos,29.7,26.0,28.1,87.1,1.0,100.0,33.33,rain,14.8,214.5,1010.4,43.8,,0.74,0.0,,
2021-11-27,Lagos,33.0,25.1,28.7,83.5,0.2,100.0,8.33,rain,18.2,203.4,1010.8,50.4,,0.75,0.0,,
2021-11-28,Lagos,33.0,25.1,28.7,83.5,0.2,100.0,8.33,rain,18.2,203.4,1010.8,50.4,,0.75,0.0,,
2021-11-29,Lagos,33.0,25.1,28.7,83.5,0.2,100.0,8.33,rain,18.2,203.4,1010.8,50.4,,0.75,0.0,,
2021-11-30,Lagos,33.0,25.1,28.7,83.5,0.2,100.0,8.33,rain,18.2,203.4,1010.8,50.4,,0.75,0.0,,
2021-12-01,Lagos,33.0,24.9,28.7,82.5,0.1,100.0,4.17,rain,20.5,202.2,1010.4,54.8,,0.9,0.0,,
2021-12-02,Lagos,33.0,24.9,28.7,82.5,0.1,100.0,4.17,rain,20.5,202.2,1010.4,54.8,,0.9,0.0,,
2021-12-03,Lagos,33.0,24.9,28.7,82.5,0.1,100.0,4.17,rain,20.5,202.2,1010.4,54.8,,0.9,0.0,,
2021-12-04,Lagos,33.0,24.9,28.7,82.5,0.1,100.0,4.17,rain,20.5,202.2,1010.4,54.8,,0.9,0.0,,
2021-12-05,Lagos,33.0,24.9,28.7,82.5,0.1,100.0,4.17,rain,20.5,202.2,1010.4,54.8,,0.9,0.0,,
2021-12-06,Lagos,33.0,24.9,28.7,82.5,0.1,100.0,4.17,rain,20.5,202.2,1010.4,54.8,,0.9,0.0,,
2021-12-07,Lagos,33.0,24.9,28.7,82.5,0.1,100.0,4.17,rain,20.5,202.2,1010.4,54.8,,0.9,0.0,,
2021-12-08,Lagos,33.0,24.9,28.7,82.5,0.1,100.0,4.17,rain,20.5,202.2,1010.4,54.8,,0.9,0.0,,
2021-12-09,Lagos,33.0,24.9,28.7,82.5,0.1,100.0,4.17,rain,20.5,202.2,1010.4,54.8,,0.9,0.0,,
2021-12-10,Lagos,33.0,24.9,28.7,82.5,0.1,100.0,4.17,rain,20.5,202.2,1010.4,54.8,,0.9,0.0,,
2021-12-11,Lagos,33.0,24.9,28.7,82.5,0.1,100.0,4.17,rain,20.5,202.2,1010.4,54.8,,0.9,0.0,,
2021-12-12,Lagos,33.0,24.9,28.7,82.5,0.1,100.0,4.17,rain,20.5,202.2,1010.4,54.8,,0.9,0.0,,
2021-12-13,Lagos,33.0,24.9,28.7,82.5,0.1,100.0,4.17,rain,20.5,202.2,1010.4,54.8,,0.9,0.0,,
2021-12-14,Lagos,33.0,24.9,28.7,82.5,0.1,100.0,4.17,rain,20.5,202.2,1010.4,54.8,,0.9,0.0,,
2021-12-15,Lagos,33.0,24.9,28.7,82.5,0.1,100.0,4.17,rain,20.5,202.2,1010.4,54.8,,0.9,0.0,,
2021-12-16,Lagos,33.0,24.9,28.7,82.5,0.1,100.0,4.17,rain,20.5,202.2,1010.4,54.8,,0.9,0.0,,
2021-12-17,Lagos,33.0,24.9,28.7,82.5,0.1,100.0,4.17,rain,20.5,202.2,1010.4,54.8,,0.9,0.0,,
2021-12-18,Lagos,33.0,24.9,28.7,82.5,0.1,100.0,4.17,rain,20.5,202.2,1010.4,54.8,,0.9,0.0,,
2021-12-19,Lagos,33.0,24.9,28.7,82.5,0.1,100.0,4.17,rain,20.5,202.2,1010.4,54.8,,0.9,0.0,,
2021-12-20,Lagos,33.0,24.9,28.7,82.5,0.1,100.0,4.17,rain,20.5,202.2,1010.4,54.8,,0.9,0.0,,
2021-12-21,Lagos,33.0,24.9,28.7,82.5,0.1,100.0,4.17,rain,20.5,202.2,1010.4,54.8,,0.9,0.0,,
2021-12-22,Lagos,33.0,24.9,28.7,82.5,0.1,100.0,4.17,rain,20.5,202.2,1010.4,54.8,,0.9,0.0,,
2021-12-23,Lagos,33.0,24.9,28.7,82.5,0.1,100.0,4.17,rain,20.5,202.2,1010.4,54.8,,0.9,0.0,,
2021-12-24,Lagos,33.0,24.9,28.7,82.5,0.1,100.0,4.17,rain,20.5,202.2,1010.4,54.8,,0.9,0.0,,
2021-12-25,Lagos,33.0,24.9,28.7,82.5,0.1,100.0,4.17,rain,20.5,202.2,1010.4,54.8,,0.9,0.0,,
2021-12-26,Lagos,33.0,24.9,28.7,82.5,0.1,100.0,4.17,rain,20.5,202.2,1010.4,54.8,,0.9,0.0,,
2021-12-27,Lagos,33.0,24.9,28.7,82.5,0.1,100.0,4.17,rain,20.5,202.2,1010.4,54.8,,0.9,0.0,,
2021-12-28,Lagos,33.0,24.9,28.7,82.5,0.1,100.0,4.17,rain,20.5,202.2,1010.4,54.8,,0.9,0.0,,
2021-12-29,Lagos,33.0,24.9,28.7,82.5,0.1,100.0,4.17,rain,20.5,202.2,1010.4,54.8,,0.9,0.0,,
2021-12-30,Lagos,33.0,24.9,28.7,82.5,0.1,100.0,4.17,rain,20.5,202.2,1010.4,54.8,,0.9,0.0,,
2021-12-31,Lagos,33.0,24.9,28.7,82.5,0.1,100.0,4.17,rain,20.5,202.2,1010.4,54.8,,0.9,0.0,,
2022-01-01,Lagos,33.0,24.9,28.7,82.5,0.1,100.0,4.17,rain,20.5,202.2,1010.4,54.8,,0.9,0.0,,
2022-01-02,Lagos,33.0,24.9,28.7,82.5,0.1,100.0,4.17,rain,20.5,202.2,1010.4,54.8,,0.9,0.0,,
2022-01-03,Lagos,31.1,26.0,28.0,81.9,0.3,100.0,8.33,rain,15.1,226.0,1009.7,76.0,,0.02,0.0,,
2022-01-04,Lagos,32.6,26.1,27.6,78.5,0.3,100.0,8.33,rain,14.8,179.7,1010.7,97.6,,0.06,0.0,,
2022-01-05,Lagos,32.6,26.1,27.6,78.5,0.3,100.0,8.33,rain,14.8,179.7,1010.7,97.6,,0.06,0.0,,
2022-01-06,Lagos,32.6,26.1,27.6,78.5,0.3,100.0,8.33,rain,14.8,179.7,1010.7,97.6,,0.06,0.0,,
2022-01-07,Lagos,34.0,15.0,27.6,83.4,0.1,100.0,4.17,rain,22.3,230.0,1010.8,22.2,,0.15,0.0,,
2022-01-08,Lagos,30.3,15.0,27.5,82.9,0.4,100.0,16.67,rain,16.6,233.1,1010.8,23.9,,0.19,0.0,,
2022-01-09,Lagos,30.3,15.0,27.5,82.9,0.4,100.0,16.67,rain,16.6,233.1,1010.8,23.9,,0.19,0.0,,
2022-01-10,Lagos,30.3,15.0,27.5,82.9,0.4,100.0,16.67,rain,16.6,233.1,1010.8,23.9,,0.19,0.0,,
2022-01-11,Lagos,34.0,22.0,29.2,74.7,0.8,100.0,8.33,rain,22.0,209.7,1009.4,42.5,75.0,0.29,0.0,,
2022-01-12,Lagos,34.0,22.0,29.2,74.7,0.8,100.0,8.33,rain,22.0,209.7,1009.4,42.5,75.0,0.29,0.0,,
2022-01-13,Lagos,32.1,26.0,28.6,80.9,1.2,100.0,12.5,rain,21.6,208.8,1012.3,54.8,75.0,0.35,0.0,,
2022-01-14,Lagos,32.1,26.0,28.6,80.9,1.2,100.0,12.5,rain,21.6,208.8,1012.3,54.8,75.0,0.35,0.0,,
2022-01-15,Lagos,32.1,26.0,28.6,80.9,1.2,100.0,12.5,rain,21.6,208.8,1012.3,54.8,75.0,0.35,0.0,,
2022-01-16,Lagos,32.1,26.0,28.6,80.9,1.2,100.0,12.5,rain,21.6,208.8,1012.3,54.8,75.0,0.35,0.0,,
2022-01-17,Lagos,34.0,14.0,28.2,74.9,0.1,100.0,4.17,rain,33.5,204.9,1014.2,54.1,60.0,0.48,0.0,,
2022-01-18,Lagos,34.0,10.0,27.1,76.3,0.2,100.0,8.33,rain,25.9,189.6,1014.5,53.0,30.0,0.5,0.0,,
2022-01-19,Lagos,34.0,10.0,27.1,76.3,0.2,100.0,8.33,rain,25.9,189.6,1014.5,53.0,30.0,0.5,0.0,,
2022-01-20,Lagos,34.0,10.0,27.1,76.3,0.2,100.0,8.33,rain,25.9,189.6,1014.5,53.0,30.0,0.5,0.0,,
2022-01-21,Lagos,34.0,10.0,27.1,76.3,0.2,100.0,8.33,rain,25.9,189.6,1014.5,53.0,30.0,0.5,0.0,,
2022-01-22,Lagos,34.0,10.0,27.1,76.3,0.2,100.0,8.33,rain,25.9,189.6,1014.5,53.0,30.0,0.5,0.0,,
2022-01-23,Lagos,36.0,23.0,27.9,59.4,0.1,100.0,4.17,rain,21.6,221.0,1011.5,11.8,30.0,0.69,0.0,,
2022-01-24,Lagos,36.0,23.0,27.9,59.4,0.1,100.0,4.17,rain,21.6,221.0,1011.5,11.8,30.0,0.69,0.0,,
2022-01-25,Lagos,36.0,23.0,27.9,59.4,0.1,100.0,4.17,rain,21.6,221.0,1011.5,11.8,30.0,0.69,0.0,,
2022-01-26,Lagos,36.0,23.0,27.9,59.4,0.1,100.0,4.17,rain,21.6,221.0,1011.5,11.8,30.0,0.69,0.0,,
2022-01-27,Lagos,36.0,23.0,27.9,59.4,0.1,100.0,4.17,rain,21.6,221.0,1011.5,11.8,30.0,0.69,0.0,,
2022-01-28,Lagos,36.0,23.0,27.9,59.4,0.1,100.0,4.17,rain,21.6,221.0,1011.5,11.8,30.0,0.69,0.0,,
2022-01-29,Lagos,36.0,23.0,27.9,59.4,0.1,100.0,4.17,rain,21.6,221.0,1011.5,11.8,30.0,0.69,0.0,,
2022-01-30,Lagos,36.0,23.0,27.9,59.4,0.1,100.0,4.17,rain,21.6,221.0,1011.5,11.8,30.0,0.69,0.0,,
2022-01-31,Lagos,36.0,23.0,27.9,59.4,0.1,100.0,4.17,rain,21.6,221.0,1011.5,11.8,30.0,0.69,0.0,,
2022-02-01,Lagos,36.0,23.0,27.9,59.4,0.1,100.0,4.17,rain,21.6,221.0,1011.5,11.8,30.0,0.69,0.0,,
2022-02-02,Lagos,36.0,23.0,27.9,59.4,0.1,100.0,4.17,rain,21.6,221.0,1011.5,11.8,30.0,0.69,0.0,,
2022-02-03,Lagos,36.0,23.0,27.9,59.4,0.1,100.0,4.17,rain,21.6,221.0,1011.5,11.8,30.0,0.69,0.0,,
2022-02-04,Lagos,36.0,23.0,27.9,59.4,0.1,100.0,4.17,rain,21.6,221.0,1011.5,11.8,30.0,0.69,0.0,,
2022-02-05,Lagos,36.0,23.0,27.9,59.4,0.1,100.0,4.17,rain,21.6,221.0,1011.5,11.8,30.0,0.69,0.0,,
2022-02-06,Lagos,36.0,23.0,27.9,59.4,0.1,100.0,4.17,rain,21.6,221.0,1011.5,11.8,30.0,0.69,0.0,,
2022-02-07,Lagos,36.0,23.0,27.9,59.4,0.1,100.0,4.17,rain,21.6,221.0,1011.5,11.8,30.0,0.69,0.0,,
2022-02-08,Lagos,34.0,24.9,28.7,80.0,0.1,100.0,4.17,rain,18.4,207.6,1011.1,40.6,60.0,0.25,0.0,,
2022-02-09,Lagos,34.0,24.9,28.7,80.0,0.1,100.0,4.17,rain,18.4,207.6,1011.1,40.6,60.0,0.25,0.0,,
2022-02-10,Lagos,35.0,25.9,29.5,80.1,0.0,0.0,0.0,rain,18.4,184.4,1009.9,36.6,75.0,0.3,0.0,,
2022-02-11,Lagos,35.0,24.8,28.8,79.3,0.0,0.0,0.0,rain,24.0,189.1,1009.0,35.7,75.0,0.33,0.0,,
2022-02-12,Lagos,35.0,26.0,29.2,76.9,0.0,0.0,0.0,rain,22.3,195.6,1009.8,50.9,75.0,0.36,0.0,,
2022-02-13,Lagos,34.1,25.2,28.9,78.9,1.1,100.0,8.33,rain,16.6,200.8,1010.6,45.0,75.0,0.39,0.0,,
2022-02-14,Lagos,34.1,25.2,28.9,78.9,1.1,100.0,8.33,rain,16.6,200.8,1010.6,45.0,75.0,0.39,0.0,,
2022-02-15,Lagos,34.1,25.2,28.9,78.9,1.1,100.0,8.33,rain,16.6,200.8,1010.6,45.0,75.0,0.39,0.0,,
2022-02-16,Lagos,34.0,25.0,29.2,80.8,0.1,100.0,4.17,rain,22.6,216.1,1010.7,43.6,75.0,0.5,0.0,,
2022-02-17,Lagos,35.0,27.1,29.9,78.3,0.0,0.0,0.0,rain,22.3,217.4,1009.0,55.9,75.0,0.53,0.0,,
2022-02-18,Lagos,35.0,25.9,29.3,80.8,0.0,0.0,0.0,rain,22.0,206.0,1008.9,40.2,75.0,0.56,0.0,,
2022-02-19,Lagos,34.9,27.0,29.6,81.9,0.0,0.0,0.0,rain,22.3,200.3,1010.1,54.7,75.0,0.6,0.0,,
2022-02-20,Lagos,35.0,25.0,28.6,82.3,0.0,0.0,0.0,rain,22.3,197.6,1011.2,45.9,75.0,0.63,0.0,,
2022-02-21,Lagos,34.0,25.0,29.1,79.6,0.1,100.0,4.17,rain,22.3,200.0,1010.9,55.2,60.0,0.67,0.0,,
2022-02-22,Lagos,35.0,26.0,29.4,79.6,0.0,0.0,0.0,rain,23.0,223.1,1011.0,49.2,75.0,0.71,0.0,,
2022-02-23,Lagos,35.0,26.0,29.5,80.0,0.0,0.0,0.0,rain,20.5,203.4,1011.7,51.9,75.0,0.75,0.0,,
2022-02-24,Lagos,34.1,26.6,28.4,84.4,0.1,100.0,4.17,rain,24.1,198.4,1010.8,37.6,75.0,0.78,0.0,,
2022-02-25,Lagos,34.1,26.6,28.4,84.4,0.1,100.0,4.17,rain,24.1,198.4,1010.8,37.6,75.0,0.78,0.0,,
2022-02-26,Lagos,36.0,27.0,29.7,80.2,0.0,0.0,0.0,rain,20.5,197.6,1009.7,41.7,100.0,0.85,0.0,,
2022-02-27,Lagos,35.0,26.0,28.5,77.8,0.0,0.0,0.0,rain,27.7,210.2,1010.5,50.7,75.0,0.88,0.0,,
2022-02-28,Lagos,36.0,26.0,29.7,78.3,0.0,0.0,0.0,rain,20.5,197.5,1010.3,47.4,75.0,0.92,0.0,,
2022-03-01,Lagos,35.0,26.8,29.9,77.4,0.0,0.0,0.0,rain,16.6,200.0,1009.9,45.3,75.0,0.95,0.0,,
2022-03-02,Lagos,34.0,27.0,29.8,78.6,0.0,0.0,0.0,rain,20.5,193.4,1010.0,51.9,75.0,0.0,0.0,,
2022-03-03,Lagos,35.0,24.6,29.6,75.7,0.0,0.0,0.0,rain,172.4,180.3,1010.1,49.0,75.0,0.02,0.0,,
2022-03-04,Lagos,34.0,26.2,29.7,77.1,0.7,100.0,12.5,rain,25.9,187.4,1009.5,63.9,75.0,0.06,0.0,,
2022-03-05,Lagos,35.0,24.6,29.5,73.7,2.0,100.0,8.33,rain,24.5,201.2,1008.9,53.7,60.0,0.09,0.0,,
2022-03-06,Lagos,29.0,25.0,27.0,87.6,7.0,100.0,4.17,rain,64.8,159.0,1009.4,53.8,60.0,0.12,0.0,,
2022-03-07,Lagos,29.0,25.0,27.0,87.6,7.0,100.0,4.17,rain,64.8,159.0,1009.4,53.8,60.0,0.12,0.0,,
2022-03-08,Lagos,34.0,26.8,30.0,78.2,0.0,0.0,0.0,rain,22.3,196.5,1008.0,48.4,75.0,0.18,0.0,,
2022-03-09,Lagos,35.0,26.8,30.3,80.2,0.0,0.0,0.0,rain,27.7,197.5,1007.7,53.3,100.0,0.22,0.0,,
2022-03-10,Lagos,34.0,28.0,30.4,80.3,0.1,100.0,4.17,rain,24.1,197.5,1008.2,55.9,100.0,0.25,0.0,,
2022-03-11,Lagos,34.0,27.0,29.7,78.3,0.0,0.0,0.0,rain,27.7,173.7,1009.0,50.6,100.0,0.28,0.0,,
2022-03-12,Lagos,32.0,22.8,26.9,83.7,26.0,100.0,4.17,rain,31.7,234.5,1009.8,43.0,60.0,0.31,0.0,,
2022-03-13,Lagos,34.0,24.8,28.3,83.3,0.0,0.0,0.0,rain,64.8,187.8,1009.4,50.1,75.0,0.34,0.0,,
2022-03-14,Lagos,34.0,24.0,28.4,81.6,2.0,100.0,4.17,rain,24.1,235.1,1009.3,39.6,75.0,0.38,0.0,,
2022-03-15,Lagos,34.0,25.9,28.9,85.3,12.0,100.0,4.17,rain,14.8,213.0,1010.5,56.4,100.0,0.41,0.0,,
2022-03-16,Lagos,33.0,25.7,29.2,81.6,1.4,100.0,4.17,rain,23.4,202.9,1010.3,63.5,75.0,0.44,0.0,,
2022-03-17,Lagos,33.0,25.7,29.2,81.6,1.4,100.0,4.17,rain,23.4,202.9,1010.3,63.5,75.0,0.44,0.0,,
2022-03-18,Lagos,34.1,26.5,29.2,83.7,0.0,0.0,0.0,rain,25.6,202.9,1009.1,50.0,75.0,0.5,0.0,,
2022-03-19,Lagos,35.0,26.4,29.8,80.8,0.0,0.0,0.0,rain,22.3,192.1,1009.8,45.8,100.0,0.54,0.0,,
2022-03-20,Lagos,34.0,27.3,30.1,78.9,0.0,0.0,0.0,rain,24.1,207.0,1010.1,52.7,100.0,0.58,0.0,,
2022-03-21,Lagos,34.0,27.8,29.9,81.3,0.0,0.0,0.0,rain,24.1,207.3,1010.1,58.4,75.0,0.61,0.0,,
2022-03-22,Lagos,33.0,27.0,29.5,80.6,0.0,0.0,0.0,rain,21.2,210.8,1010.2,58.1,75.0,0.65,0.0,,
2022-03-23,Lagos,34.0,20.0,29.4,80.0,0.2,100.0,8.33,rain,27.7,195.4,1010.4,63.3,100.0,0.68,0.0,,
2022-03-24,Lagos,36.0,27.1,29.6,76.2,240.0,100.0,4.17,rain,22.3,211.0,1009.9,38.5,100.0,0.72,1.0,,
2022-03-25,Lagos,36.0,27.1,29.6,76.2,240.0,100.0,4.17,rain,22.3,211.0,1009.9,38.5,100.0,0.72,1.0,,
2022-03-26,Lagos,34.0,27.0,29.7,81.1,0.0,0.0,0.0,rain,22.3,199.4,1009.0,61.3,100.0,0.79,0.0,,
2022-03-27,Lagos,35.0,27.0,30.4,80.7,0.0,0.0,0.0,rain,18.4,193.6,1010.6,46.8,75.0,0.83,0.0,,
2022-03-28,Lagos,35.0,27.1,30.3,81.5,0.1,100.0,4.17,rain,22.3,208.2,1010.7,58.5,100.0,0.86,0.0,,
2022-03-29,Lagos,35.0,28.0,30.5,77.9,0.0,0.0,0.0,rain,155.5,177.6,1009.3,48.9,75.0,0.9,0.0,,
2022-03-30,Lagos,35.0,26.3,30.0,78.5,0.0,0.0,0.0,rain,20.6,190.6,1007.5,57.7,75.0,0.94,0.0,,
2022-03-31,Lagos,35.0,26.3,30.0,78.5,0.0,0.0,0.0,rain,20.6,190.6,1007.5,57.7,75.0,0.94,0.0,,
2022-04-01,Lagos,36.0,27.0,30.5,76.0,0.0,0.0,0.0,rain,59.4,212.4,1009.5,50.5,100.0,0.0,0.0,,
2022-04-02,Lagos,33.0,24.1,28.5,78.8,35.0,100.0,4.17,rain,22.3,212.5,1010.0,50.5,75.0,0.04,1.0,,
2022-04-03,Lagos,34.0,26.8,29.6,78.0,0.0,0.0,0.0,rain,24.1,196.6,1010.0,54.6,75.0,0.07,0.0,,
2022-04-04,Lagos,33.1,26.9,29.5,80.2,0.0,0.0,0.0,rain,22.3,182.6,1010.5,55.3,75.0,0.1,0.0,,
2022-04-05,Lagos,34.0,27.8,30.1,78.5,0.1,100.0,4.17,rain,24.1,186.7,1010.3,59.8,75.0,0.14,0.0,,
2022-04-06,Lagos,33.0,24.0,28.6,82.3,9.0,100.0,4.17,rain,25.9,185.5,1010.0,53.3,75.0,0.17,0.0,,
2022-04-07,Lagos,33.0,25.0,29.2,79.1,0.0,0.0,0.0,rain,22.3,186.3,1010.2,46.0,75.0,0.2,0.0,,
2022-04-08,Lagos,33.0,23.0,28.1,79.5,5.0,100.0,4.17,rain,64.8,237.9,1010.4,38.4,75.0,0.23,0.0,,
2022-04-09,Lagos,29.9,24.0,27.1,84.5,0.0,0.0,0.0,rain,29.4,277.0,1010.3,55.2,75.0,0.25,0.0,,
2022-04-10,Lagos,29.9,24.0,27.1,84.5,0.0,0.0,0.0,rain,29.4,277.0,1010.3,55.2,75.0,0.25,0.0,,
2022-04-11,Lagos,29.9,24.0,27.1,84.5,0.0,0.0,0.0,rain,29.4,277.0,1010.3,55.2,75.0,0.25,0.0,,
2022-04-12,Lagos,34.0,24.8,28.0,81.9,6.0,100.0,4.17,rain,33.5,173.8,1009.2,56.4,75.0,0.36,0.0,,
2022-04-13,Lagos,31.0,24.7,27.4,83.7,0.0,0.0,0.0,rain,18.4,188.3,1009.2,50.1,60.0,0.39,0.0,,
2022-04-14,Lagos,32.0,25.0,28.6,81.6,0.6,100.0,4.17,rain,22.4,180.6,1009.8,52.1,60.0,0.42,0.0,,
2022-04-15,Lagos,32.0,25.8,28.9,79.6,0.0,0.0,0.0,rain,19.4,194.7,1010.2,64.0,60.0,0.46,0.0,,
2022-04-16,Lagos,33.2,26.0,28.3,80.1,7.0,100.0,4.17,rain,18.0,238.2,1010.2,63.9,60.0,0.5,0.0,,
2022-04-17,Lagos,33.2,25.0,28.9,83.4,0.0,0.0,0.0,rain,29.5,214.7,1009.4,53.3,60.0,0.52,0.0,,
2022-04-18,Lagos,29.1,23.0,25.7,86.3,36.0,100.0,8.33,rain,27.7,7.8,1010.7,49.6,10.0,0.56,1.0,,
2022-04-19,Lagos,29.1,23.0,25.7,86.3,36.0,100.0,8.33,rain,27.7,7.8,1010.7,49.6,10.0,0.56,1.0,,
2022-04-20,Lagos,34.0,24.3,29.0,82.9,2.1,100.0,4.17,rain,29.2,175.0,1010.6,51.2,60.0,0.63,0.0,,
2022-04-21,Lagos,30.1,23.0,26.6,83.8,20.0,100.0,4.17,rain,24.1,305.4,1010.8,54.0,60.0,0.67,0.0,,
2022-04-22,Lagos,30.1,23.0,26.6,83.8,20.0,100.0,4.17,rain,24.1,305.4,1010.8,54.0,60.0,0.67,0.0,,
2022-04-23,Lagos,34.0,25.1,29.0,80.7,0.0,0.0,0.0,rain,20.5,202.1,1009.9,43.2,60.0,0.75,0.0,,
2022-04-24,Lagos,28.3,22.0,25.7,91.0,28.0,100.0,4.17,rain,46.4,154.4,1010.0,62.0,75.0,0.77,0.0,,
2022-04-25,Lagos,28.3,22.0,25.7,91.0,28.0,100.0,4.17,rain,46.4,154.4,1010.0,62.0,75.0,0.77,0.0,,
2022-04-26,Lagos,28.3,22.0,25.7,91.0,28.0,100.0,4.17,rain,46.4,154.4,1010.0,62.0,75.0,0.77,0.0,,
2022-04-27,Lagos,33.0,23.0,28.6,79.4,0.1,100.0,4.17,rain,33.5,178.7,1010.1,68.4,75.0,0.88,0.0,,
2022-04-28,Lagos,31.0,23.0,26.5,84.4,24.0,100.0,4.17,rain,18.4,301.5,1011.0,53.8,30.0,0.91,0.0,,
2022-04-29,Lagos,31.0,23.0,26.5,84.4,24.0,100.0,4.17,rain,18.4,301.5,1011.0,53.8,30.0,0.91,0.0,,
2022-04-30,Lagos,31.0,23.0,26.5,84.4,24.0,100.0,4.17,rain,18.4,301.5,1011.0,53.8,30.0,0.91,0.0,,
2022-05-01,Lagos,31.0,23.0,26.5,84.4,24.0,100.0,4.17,rain,18.4,301.5,1011.0,53.8,30.0,0.91,0.0,,
2022-05-02,Lagos,32.0,25.0,28.3,82.8,0.0,0.0,0.0,rain,18.4,189.3,1012.4,57.4,60.0,0.05,0.0,,
2022-05-03,Lagos,32.0,25.0,28.3,82.8,0.0,0.0,0.0,rain,18.4,189.3,1012.4,57.4,60.0,0.05,0.0,,
2022-05-04,Lagos,32.0,23.0,27.1,83.1,13.0,100.0,8.33,rain,22.3,190.1,1011.6,52.3,60.0,0.12,0.0,,
2022-05-05,Lagos,33.0,23.0,27.6,81.6,0.0,0.0,0.0,rain,22.3,206.5,1011.9,46.7,60.0,0.15,0.0,,
2022-05-06,Lagos,28.0,22.0,25.4,89.4,48.0,100.0,8.33,rain,20.5,134.9,1011.9,58.5,60.0,0.18,1.0,,
2022-05-07,Lagos,28.0,22.0,25.4,89.4,48.0,100.0,8.33,rain,20.5,134.9,1011.9,58.5,60.0,0.18,1.0,,
2022-05-08,Lagos,28.0,22.0,25.4,89.4,48.0,100.0,8.33,rain,20.5,134.9,1011.9,58.5,60.0,0.18,1.0,,
2022-05-09,Lagos,33.0,24.0,28.4,80.5,0.1,100.0,4.17,rain,32.0,229.6,1010.7,44.9,60.0,0.25,0.0,,
2022-05-10,Lagos,32.0,21.0,27.8,83.7,1.0,100.0,4.17,rain,20.5,205.8,1011.8,59.1,60.0,0.31,0.0,,
2022-05-11,Lagos,32.0,21.0,27.8,83.7,1.0,100.0,4.17,rain,20.5,205.8,1011.8,59.1,60.0,0.31,0.0,,
2022-05-12,Lagos,32.0,24.2,28.0,85.0,9.0,100.0,8.33,rain,22.3,195.0,1012.3,50.9,60.0,0.38,0.0,,
2022-05-13,Lagos,32.8,25.0,29.1,80.7,0.0,0.0,0.0,rain,16.6,206.2,1012.3,57.3,60.0,0.41,0.0,,
2022-05-14,Lagos,33.0,22.2,27.8,81.4,0.9,100.0,4.17,rain,27.7,168.3,1012.2,55.4,60.0,0.44,0.0,,
2022-05-15,Lagos,33.1,25.0,29.1,82.3,0.0,0.0,0.0,rain,18.4,196.5,1012.6,47.2,60.0,0.48,0.0,,
2022-05-16,Lagos,33.0,25.9,28.6,82.0,3.9,100.0,20.83,rain,23.8,207.6,1012.2,60.6,60.0,0.5,0.0,,
2022-05-17,Lagos,29.0,24.0,27.5,82.8,6.0,100.0,4.17,rain,27.7,182.1,1011.9,66.2,60.0,0.54,0.0,,
2022-05-18,Lagos,32.0,24.1,28.0,82.8,0.0,0.0,0.0,rain,22.3,196.5,1010.9,56.6,30.0,0.58,0.0,,
2022-05-19,Lagos,31.0,24.9,27.6,83.6,1.0,100.0,4.17,rain,24.1,182.6,1011.5,67.5,60.0,0.61,0.0,,
2022-05-20,Lagos,31.0,25.2,28.2,82.1,0.6,100.0,8.33,rain,18.4,177.5,1012.5,72.8,30.0,0.65,0.0,,
2022-05-21,Lagos,30.8,24.0,26.4,90.8,22.0,100.0,4.17,rain,20.5,246.0,1013.7,56.7,30.0,0.68,0.0,,
2022-05-22,Lagos,30.8,23.0,26.3,87.8,1.0,100.0,4.17,rain,13.0,270.1,1014.3,48.1,30.0,0.75,0.0,,
2022-05-23,Lagos,31.0,22.6,26.8,85.6,2.5,100.0,4.17,rain,33.5,6.6,1013.0,53.4,30.0,0.75,0.0,,
2022-05-24,Lagos,31.1,23.0,26.5,84.5,0.0,0.0,0.0,rain,18.2,186.9,1013.8,53.8,30.0,0.79,0.0,,
2022-05-25,Lagos,31.1,23.0,26.5,84.5,0.0,0.0,0.0,rain,18.2,186.9,1013.8,53.8,30.0,0.79,0.0,,
2022-05-26,Lagos,31.0,24.9,27.2,85.9,0.0,0.0,0.0,rain,22.3,177.7,1015.8,57.4,60.0,0.86,0.0,,
2022-05-27,Lagos,31.0,24.0,26.7,85.6,0.1,100.0,4.17,rain,20.5,172.4,1015.3,49.0,30.0,0.89,0.0,,
2022-05-28,Lagos,33.0,25.0,28.8,78.6,0.0,0.0,0.0,rain,18.4,190.3,1013.4,54.2,60.0,0.93,0.0,,
2022-05-29,Lagos,33.0,25.9,29.1,75.3,0.0,0.0,0.0,rain,20.5,185.9,1012.1,61.5,30.0,0.96,0.0,,
2022-05-30,Lagos,33.0,26.0,28.9,81.3,0.0,0.0,0.0,rain,20.5,187.0,1012.1,58.3,30.0,0.0,0.0,,
2022-05-31,Lagos,31.1,24.9,27.6,83.2,3.0,100.0,4.17,rain,21.2,181.9,1011.9,70.9,60.0,0.03,0.0,,
2022-06-01,Lagos,33.0,24.8,28.3,80.1,1.0,100.0,4.17,rain,19.8,199.9,1011.1,63.1,30.0,0.07,0.0,,
2022-06-02,Lagos,33.0,25.0,28.7,80.7,0.0,0.0,0.0,rain,25.9,187.7,1009.9,47.6,60.0,0.1,0.0,,
2022-06-03,Lagos,28.5,23.0,26.5,86.9,6.0,100.0,4.17,rain,18.4,215.9,1009.9,65.0,60.0,0.13,0.0,,
2022-06-04,Lagos,32.0,23.0,26.9,83.9,0.0,0.0,0.0,rain,24.1,195.5,1011.4,53.6,60.0,0.17,0.0,,
2022-06-05,Lagos,31.0,22.7,26.9,77.5,5.0,100.0,8.33,rain,33.5,100.7,1012.0,56.1,30.0,0.2,0.0,,
2022-06-06,Lagos,32.0,23.7,27.5,79.0,3.0,100.0,4.17,rain,14.8,206.6,1013.0,54.2,30.0,0.23,0.0,,
2022-06-07,Lagos,34.0,24.0,28.1,79.2,0.0,0.0,0.0,rain,20.5,224.3,1013.1,42.4,60.0,0.25,0.0,,
2022-06-08,Lagos,32.0,25.0,28.6,81.1,0.0,0.0,0.0,rain,18.4,218.1,1012.6,55.6,60.0,0.3,0.0,,
2022-06-09,Lagos,33.0,24.0,28.5,80.6,0.2,100.0,4.17,rain,22.3,196.0,1011.7,57.2,60.0,0.33,0.0,,
2022-06-10,Lagos,33.0,21.5,26.9,84.7,18.0,100.0,4.17,rain,59.4,181.1,1011.9,55.7,60.0,0.37,0.0,,
2022-06-11,Lagos,27.0,23.0,25.6,88.4,4.0,100.0,4.17,rain,42.5,237.4,1013.8,45.2,30.0,0.4,0.0,,
2022-06-12,Lagos,31.8,23.6,27.3,81.9,0.0,0.0,0.0,rain,20.5,204.9,1013.8,47.0,30.0,0.43,0.0,,
2022-06-13,Lagos,32.0,24.5,27.9,81.1,0.0,0.0,0.0,rain,27.4,218.3,1012.8,44.5,30.0,0.47,0.0,,
2022-06-14,Lagos,32.0,26.0,28.4,80.9,0.0,0.0,0.0,rain,22.3,204.2,1011.4,62.5,60.0,0.5,0.0,,
2022-06-15,Lagos,28.0,25.0,26.2,89.2,2.0,100.0,4.17,rain,20.5,236.1,1012.1,64.9,60.0,0.53,0.0,,
2022-06-16,Lagos,29.0,23.6,25.3,89.9,4.0,100.0,8.33,rain,18.4,253.8,1012.7,54.3,10.0,0.57,0.0,,
2022-06-17,Lagos,30.0,22.7,24.8,92.3,0.0,0.0,0.0,rain,22.3,253.7,1013.1,47.3,10.0,0.6,0.0,,
2022-06-18,Lagos,29.0,23.7,25.1,91.7,106.0,100.0,12.5,rain,13.0,264.3,1014.2,52.5,10.0,0.64,1.0,,
2022-06-19,Lagos,30.0,22.9,25.8,86.3,0.1,100.0,4.17,rain,14.8,211.1,1014.3,52.9,30.0,0.67,0.0,,
2022-06-20,Lagos,32.0,24.0,27.9,79.2,0.5,100.0,4.17,rain,14.8,193.8,1014.2,44.4,30.0,0.7,0.0,,
2022-06-21,Lagos,29.0,23.0,26.5,85.8,3.0,100.0,8.33,rain,20.5,197.4,1013.5,66.2,30.0,0.75,0.0,,
2022-06-22,Lagos,31.0,22.0,26.2,81.6,5.0,100.0,4.17,rain,18.4,218.9,1013.1,44.8,10.0,0.77,0.0,,
2022-06-23,Lagos,30.0,24.9,27.2,83.8,0.0,0.0,0.0,rain,18.3,189.9,1013.1,51.4,30.0,0.81,0.0,,
2022-06-24,Lagos,31.0,22.0,25.1,90.8,73.0,100.0,8.33,rain,33.5,226.6,1012.4,67.9,30.0,0.84,1.0,,
2022-06-25,Lagos,31.0,21.9,26.0,83.7,0.2,100.0,8.33,rain,21.2,205.9,1012.7,56.8,30.0,0.87,0.0,,
2022-06-26,Lagos,29.0,24.0,26.0,87.3,0.5,100.0,4.17,rain,13.0,216.7,1013.4,49.7,30.0,0.91,0.0,,
2022-06-27,Lagos,31.0,23.8,26.9,86.1,0.0,0.0,0.0,rain,18.4,201.1,1013.4,61.0,30.0,0.94,0.0,,
2022-06-28,Lagos,32.3,25.0,27.8,83.9,2.0,100.0,4.17,rain,22.3,207.9,1013.1,57.1,30.0,0.98,0.0,,
2022-06-29,Lagos,30.0,25.0,26.8,90.8,0.0,0.0,0.0,rain,18.4,215.1,1013.6,69.5,30.0,0.0,0.0,,
2022-06-30,Lagos,28.0,24.0,25.2,94.0,52.0,100.0,8.33,rain,25.2,197.3,1013.0,81.4,30.0,0.05,1.0,,
2022-07-01,Lagos,30.8,23.0,25.9,88.1,15.0,100.0,8.33,rain,22.3,209.0,1013.3,55.5,10.0,0.08,0.0,,
2022-07-02,Lagos,30.0,24.9,26.7,84.5,1.0,100.0,4.17,rain,23.8,212.1,1014.9,54.7,10.0,0.11,0.0,,
2022-07-03,Lagos,30.0,24.1,26.8,84.3,0.0,0.0,0.0,rain,22.3,221.0,1015.6,52.4,10.0,0.15,0.0,,
2022-07-04,Lagos,29.1,24.0,25.9,88.4,8.0,100.0,4.17,rain,24.1,218.3,1014.5,57.6,10.0,0.18,0.0,,
2022-07-05,Lagos,27.0,24.0,25.5,90.6,33.0,100.0,8.33,rain,11.2,206.4,1015.0,57.2,10.0,0.22,1.0,,
2022-07-06,Lagos,30.0,23.9,26.7,85.8,0.0,0.0,0.0,rain,20.5,204.6,1014.6,52.9,10.0,0.25,0.0,,
2022-07-07,Lagos,30.0,24.8,26.9,84.9,4.0,100.0,4.17,rain,27.7,219.9,1014.4,58.3,30.0,0.25,0.0,,
2022-07-08,Lagos,26.3,21.8,24.2,94.2,65.0,100.0,12.5,rain,27.2,235.2,1014.9,61.8,30.0,0.32,1.0,,
2022-07-09,Lagos,25.3,23.0,24.3,96.0,70.0,100.0,12.5,rain,25.9,231.5,1015.3,64.4,10.0,0.35,1.0,,
2022-07-10,Lagos,29.0,23.9,26.2,88.1,4.0,100.0,4.17,rain,21.7,214.9,1014.1,65.9,10.0,0.39,0.0,,
2022-07-11,Lagos,27.0,24.0,25.6,90.0,0.2,100.0,4.17,rain,44.6,196.4,1013.0,64.7,10.0,0.42,0.0,,
2022-07-12,Lagos,25.0,23.9,24.2,98.0,17.0,100.0,8.33,rain,14.8,194.2,1014.8,54.7,10.0,0.46,0.0,,
2022-07-13,Lagos,27.8,23.0,25.1,90.0,10.0,100.0,4.17,rain,18.4,193.0,1015.2,56.1,10.0,0.5,0.0,,
2022-07-14,Lagos,29.7,23.8,25.9,85.4,0.1,100.0,4.17,rain,25.9,216.0,1013.9,62.9,10.0,0.52,0.0,,
2022-07-15,Lagos,30.0,23.0,26.6,83.0,0.1,100.0,4.17,rain,23.5,196.7,1013.0,55.7,10.0,0.56,0.0,,
2022-07-16,Lagos,29.0,23.0,26.1,83.3,1.7,100.0,12.5,rain,37.1,195.1,1013.8,65.6,10.0,0.59,0.0,,
2022-07-17,Lagos,30.0,24.1,26.4,82.7,0.0,0.0,0.0,rain,20.5,180.6,1015.0,66.2,10.0,0.62,0.0,,
2022-07-18,Lagos,29.1,19.0,25.2,79.6,0.6,100.0,12.5,rain,29.5,213.8,1015.2,49.9,10.0,0.66,0.0,,
2022-07-19,Lagos,27.8,14.9,23.9,74.7,0.1,100.0,4.17,rain,26.6,219.1,1014.9,81.9,10.0,0.69,0.0,,
2022-07-20,Lagos,30.3,14.0,23.9,73.8,0.1,100.0,4.17,rain,48.2,211.1,1015.4,72.9,10.0,0.75,0.0,,
2022-07-21,Lagos,30.3,14.0,23.9,73.8,0.1,100.0,4.17,rain,48.2,211.1,1015.4,72.9,10.0,0.75,0.0,,
2022-07-22,Lagos,28.6,14.0,24.1,80.5,0.1,100.0,4.17,rain,37.1,207.8,1013.4,89.9,10.0,0.79,0.0,,
2022-07-23,Lagos,29.2,16.0,24.9,79.2,5.8,100.0,37.5,rain,35.3,212.6,1013.1,96.2,10.0,0.82,0.0,,
2022-07-24,Lagos,27.1,17.0,24.6,84.0,19.0,100.0,8.33,rain,27.7,218.6,1013.8,87.9,10.0,0.86,0.0,,
2022-07-25,Lagos,29.6,22.0,25.8,81.8,162.0,100.0,4.17,rain,32.0,239.6,1013.6,94.5,10.0,0.89,1.0,,
2022-07-26,Lagos,27.9,23.7,25.9,84.8,2.2,100.0,33.33,rain,29.2,241.9,1012.7,91.1,30.0,0.92,0.0,,
2022-07-27,Lagos,27.9,21.0,25.3,86.0,10.4,100.0,54.17,rain,27.7,233.7,1012.5,94.9,10.0,0.96,0.0,,
2022-07-28,Lagos,27.0,23.0,25.5,82.5,6.6,100.0,41.67,rain,33.5,231.6,1013.3,89.0,10.0,0.0,0.0,,
2022-07-29,Lagos,28.1,24.4,26.0,78.1,0.7,100.0,16.67,rain,32.4,235.3,1014.3,90.3,10.0,0.02,0.0,,
2022-07-30,Lagos,31.1,23.1,26.1,77.6,0.1,100.0,4.17,rain,29.2,234.8,1014.5,84.4,10.0,0.06,0.0,,
2022-07-31,Lagos,27.7,23.6,25.6,81.5,0.8,100.0,25.0,rain,33.5,230.2,1014.1,92.6,10.0,0.09,0.0,,
2022-08-01,Lagos,26.1,23.9,25.0,84.7,3.9,100.0,12.5,rain,36.7,229.4,1014.1,70.8,10.0,0.13,0.0,,
2022-08-02,Lagos,27.4,21.4,24.9,78.5,0.3,100.0,12.5,rain,24.5,233.2,1014.7,80.0,10.0,0.16,0.0,,
2022-08-03,Lagos,30.0,21.0,25.6,77.6,0.0,0.0,0.0,rain,18.7,200.5,1014.0,47.8,10.0,0.2,0.0,,
2022-08-04,Lagos,29.0,22.0,26.0,77.7,0.0,0.0,0.0,rain,18.4,198.6,1013.8,60.2,10.0,0.23,0.0,,
2022-08-05,Lagos,31.0,23.0,26.0,80.7,0.1,100.0,4.17,rain,18.7,208.7,1014.5,54.0,10.0,0.25,0.0,,
2022-08-06,Lagos,31.0,23.0,26.0,80.7,0.1,100.0,4.17,rain,18.7,208.7,1014.5,54.0,10.0,0.25,0.0,,
2022-08-07,Lagos,31.0,23.0,26.0,80.7,0.1,100.0,4.17,rain,18.7,208.7,1014.5,54.0,10.0,0.25,0.0,,
2022-08-08,Lagos,29.6,23.0,25.9,80.6,0.0,0.0,0.0,rain,19.0,216.6,1013.2,56.1,10.0,0.37,0.0,,
2022-08-09,Lagos,30.0,23.0,25.8,82.7,0.0,0.0,0.0,rain,23.4,215.1,1013.6,59.8,10.0,0.41,0.0,,
2022-08-10,Lagos,30.4,23.0,25.9,83.2,0.0,0.0,0.0,rain,26.9,212.0,1013.9,51.5,10.0,0.44,0.0,,
2022-08-11,Lagos,31.0,23.9,26.4,79.3,0.0,0.0,0.0,rain,29.5,212.0,1013.6,47.7,10.0,0.48,0.0,,
2022-08-12,Lagos,27.0,23.1,25.0,85.2,0.0,0.0,0.0,rain,27.7,205.8,1013.5,58.7,10.0,0.5,0.0,,
2022-08-13,Lagos,29.1,24.0,26.0,82.9,0.0,0.0,0.0,rain,24.6,204.6,1013.8,72.0,10.0,0.55,0.0,,
2022-08-14,Lagos,27.0,24.0,25.9,83.6,0.0,0.0,0.0,rain,31.7,206.5,1012.2,85.1,10.0,0.58,0.0,,
2022-08-15,Lagos,28.1,23.8,24.9,89.0,5.0,100.0,12.5,rain,29.5,201.0,1012.2,74.8,10.0,0.61,0.0,,
2022-08-16,Lagos,27.8,14.0,24.6,87.5,5.0,100.0,8.33,rain,22.3,185.7,1013.9,79.3,10.0,0.64,0.0,,
2022-08-17,Lagos,29.0,22.3,25.0,85.1,0.0,0.0,0.0,rain,12.9,207.2,1014.0,56.6,10.0,0.68,0.0,,
2022-08-18,Lagos,29.0,22.3,25.0,85.1,0.0,0.0,0.0,rain,12.9,207.2,1014.0,56.6,10.0,0.68,0.0,,
2022-08-19,Lagos,27.0,24.0,25.4,87.0,9.0,100.0,8.33,rain,63.6,201.4,1013.5,76.4,10.0,0.75,0.0,,
2022-08-20,Lagos,30.0,22.6,25.6,85.4,3.0,100.0,4.17,rain,24.1,196.5,1014.9,59.3,10.0,0.77,0.0,,
2022-08-21,Lagos,30.0,22.6,25.6,85.4,3.0,100.0,4.17,rain,24.1,196.5,1014.9,59.3,10.0,0.77,0.0,,
2022-08-22,Lagos,28.0,23.1,25.4,86.2,0.0,0.0,0.0,rain,27.0,197.6,1012.2,64.0,10.0,0.84,0.0,,
2022-08-23,Lagos,29.0,23.8,25.9,84.5,14.0,100.0,8.33,rain,36.4,188.8,1012.7,72.1,10.0,0.87,0.0,,
2022-08-24,Lagos,30.0,23.1,26.3,79.7,0.0,0.0,0.0,rain,21.6,191.7,1015.3,57.5,10.0,0.91,0.0,,
2022-08-25,Lagos,30.0,23.1,26.3,79.7,0.0,0.0,0.0,rain,21.6,191.7,1015.3,57.5,10.0,0.91,0.0,,
2022-08-26,Lagos,28.0,24.6,25.8,83.0,0.0,0.0,0.0,rain,31.7,206.8,1012.9,64.7,10.0,0.97,0.0,,
2022-08-27,Lagos,28.0,23.1,25.2,88.1,22.0,100.0,12.5,rain,27.7,189.5,1011.8,76.9,10.0,0.0,0.0,,
2022-08-28,Lagos,28.0,23.9,25.6,83.8,1.0,100.0,4.17,rain,20.5,190.7,1013.6,63.2,10.0,0.04,0.0,,
2022-08-29,Lagos,28.0,23.9,25.6,83.8,1.0,100.0,4.17,rain,20.5,190.7,1013.6,63.2,10.0,0.04,0.0,,
2022-08-30,Lagos,27.1,23.8,25.2,90.5,13.0,100.0,8.33,rain,25.9,197.5,1012.3,67.8,10.0,0.11,0.0,,
2022-08-31,Lagos,29.0,23.8,25.7,88.3,1.0,100.0,4.17,rain,25.9,198.7,1013.2,76.7,10.0,0.15,0.0,,
2022-09-01,Lagos,28.0,24.0,25.3,88.9,2.0,100.0,8.33,rain,16.6,194.1,1014.2,58.6,10.0,0.18,0.0,,
2022-09-02,Lagos,29.0,23.9,25.9,85.7,0.0,0.0,0.0,rain,16.6,198.7,1015.3,60.5,10.0,0.22,0.0,,
2022-09-03,Lagos,30.0,24.9,26.8,84.3,4.0,100.0,4.17,rain,22.3,189.4,1014.9,68.9,30.0,0.25,0.0,,
2022-09-04,Lagos,26.0,23.1,24.9,92.0,13.0,100.0,8.33,rain,21.6,212.5,1015.4,64.0,30.0,0.29,0.0,,
2022-09-05,Lagos,30.0,23.8,26.2,86.8,6.0,100.0,4.17,rain,22.3,192.0,1015.3,61.3,10.0,0.32,0.0,,
2022-09-06,Lagos,28.3,24.0,25.7,86.0,0.0,0.0,0.0,rain,18.4,198.3,1014.9,54.4,10.0,0.36,0.0,,
2022-09-07,Lagos,29.0,23.0,26.0,84.8,0.0,0.0,0.0,rain,18.4,209.3,1013.8,64.4,10.0,0.39,0.0,,
2022-09-08,Lagos,28.0,24.0,25.6,90.3,14.0,100.0,4.17,rain,25.6,186.0,1012.9,69.3,10.0,0.43,0.0,,
2022-09-09,Lagos,29.0,23.0,26.0,86.5,2.0,100.0,4.17,rain,23.8,200.2,1013.6,59.5,10.0,0.47,0.0,,
2022-09-10,Lagos,26.2,24.0,25.3,85.2,0.5,100.0,16.67,rain,30.6,221.0,1014.4,62.5,10.0,0.5,0.0,,
2022-09-11,Lagos,29.4,23.6,25.9,84.0,12.9,100.0,8.33,rain,19.8,252.8,1013.1,95.9,30.0,0.53,0.0,,
2022-09-12,Lagos,28.0,23.4,25.2,88.1,2.0,100.0,4.17,rain,29.2,232.8,1012.6,75.5,10.0,0.57,0.0,,
2022-09-13,Lagos,28.8,23.8,26.0,86.9,2.9,100.0,8.33,rain,14.8,205.0,1013.1,67.6,10.0,0.6,0.0,,
2022-09-14,Lagos,29.8,23.2,26.1,87.9,0.1,100.0,4.17,rain,22.3,208.1,1012.5,55.9,10.0,0.63,0.0,,
2022-09-15,Lagos,27.8,24.8,25.5,90.3,3.0,100.0,4.17,rain,29.2,217.5,1013.4,68.9,10.0,0.66,0.0,,
2022-09-16,Lagos,30.0,24.0,26.4,83.1,0.5,100.0,8.33,rain,23.4,201.5,1013.9,65.9,10.0,0.69,0.0,,
2022-09-17,Lagos,30.0,24.5,26.6,85.2,0.0,0.0,0.0,rain,21.6,233.6,1012.8,61.4,10.0,0.75,0.0,,
2022-09-18,Lagos,30.0,23.8,26.5,84.3,2.0,100.0,8.33,rain,29.2,211.2,1012.1,68.6,10.0,0.76,0.0,,
2022-09-19,Lagos,27.9,24.0,25.2,91.8,59.0,100.0,4.17,rain,30.6,217.3,1012.2,86.6,10.0,0.79,1.0,,
2022-09-20,Lagos,30.0,23.9,26.1,86.0,4.1,100.0,8.33,rain,24.1,179.3,1012.9,62.4,10.0,0.82,0.0,,
2022-09-21,Lagos,30.0,23.9,25.6,90.3,25.9,100.0,8.33,rain,18.3,248.2,1013.3,77.7,30.0,0.86,0.0,,
2022-09-22,Lagos,29.0,23.8,25.7,88.4,11.0,100.0,8.33,rain,14.8,228.1,1012.8,58.1,30.0,0.89,0.0,,
2022-09-23,Lagos,30.0,24.0,26.5,85.3,0.0,0.0,0.0,rain,20.5,204.5,1012.7,64.7,30.0,0.92,0.0,,
2022-09-24,Lagos,31.0,23.2,26.6,85.9,13.0,100.0,4.17,rain,18.4,218.7,1012.5,64.6,30.0,0.95,0.0,,
2022-09-25,Lagos,31.0,24.7,26.5,84.7,12.0,100.0,4.17,rain,25.9,217.2,1011.8,60.6,30.0,0.0,0.0,,
2022-09-26,Lagos,27.0,24.5,25.4,90.3,10.0,100.0,4.17,rain,47.5,236.4,1012.4,68.9,30.0,0.02,0.0,,
2022-09-27,Lagos,29.0,22.8,25.1,88.6,3.0,100.0,4.17,rain,22.3,244.9,1013.4,60.8,30.0,0.06,0.0,,
2022-09-28,Lagos,25.5,23.1,24.6,91.6,3.0,100.0,8.33,rain,21.6,203.8,1013.8,71.0,30.0,0.09,0.0,,
2022-09-29,Lagos,29.0,23.1,25.3,86.7,0.1,100.0,4.17,rain,18.0,220.4,1013.0,61.1,30.0,0.13,0.0,,
2022-09-30,Lagos,29.0,23.0,25.7,85.6,0.0,0.0,0.0,rain,22.3,215.6,1012.1,65.3,30.0,0.16,0.0,,
2022-10-01,Lagos,30.0,16.0,26.1,84.8,1.0,100.0,4.17,rain,25.9,196.8,1013.7,70.7,30.0,0.2,0.0,,
2022-10-02,Lagos,31.0,24.0,27.2,82.3,0.5,100.0,4.17,rain,20.5,242.3,1014.6,61.6,30.0,0.23,0.0,,
2022-10-03,Lagos,31.0,24.0,27.2,82.3,0.5,100.0,4.17,rain,20.5,242.3,1014.6,61.6,30.0,0.23,0.0,,
2022-10-04,Lagos,31.0,23.8,27.1,83.1,0.0,0.0,0.0,rain,20.5,214.3,1012.0,59.0,30.0,0.31,0.0,,
2022-10-05,Lagos,31.0,24.8,27.0,84.6,5.0,100.0,4.17,rain,25.9,235.1,1012.1,57.6,30.0,0.34,0.0,,
2022-10-06,Lagos,31.0,24.1,27.1,83.0,0.0,0.0,0.0,rain,20.5,212.6,1012.4,63.9,30.0,0.38,0.0,,
2022-10-07,Lagos,29.0,24.9,26.5,86.9,0.0,0.0,0.0,rain,14.8,210.6,1013.1,61.8,30.0,0.41,0.0,,
2022-10-08,Lagos,29.9,24.0,26.4,87.1,0.0,0.0,0.0,rain,13.0,217.1,1012.6,48.7,30.0,0.45,0.0,,
2022-10-09,Lagos,29.0,22.9,25.6,88.9,37.0,100.0,8.33,rain,16.6,187.5,1012.9,60.6,10.0,0.5,1.0,,
2022-10-10,Lagos,30.1,23.8,26.3,87.4,0.0,0.0,0.0,rain,18.4,150.6,1013.9,49.5,30.0,0.52,0.0,,
2022-10-11,Lagos,31.0,24.8,27.3,83.4,0.0,0.0,0.0,rain,14.9,190.5,1013.3,57.9,30.0,0.55,0.0,,
2022-10-12,Lagos,30.0,24.0,27.3,80.1,0.0,0.0,0.0,rain,18.4,229.6,1011.8,49.8,30.0,0.58,0.0,,
2022-10-13,Lagos,29.0,25.0,26.7,85.9,7.0,100.0,4.17,rain,18.4,193.3,1011.6,57.1,30.0,0.62,0.0,,
2022-10-14,Lagos,31.8,23.9,27.2,83.5,0.7,100.0,8.33,rain,16.6,196.9,1012.7,50.1,30.0,0.65,0.0,,
2022-10-15,Lagos,30.1,25.0,26.7,85.2,0.0,0.0,0.0,rain,25.9,248.4,1012.5,52.0,60.0,0.68,0.0,,
2022-10-16,Lagos,31.0,24.0,26.8,84.4,0.0,0.0,0.0,rain,18.0,203.3,1012.3,68.0,30.0,0.71,0.0,,
2022-10-17,Lagos,32.1,24.7,27.9,84.2,2.5,100.0,16.67,rain,32.4,196.2,1013.0,57.0,30.0,0.75,0.0,,
2022-10-18,Lagos,31.0,23.3,26.2,88.4,0.5,100.0,8.33,rain,18.4,211.8,1013.5,59.4,30.0,0.78,0.0,,
2022-10-19,Lagos,32.0,23.3,27.2,82.6,2.0,100.0,4.17,rain,20.5,215.9,1012.9,56.5,30.0,0.81,0.0,,
2022-10-20,Lagos,31.0,22.5,25.5,89.3,70.0,100.0,4.17,rain,25.9,213.6,1012.0,57.3,30.0,0.84,1.0,,
2022-10-21,Lagos,31.0,23.8,27.9,77.7,2.5,100.0,16.67,rain,16.2,188.5,1011.7,63.8,30.0,0.87,0.0,,
2022-10-22,Lagos,32.0,24.1,27.9,83.4,0.0,0.0,0.0,rain,18.4,219.7,1012.6,55.1,30.0,0.9,0.0,,
2022-10-23,Lagos,32.0,23.9,27.3,83.9,0.0,0.0,0.0,rain,20.5,213.4,1013.2,61.6,30.0,0.94,0.0,,
2022-10-24,Lagos,31.1,24.1,27.7,84.5,3.0,100.0,4.17,rain,16.6,197.8,1012.2,56.4,60.0,0.97,0.0,,
2022-10-25,Lagos,29.0,24.0,26.1,88.8,4.0,100.0,4.17,rain,27.7,175.0,1012.1,48.1,30.0,0.0,0.0,,
2022-10-26,Lagos,30.0,23.8,26.7,86.6,0.5,100.0,8.33,rain,17.6,182.7,1011.3,56.8,30.0,0.04,0.0,,
2022-10-27,Lagos,32.0,24.9,27.5,84.9,0.6,100.0,12.5,rain,27.7,204.1,1011.8,54.4,60.0,0.07,0.0,,
2022-10-28,Lagos,32.0,23.8,26.9,84.1,4.1,100.0,8.33,rain,15.4,231.8,1012.2,51.6,60.0,0.11,0.0,,
2022-10-29,Lagos,30.0,24.0,27.0,84.8,0.0,0.0,0.0,rain,12.2,210.8,1011.7,52.4,30.0,0.14,0.0,,
2022-10-30,Lagos,31.8,24.0,27.4,85.5,0.0,0.0,0.0,rain,11.5,265.5,1010.8,56.5,30.0,0.18,0.0,,
2022-10-31,Lagos,31.0,24.0,27.2,83.6,7.0,100.0,4.17,rain,12.8,199.1,1011.2,53.6,60.0,0.21,0.0,,
2022-11-01,Lagos,31.0,24.0,27.2,83.6,7.0,100.0,4.17,rain,12.8,199.1,1011.2,53.6,60.0,0.21,0.0,,
2022-11-02,Lagos,34.1,25.0,29.0,82.1,0.0,0.0,0.0,rain,18.4,213.4,1011.8,58.4,60.0,0.29,0.0,,
2022-11-03,Lagos,31.0,25.9,27.5,87.1,0.0,0.0,0.0,rain,16.6,216.7,1012.2,50.5,60.0,0.32,0.0,,
2022-11-04,Lagos,32.0,25.0,27.2,87.0,6.0,100.0,4.17,rain,18.4,243.7,1012.0,55.0,60.0,0.36,0.0,,
2022-11-05,Lagos,32.9,25.0,27.9,86.2,0.0,0.0,0.0,rain,18.4,183.9,1012.0,57.7,30.0,0.39,0.0,,
2022-11-06,Lagos,32.9,25.0,27.9,86.2,0.0,0.0,0.0,rain,18.4,183.9,1012.0,57.7,30.0,0.39,0.0,,
2022-11-07,Lagos,35.0,24.8,28.8,79.7,0.8,100.0,12.5,rain,22.3,193.1,1012.5,55.7,60.0,0.46,0.0,,
2022-11-08,Lagos,34.0,25.0,28.7,80.6,0.0,0.0,0.0,rain,20.5,201.8,1012.0,50.5,60.0,0.5,0.0,,
2022-11-09,Lagos,30.0,25.0,26.8,84.9,8.0,100.0,8.33,rain,27.7,243.1,1012.7,50.8,60.0,0.53,0.0,,
2022-11-10,Lagos,32.0,24.0,27.1,87.1,0.0,0.0,0.0,rain,22.3,200.7,1011.5,53.3,75.0,0.56,0.0,,
2022-11-11,Lagos,33.0,23.9,27.9,78.4,2.0,100.0,4.17,rain,18.4,199.6,1012.3,57.5,75.0,0.6,0.0,,
2022-11-12,Lagos,33.0,23.0,27.8,79.7,2.0,100.0,4.17,rain,20.7,178.8,1012.5,53.1,60.0,0.63,0.0,,
2022-11-13,Lagos,32.0,24.0,27.7,80.8,11.0,100.0,4.17,rain,23.8,172.7,1012.8,51.1,60.0,0.66,0.0,,
2022-11-14,Lagos,32.0,25.1,28.0,84.4,0.0,0.0,0.0,rain,24.8,247.7,1012.7,52.9,60.0,0.69,0.0,,
2022-11-15,Lagos,32.0,25.1,28.0,84.4,0.0,0.0,0.0,rain,24.8,247.7,1012.7,52.9,60.0,0.69,0.0,,
2022-11-16,Lagos,34.0,25.0,28.8,76.1,0.3,100.0,4.17,rain,22.3,275.1,1012.0,45.8,60.0,0.75,0.0,,
2022-11-17,Lagos,34.0,25.0,28.8,76.1,0.3,100.0,4.17,rain,22.3,275.1,1012.0,45.8,60.0,0.75,0.0,,
2022-11-18,Lagos,34.0,25.0,28.8,76.1,0.3,100.0,4.17,rain,22.3,275.1,1012.0,45.8,60.0,0.75,0.0,,
2022-11-19,Lagos,31.0,25.0,27.1,86.5,0.1,100.0,4.17,rain,35.0,208.6,1011.7,57.0,30.0,0.85,0.0,,
2022-11-20,Lagos,31.0,25.0,27.1,86.5,0.1,100.0,4.17,rain,35.0,208.6,1011.7,57.0,30.0,0.85,0.0,,
2022-11-21,Lagos,33.8,25.0,28.6,80.5,0.0,0.0,0.0,rain,16.6,205.4,1012.1,45.6,60.0,0.92,0.0,,
2022-11-22,Lagos,32.1,25.0,27.9,84.7,0.0,0.0,0.0,rain,14.8,213.8,1011.3,49.4,60.0,0.95,0.0,,
2022-11-23,Lagos,33.0,25.0,28.5,80.6,0.1,100.0,4.17,rain,19.8,208.6,1010.3,46.3,30.0,0.0,0.0,,
2022-11-24,Lagos,33.0,25.6,28.1,78.9,0.1,100.0,4.17,rain,22.3,237.8,1009.8,46.6,30.0,0.02,0.0,,
2022-11-25,Lagos,33.0,25.6,28.1,78.9,0.1,100.0,4.17,rain,22.3,237.8,1009.8,46.6,30.0,0.02,0.0,,
2022-11-26,Lagos,34.0,24.9,28.8,78.9,0.1,100.0,4.17,rain,20.4,206.1,1011.1,50.5,60.0,0.09,0.0,,
2022-11-27,Lagos,32.0,25.0,27.8,83.3,42.0,100.0,4.17,rain,22.7,199.3,1009.6,46.0,60.0,0.12,1.0,,
2022-11-28,Lagos,32.0,23.0,26.4,86.6,54.0,100.0,4.17,rain,27.7,223.7,1008.8,45.9,60.0,0.16,1.0,,
2022-11-29,Lagos,32.0,23.0,26.4,86.6,54.0,100.0,4.17,rain,27.7,223.7,1008.8,45.9,60.0,0.16,1.0,,
2022-11-30,Lagos,31.8,23.4,26.7,87.7,2.0,100.0,4.17,rain,7.6,207.2,1008.8,52.1,30.0,0.25,0.0,,
2022-12-01,Lagos,31.8,23.4,26.7,87.7,2.0,100.0,4.17,rain,7.6,207.2,1008.8,52.1,30.0,0.25,0.0,,
2022-12-02,Lagos,31.0,24.0,27.1,88.8,7.0,100.0,4.17,rain,24.1,210.2,1009.2,48.1,30.0,0.3,0.0,,
2022-12-03,Lagos,33.0,24.6,28.2,83.9,2.0,100.0,4.17,rain,18.4,211.3,1008.7,43.6,60.0,0.33,0.0,,
2022-12-04,Lagos,33.0,24.6,28.2,83.9,2.0,100.0,4.17,rain,18.4,211.3,1008.7,43.6,60.0,0.33,0.0,,
2022-12-05,Lagos,33.0,24.6,28.2,83.9,2.0,100.0,4.17,rain,18.4,211.3,1008.7,43.6,60.0,0.33,0.0,,
2022-12-06,Lagos,33.0,24.6,28.2,83.9,2.0,100.0,4.17,rain,18.4,211.3,1008.7,43.6,60.0,0.33,0.0,,
2022-12-07,Lagos,33.0,24.6,28.2,83.9,2.0,100.0,4.17,rain,18.4,211.3,1008.7,43.6,60.0,0.33,0.0,,
2022-12-08,Lagos,33.0,17.5,27.7,83.3,0.0,0.0,0.0,rain,27.7,188.0,1011.3,51.6,75.0,0.5,0.0,,
2022-12-09,Lagos,33.9,24.0,28.1,81.3,0.2,100.0,4.17,rain,13.0,149.4,1012.1,49.6,60.0,0.54,0.0,,
2022-12-10,Lagos,33.9,24.0,28.1,81.3,0.2,100.0,4.17,rain,13.0,149.4,1012.1,49.6,60.0,0.54,0.0,,
2022-12-11,Lagos,33.9,24.0,28.1,81.3,0.2,100.0,4.17,rain,13.0,149.4,1012.1,49.6,60.0,0.54,0.0,,
2022-12-12,Lagos,33.9,24.0,28.1,81.3,0.2,100.0,4.17,rain,13.0,149.4,1012.1,49.6,60.0,0.54,0.0,,
2022-12-13,Lagos,33.9,24.0,28.1,81.3,0.2,100.0,4.17,rain,13.0,149.4,1012.1,49.6,60.0,0.54,0.0,,
2022-12-14,Lagos,34.0,25.0,28.3,76.1,0.9,100.0,4.17,rain,25.2,228.4,1010.1,57.8,60.0,0.71,0.0,,
2022-12-15,Lagos,34.0,25.0,28.3,76.1,0.9,100.0,4.17,rain,25.2,228.4,1010.1,57.8,60.0,0.71,0.0,,
2022-12-16,Lagos,34.0,25.0,28.3,79.4,0.1,100.0,4.17,rain,23.4,207.8,1009.3,54.1,60.0,0.75,0.0,,
2022-12-17,Lagos,34.0,25.0,28.3,79.4,0.1,100.0,4.17,rain,23.4,207.8,1009.3,54.1,60.0,0.75,0.0,,
2022-12-18,Lagos,32.0,25.1,27.7,85.7,0.0,0.0,0.0,rain,13.1,228.7,1011.2,51.6,60.0,0.84,0.0,,
2022-12-19,Lagos,32.0,25.1,27.7,85.7,0.0,0.0,0.0,rain,13.1,228.7,1011.2,51.6,60.0,0.84,0.0,,
2022-12-20,Lagos,32.0,25.1,27.7,85.7,0.0,0.0,0.0,rain,13.1,228.7,1011.2,51.6,60.0,0.84,0.0,,
2022-12-21,Lagos,32.0,25.1,27.7,85.7,0.0,0.0,0.0,rain,13.1,228.7,1011.2,51.6,60.0,0.84,0.0,,
2022-12-22,Lagos,32.0,25.1,27.7,85.7,0.0,0.0,0.0,rain,13.1,228.7,1011.2,51.6,60.0,0.84,0.0,,
2022-12-23,Lagos,32.0,25.1,27.7,85.7,0.0,0.0,0.0,rain,13.1,228.7,1011.2,51.6,60.0,0.84,0.0,,
2022-12-24,Lagos,32.0,25.1,27.7,85.7,0.0,0.0,0.0,rain,13.1,228.7,1011.2,51.6,60.0,0.84,0.0,,
2022-12-25,Lagos,32.0,25.1,27.7,85.7,0.0,0.0,0.0,rain,13.1,228.7,1011.2,51.6,60.0,0.84,0.0,,
2022-12-26,Lagos,32.0,25.1,27.7,85.7,0.0,0.0,0.0,rain,13.1,228.7,1011.2,51.6,60.0,0.84,0.0,,
2022-12-27,Lagos,32.0,25.1,27.7,85.7,0.0,0.0,0.0,rain,13.1,228.7,1011.2,51.6,60.0,0.84,0.0,,
2022-12-28,Lagos,32.0,25.1,27.7,85.7,0.0,0.0,0.0,rain,13.1,228.7,1011.2,51.6,60.0,0.84,0.0,,
2022-12-29,Lagos,32.0,25.1,27.7,85.7,0.0,0.0,0.0,rain,13.1,228.7,1011.2,51.6,60.0,0.84,0.0,,
2022-12-30,Lagos,32.0,25.1,27.7,85.7,0.0,0.0,0.0,rain,13.1,228.7,1011.2,51.6,60.0,0.84,0.0,,
2022-12-31,Lagos,32.0,25.1,27.7,85.7,0.0,0.0,0.0,rain,13.1,228.7,1011.2,51.6,60.0,0.84,0.0,,
2023-01-01,Lagos,32.0,25.1,27.7,85.7,0.0,0.0,0.0,rain,13.1,228.7,1011.2,51.6,60.0,0.84,0.0,,
2023-01-02,Lagos,32.0,25.1,27.7,85.7,0.0,0.0,0.0,rain,13.1,228.7,1011.2,51.6,60.0,0.84,0.0,,
2023-01-03,Lagos,32.0,25.1,27.7,85.7,0.0,0.0,0.0,rain,13.1,228.7,1011.2,51.6,60.0,0.84,0.0,,
2023-01-04,Lagos,32.0,25.1,27.7,85.7,0.0,0.0,0.0,rain,13.1,228.7,1011.2,51.6,60.0,0.84,0.0,,
2023-01-05,Lagos,32.0,25.1,27.7,85.7,0.0,0.0,0.0,rain,13.1,228.7,1011.2,51.6,60.0,0.84,0.0,,
2023-01-06,Lagos,32.0,25.1,27.7,85.7,0.0,0.0,0.0,rain,13.1,228.7,1011.2,51.6,60.0,0.84,0.0,,
2023-01-07,Lagos,32.0,25.1,27.7,85.7,0.0,0.0,0.0,rain,13.1,228.7,1011.2,51.6,60.0,0.84,0.0,,
2023-01-08,Lagos,32.0,25.1,27.7,85.7,0.0,0.0,0.0,rain,13.1,228.7,1011.2,51.6,60.0,0.84,0.0,,
2023-01-09,Lagos,32.0,25.1,27.7,85.7,0.0,0.0,0.0,rain,13.1,228.7,1011.2,51.6,60.0,0.84,0.0,,
2023-01-10,Lagos,32.0,25.1,27.7,85.7,0.0,0.0,0.0,rain,13.1,228.7,1011.2,51.6,60.0,0.84,0.0,,
2023-01-11,Lagos,32.0,25.1,27.7,85.7,0.0,0.0,0.0,rain,13.1,228.7,1011.2,51.6,60.0,0.84,0.0,,
2023-01-12,Lagos,32.0,25.1,27.7,85.7,0.0,0.0,0.0,rain,13.1,228.7,1011.2,51.6,60.0,0.84,0.0,,
2023-01-13,Lagos,32.0,25.1,27.7,85.7,0.0,0.0,0.0,rain,13.1,228.7,1011.2,51.6,60.0,0.84,0.0,,
2023-01-14,Lagos,32.0,25.1,27.7,85.7,0.0,0.0,0.0,rain,13.1,228.7,1011.2,51.6,60.0,0.84,0.0,,
2023-01-15,Lagos,32.0,25.1,27.7,85.7,0.0,0.0,0.0,rain,13.1,228.7,1011.2,51.6,60.0,0.84,0.0,,
2023-01-16,Lagos,32.0,25.1,27.7,85.7,0.0,0.0,0.0,rain,13.1,228.7,1011.2,51.6,60.0,0.84,0.0,,
2023-01-17,Lagos,32.0,25.1,27.7,85.7,0.0,0.0,0.0,rain,13.1,228.7,1011.2,51.6,60.0,0.84,0.0,,
2023-01-18,Lagos,32.0,25.1,27.7,85.7,0.0,0.0,0.0,rain,13.1,228.7,1011.2,51.6,60.0,0.84,0.0,,
2023-01-19,Lagos,32.0,25.1,27.7,85.7,0.0,0.0,0.0,rain,13.1,228.7,1011.2,51.6,60.0,0.84,0.0,,
2023-01-20,Lagos,35.0,25.0,28.8,77.8,0.0,0.0,0.0,rain,18.4,188.3,1011.4,48.4,75.0,0.95,0.0,,
2023-01-21,Lagos,35.0,25.0,28.8,77.8,0.0,0.0,0.0,rain,18.4,188.3,1011.4,48.4,75.0,0.95,0.0,,
2023-01-22,Lagos,34.8,26.8,29.2,78.7,0.2,100.0,4.17,rain,15.8,217.1,1010.3,49.1,75.0,0.02,0.0,,
2023-01-23,Lagos,34.8,26.8,29.2,78.7,0.2,100.0,4.17,rain,15.8,217.1,1010.3,49.1,75.0,0.02,0.0,,
2023-01-24,Lagos,35.0,25.0,29.4,77.6,0.0,0.0,0.0,rain,18.7,195.2,1010.4,45.7,75.0,0.09,0.0,,
2023-01-25,Lagos,35.0,25.0,29.2,78.5,0.0,0.0,0.0,rain,18.4,194.3,1009.7,47.7,75.0,0.12,0.0,,
2023-01-26,Lagos,35.0,26.0,29.4,78.9,0.0,0.0,0.0,rain,22.3,199.0,1009.5,44.3,75.0,0.15,0.0,,
2023-01-27,Lagos,35.0,26.0,29.0,82.2,0.0,0.0,0.0,rain,28.4,199.5,1009.4,57.1,75.0,0.19,0.0,,
2023-01-28,Lagos,32.8,22.9,27.5,85.4,6.0,100.0,4.17,rain,25.9,200.8,1010.5,50.2,75.0,0.25,0.0,,
2023-01-29,Lagos,34.0,25.0,28.9,78.0,6.0,100.0,4.17,rain,18.3,210.3,1010.3,48.1,60.0,0.25,0.0,,
2023-01-30,Lagos,34.0,25.0,28.9,78.0,6.0,100.0,4.17,rain,18.3,210.3,1010.3,48.1,60.0,0.25,0.0,,
2023-01-31,Lagos,34.0,25.0,28.9,78.0,6.0,100.0,4.17,rain,18.3,210.3,1010.3,48.1,60.0,0.25,0.0,,
2023-02-01,Lagos,34.0,25.0,28.9,78.0,6.0,100.0,4.17,rain,18.3,210.3,1010.3,48.1,60.0,0.25,0.0,,
2023-02-02,Lagos,34.0,25.0,29.0,79.6,0.0,0.0,0.0,rain,21.7,191.9,1011.6,54.3,75.0,0.39,0.0,,
2023-02-03,Lagos,34.2,25.0,29.2,80.2,0.1,100.0,4.17,rain,16.6,182.7,1011.5,47.7,75.0,0.42,0.0,,
2023-02-04,Lagos,34.0,25.0,29.1,81.5,0.0,0.0,0.0,rain,21.3,193.3,1011.3,52.6,75.0,0.46,0.0,,
2023-02-05,Lagos,35.0,26.9,29.5,79.4,0.0,0.0,0.0,rain,24.1,208.3,1011.1,57.8,75.0,0.5,0.0,,
2023-02-06,Lagos,34.0,26.0,29.2,77.6,0.0,0.0,0.0,rain,22.3,205.8,1010.8,58.0,75.0,0.52,0.0,,
2023-02-07,Lagos,34.0,25.0,28.8,75.4,1.0,100.0,8.33,rain,22.7,195.8,1010.7,62.3,75.0,0.56,0.0,,
2023-02-08,Lagos,34.5,25.0,28.9,82.0,0.0,0.0,0.0,rain,16.6,190.8,1011.2,50.7,60.0,0.59,0.0,,
2023-02-09,Lagos,33.5,25.0,29.1,79.6,0.0,0.0,0.0,rain,18.3,197.1,1010.9,48.8,60.0,0.63,0.0,,
2023-02-10,Lagos,36.5,25.9,29.4,78.5,0.0,0.0,0.0,rain,37.1,189.1,1010.8,50.6,60.0,0.66,0.0,,
2023-02-11,Lagos,35.0,26.0,29.5,80.7,0.0,0.0,0.0,rain,23.8,204.4,1010.5,57.2,75.0,0.7,0.0,,
2023-02-12,Lagos,35.1,25.9,29.4,80.8,0.0,0.0,0.0,rain,25.2,204.1,1009.8,43.0,75.0,0.73,0.0,,
2023-02-13,Lagos,34.5,26.0,29.4,81.5,0.0,0.0,0.0,rain,14.8,206.9,1010.4,45.3,60.0,0.75,0.0,,
2023-02-14,Lagos,34.5,26.0,29.4,81.5,0.0,0.0,0.0,rain,14.8,206.9,1010.4,45.3,60.0,0.75,0.0,,
2023-02-15,Lagos,34.5,26.0,29.4,81.5,0.0,0.0,0.0,rain,14.8,206.9,1010.4,45.3,60.0,0.75,0.0,,
2023-02-16,Lagos,34.5,26.0,29.4,81.5,0.0,0.0,0.0,rain,14.8,206.9,1010.4,45.3,60.0,0.75,0.0,,
2023-02-17,Lagos,34.5,26.0,29.4,81.5,0.0,0.0,0.0,rain,14.8,206.9,1010.4,45.3,60.0,0.75,0.0,,
2023-02-18,Lagos,34.5,26.0,29.4,81.5,0.0,0.0,0.0,rain,14.8,206.9,1010.4,45.3,60.0,0.75,0.0,,
2023-02-19,Lagos,34.5,26.0,29.4,81.5,0.0,0.0,0.0,rain,14.8,206.9,1010.4,45.3,60.0,0.75,0.0,,
2023-02-20,Lagos,34.5,26.0,29.4,81.5,0.0,0.0,0.0,rain,14.8,206.9,1010.4,45.3,60.0,0.75,0.0,,
2023-02-21,Lagos,34.5,26.0,29.4,81.5,0.0,0.0,0.0,rain,14.8,206.9,1010.4,45.3,60.0,0.75,0.0,,
2023-02-22,Lagos,35.0,26.0,29.8,77.9,0.0,0.0,0.0,rain,16.6,194.7,1010.8,38.0,75.0,0.07,0.0,,
2023-02-23,Lagos,35.1,27.0,29.8,82.4,0.0,0.0,0.0,rain,18.4,193.7,1010.5,37.7,100.0,0.1,0.0,,
2023-02-24,Lagos,33.9,26.0,28.5,83.9,0.6,100.0,12.5,rain,30.2,218.2,1009.9,80.7,100.0,0.14,0.0,,
2023-02-25,Lagos,34.0,27.7,29.2,79.0,0.4,100.0,8.33,rain,31.7,211.0,1010.4,78.8,100.0,0.17,0.0,,
2023-02-26,Lagos,35.1,24.1,28.1,81.1,4.5,100.0,25.0,rain,26.6,220.3,1010.7,68.8,100.0,0.2,0.0,,
2023-02-27,Lagos,35.0,27.4,29.4,78.6,0.1,100.0,4.17,rain,50.4,213.9,1011.9,79.2,75.0,0.25,0.0,,
2023-02-28,Lagos,36.0,24.0,28.9,76.2,0.9,100.0,4.17,rain,22.3,185.8,1013.3,40.7,100.0,0.27,0.0,,
2023-03-01,Lagos,35.0,24.0,28.7,76.4,29.0,100.0,8.33,rain,18.4,184.8,1012.2,46.9,75.0,0.3,0.0,,
2023-03-02,Lagos,34.0,26.0,29.5,78.5,0.0,0.0,0.0,rain,22.3,178.7,1011.0,52.5,75.0,0.33,0.0,,
2023-03-03,Lagos,34.0,25.0,28.8,84.3,0.2,100.0,8.33,rain,64.8,152.2,1011.0,57.9,75.0,0.37,0.0,,
2023-03-04,Lagos,34.0,24.0,28.5,80.1,0.0,0.0,0.0,rain,18.4,207.1,1011.0,56.8,75.0,0.4,0.0,,
2023-03-05,Lagos,34.0,24.0,28.5,80.1,0.0,0.0,0.0,rain,18.4,207.1,1011.0,56.8,75.0,0.4,0.0,,
2023-03-06,Lagos,34.0,24.8,29.2,80.2,7.0,100.0,4.17,rain,26.6,191.6,1009.4,59.8,75.0,0.46,0.0,,
2023-03-07,Lagos,33.0,23.0,27.5,80.9,37.0,100.0,4.17,rain,22.3,165.5,1009.2,44.5,30.0,0.5,1.0,,
2023-03-08,Lagos,34.0,26.0,29.3,79.4,0.1,100.0,4.17,rain,22.3,179.9,1009.9,48.5,60.0,0.53,0.0,,
2023-03-09,Lagos,34.0,26.0,29.3,79.4,0.1,100.0,4.17,rain,22.3,179.9,1009.9,48.5,60.0,0.53,0.0,,
2023-03-10,Lagos,34.0,26.0,29.3,79.4,0.1,100.0,4.17,rain,22.3,179.9,1009.9,48.5,60.0,0.53,0.0,,
2023-03-11,Lagos,33.0,25.0,28.4,77.7,0.9,100.0,4.17,rain,31.4,141.3,1010.2,48.5,75.0,0.64,0.0,,
2023-03-12,Lagos,33.0,25.0,28.4,77.7,0.9,100.0,4.17,rain,31.4,141.3,1010.2,48.5,75.0,0.64,0.0,,
2023-03-13,Lagos,33.7,25.0,28.3,75.9,0.0,0.0,0.0,rain,25.6,201.7,1010.2,40.8,75.0,0.71,0.0,,
2023-03-14,Lagos,34.0,25.0,28.9,76.9,0.0,0.0,0.0,rain,25.9,196.1,1009.3,50.2,75.0,0.74,0.0,,
2023-03-15,Lagos,34.0,26.1,29.1,80.4,5.0,100.0,8.33,rain,29.5,194.9,1008.9,50.8,75.0,0.75,0.0,,
2023-03-16,Lagos,35.0,23.0,27.7,80.3,10.0,100.0,4.17,rain,22.3,201.5,1008.8,53.5,75.0,0.81,0.0,,
2023-03-17,Lagos,33.1,24.0,27.5,82.7,0.0,0.0,0.0,rain,24.8,190.4,1009.1,46.1,100.0,0.85,0.0,,
2023-03-18,Lagos,33.0,23.1,27.3,81.3,51.0,100.0,8.33,rain,27.7,187.2,1010.4,54.0,75.0,0.88,1.0,,
2023-03-19,Lagos,33.0,23.1,27.3,81.3,51.0,100.0,8.33,rain,27.7,187.2,1010.4,54.0,75.0,0.88,1.0,,
2023-03-20,Lagos,33.0,23.1,27.3,81.3,51.0,100.0,8.33,rain,27.7,187.2,1010.4,54.0,75.0,0.88,1.0,,
2023-03-21,Lagos,33.1,25.2,29.2,72.1,0.4,100.0,12.5,rain,33.5,210.1,1010.4,65.4,60.0,0.0,0.0,,
2023-03-22,Lagos,31.9,23.0,27.1,81.3,17.0,100.0,4.17,rain,18.4,216.6,1012.0,49.2,60.0,0.02,0.0,,
2023-03-23,Lagos,31.9,23.0,27.1,81.3,17.0,100.0,4.17,rain,18.4,216.6,1012.0,49.2,60.0,0.02,0.0,,
2023-03-24,Lagos,32.0,23.0,27.2,80.2,4.0,100.0,4.17,rain,29.5,170.2,1011.0,49.8,60.0,0.09,0.0,,
2023-03-25,Lagos,33.0,26.0,29.2,77.7,0.0,0.0,0.0,rain,18.4,174.4,1011.5,45.9,60.0,0.12,0.0,,
2023-03-26,Lagos,33.0,26.0,29.2,77.7,0.0,0.0,0.0,rain,18.4,174.4,1011.5,45.9,60.0,0.12,0.0,,
2023-03-27,Lagos,32.0,23.0,27.3,82.0,17.0,100.0,4.17,rain,14.8,220.8,1011.3,51.6,30.0,0.19,0.0,,
2023-03-28,Lagos,32.0,23.0,27.3,82.0,17.0,100.0,4.17,rain,14.8,220.8,1011.3,51.6,30.0,0.19,0.0,,
2023-03-29,Lagos,33.1,26.8,29.4,77.7,0.0,0.0,0.0,rain,24.1,192.5,1011.4,51.1,75.0,0.25,0.0,,
2023-03-30,Lagos,34.0,26.8,29.3,81.0,0.0,0.0,0.0,rain,24.1,212.3,1011.7,56.4,75.0,0.28,0.0,,
2023-03-31,Lagos,34.0,26.8,29.3,81.0,0.0,0.0,0.0,rain,24.1,212.3,1011.7,56.4,75.0,0.28,0.0,,
2023-04-01,Lagos,34.0,26.8,29.3,81.0,0.0,0.0,0.0,rain,24.1,212.3,1011.7,56.4,75.0,0.28,0.0,,
2023-04-02,Lagos,34.0,26.8,29.3,81.0,0.0,0.0,0.0,rain,24.1,212.3,1011.7,56.4,75.0,0.28,0.0,,
2023-04-03,Lagos,33.1,26.4,29.7,75.2,0.0,0.0,0.0,rain,116.6,199.1,1008.9,48.9,75.0,0.41,0.0,,
2023-04-04,Lagos,33.1,26.4,29.7,75.2,0.0,0.0,0.0,rain,116.6,199.1,1008.9,48.9,75.0,0.41,0.0,,
2023-04-05,Lagos,33.1,26.4,29.7,75.2,0.0,0.0,0.0,rain,116.6,199.1,1008.9,48.9,75.0,0.41,0.0,,
2023-04-06,Lagos,34.0,26.1,29.6,76.9,0.0,0.0,0.0,rain,65.4,232.3,1009.2,55.1,75.0,0.5,0.0,,
2023-04-07,Lagos,34.0,26.1,29.6,77.6,0.0,0.0,0.0,rain,25.9,210.7,1009.5,53.3,75.0,0.55,0.0,,
2023-04-08,Lagos,34.0,25.0,28.6,80.0,0.0,0.0,0.0,rain,25.9,229.0,1009.7,63.0,60.0,0.58,0.0,,
2023-04-09,Lagos,32.0,23.0,27.8,79.5,2.0,100.0,4.17,rain,25.9,209.8,1010.8,51.1,60.0,0.62,0.0,,
2023-04-10,Lagos,32.0,23.0,27.8,79.5,2.0,100.0,4.17,rain,25.9,209.8,1010.8,51.1,60.0,0.62,0.0,,
2023-04-11,Lagos,34.0,23.0,28.6,79.6,0.1,100.0,4.17,rain,68.4,212.8,1010.3,60.8,60.0,0.69,0.0,,
2023-04-12,Lagos,33.0,24.0,27.8,83.1,43.0,100.0,4.17,rain,18.4,216.5,1010.0,51.9,75.0,0.72,1.0,,
2023-04-13,Lagos,33.1,26.1,29.3,80.2,0.1,100.0,4.17,rain,24.1,215.1,1009.7,56.1,75.0,0.75,0.0,,
2023-04-14,Lagos,34.0,27.0,29.3,82.5,0.1,100.0,4.17,rain,25.6,238.2,1009.7,55.1,75.0,0.8,0.0,,
2023-04-15,Lagos,33.0,27.0,29.0,81.0,4.0,100.0,4.17,rain,24.1,217.0,1010.9,59.5,100.0,0.83,0.0,,
2023-04-16,Lagos,35.0,23.3,28.8,75.3,0.0,0.0,0.0,rain,25.9,190.9,1009.2,43.7,75.0,0.87,0.0,,
2023-04-17,Lagos,35.0,23.3,28.8,75.3,0.0,0.0,0.0,rain,25.9,190.9,1009.2,43.7,75.0,0.87,0.0,,
2023-04-18,Lagos,34.0,26.0,29.5,79.7,0.0,0.0,0.0,rain,18.4,201.8,1008.7,55.7,75.0,0.94,0.0,,
2023-04-19,Lagos,30.4,24.0,27.2,85.3,22.0,100.0,4.17,rain,22.3,283.5,1010.4,51.7,60.0,0.97,0.0,,
2023-04-20,Lagos,30.4,24.0,27.2,85.3,22.0,100.0,4.17,rain,22.3,283.5,1010.4,51.7,60.0,0.97,0.0,,
2023-04-21,Lagos,34.0,26.1,29.7,76.6,0.0,0.0,0.0,rain,23.4,217.4,1008.4,52.1,75.0,0.04,0.0,,
2023-04-22,Lagos,33.8,27.0,29.8,79.7,0.0,0.0,0.0,rain,25.9,221.7,1008.3,56.1,75.0,0.07,0.0,,
2023-04-23,Lagos,28.0,23.0,26.5,92.5,41.0,100.0,4.17,rain,25.9,209.6,1009.5,62.5,60.0,0.11,1.0,,
2023-04-24,Lagos,34.0,25.0,28.6,84.0,8.0,100.0,4.17,rain,16.6,276.9,1010.9,46.6,60.0,0.14,0.0,,
2023-04-25,Lagos,33.1,24.6,29.2,81.9,0.0,0.0,0.0,rain,22.3,212.6,1010.5,48.4,100.0,0.17,0.0,,
2023-04-26,Lagos,32.0,25.0,27.9,83.0,5.0,100.0,4.17,rain,25.6,223.0,1009.7,55.8,100.0,0.2,0.0,,
2023-04-27,Lagos,28.3,17.0,26.2,87.8,91.0,100.0,4.17,rain,50.0,174.3,1011.9,53.2,75.0,0.25,1.0,,
2023-04-28,Lagos,33.0,23.9,28.0,81.9,10.0,100.0,4.17,rain,18.4,221.0,1012.4,53.2,75.0,0.27,0.0,,
2023-04-29,Lagos,31.0,24.0,26.5,89.5,4.0,100.0,4.17,rain,14.8,309.7,1013.0,50.8,75.0,0.3,0.0,,
2023-04-30,Lagos,31.0,23.9,27.0,84.1,0.0,0.0,0.0,rain,14.8,231.1,1012.1,46.2,60.0,0.33,0.0,,
2023-05-01,Lagos,33.0,23.0,26.7,86.0,6.0,100.0,4.17,rain,24.1,239.8,1011.3,56.2,100.0,0.36,0.0,,
2023-05-02,Lagos,33.0,23.0,26.7,86.0,6.0,100.0,4.17,rain,24.1,239.8,1011.3,56.2,100.0,0.36,0.0,,
2023-05-03,Lagos,33.0,23.0,26.7,86.0,6.0,100.0,4.17,rain,24.1,239.8,1011.3,56.2,100.0,0.36,0.0,,
2023-05-04,Lagos,34.0,25.8,28.4,85.6,1.0,100.0,4.17,rain,35.3,218.7,1013.6,60.5,60.0,0.46,0.0,,
2023-05-05,Lagos,34.0,25.8,28.4,85.6,1.0,100.0,4.17,rain,35.3,218.7,1013.6,60.5,60.0,0.46,0.0,,
2023-05-06,Lagos,30.8,24.0,27.1,84.7,14.0,100.0,4.17,rain,157.7,186.3,1012.5,46.6,30.0,0.53,0.0,,
2023-05-07,Lagos,30.8,24.0,27.1,84.7,14.0,100.0,4.17,rain,157.7,186.3,1012.5,46.6,30.0,0.53,0.0,,
2023-05-08,Lagos,30.8,24.0,27.1,84.7,14.0,100.0,4.17,rain,157.7,186.3,1012.5,46.6,30.0,0.53,0.0,,
2023-05-09,Lagos,30.8,24.0,27.1,84.7,14.0,100.0,4.17,rain,157.7,186.3,1012.5,46.6,30.0,0.53,0.0,,
2023-05-10,Lagos,30.8,24.0,27.1,84.7,14.0,100.0,4.17,rain,157.7,186.3,1012.5,46.6,30.0,0.53,0.0,,
2023-05-11,Lagos,34.0,26.8,30.3,78.0,0.0,0.0,0.0,rain,25.9,214.6,1010.8,52.6,75.0,0.71,0.0,,
2023-05-12,Lagos,32.0,26.8,29.0,85.1,0.4,100.0,4.17,rain,16.6,220.4,1011.8,58.3,75.0,0.75,0.0,,
2023-05-13,Lagos,31.0,26.9,28.3,86.8,0.0,0.0,0.0,rain,35.3,130.8,1012.4,57.1,60.0,0.78,0.0,,
2023-05-14,Lagos,31.2,24.8,28.0,87.6,5.0,100.0,4.17,rain,20.5,219.6,1013.4,59.9,75.0,0.81,0.0,,
2023-05-15,Lagos,30.1,22.8,26.6,91.2,64.0,100.0,4.17,rain,18.4,62.3,1013.4,66.1,60.0,0.85,1.0,,
2023-05-16,Lagos,32.0,25.9,28.9,84.4,0.0,0.0,0.0,rain,20.5,237.7,1012.9,46.4,30.0,0.88,0.0,,
2023-05-17,Lagos,34.0,25.8,29.5,80.6,0.0,0.0,0.0,rain,22.3,217.7,1011.9,51.9,60.0,0.92,0.0,,
2023-05-18,Lagos,32.0,23.0,27.8,81.7,59.0,100.0,12.5,rain,20.5,253.5,1012.4,50.6,60.0,0.96,1.0,,
2023-05-19,Lagos,33.1,25.0,28.7,81.6,0.1,100.0,4.17,rain,19.4,244.5,1012.3,48.9,60.0,0.0,0.0,,
2023-05-20,Lagos,31.0,25.0,28.0,81.7,5.0,100.0,4.17,rain,17.6,211.0,1012.0,57.9,60.0,0.03,0.0,,
2023-05-21,Lagos,34.0,25.1,28.7,82.0,0.0,0.0,0.0,rain,20.5,227.3,1012.6,48.9,60.0,0.06,0.0,,
2023-05-22,Lagos,31.0,24.0,28.2,85.7,0.0,0.0,0.0,rain,20.5,227.7,1012.4,59.2,30.0,0.09,0.0,,
2023-05-23,Lagos,33.0,24.8,28.3,84.7,12.0,100.0,4.17,rain,20.5,203.5,1011.7,61.6,30.0,0.12,0.0,,
2023-05-24,Lagos,33.0,26.0,29.2,82.9,0.0,0.0,0.0,rain,29.5,212.5,1011.0,61.2,60.0,0.15,0.0,,
2023-05-25,Lagos,34.0,24.1,28.9,79.5,7.0,100.0,4.17,rain,22.3,209.4,1011.1,69.8,60.0,0.19,0.0,,
2023-05-26,Lagos,33.0,26.0,29.4,81.5,7.0,100.0,4.17,rain,22.3,229.9,1011.1,55.6,75.0,0.22,0.0,,
2023-05-27,Lagos,28.0,22.7,26.0,92.0,2.0,100.0,4.17,rain,37.1,11.9,1011.5,56.9,75.0,0.25,0.0,,
2023-05-28,Lagos,33.0,23.8,27.9,82.0,0.0,0.0,0.0,rain,22.3,199.1,1012.0,48.4,60.0,0.28,0.0,,
2023-05-29,Lagos,27.8,25.0,26.3,89.5,20.0,100.0,4.17,rain,25.9,87.7,1012.5,55.0,60.0,0.32,0.0,,
2023-05-30,Lagos,27.8,25.0,26.3,89.5,20.0,100.0,4.17,rain,25.9,87.7,1012.5,55.0,60.0,0.32,0.0,,
2023-05-31,Lagos,33.0,25.1,28.8,82.5,0.0,0.0,0.0,rain,22.3,216.7,1012.6,54.6,60.0,0.38,0.0,,
2023-06-01,Lagos,32.0,25.8,28.4,84.6,5.0,100.0,4.17,rain,26.3,226.7,1011.9,62.5,30.0,0.41,0.0,,
2023-06-02,Lagos,31.0,25.0,27.8,86.1,8.0,100.0,4.17,rain,25.9,221.1,1012.4,61.0,60.0,0.45,0.0,,
2023-06-03,Lagos,30.0,25.0,27.0,88.0,7.0,100.0,4.17,rain,20.5,242.3,1013.6,46.1,30.0,0.48,0.0,,
2023-06-04,Lagos,32.0,24.8,28.3,80.0,0.1,100.0,4.17,rain,24.8,239.2,1013.3,54.6,60.0,0.5,0.0,,
2023-06-05,Lagos,32.0,25.8,28.8,83.1,0.0,0.0,0.0,rain,27.7,225.8,1013.1,53.5,30.0,0.55,0.0,,
2023-06-06,Lagos,30.0,23.0,26.2,91.5,33.0,100.0,8.33,rain,16.6,224.5,1013.2,58.9,30.0,0.58,1.0,,
2023-06-07,Lagos,31.0,24.0,26.8,85.6,0.0,0.0,0.0,rain,20.5,228.7,1014.1,66.4,30.0,0.62,0.0,,
2023-06-08,Lagos,29.0,21.2,25.3,87.1,66.2,100.0,12.5,rain,27.7,214.3,1015.3,54.6,30.0,0.65,1.0,,
2023-06-09,Lagos,32.0,24.0,27.6,83.0,0.0,0.0,0.0,rain,22.3,197.7,1014.0,48.8,30.0,0.69,0.0,,
2023-06-10,Lagos,31.0,25.8,27.3,85.6,0.0,0.0,0.0,rain,25.9,221.6,1013.3,65.4,30.0,0.75,0.0,,
2023-06-11,Lagos,27.0,24.0,25.5,92.7,67.0,100.0,8.33,rain,18.4,232.2,1014.6,58.0,30.0,0.76,1.0,,
2023-06-12,Lagos,32.8,24.0,28.2,78.2,0.1,100.0,4.17,rain,24.1,247.1,1014.9,61.9,10.0,0.8,0.0,,
2023-06-13,Lagos,32.8,24.0,28.2,78.2,0.1,100.0,4.17,rain,24.1,247.1,1014.9,61.9,10.0,0.8,0.0,,
2023-06-14,Lagos,30.0,23.0,26.6,83.6,18.0,100.0,4.17,rain,22.3,243.6,1013.6,54.4,10.0,0.87,0.0,,
2023-06-15,Lagos,27.0,24.0,25.6,93.0,100.0,100.0,4.17,rain,18.4,204.6,1014.2,64.7,10.0,0.9,1.0,,
2023-06-16,Lagos,30.8,24.8,27.2,86.1,6.0,100.0,4.17,rain,18.4,245.6,1014.0,57.5,30.0,0.94,0.0,,
2023-06-17,Lagos,32.0,25.0,28.6,82.6,0.0,0.0,0.0,rain,22.3,246.8,1013.2,52.0,30.0,0.97,0.0,,
2023-06-18,Lagos,31.0,25.0,27.9,85.5,0.7,100.0,16.67,rain,23.8,236.6,1013.1,58.3,30.0,0.0,0.0,,
2023-06-19,Lagos,30.0,23.0,25.9,87.7,19.0,100.0,4.17,rain,18.4,228.2,1013.6,50.6,30.0,0.04,0.0,,
2023-06-20,Lagos,30.0,23.9,26.6,86.6,0.0,0.0,0.0,rain,24.1,223.1,1013.3,54.5,30.0,0.07,0.0,,
2023-06-21,Lagos,28.1,24.8,25.6,90.6,1.0,100.0,4.17,rain,27.7,222.7,1014.1,59.2,10.0,0.11,0.0,,
2023-06-22,Lagos,29.1,24.0,26.5,84.5,0.0,0.0,0.0,rain,25.9,261.0,1014.2,54.3,10.0,0.14,0.0,,
2023-06-23,Lagos,29.8,24.0,26.3,86.6,2.0,100.0,4.17,rain,29.5,234.9,1013.5,69.7,10.0,0.17,0.0,,
2023-06-24,Lagos,27.0,24.0,25.3,90.9,26.0,100.0,16.67,rain,25.9,219.2,1013.9,62.5,10.0,0.2,0.0,,
2023-06-25,Lagos,30.0,24.0,26.5,82.9,4.0,100.0,4.17,rain,24.1,218.3,1014.7,60.0,10.0,0.24,0.0,,
2023-06-26,Lagos,30.0,22.9,26.0,80.5,0.0,0.0,0.0,rain,25.6,228.7,1014.2,54.2,10.0,0.25,0.0,,
2023-06-27,Lagos,32.1,24.1,27.5,77.0,0.0,0.0,0.0,rain,27.7,244.0,1013.4,59.2,10.0,0.3,0.0,,
2023-06-28,Lagos,27.0,23.0,25.2,90.8,32.0,100.0,12.5,rain,25.9,240.2,1014.2,62.5,10.0,0.34,1.0,,
2023-06-29,Lagos,29.1,24.8,26.6,87.3,3.0,100.0,4.17,rain,22.3,217.6,1015.8,60.4,10.0,0.37,0.0,,
2023-06-30,Lagos,30.8,24.0,27.0,83.7,1.1,100.0,12.5,rain,24.8,236.2,1015.5,73.2,10.0,0.4,0.0,,
2023-07-01,Lagos,31.0,25.0,27.3,83.3,0.9,100.0,8.33,rain,25.9,222.1,1014.2,60.6,10.0,0.43,0.0,,
2023-07-02,Lagos,31.0,23.0,26.8,83.5,12.0,100.0,4.17,rain,33.5,203.8,1015.1,66.2,10.0,0.47,0.0,,
2023-07-03,Lagos,31.1,23.1,26.9,84.2,0.2,100.0,4.17,rain,22.0,224.7,1015.2,51.6,30.0,0.5,0.0,,
2023-07-04,Lagos,28.2,16.0,26.5,84.5,6.8,100.0,29.17,rain,33.5,240.4,1015.4,64.0,30.0,0.53,0.0,,
2023-07-05,Lagos,30.0,24.1,26.8,83.3,2.0,100.0,4.17,rain,15.1,200.9,1015.1,53.3,10.0,0.57,0.0,,
2023-07-06,Lagos,31.0,24.0,27.1,83.2,0.3,100.0,4.17,rain,24.1,231.7,1013.2,50.8,10.0,0.6,0.0,,
2023-07-07,Lagos,28.0,24.0,25.9,91.2,51.0,100.0,4.17,rain,14.8,240.6,1013.8,62.5,30.0,0.64,1.0,,
2023-07-08,Lagos,27.0,23.3,25.1,92.3,7.0,100.0,8.33,rain,25.9,229.2,1014.0,57.3,30.0,0.67,0.0,,
2023-07-09,Lagos,27.0,23.9,25.5,92.9,5.0,100.0,4.17,rain,14.8,224.7,1015.4,48.3,10.0,0.71,0.0,,
2023-07-10,Lagos,29.8,24.0,26.8,86.4,0.0,0.0,0.0,rain,22.3,223.6,1014.5,57.5,10.0,0.75,0.0,,
2023-07-11,Lagos,30.0,24.0,27.0,85.6,0.0,0.0,0.0,rain,24.1,236.4,1013.1,55.4,10.0,0.78,0.0,,
2023-07-12,Lagos,30.0,23.0,26.4,88.1,0.0,0.0,0.0,rain,18.4,221.8,1012.4,62.2,10.0,0.81,0.0,,
2023-07-13,Lagos,29.0,23.2,26.2,87.4,1.0,100.0,4.17,rain,18.4,217.5,1013.3,47.5,30.0,0.85,0.0,,
2023-07-14,Lagos,30.0,24.0,27.1,85.4,0.0,0.0,0.0,rain,14.8,240.2,1013.7,51.8,30.0,0.88,0.0,,
2023-07-15,Lagos,28.6,25.0,26.3,87.8,3.2,100.0,16.67,rain,27.7,220.1,1013.5,66.8,30.0,0.92,0.0,,
2023-07-16,Lagos,31.0,25.0,26.9,88.1,4.3,100.0,25.0,rain,27.0,234.4,1013.2,61.8,30.0,0.95,0.0,,
2023-07-17,Lagos,30.0,24.8,27.1,86.9,13.0,100.0,8.33,rain,18.9,236.0,1014.2,59.0,30.0,0.0,0.0,,
2023-07-18,Lagos,29.0,24.0,26.7,87.4,0.1,100.0,4.17,rain,24.1,240.0,1015.2,53.3,30.0,0.02,0.0,,
2023-07-19,Lagos,30.6,25.0,27.3,84.5,0.0,0.0,0.0,rain,29.2,234.5,1015.1,61.8,30.0,0.06,0.0,,
2023-07-20,Lagos,31.0,25.8,27.8,81.7,0.0,0.0,0.0,rain,25.9,230.6,1014.8,55.1,30.0,0.09,0.0,,
2023-07-21,Lagos,29.0,25.0,27.0,83.9,0.4,100.0,4.17,rain,29.5,237.8,1014.8,56.3,30.0,0.12,0.0,,
2023-07-22,Lagos,27.0,23.0,25.8,89.1,51.0,100.0,8.33,rain,22.3,235.4,1015.6,64.8,10.0,0.16,1.0,,
2023-07-23,Lagos,26.0,22.9,24.4,94.8,29.0,100.0,8.33,rain,20.5,238.5,1016.6,45.7,10.0,0.19,0.0,,
2023-07-24,Lagos,29.0,23.0,25.8,87.8,0.3,100.0,4.17,rain,24.1,229.9,1015.7,57.3,10.0,0.22,0.0,,
2023-07-25,Lagos,30.0,24.8,26.6,87.7,0.0,0.0,0.0,rain,22.3,227.8,1014.9,57.8,30.0,0.25,0.0,,
2023-07-26,Lagos,29.0,23.9,26.7,87.7,0.0,0.0,0.0,rain,20.5,231.7,1014.7,52.8,30.0,0.29,0.0,,
2023-07-27,Lagos,30.0,25.6,27.5,85.0,0.0,0.0,0.0,rain,24.5,225.0,1014.8,57.1,10.0,0.32,0.0,,
2023-07-28,Lagos,30.0,24.0,26.6,86.3,1.9,100.0,8.33,rain,27.7,225.2,1015.1,65.3,10.0,0.36,0.0,,
2023-07-29,Lagos,27.0,24.1,26.0,89.3,14.0,100.0,12.5,rain,21.7,228.4,1015.7,67.0,10.0,0.39,0.0,,
2023-07-30,Lagos,30.0,24.8,26.6,87.0,0.1,100.0,4.17,rain,24.1,232.7,1016.2,57.0,30.0,0.42,0.0,,
2023-07-31,Lagos,28.0,24.8,26.4,88.4,0.0,0.0,0.0,rain,27.7,235.6,1016.0,62.0,30.0,0.46,0.0,,
2023-08-01,Lagos,27.0,24.2,25.8,90.3,5.0,100.0,4.17,rain,25.9,228.3,1015.4,65.5,10.0,0.5,0.0,,
2023-08-02,Lagos,29.0,23.0,26.0,86.6,0.0,0.0,0.0,rain,24.1,223.6,1016.2,64.5,10.0,0.52,0.0,,
2023-08-03,Lagos,28.0,21.0,25.3,83.1,0.3,100.0,12.5,rain,29.5,220.6,1016.6,68.8,10.0,0.56,0.0,,
2023-08-04,Lagos,30.0,22.0,26.6,81.7,1.3,100.0,29.17,rain,33.5,232.8,1015.2,43.7,10.0,0.59,0.0,,
2023-08-05,Lagos,29.0,25.0,26.3,85.1,0.3,100.0,4.17,rain,25.2,230.0,1016.0,72.8,10.0,0.63,0.0,,
2023-08-06,Lagos,27.1,24.0,25.8,86.6,4.0,100.0,37.5,rain,29.9,229.3,1016.3,71.8,10.0,0.66,0.0,,
2023-08-07,Lagos,27.4,24.0,25.5,88.8,0.3,100.0,4.17,rain,31.7,233.5,1015.9,62.6,10.0,0.69,0.0,,
2023-08-08,Lagos,28.0,24.9,26.3,85.3,1.0,100.0,4.17,rain,29.5,218.8,1014.6,62.1,10.0,0.75,0.0,,
2023-08-09,Lagos,29.0,24.9,26.4,87.7,0.2,100.0,4.17,rain,25.9,221.4,1014.2,66.7,10.0,0.76,0.0,,
2023-08-10,Lagos,30.0,24.8,26.5,84.2,0.0,0.0,0.0,rain,25.9,235.5,1014.7,57.9,10.0,0.8,0.0,,
2023-08-11,Lagos,29.0,24.0,26.2,87.9,0.1,100.0,4.17,rain,24.8,240.6,1014.2,60.5,10.0,0.83,0.0,,
2023-08-12,Lagos,28.4,23.9,26.0,87.5,0.1,100.0,4.17,rain,18.4,231.5,1013.0,59.7,10.0,0.87,0.0,,
2023-08-13,Lagos,30.0,24.8,26.3,83.7,0.4,100.0,4.17,rain,222.5,241.2,1012.5,62.1,10.0,0.9,0.0,,
2023-08-14,Lagos,27.9,25.0,26.2,86.8,0.5,100.0,4.17,rain,20.5,229.6,1013.6,64.9,10.0,0.93,0.0,,
2023-08-15,Lagos,28.0,23.8,25.7,90.2,15.0,100.0,4.17,rain,16.9,246.1,1014.4,59.0,10.0,0.97,0.0,,
2023-08-16,Lagos,31.8,23.9,26.4,86.6,3.0,100.0,4.17,rain,16.6,250.7,1014.3,62.1,10.0,0.0,0.0,,
2023-08-17,Lagos,31.0,24.0,27.0,83.7,1.1,100.0,8.33,rain,20.5,247.3,1012.3,65.8,30.0,0.04,0.0,,
2023-08-18,Lagos,28.1,25.0,26.1,87.6,2.2,100.0,8.33,rain,29.5,220.2,1012.7,69.9,10.0,0.07,0.0,,
2023-08-19,Lagos,28.0,23.9,25.6,87.9,0.0,0.0,0.0,rain,22.3,244.3,1013.6,68.6,10.0,0.1,0.0,,
2023-08-20,Lagos,30.9,23.2,26.1,84.4,0.4,100.0,4.17,rain,22.3,212.4,1011.9,56.7,10.0,0.14,0.0,,
2023-08-21,Lagos,31.0,23.2,27.3,81.7,0.0,0.0,0.0,rain,16.6,218.8,1012.6,65.0,30.0,0.17,0.0,,
2023-08-22,Lagos,30.1,24.8,27.4,82.2,0.0,0.0,0.0,rain,16.6,240.9,1012.0,59.9,30.0,0.21,0.0,,
2023-08-23,Lagos,29.8,24.9,26.6,85.7,0.0,0.0,0.0,rain,22.3,242.1,1011.6,67.1,30.0,0.24,0.0,,
2023-08-24,Lagos,31.0,24.9,26.5,87.9,1.0,100.0,4.17,rain,35.6,239.4,1011.1,75.3,30.0,0.25,0.0,,
2023-08-25,Lagos,30.0,25.0,27.1,86.0,2.0,100.0,4.17,rain,24.1,230.1,1011.6,57.3,30.0,0.31,0.0,,
2023-08-26,Lagos,30.0,24.9,27.0,87.2,13.0,100.0,4.17,rain,20.5,228.4,1012.2,69.2,30.0,0.34,0.0,,
2023-08-27,Lagos,28.0,24.8,26.1,91.4,5.0,100.0,4.17,rain,29.5,235.1,1013.3,80.4,30.0,0.38,0.0,,
2023-08-28,Lagos,29.0,24.0,25.9,90.7,6.0,100.0,4.17,rain,22.3,199.4,1014.6,62.4,30.0,0.41,0.0,,
2023-08-29,Lagos,31.8,24.8,27.4,84.5,0.0,0.0,0.0,rain,22.3,230.3,1014.8,56.9,30.0,0.45,0.0,,
2023-08-30,Lagos,30.0,25.0,27.0,86.6,0.0,0.0,0.0,rain,29.9,235.0,1014.4,65.7,30.0,0.48,0.0,,
2023-08-31,Lagos,31.0,25.0,27.0,86.2,1.0,100.0,4.17,rain,22.3,217.6,1014.3,74.6,30.0,0.5,0.0,,
2023-09-01,Lagos,30.8,24.1,26.8,86.8,4.0,100.0,8.33,rain,24.1,229.6,1013.9,63.6,30.0,0.55,0.0,,
2023-09-02,Lagos,26.0,21.9,24.6,89.9,17.0,100.0,8.33,rain,33.5,238.6,1012.9,69.4,30.0,0.58,0.0,,
2023-09-03,Lagos,29.0,23.8,25.0,91.9,15.0,100.0,4.17,rain,23.8,228.3,1014.2,65.4,10.0,0.61,0.0,,
2023-09-04,Lagos,28.2,24.0,25.6,90.2,44.0,100.0,8.33,rain,18.4,251.5,1014.8,65.6,10.0,0.65,1.0,,
2023-09-05,Lagos,28.0,24.0,26.0,88.8,9.0,100.0,8.33,rain,26.6,235.6,1013.5,89.5,10.0,0.68,0.0,,
2023-09-06,Lagos,30.8,24.0,25.9,87.8,3.0,100.0,4.17,rain,37.1,229.0,1014.0,64.9,30.0,0.75,0.0,,
2023-09-07,Lagos,28.0,24.0,26.1,86.5,1.4,100.0,25.0,rain,25.9,223.0,1013.5,44.1,30.0,0.75,0.0,,
2023-09-08,Lagos,30.6,24.9,26.9,84.4,3.0,100.0,25.0,rain,33.5,223.2,1013.7,75.8,30.0,0.78,0.0,,
2023-09-09,Lagos,29.2,23.0,26.3,84.2,5.0,100.0,25.0,rain,33.5,214.8,1014.8,77.7,10.0,0.81,0.0,,
2023-09-10,Lagos,29.0,23.0,26.0,85.8,0.3,100.0,12.5,rain,55.4,259.1,1014.9,64.8,30.0,0.85,0.0,,
2023-09-11,Lagos,26.9,13.0,25.3,86.4,1.1,100.0,20.83,rain,55.4,237.7,1013.2,72.3,30.0,0.88,0.0,,
2023-09-12,Lagos,26.4,13.0,24.5,85.1,10.9,100.0,45.83,rain,51.8,230.3,1014.0,91.5,10.0,0.91,0.0,,
2023-09-13,Lagos,29.1,16.0,24.9,84.8,6.0,100.0,41.67,rain,55.4,212.5,1013.2,69.1,10.0,0.95,0.0,,
2023-09-14,Lagos,29.0,23.4,26.0,86.4,14.0,100.0,4.17,rain,25.2,232.4,1015.1,53.3,10.0,0.98,0.0,,
2023-09-15,Lagos,29.0,13.0,24.7,86.0,16.6,100.0,45.83,rain,55.4,222.6,1013.5,73.5,30.0,0.0,0.0,,
2023-09-16,Lagos,27.0,15.0,24.5,85.4,6.7,100.0,45.83,rain,55.4,210.4,1013.5,86.4,30.0,0.05,0.0,,
2023-09-17,Lagos,26.4,19.0,25.4,85.6,8.3,100.0,37.5,rain,26.6,240.7,1013.6,85.2,30.0,0.08,0.0,,
2023-09-18,Lagos,27.1,24.0,26.1,84.6,0.7,100.0,25.0,rain,22.0,234.6,1012.2,85.0,30.0,0.12,0.0,,
2023-09-19,Lagos,31.0,25.0,26.6,85.0,3.3,100.0,45.83,rain,20.9,239.5,1011.7,65.1,30.0,0.15,0.0,,
2023-09-20,Lagos,30.0,25.0,26.3,85.4,2.9,100.0,25.0,rain,20.2,215.6,1012.2,51.5,30.0,0.19,0.0,,
2023-09-21,Lagos,31.0,24.8,26.7,86.8,1.4,100.0,16.67,rain,27.7,219.7,1012.0,63.4,30.0,0.22,0.0,,
2023-09-22,Lagos,27.4,25.0,26.6,84.1,20.0,100.0,4.17,rain,24.1,234.0,1011.7,93.3,30.0,0.25,0.0,,
2023-09-23,Lagos,30.0,24.1,26.1,83.7,1.0,100.0,20.83,rain,16.2,182.5,1012.4,86.9,10.0,0.29,0.0,,
2023-09-24,Lagos,26.8,24.1,25.3,87.9,6.0,100.0,4.17,rain,20.2,235.6,1013.4,87.0,10.0,0.33,0.0,,
2023-09-25,Lagos,26.9,24.0,25.5,89.1,0.2,100.0,8.33,rain,19.8,198.8,1013.6,48.9,30.0,0.36,0.0,,
2023-09-26,Lagos,27.2,24.0,26.4,86.3,1.0,100.0,4.17,rain,27.7,223.1,1012.0,48.4,30.0,0.4,0.0,,
2023-09-27,Lagos,27.2,24.0,26.4,86.3,1.0,100.0,4.17,rain,27.7,223.1,1012.0,48.4,30.0,0.4,0.0,,
2023-09-28,Lagos,32.0,26.7,27.4,84.2,0.3,100.0,12.5,rain,26.6,222.3,1010.8,60.7,30.0,0.47,0.0,,
2023-09-29,Lagos,28.1,25.0,27.0,83.1,7.0,100.0,4.17,rain,16.2,239.4,1012.0,77.1,30.0,0.5,0.0,,
2023-09-30,Lagos,31.0,24.0,27.2,86.3,41.0,100.0,4.17,rain,34.7,220.2,1012.5,60.8,30.0,0.53,1.0,,
2023-10-01,Lagos,31.0,25.0,27.5,84.8,0.0,0.0,0.0,rain,24.1,217.4,1012.3,56.9,10.0,0.57,0.0,,
2023-10-02,Lagos,31.0,24.8,27.5,85.3,11.0,100.0,8.33,rain,25.9,222.9,1012.1,59.0,30.0,0.6,0.0,,
2023-10-03,Lagos,31.0,25.0,27.3,84.1,0.0,0.0,0.0,rain,24.1,220.5,1011.8,54.4,30.0,0.63,0.0,,
2023-10-04,Lagos,30.9,25.0,27.5,86.3,0.6,100.0,8.33,rain,22.3,240.8,1012.0,51.8,30.0,0.66,0.0,,
2023-10-05,Lagos,33.0,24.1,27.0,84.3,1.8,100.0,4.17,rain,31.1,223.8,1012.1,66.8,30.0,0.7,0.0,,
2023-10-06,Lagos,28.0,16.0,25.9,85.3,1.1,100.0,20.83,rain,25.9,209.7,1012.2,59.4,30.0,0.75,0.0,,
2023-10-07,Lagos,27.1,24.5,25.8,86.1,6.0,100.0,16.67,rain,16.9,358.7,1011.8,83.1,10.0,0.76,0.0,,
2023-10-08,Lagos,31.0,25.0,26.9,84.1,1.0,100.0,8.33,rain,17.6,207.1,1012.4,67.4,30.0,0.79,0.0,,
2023-10-09,Lagos,31.0,14.0,27.1,82.1,0.4,100.0,12.5,rain,35.3,242.2,1013.6,61.0,30.0,0.83,0.0,,
2023-10-10,Lagos,31.0,14.0,27.1,82.1,0.4,100.0,12.5,rain,35.3,242.2,1013.6,61.0,30.0,0.83,0.0,,
2023-10-11,Lagos,30.1,23.0,27.2,83.8,15.0,100.0,4.17,rain,91.6,181.0,1013.0,57.0,30.0,0.89,0.0,,
2023-10-12,Lagos,31.0,23.0,27.7,84.8,0.2,100.0,4.17,rain,55.4,211.4,1012.9,52.9,30.0,0.93,0.0,,
2023-10-13,Lagos,33.0,23.0,27.2,86.0,15.0,100.0,8.33,rain,14.8,101.3,1012.9,52.7,30.0,0.96,0.0,,
2023-10-14,Lagos,30.0,25.1,27.2,86.3,0.0,0.0,0.0,rain,25.9,183.4,1013.1,60.5,30.0,0.0,0.0,,
2023-10-15,Lagos,31.1,24.6,27.4,82.5,1.0,100.0,8.33,rain,20.9,202.0,1011.8,71.7,30.0,0.03,0.0,,
2023-10-16,Lagos,32.0,25.0,27.3,81.2,0.7,100.0,16.67,rain,24.1,220.5,1012.0,65.2,30.0,0.06,0.0,,
2023-10-17,Lagos,27.3,19.0,24.9,90.4,10.0,100.0,4.17,rain,55.4,28.3,1013.4,71.6,30.0,0.1,0.0,,
2023-10-18,Lagos,33.0,19.0,26.5,84.3,0.5,100.0,8.33,rain,59.4,193.8,1013.5,61.5,30.0,0.13,0.0,,
2023-10-19,Lagos,27.7,23.0,27.0,82.5,1.2,100.0,16.67,rain,16.6,204.4,1013.2,75.8,60.0,0.17,0.0,,
2023-10-20,Lagos,31.0,25.0,27.2,86.3,0.8,100.0,4.17,rain,20.5,205.9,1012.7,63.2,30.0,0.2,0.0,,
2023-10-21,Lagos,30.0,25.0,27.1,84.9,5.8,100.0,41.67,rain,19.1,225.5,1012.4,71.0,30.0,0.24,0.0,,
2023-10-22,Lagos,31.1,25.7,27.6,85.1,2.6,100.0,29.17,rain,38.9,190.6,1011.8,56.9,30.0,0.25,0.0,,
2023-10-23,Lagos,31.0,25.0,28.2,78.6,1.6,100.0,20.83,rain,25.9,184.5,1011.2,67.8,30.0,0.31,0.0,,
2023-10-24,Lagos,31.0,25.0,28.2,78.6,1.6,100.0,20.83,rain,25.9,184.5,1011.2,67.8,30.0,0.31,0.0,,
2023-10-25,Lagos,32.0,25.9,28.3,84.6,0.6,100.0,4.17,rain,35.6,236.8,1011.6,58.5,60.0,0.38,0.0,,
2023-10-26,Lagos,33.0,24.0,28.0,82.1,2.0,100.0,4.17,rain,20.5,223.3,1012.1,47.8,60.0,0.42,0.0,,
2023-10-27,Lagos,32.9,25.0,28.5,81.7,0.0,0.0,0.0,rain,20.5,208.6,1012.4,53.4,30.0,0.45,0.0,,
2023-10-28,Lagos,32.0,25.0,28.5,83.6,0.0,0.0,0.0,rain,14.8,240.9,1010.9,60.3,30.0,0.5,0.0,,
2023-10-29,Lagos,34.0,23.0,27.8,82.3,26.0,100.0,4.17,rain,14.8,205.7,1009.4,43.4,30.0,0.52,0.0,,
2023-10-30,Lagos,34.0,23.0,27.8,82.3,26.0,100.0,4.17,rain,14.8,205.7,1009.4,43.4,30.0,0.52,0.0,,
2023-10-31,Lagos,30.0,23.9,26.5,85.8,44.0,100.0,8.33,rain,27.7,132.7,1010.1,48.2,60.0,0.58,1.0,,
2023-11-01,Lagos,31.0,24.8,27.5,86.3,0.1,100.0,4.17,rain,25.9,269.8,1012.1,61.5,60.0,0.62,0.0,,
2023-11-02,Lagos,31.0,24.8,27.5,86.3,0.1,100.0,4.17,rain,25.9,269.8,1012.1,61.5,60.0,0.62,0.0,,
2023-11-03,Lagos,32.0,25.9,28.2,86.5,5.0,100.0,4.17,rain,22.3,228.4,1011.4,59.3,60.0,0.68,0.0,,
2023-11-04,Lagos,32.0,26.0,28.4,84.0,10.0,100.0,4.17,rain,37.1,224.8,1011.4,58.7,60.0,0.71,0.0,,
2023-11-05,Lagos,32.0,25.9,28.1,85.0,3.0,100.0,4.17,rain,18.4,230.2,1011.4,52.5,60.0,0.75,0.0,,
2023-11-06,Lagos,34.0,23.0,27.1,87.2,0.3,100.0,4.17,rain,18.4,297.4,1012.0,61.7,30.0,0.78,0.0,,
2023-11-07,Lagos,32.0,23.0,26.7,88.3,53.0,100.0,4.17,rain,13.0,192.8,1011.7,53.0,30.0,0.81,1.0,,
2023-11-08,Lagos,31.0,24.8,27.7,86.9,0.0,0.0,0.0,rain,18.7,228.8,1011.3,53.5,30.0,0.84,0.0,,
2023-11-09,Lagos,32.0,25.8,28.2,81.0,0.1,100.0,4.17,rain,22.3,216.8,1011.2,60.0,30.0,0.87,0.0,,
2023-11-10,Lagos,32.0,25.0,28.5,81.4,0.3,100.0,12.5,rain,23.0,221.9,1011.7,61.3,60.0,0.91,0.0,,
2023-11-11,Lagos,30.0,25.0,27.9,83.0,1.5,100.0,20.83,rain,26.3,213.6,1012.1,41.2,60.0,0.94,0.0,,
2023-11-12,Lagos,32.0,27.9,29.1,77.6,0.7,100.0,12.5,rain,22.0,206.2,1012.0,48.1,60.0,0.97,0.0,,
2023-11-13,Lagos,33.0,26.7,28.9,79.8,1.6,100.0,25.0,rain,18.4,197.8,1011.9,43.9,60.0,0.0,0.0,,
2023-11-14,Lagos,29.3,25.0,27.2,84.2,2.2,100.0,16.67,rain,19.4,204.6,1010.4,23.3,60.0,0.04,0.0,,
2023-11-15,Lagos,29.2,24.0,27.1,81.2,3.0,100.0,4.17,rain,26.6,132.7,1010.6,63.2,60.0,0.07,0.0,,
2023-11-16,Lagos,29.2,24.0,27.1,81.2,3.0,100.0,4.17,rain,26.6,132.7,1010.6,63.2,60.0,0.07,0.0,,
2023-11-17,Lagos,29.2,24.0,27.1,81.2,3.0,100.0,4.17,rain,26.6,132.7,1010.6,63.2,60.0,0.07,0.0,,
2023-11-18,Lagos,32.8,26.0,28.9,82.1,0.0,0.0,0.0,rain,21.8,236.6,1011.7,57.9,60.0,0.18,0.0,,
2023-11-19,Lagos,34.0,26.0,29.3,80.1,0.8,100.0,4.17,rain,22.3,235.3,1011.8,53.2,75.0,0.22,0.0,,
2023-11-20,Lagos,33.0,26.3,29.2,82.6,0.0,0.0,0.0,rain,16.6,245.2,1011.6,50.7,60.0,0.25,0.0,,
2023-11-21,Lagos,33.0,26.3,29.2,82.6,0.0,0.0,0.0,rain,16.6,245.2,1011.6,50.7,60.0,0.25,0.0,,
2023-11-22,Lagos,32.0,26.9,29.0,79.3,2.8,100.0,16.67,rain,62.5,216.5,1010.6,78.8,60.0,0.32,0.0,,
2023-11-23,Lagos,30.0,25.0,27.7,85.3,8.0,100.0,4.17,rain,35.3,200.2,1011.8,66.3,60.0,0.36,0.0,,
2023-11-24,Lagos,30.0,26.0,27.9,84.9,1.0,100.0,4.17,rain,31.7,201.8,1011.0,65.5,60.0,0.4,0.0,,
2023-11-25,Lagos,31.0,25.0,27.7,82.6,1.6,100.0,20.83,rain,22.0,210.2,1010.1,46.1,60.0,0.43,0.0,,
2023-11-26,Lagos,27.0,24.8,25.7,92.6,48.0,100.0,12.5,rain,16.6,32.4,1012.8,58.8,60.0,0.47,1.0,,
2023-11-27,Lagos,27.0,24.8,25.7,92.6,48.0,100.0,12.5,rain,16.6,32.4,1012.8,58.8,60.0,0.47,1.0,,
2023-11-28,Lagos,32.1,25.0,28.5,81.3,0.0,0.0,0.0,rain,20.5,227.2,1011.6,54.9,60.0,0.53,0.0,,
2023-11-29,Lagos,33.0,25.0,28.3,84.0,0.2,100.0,4.17,rain,20.5,231.8,1011.2,56.8,60.0,0.57,0.0,,
2023-11-30,Lagos,32.0,25.0,27.7,85.5,2.0,100.0,4.17,rain,18.4,226.5,1011.9,47.3,75.0,0.6,0.0,,
2023-12-01,Lagos,33.0,24.0,28.1,86.3,0.0,0.0,0.0,rain,20.5,242.6,1012.3,52.9,60.0,0.63,0.0,,
2023-12-02,Lagos,33.1,23.0,27.6,82.8,5.0,100.0,4.17,rain,14.8,210.1,1012.2,50.7,75.0,0.66,0.0,,
2023-12-03,Lagos,33.1,23.0,27.6,82.8,5.0,100.0,4.17,rain,14.8,210.1,1012.2,50.7,75.0,0.66,0.0,,
2023-12-04,Lagos,33.1,23.0,27.6,82.8,5.0,100.0,4.17,rain,14.8,210.1,1012.2,50.7,75.0,0.66,0.0,,
2023-12-05,Lagos,33.0,25.0,28.9,80.8,5.0,100.0,4.17,rain,16.6,233.2,1011.9,49.8,60.0,0.75,0.0,,
2023-12-06,Lagos,32.0,24.9,27.8,81.1,3.0,100.0,4.17,rain,25.2,223.5,1012.2,49.4,60.0,0.79,0.0,,
2023-12-07,Lagos,33.0,24.0,28.2,82.7,0.0,0.0,0.0,rain,16.6,239.4,1012.8,49.2,60.0,0.82,0.0,,
2023-12-08,Lagos,33.0,24.0,28.2,82.7,0.0,0.0,0.0,rain,16.6,239.4,1012.8,49.2,60.0,0.82,0.0,,
2023-12-09,Lagos,33.0,25.8,28.9,81.8,0.0,0.0,0.0,rain,22.7,219.8,1010.6,56.4,60.0,0.89,0.0,,
2023-12-10,Lagos,33.0,25.8,28.9,81.8,0.0,0.0,0.0,rain,22.7,219.8,1010.6,56.4,60.0,0.89,0.0,,
2023-12-11,Lagos,33.0,25.8,28.9,81.8,0.0,0.0,0.0,rain,22.7,219.8,1010.6,56.4,60.0,0.89,0.0,,
2023-12-12,Lagos,32.0,25.0,27.2,78.5,0.7,100.0,8.33,rain,22.3,2.1,1012.1,40.4,30.0,0.98,0.0,,
2023-12-13,Lagos,32.0,25.0,27.2,78.5,0.7,100.0,8.33,rain,22.3,2.1,1012.1,40.4,30.0,0.98,0.0,,
2023-12-14,Lagos,32.0,25.0,27.2,78.5,0.7,100.0,8.33,rain,22.3,2.1,1012.1,40.4,30.0,0.98,0.0,,
2023-12-15,Lagos,32.0,25.0,27.2,78.5,0.7,100.0,8.33,rain,22.3,2.1,1012.1,40.4,30.0,0.98,0.0,,
2023-12-16,Lagos,32.0,25.0,27.2,78.5,0.7,100.0,8.33,rain,22.3,2.1,1012.1,40.4,30.0,0.98,0.0,,
2023-12-17,Lagos,32.0,25.0,27.2,78.5,0.7,100.0,8.33,rain,22.3,2.1,1012.1,40.4,30.0,0.98,0.0,,
2023-12-18,Lagos,32.0,25.0,27.2,78.5,0.7,100.0,8.33,rain,22.3,2.1,1012.1,40.4,30.0,0.98,0.0,,
2023-12-19,Lagos,32.0,25.0,27.2,78.5,0.7,100.0,8.33,rain,22.3,2.1,1012.1,40.4,30.0,0.98,0.0,,
2023-12-20,Lagos,32.0,25.0,27.2,78.5,0.7,100.0,8.33,rain,22.3,2.1,1012.1,40.4,30.0,0.98,0.0,,
2023-12-21,Lagos,32.0,25.0,27.2,78.5,0.7,100.0,8.33,rain,22.3,2.1,1012.1,40.4,30.0,0.98,0.0,,
2023-12-22,Lagos,32.0,25.0,27.2,78.5,0.7,100.0,8.33,rain,22.3,2.1,1012.1,40.4,30.0,0.98,0.0,,
2023-12-23,Lagos,32.0,25.0,27.2,78.5,0.7,100.0,8.33,rain,22.3,2.1,1012.1,40.4,30.0,0.98,0.0,,
2023-12-24,Lagos,32.0,25.0,27.2,78.5,0.7,100.0,8.33,rain,22.3,2.1,1012.1,40.4,30.0,0.98,0.0,,
2023-12-25,Lagos,32.0,25.0,27.2,78.5,0.7,100.0,8.33,rain,22.3,2.1,1012.1,40.4,30.0,0.98,0.0,,
2023-12-26,Lagos,32.0,25.0,27.2,78.5,0.7,100.0,8.33,rain,22.3,2.1,1012.1,40.4,30.0,0.98,0.0,,
2023-12-27,Lagos,32.0,25.0,27.2,78.5,0.7,100.0,8.33,rain,22.3,2.1,1012.1,40.4,30.0,0.98,0.0,,
2023-12-28,Lagos,32.0,25.0,27.2,78.5,0.7,100.0,8.33,rain,22.3,2.1,1012.1,40.4,30.0,0.98,0.0,,
2023-12-29,Lagos,32.0,25.0,27.2,78.5,0.7,100.0,8.33,rain,22.3,2.1,1012.1,40.4,30.0,0.98,0.0,,
2023-12-30,Lagos,35.0,25.0,28.8,80.8,0.0,0.0,0.0,rain,16.6,256.4,1012.2,40.3,60.0,0.61,0.0,,
2023-12-31,Lagos,35.0,25.0,28.8,80.8,0.0,0.0,0.0,rain,16.6,256.4,1012.2,40.3,60.0,0.61,0.0,,
2024-01-01,Lagos,35.0,25.0,28.8,80.8,0.0,0.0,0.0,rain,16.6,256.4,1012.2,40.3,60.0,0.61,0.0,,
2024-01-02,Lagos,35.0,25.0,28.8,80.8,0.0,0.0,0.0,rain,16.6,256.4,1012.2,40.3,60.0,0.61,0.0,,
2024-01-03,Lagos,35.0,25.0,28.8,80.8,0.0,0.0,0.0,rain,16.6,256.4,1012.2,40.3,60.0,0.61,0.0,,
2024-01-04,Lagos,35.0,26.0,29.1,78.8,0.1,100.0,4.17,rain,27.7,226.9,1013.1,50.0,60.0,0.75,0.0,,
2024-01-05,Lagos,35.0,26.0,29.1,78.8,0.1,100.0,4.17,rain,27.7,226.9,1013.1,50.0,60.0,0.75,0.0,,
2024-01-06,Lagos,34.0,26.0,29.8,75.6,1.1,100.0,16.67,rain,17.6,220.0,1012.3,48.7,60.0,0.84,0.0,,
2024-01-07,Lagos,35.0,26.1,29.5,82.6,0.0,0.0,0.0,rain,17.4,222.0,1011.8,60.4,75.0,0.87,0.0,,
2024-01-08,Lagos,34.0,25.8,29.4,81.7,0.0,0.0,0.0,rain,22.3,205.7,1011.3,52.8,60.0,0.9,0.0,,
2024-01-09,Lagos,33.5,26.0,29.0,81.5,0.2,100.0,4.17,rain,22.3,208.4,1011.3,43.2,60.0,0.93,0.0,,
2024-01-10,Lagos,33.2,25.9,29.0,84.0,6.0,100.0,4.17,rain,25.9,245.9,1012.3,59.4,75.0,0.97,0.0,,
2024-01-11,Lagos,33.2,25.9,29.0,84.0,6.0,100.0,4.17,rain,25.9,245.9,1012.3,59.4,75.0,0.97,0.0,,
2024-01-12,Lagos,32.5,27.7,29.1,78.6,0.1,100.0,4.17,rain,31.0,221.9,1010.7,46.7,75.0,0.03,0.0,,
2024-01-13,Lagos,32.5,27.7,29.1,78.6,0.1,100.0,4.17,rain,31.0,221.9,1010.7,46.7,75.0,0.03,0.0,,
2024-01-14,Lagos,32.5,27.7,29.1,78.6,0.1,100.0,4.17,rain,31.0,221.9,1010.7,46.7,75.0,0.03,0.0,,
2024-01-15,Lagos,32.5,27.7,29.1,78.6,0.1,100.0,4.17,rain,31.0,221.9,1010.7,46.7,75.0,0.03,0.0,,
2024-01-16,Lagos,32.5,27.7,29.1,78.6,0.1,100.0,4.17,rain,31.0,221.9,1010.7,46.7,75.0,0.03,0.0,,
2024-01-17,Lagos,32.5,27.7,29.1,78.6,0.1,100.0,4.17,rain,31.0,221.9,1010.7,46.7,75.0,0.03,0.0,,
2024-01-18,Lagos,32.5,27.7,29.1,78.6,0.1,100.0,4.17,rain,31.0,221.9,1010.7,46.7,75.0,0.03,0.0,,
2024-01-19,Lagos,32.5,27.7,29.1,78.6,0.1,100.0,4.17,rain,31.0,221.9,1010.7,46.7,75.0,0.03,0.0,,
2024-01-20,Lagos,32.5,27.7,29.1,78.6,0.1,100.0,4.17,rain,31.0,221.9,1010.7,46.7,75.0,0.03,0.0,,
2024-01-21,Lagos,32.5,27.7,29.1,78.6,0.1,100.0,4.17,rain,31.0,221.9,1010.7,46.7,75.0,0.03,0.0,,
2024-01-22,Lagos,32.5,27.7,29.1,78.6,0.1,100.0,4.17,rain,31.0,221.9,1010.7,46.7,75.0,0.03,0.0,,
2024-01-23,Lagos,34.0,25.1,29.2,76.7,0.0,0.0,0.0,rain,22.3,215.4,1013.9,47.2,60.0,0.42,0.0,,
2024-01-24,Lagos,35.0,26.0,29.9,77.2,0.0,0.0,0.0,rain,16.6,198.5,1013.6,43.5,60.0,0.45,0.0,,
2024-01-25,Lagos,35.0,26.0,29.9,77.2,0.0,0.0,0.0,rain,16.6,198.5,1013.6,43.5,60.0,0.45,0.0,,
2024-01-26,Lagos,35.0,26.0,29.9,77.2,0.0,0.0,0.0,rain,16.6,198.5,1013.6,43.5,60.0,0.45,0.0,,
2024-01-27,Lagos,35.0,26.0,29.9,77.2,0.0,0.0,0.0,rain,16.6,198.5,1013.6,43.5,60.0,0.45,0.0,,
2024-01-28,Lagos,35.0,26.0,29.9,77.2,0.0,0.0,0.0,rain,16.6,198.5,1013.6,43.5,60.0,0.45,0.0,,
2024-01-29,Lagos,35.0,26.0,29.9,77.2,0.0,0.0,0.0,rain,16.6,198.5,1013.6,43.5,60.0,0.45,0.0,,
2024-01-30,Lagos,35.0,26.0,29.9,77.2,0.0,0.0,0.0,rain,16.6,198.5,1013.6,43.5,60.0,0.45,0.0,,
2024-01-31,Lagos,35.0,26.0,29.9,77.2,0.0,0.0,0.0,rain,16.6,198.5,1013.6,43.5,60.0,0.45,0.0,,
2024-02-01,Lagos,35.0,26.0,29.9,77.2,0.0,0.0,0.0,rain,16.6,198.5,1013.6,43.5,60.0,0.45,0.0,,
2024-02-02,Lagos,34.0,26.0,29.4,78.9,0.0,0.0,0.0,rain,17.2,280.1,1012.5,44.1,75.0,0.75,0.0,,
2024-02-03,Lagos,34.0,26.0,29.4,78.9,0.0,0.0,0.0,rain,17.2,280.1,1012.5,44.1,75.0,0.75,0.0,,
2024-02-04,Lagos,34.0,26.0,29.4,78.9,0.0,0.0,0.0,rain,17.2,280.1,1012.5,44.1,75.0,0.75,0.0,,
2024-02-05,Lagos,34.0,26.0,29.4,78.9,0.0,0.0,0.0,rain,17.2,280.1,1012.5,44.1,75.0,0.75,0.0,,
2024-02-06,Lagos,34.0,26.0,29.4,78.9,0.0,0.0,0.0,rain,17.2,280.1,1012.5,44.1,75.0,0.75,0.0,,
2024-02-07,Lagos,34.0,26.0,29.4,78.9,0.0,0.0,0.0,rain,17.2,280.1,1012.5,44.1,75.0,0.75,0.0,,
2024-02-08,Lagos,34.0,26.0,29.4,78.9,0.0,0.0,0.0,rain,17.2,280.1,1012.5,44.1,75.0,0.75,0.0,,
2024-02-09,Lagos,34.0,26.0,29.4,78.9,0.0,0.0,0.0,rain,17.2,280.1,1012.5,44.1,75.0,0.75,0.0,,
2024-02-10,Lagos,34.0,26.0,29.4,78.9,0.0,0.0,0.0,rain,17.2,280.1,1012.5,44.1,75.0,0.75,0.0,,
2024-02-11,Lagos,35.0,27.4,29.5,83.7,0.0,0.0,0.0,rain,22.3,216.5,1011.2,47.2,75.0,0.05,0.0,,
2024-02-12,Lagos,35.0,27.4,29.5,83.7,0.0,0.0,0.0,rain,22.3,216.5,1011.2,47.2,75.0,0.05,0.0,,
2024-02-13,Lagos,36.0,27.8,30.8,80.5,0.0,0.0,0.0,rain,25.9,222.1,1011.3,54.6,75.0,0.12,0.0,,
2024-02-14,Lagos,36.0,28.0,31.1,78.9,0.0,0.0,0.0,rain,27.7,216.1,1011.7,49.8,75.0,0.15,0.0,,
2024-02-15,Lagos,35.8,27.0,29.8,84.8,0.0,0.0,0.0,rain,27.7,224.9,1011.4,50.1,100.0,0.19,0.0,,
2024-02-16,Lagos,36.0,27.0,30.2,77.8,2.0,100.0,4.17,rain,22.3,225.5,1011.3,46.3,75.0,0.25,0.0,,
2024-02-17,Lagos,36.0,26.8,30.2,77.5,0.0,0.0,0.0,rain,22.3,225.5,1011.7,49.3,100.0,0.26,0.0,,
2024-02-18,Lagos,35.2,27.0,30.2,79.4,0.1,100.0,4.17,rain,18.4,227.6,1011.2,54.8,75.0,0.29,0.0,,
2024-02-19,Lagos,35.0,27.2,29.9,81.2,0.2,100.0,4.17,rain,27.7,227.2,1010.5,47.9,100.0,0.33,0.0,,
2024-02-20,Lagos,33.8,23.0,28.5,81.5,40.0,100.0,4.17,rain,22.3,194.4,1009.5,48.7,75.0,0.36,1.0,,
2024-02-21,Lagos,33.8,23.0,28.5,81.5,40.0,100.0,4.17,rain,22.3,194.4,1009.5,48.7,75.0,0.36,1.0,,
2024-02-22,Lagos,31.1,23.0,27.4,85.3,40.0,100.0,4.17,rain,25.9,131.2,1008.9,57.2,75.0,0.43,1.0,,
2024-02-23,Lagos,31.1,23.0,27.4,85.3,40.0,100.0,4.17,rain,25.9,131.2,1008.9,57.2,75.0,0.43,1.0,,
2024-02-24,Lagos,33.8,25.0,28.5,80.6,24.0,100.0,4.17,rain,24.1,136.2,1011.8,40.6,30.0,0.5,0.0,,
2024-02-25,Lagos,35.0,25.0,29.4,77.9,22.0,100.0,4.17,rain,18.4,208.5,1012.3,39.9,75.0,0.53,0.0,,
2024-02-26,Lagos,34.8,27.1,30.0,82.6,0.0,0.0,0.0,rain,22.3,205.4,1011.2,50.8,75.0,0.57,0.0,,
2024-02-27,Lagos,34.8,27.1,30.0,82.6,0.0,0.0,0.0,rain,22.3,205.4,1011.2,50.8,75.0,0.57,0.0,,
2024-02-28,Lagos,34.8,27.0,29.7,82.5,0.0,0.0,0.0,rain,25.9,225.7,1009.5,54.9,100.0,0.63,0.0,,
2024-02-29,Lagos,35.0,27.0,30.1,80.8,0.0,0.0,0.0,rain,31.7,230.4,1008.9,55.9,100.0,0.67,0.0,,
2024-03-01,Lagos,33.2,26.9,29.5,82.3,0.0,0.0,0.0,rain,24.1,223.4,1009.5,59.8,100.0,0.7,0.0,,
2024-03-02,Lagos,35.0,27.0,30.0,82.3,0.4,100.0,4.17,rain,24.1,216.4,1010.7,55.1,100.0,0.73,0.0,,
2024-03-03,Lagos,35.0,27.0,30.0,82.3,0.4,100.0,4.17,rain,24.1,216.4,1010.7,55.1,100.0,0.73,0.0,,
2024-03-04,Lagos,35.0,27.0,30.0,82.3,0.4,100.0,4.17,rain,24.1,216.4,1010.7,55.1,100.0,0.73,0.0,,
2024-03-05,Lagos,35.0,27.0,30.0,82.3,0.4,100.0,4.17,rain,24.1,216.4,1010.7,55.1,100.0,0.73,0.0,,
2024-03-06,Lagos,35.0,27.0,29.9,81.5,0.0,0.0,0.0,rain,27.4,225.1,1011.0,58.6,100.0,0.87,0.0,,
2024-03-07,Lagos,35.0,25.0,29.1,81.9,0.0,0.0,0.0,rain,27.7,232.5,1012.1,53.2,100.0,0.9,0.0,,
2024-03-08,Lagos,33.8,25.9,28.9,82.6,22.0,100.0,4.17,rain,27.7,233.0,1011.7,46.7,60.0,0.94,0.0,,
2024-03-09,Lagos,34.0,21.0,26.7,86.2,26.0,100.0,8.33,rain,24.4,193.0,1011.7,52.9,75.0,0.97,0.0,,
2024-03-10,Lagos,34.0,21.0,26.7,86.2,26.0,100.0,8.33,rain,24.4,193.0,1011.7,52.9,75.0,0.97,0.0,,
2024-03-11,Lagos,34.0,26.0,29.4,80.7,0.0,0.0,0.0,rain,26.6,217.4,1011.5,62.4,60.0,0.04,0.0,,
2024-03-12,Lagos,34.0,28.0,29.3,82.5,1.2,100.0,16.67,rain,24.5,223.3,1011.9,68.3,75.0,0.07,0.0,,
2024-03-13,Lagos,34.0,28.0,29.3,82.5,1.2,100.0,16.67,rain,24.5,223.3,1011.9,68.3,75.0,0.07,0.0,,
2024-03-14,Lagos,29.5,28.0,28.7,81.7,0.3,100.0,12.5,rain,26.3,216.7,1011.5,77.7,75.0,0.14,0.0,,
2024-03-15,Lagos,29.5,28.0,28.7,81.7,0.3,100.0,12.5,rain,26.3,216.7,1011.5,77.7,75.0,0.14,0.0,,
2024-03-16,Lagos,34.8,27.3,29.6,79.3,0.3,100.0,8.33,rain,25.9,210.7,1009.9,38.0,75.0,0.2,0.0,,
2024-03-17,Lagos,35.0,28.0,30.0,80.5,0.0,0.0,0.0,rain,26.3,205.2,1009.2,40.8,75.0,0.25,0.0,,
2024-03-18,Lagos,35.0,26.0,30.2,81.8,0.0,0.0,0.0,rain,27.7,206.4,1008.4,53.6,75.0,0.27,0.0,,
2024-03-19,Lagos,33.0,25.0,28.4,81.8,0.4,100.0,4.17,rain,28.1,211.1,1007.7,56.0,75.0,0.3,0.0,,
2024-03-20,Lagos,34.0,27.1,29.6,81.1,0.1,100.0,4.17,rain,24.1,217.3,1007.8,58.1,75.0,0.34,0.0,,
2024-03-21,Lagos,34.0,28.0,29.7,80.0,1.8,100.0,12.5,rain,27.7,215.3,1008.7,73.6,75.0,0.37,0.0,,
2024-03-22,Lagos,34.5,25.0,29.4,80.0,0.1,100.0,4.17,rain,61.2,227.6,1008.6,47.9,75.0,0.41,0.0,,
2024-03-23,Lagos,34.0,24.9,28.9,80.9,0.5,100.0,8.33,rain,23.8,192.8,1009.0,53.7,75.0,0.44,0.0,,
2024-03-24,Lagos,34.0,24.9,28.9,80.9,0.5,100.0,8.33,rain,23.8,192.8,1009.0,53.7,75.0,0.44,0.0,,
2024-03-25,Lagos,35.0,25.0,29.9,79.5,0.0,0.0,0.0,rain,27.7,219.8,1010.5,54.8,75.0,0.5,0.0,,
2024-03-26,Lagos,34.0,25.0,28.9,80.3,2.0,100.0,4.17,rain,22.3,197.8,1010.5,45.4,60.0,0.54,0.0,,
2024-03-27,Lagos,34.0,25.0,28.9,80.3,2.0,100.0,4.17,rain,22.3,197.8,1010.5,45.4,60.0,0.54,0.0,,
2024-03-28,Lagos,34.0,25.0,28.9,80.3,2.0,100.0,4.17,rain,22.3,197.8,1010.5,45.4,60.0,0.54,0.0,,
2024-03-29,Lagos,35.0,28.0,30.7,81.0,0.6,100.0,25.0,rain,24.1,221.8,1009.8,43.4,100.0,0.64,0.0,,
2024-03-30,Lagos,35.0,28.0,31.1,75.5,0.5,100.0,20.83,rain,29.5,218.4,1010.0,53.0,100.0,0.68,0.0,,
2024-03-31,Lagos,36.0,27.0,30.9,76.8,3.9,100.0,4.17,rain,24.1,207.3,1010.6,44.9,75.0,0.71,0.0,,
2024-04-01,Lagos,35.0,27.8,30.6,78.7,1.8,100.0,50.0,rain,35.3,217.0,1011.0,70.1,75.0,0.75,0.0,,
2024-04-02,Lagos,35.0,27.0,30.0,80.9,4.7,100.0,16.67,rain,32.8,212.1,1009.5,57.8,75.0,0.75,0.0,,
2024-04-03,Lagos,34.0,23.0,28.4,81.0,10.0,100.0,4.17,rain,26.6,202.8,1008.8,59.8,100.0,0.82,0.0,,
2024-04-04,Lagos,34.8,25.8,29.9,76.6,0.0,0.0,0.0,rain,25.9,216.8,1009.4,59.4,75.0,0.85,0.0,,
2024-04-05,Lagos,35.0,27.8,30.4,80.5,0.0,0.0,0.0,rain,29.5,214.6,1010.4,61.6,75.0,0.89,0.0,,
2024-04-06,Lagos,32.0,28.0,29.6,83.2,0.0,0.0,0.0,rain,22.3,216.8,1011.2,50.2,60.0,0.92,0.0,,
2024-04-07,Lagos,36.0,25.8,30.3,78.8,0.0,0.0,0.0,rain,25.9,237.4,1011.0,44.5,75.0,0.95,0.0,,
2024-04-08,Lagos,36.0,25.8,30.3,78.8,0.0,0.0,0.0,rain,25.9,237.4,1011.0,44.5,75.0,0.95,0.0,,
2024-04-09,Lagos,36.0,25.8,30.3,78.8,0.0,0.0,0.0,rain,25.9,237.4,1011.0,44.5,75.0,0.95,0.0,,
2024-04-10,Lagos,35.0,27.0,30.3,77.8,0.0,0.0,0.0,rain,31.7,200.3,1009.2,60.2,75.0,0.06,0.0,,
2024-04-11,Lagos,35.0,26.0,30.1,77.6,0.0,0.0,0.0,rain,25.9,236.7,1009.8,62.9,75.0,0.09,0.0,,
2024-04-12,Lagos,35.0,26.0,30.1,77.6,0.0,0.0,0.0,rain,25.9,236.7,1009.8,62.9,75.0,0.09,0.0,,
2024-04-13,Lagos,35.0,27.0,30.8,73.2,0.0,0.0,0.0,rain,25.9,217.1,1010.3,49.1,60.0,0.15,0.0,,
2024-04-14,Lagos,30.0,27.0,28.3,83.1,4.0,100.0,4.17,rain,22.3,290.5,1011.0,42.4,60.0,0.19,0.0,,
2024-04-15,Lagos,35.0,26.8,30.3,77.8,0.0,0.0,0.0,rain,20.5,197.1,1010.8,52.4,60.0,0.25,0.0,,
2024-04-16,Lagos,32.1,26.8,29.2,84.3,2.0,100.0,4.17,rain,16.6,226.3,1010.7,56.8,60.0,0.25,0.0,,
2024-04-17,Lagos,32.1,26.8,29.2,84.3,2.0,100.0,4.17,rain,16.6,226.3,1010.7,56.8,60.0,0.25,0.0,,
2024-04-18,Lagos,32.1,26.8,29.2,84.3,2.0,100.0,4.17,rain,16.6,226.3,1010.7,56.8,60.0,0.25,0.0,,
2024-04-19,Lagos,35.0,28.9,31.0,78.0,0.7,100.0,12.5,rain,29.5,200.2,1010.2,65.7,75.0,0.35,0.0,,
2024-04-20,Lagos,35.0,28.9,31.0,78.0,0.7,100.0,12.5,rain,29.5,200.2,1010.2,65.7,75.0,0.35,0.0,,
2024-04-21,Lagos,32.0,24.8,28.0,86.2,7.0,100.0,4.17,rain,29.5,225.4,1008.7,50.1,60.0,0.42,0.0,,
2024-04-22,Lagos,35.0,23.0,28.4,80.1,0.0,0.0,0.0,rain,21.2,247.3,1009.5,42.2,60.0,0.45,0.0,,
2024-04-23,Lagos,32.0,23.0,27.6,82.6,11.0,100.0,8.33,rain,40.7,91.6,1010.5,50.1,75.0,0.48,0.0,,
2024-04-24,Lagos,32.0,23.0,27.6,82.6,11.0,100.0,8.33,rain,40.7,91.6,1010.5,50.1,75.0,0.48,0.0,,
2024-04-25,Lagos,34.0,26.6,30.2,76.9,0.0,0.0,0.0,rain,20.5,202.0,1010.2,45.2,60.0,0.55,0.0,,
2024-04-26,Lagos,34.0,26.6,30.2,76.9,0.0,0.0,0.0,rain,20.5,202.0,1010.2,45.2,60.0,0.55,0.0,,
2024-04-27,Lagos,35.0,27.0,30.3,80.7,0.0,0.0,0.0,rain,20.5,199.4,1008.1,52.0,75.0,0.62,0.0,,
2024-04-28,Lagos,35.0,27.8,30.7,81.1,0.0,0.0,0.0,rain,24.1,192.0,1008.8,44.1,100.0,0.66,0.0,,
2024-04-29,Lagos,35.0,28.0,30.9,80.4,0.0,0.0,0.0,rain,24.1,208.9,1009.6,47.3,100.0,0.69,0.0,,
2024-04-30,Lagos,35.0,28.0,30.9,80.4,0.0,0.0,0.0,rain,24.1,208.9,1009.6,47.3,100.0,0.69,0.0,,
2024-05-01,Lagos,33.0,24.0,28.0,86.3,0.5,100.0,16.67,rain,23.0,200.0,1008.3,55.0,100.0,0.75,0.0,,
2024-05-02,Lagos,35.0,25.8,29.7,76.8,0.0,0.0,0.0,rain,20.5,186.6,1009.7,38.8,60.0,0.8,0.0,,
2024-05-03,Lagos,29.5,23.0,27.0,86.6,34.0,100.0,4.17,rain,19.4,174.9,1011.7,48.3,75.0,0.83,1.0,,
2024-05-04,Lagos,29.5,23.0,27.0,86.6,34.0,100.0,4.17,rain,19.4,174.9,1011.7,48.3,75.0,0.83,1.0,,
2024-05-05,Lagos,35.0,27.0,30.6,78.7,0.0,0.0,0.0,rain,22.3,174.2,1009.7,50.2,60.0,0.91,0.0,,
2024-05-06,Lagos,32.4,24.1,28.2,81.6,12.9,100.0,8.33,rain,20.5,204.4,1009.2,42.9,75.0,0.94,0.0,,
2024-05-07,Lagos,32.0,26.0,29.1,79.7,1.8,100.0,8.33,rain,27.7,311.6,1009.8,49.5,60.0,0.98,0.0,,
2024-05-08,Lagos,32.0,26.0,29.1,79.7,1.8,100.0,8.33,rain,27.7,311.6,1009.8,49.5,60.0,0.98,0.0,,
2024-05-09,Lagos,32.0,26.0,29.1,79.7,1.8,100.0,8.33,rain,27.7,311.6,1009.8,49.5,60.0,0.98,0.0,,
2024-05-10,Lagos,33.0,27.0,29.9,80.6,0.0,0.0,0.0,rain,20.5,180.6,1009.4,56.2,75.0,0.08,0.0,,
2024-05-11,Lagos,33.0,25.0,28.3,83.3,39.0,100.0,8.33,rain,35.3,242.3,1009.8,44.0,60.0,0.11,1.0,,
2024-05-12,Lagos,33.0,24.0,28.5,82.8,0.0,0.0,0.0,rain,18.4,189.1,1010.8,53.5,30.0,0.14,0.0,,
2024-05-13,Lagos,34.0,26.1,28.9,82.3,4.6,100.0,16.67,rain,27.0,225.4,1011.0,62.2,60.0,0.17,0.0,,
2024-05-14,Lagos,31.0,24.0,27.7,81.0,0.1,100.0,4.17,rain,23.0,211.4,1010.3,74.0,60.0,0.2,0.0,,
2024-05-15,Lagos,31.0,24.0,27.7,81.0,0.1,100.0,4.17,rain,23.0,211.4,1010.3,74.0,60.0,0.2,0.0,,
2024-05-16,Lagos,34.4,23.0,26.6,90.9,37.0,100.0,8.33,rain,37.1,99.8,1011.9,48.9,60.0,0.27,1.0,,
2024-05-17,Lagos,33.9,24.0,28.6,82.8,0.0,0.0,0.0,rain,13.0,272.5,1012.6,53.3,60.0,0.3,0.0,,
2024-05-18,Lagos,33.0,24.0,28.9,81.0,0.1,100.0,4.17,rain,74.2,151.3,1011.8,57.4,60.0,0.33,0.0,,
2024-05-19,Lagos,30.6,27.0,28.6,82.9,0.7,100.0,25.0,rain,19.4,204.3,1010.4,56.4,60.0,0.37,0.0,,
2024-05-20,Lagos,30.6,27.0,28.6,82.9,0.7,100.0,25.0,rain,19.4,204.3,1010.4,56.4,60.0,0.37,0.0,,
2024-05-21,Lagos,35.1,27.8,30.6,79.8,0.0,0.0,0.0,rain,27.7,187.3,1012.1,55.3,75.0,0.43,0.0,,
2024-05-22,Lagos,31.0,23.0,27.8,85.8,53.0,100.0,8.33,rain,21.6,212.7,1012.6,63.3,75.0,0.46,1.0,,
2024-05-23,Lagos,33.0,25.0,29.0,83.4,0.0,0.0,0.0,rain,13.0,192.1,1011.9,43.6,60.0,0.5,0.0,,
2024-05-24,Lagos,34.0,26.0,28.6,86.3,9.0,100.0,4.17,rain,25.6,209.6,1012.0,57.3,60.0,0.53,0.0,,
2024-05-25,Lagos,30.1,23.0,26.4,89.1,61.0,100.0,12.5,rain,56.2,115.5,1012.9,63.1,30.0,0.57,1.0,,
2024-05-26,Lagos,33.0,25.0,28.4,85.8,0.0,0.0,0.0,rain,18.7,197.2,1013.0,49.5,30.0,0.6,0.0,,
2024-05-27,Lagos,33.0,25.0,28.4,85.8,0.0,0.0,0.0,rain,18.7,197.2,1013.0,49.5,30.0,0.6,0.0,,
2024-05-28,Lagos,33.0,26.9,29.4,82.6,0.1,100.0,4.17,rain,24.1,232.5,1013.2,57.9,60.0,0.67,0.0,,
2024-05-29,Lagos,33.0,26.6,29.6,81.9,0.0,0.0,0.0,rain,22.3,206.3,1013.4,53.7,30.0,0.71,0.0,,
2024-05-30,Lagos,34.3,26.8,28.7,83.5,26.0,100.0,4.17,rain,23.0,246.0,1012.6,56.0,60.0,0.75,0.0,,
2024-05-31,Lagos,29.1,25.0,27.4,85.6,17.0,100.0,4.17,rain,27.7,214.6,1013.0,62.0,60.0,0.78,0.0,,
2024-06-01,Lagos,33.0,24.9,28.6,83.7,0.0,0.0,0.0,rain,23.0,203.3,1013.9,55.5,30.0,0.82,0.0,,
2024-06-02,Lagos,29.0,23.0,26.6,88.4,0.8,100.0,20.83,rain,64.8,241.7,1013.5,69.9,30.0,0.85,0.0,,
2024-06-03,Lagos,32.0,25.0,27.7,84.8,23.0,100.0,4.17,rain,19.0,154.2,1013.9,51.1,30.0,0.89,0.0,,
2024-06-04,Lagos,32.0,26.0,28.6,83.1,0.5,100.0,16.67,rain,24.1,220.4,1013.1,64.8,30.0,0.93,0.0,,
2024-06-05,Lagos,32.0,25.0,28.5,85.3,14.0,100.0,4.17,rain,22.3,228.0,1013.2,55.4,30.0,0.96,0.0,,
2024-06-06,Lagos,32.0,24.0,27.2,87.6,0.4,100.0,8.33,rain,21.2,211.7,1013.7,61.4,30.0,0.0,0.0,,
2024-06-07,Lagos,31.2,24.0,27.1,86.4,35.0,100.0,4.17,rain,14.8,226.5,1015.0,61.7,30.0,0.03,1.0,,
2024-06-08,Lagos,30.0,25.8,27.4,86.6,0.0,0.0,0.0,rain,24.1,232.0,1015.2,44.6,30.0,0.06,0.0,,
2024-06-09,Lagos,31.1,25.0,27.5,86.0,0.2,100.0,4.17,rain,23.0,239.3,1013.6,57.1,30.0,0.09,0.0,,
2024-06-10,Lagos,32.0,25.8,28.3,84.2,1.0,100.0,4.17,rain,20.5,214.7,1013.8,64.6,30.0,0.13,0.0,,
2024-06-11,Lagos,30.0,25.2,27.3,87.1,4.0,100.0,8.33,rain,22.3,223.7,1014.5,65.7,30.0,0.16,0.0,,
2024-06-12,Lagos,32.1,23.8,27.2,84.4,8.0,100.0,8.33,rain,23.8,225.6,1013.2,46.4,30.0,0.19,0.0,,
2024-06-13,Lagos,31.0,25.2,28.1,84.3,2.0,100.0,4.17,rain,21.6,228.6,1012.8,47.9,30.0,0.22,0.0,,
2024-06-14,Lagos,27.0,24.0,26.4,89.0,21.0,100.0,4.17,rain,14.8,228.9,1012.9,47.2,60.0,0.25,0.0,,
2024-06-15,Lagos,30.7,24.5,26.8,87.1,2.0,100.0,4.17,rain,22.3,267.4,1012.8,77.5,10.0,0.29,0.0,,
2024-06-16,Lagos,30.0,24.6,26.9,81.3,3.3,100.0,29.17,rain,42.5,228.8,1011.9,96.5,30.0,0.32,0.0,,
2024-06-17,Lagos,32.0,24.9,27.8,82.8,14.0,100.0,8.33,rain,48.2,232.1,1012.4,64.7,30.0,0.35,0.0,,
2024-06-18,Lagos,31.0,25.0,27.6,86.5,2.4,100.0,8.33,rain,38.9,231.1,1012.4,53.4,30.0,0.38,0.0,,
2024-06-19,Lagos,32.0,25.2,28.6,82.4,0.0,0.0,0.0,rain,18.4,244.6,1011.7,57.3,30.0,0.42,0.0,,
2024-06-20,Lagos,30.0,25.1,28.0,83.5,0.0,0.0,0.0,rain,20.5,247.9,1012.0,63.9,30.0,0.45,0.0,,
2024-06-21,Lagos,31.0,24.0,26.7,89.5,41.0,100.0,4.17,rain,20.5,283.1,1013.5,63.1,30.0,0.48,1.0,,
2024-06-22,Lagos,31.0,24.0,27.1,88.5,6.0,100.0,4.17,rain,22.3,212.5,1013.1,58.0,30.0,0.5,0.0,,
2024-06-23,Lagos,31.0,25.0,28.1,85.4,1.0,100.0,4.17,rain,22.3,249.5,1012.8,59.6,30.0,0.55,0.0,,
2024-06-24,Lagos,31.0,24.0,26.4,89.3,6.0,100.0,4.17,rain,22.3,226.1,1012.4,60.0,30.0,0.59,0.0,,
2024-06-25,Lagos,27.5,23.9,25.5,90.1,30.0,100.0,4.17,rain,22.3,93.7,1012.4,67.4,30.0,0.62,0.0,,
2024-06-26,Lagos,31.0,23.0,26.9,83.8,84.0,100.0,8.33,rain,53.6,249.3,1012.5,69.9,10.0,0.66,1.0,,
2024-06-27,Lagos,32.0,23.0,26.5,81.2,12.0,100.0,4.17,rain,18.4,185.0,1012.2,43.6,30.0,0.69,0.0,,
2024-06-28,Lagos,30.0,25.9,28.0,83.3,1.6,100.0,12.5,rain,24.1,226.3,1012.2,64.7,30.0,0.75,0.0,,
2024-06-29,Lagos,31.0,23.9,27.1,87.1,12.0,100.0,4.17,rain,22.3,241.1,1012.7,61.8,30.0,0.77,0.0,,
2024-06-30,Lagos,31.2,25.0,27.8,86.2,3.0,100.0,4.17,rain,25.9,236.9,1013.0,62.4,30.0,0.8,0.0,,
2024-07-01,Lagos,32.0,25.0,27.9,84.6,6.9,100.0,50.0,rain,22.3,249.6,1013.5,55.3,30.0,0.84,0.0,,
2024-07-02,Lagos,30.0,24.0,26.9,85.9,13.6,100.0,62.5,rain,22.7,235.8,1012.7,76.9,30.0,0.87,0.0,,
2024-07-03,Lagos,27.1,24.0,25.4,93.1,52.1,100.0,79.17,rain,25.2,224.2,1012.9,76.5,10.0,0.91,1.0,,
2024-07-04,,,,,,,,,,,,,,,,,38.460671671117396,1.0
2024-07-05,,,,,,,,,,,,,,,,,31.845965917855118,1.0
2024-07-06,,,,,,,,,,,,,,,,,28.873300341490395,0.0
2024-07-07,,,,,,,,,,,,,,,,,27.089372870480325,0.0
2024-07-08,,,,,,,,,,,,,,,,,28.7368047798067,0.0
2024-07-09,,,,,,,,,,,,,,,,,31.40264875846581,1.0
2024-07-10,,,,,,,,,,,,,,,,,31.51123536069273,1.0
2024-07-11,,,,,,,,,,,,,,,,,31.038108676033143,1.0
2024-07-12,,,,,,,,,,,,,,,,,30.543087506237676,1.0
2024-07-13,,,,,,,,,,,,,,,,,30.225078992866617,1.0
2024-07-14,,,,,,,,,,,,,,,,,30.301887912299083,1.0
2024-07-15,,,,,,,,,,,,,,,,,30.517488850505583,1.0
2024-07-16,,,,,,,,,,,,,,,,,30.608999640661942,1.0
2024-07-17,,,,,,,,,,,,,,,,,30.604498918892908,1.0
2024-07-18,,,,,,,,,,,,,,,,,30.556468853172134,1.0
2024-07-19,,,,,,,,,,,,,,,,,30.514153502648604,1.0
2024-07-20,,,,,,,,,,,,,,,,,30.50775687965641,1.0
2024-07-21,,,,,,,,,,,,,,,,,30.52252464148033,1.0
2024-07-22,,,,,,,,,,,,,,,,,30.53554799122212,1.0
2024-07-23,,,,,,,,,,,,,,,,,30.539789507394474,1.0
2024-07-24,,,,,,,,,,,,,,,,,30.536960917045235,1.0
2024-07-25,,,,,,,,,,,,,,,,,30.532479643729904,1.0
2024-07-26,,,,,,,,,,,,,,,,,30.530474513005597,1.0
2024-07-27,,,,,,,,,,,,,,,,,30.530993565049496,1.0
2024-07-28,,,,,,,,,,,,,,,,,30.53227917162975,1.0
2024-07-29,,,,,,,,,,,,,,,,,30.533080940824814,1.0
2024-07-30,,,,,,,,,,,,,,,,,30.533104821162645,1.0
2024-07-31,,,,,,,,,,,,,,,,,30.53273709149131,1.0
2024-08-01,,,,,,,,,,,,,,,,,30.532445425773467,1.0
2024-08-02,,,,,,,,,,,,,,,,,30.532388597423143,1.0
2024-08-03,,,,,,,,,,,,,,,,,30.532478250500716,1.0
2024-08-04,,,,,,,,,,,,,,,,,30.53257656720797,1.0
2024-08-05,,,,,,,,,,,,,,,,,30.532611493178305,1.0
2024-08-06,,,,,,,,,,,,,,,,,30.532592396325768,1.0
2024-08-07,,,,,,,,,,,,,,,,,30.53256140795184,1.0
2024-08-08,,,,,,,,,,,,,,,,,30.53254605149518,1.0
2024-08-09,,,,,,,,,,,,,,,,,30.53254843373424,1.0
2024-08-10,,,,,,,,,,,,,,,,,30.532557545219507,1.0
2024-08-11,,,,,,,,,,,,,,,,,30.53256355985014,1.0
2024-08-12,,,,,,,,,,,,,,,,,30.532563989224613,1.0
2024-08-13,,,,,,,,,,,,,,,,,30.532561524035827,1.0
2024-08-14,,,,,,,,,,,,,,,,,30.532559391563257,1.0
2024-08-15,,,,,,,,,,,,,,,,,30.53255887146875,1.0
2024-08-16,,,,,,,,,,,,,,,,,30.53255946434875,1.0
2024-08-17,,,,,,,,,,,,,,,,,30.532560171655685,1.0
2024-08-18,,,,,,,,,,,,,,,,,30.532560447448617,1.0
2024-08-19,,,,,,,,,,,,,,,,,30.53256033301442,1.0
2024-08-20,,,,,,,,,,,,,,,,,30.532560114324447,1.0
2024-08-21,,,,,,,,,,,,,,,,,30.532559996474728,1.0
2024-08-22,,,,,,,,,,,,,,,,,30.532560006603326,1.0
2024-08-23,,,,,,,,,,,,,,,,,30.532560069655947,1.0
2024-08-24,,,,,,,,,,,,,,,,,30.532560114263664,1.0
2024-08-25,,,,,,,,,,,,,,,,,30.532560119716514,1.0
2024-08-26,,,,,,,,,,,,,,,,,30.53256010311492,1.0
2024-08-27,,,,,,,,,,,,,,,,,30.532560087558476,1.0
2024-08-28,,,,,,,,,,,,,,,,,30.532560083147764,1.0
2024-08-29,,,,,,,,,,,,,,,,,30.53256008697115,1.0
2024-08-30,,,,,,,,,,,,,,,,,30.532560092027456,1.0
2024-08-31,,,,,,,,,,,,,,,,,30.53256009419896,1.0
2024-09-01,,,,,,,,,,,,,,,,,30.532560093533757,1.0
2024-09-02,,,,,,,,,,,,,,,,,30.532560091996753,1.0
2024-09-03,,,,,,,,,,,,,,,,,30.532560091104564,1.0
2024-09-04,,,,,,,,,,,,,,,,,30.53256009112496,1.0
2024-09-05,,,,,,,,,,,,,,,,,30.532560091558285,1.0
2024-09-06,,,,,,,,,,,,,,,,,30.532560091888094,1.0
2024-09-07,,,,,,,,,,,,,,,,,30.532560091943623,1.0
2024-09-08,,,,,,,,,,,,,,,,,30.532560091832803,1.0
2024-09-09,,,,,,,,,,,,,,,,,30.532560091720054,1.0
2024-09-10,,,,,,,,,,,,,,,,,30.532560091683607,1.0
2024-09-11,,,,,,,,,,,,,,,,,30.532560091707815,1.0
2024-09-12,,,,,,,,,,,,,,,,,30.53256009174382,1.0
2024-09-13,,,,,,,,,,,,,,,,,30.532560091760693,1.0
2024-09-14,,,,,,,,,,,,,,,,,30.53256009175706,1.0
2024-09-15,,,,,,,,,,,,,,,,,30.53256009174632,1.0
2024-09-16,,,,,,,,,,,,,,,,,30.53256009173961,1.0
2024-09-17,,,,,,,,,,,,,,,,,30.53256009173938,1.0
2024-09-18,,,,,,,,,,,,,,,,,30.53256009174234,1.0
2024-09-19,,,,,,,,,,,,,,,,,30.532560091744763,1.0
2024-09-20,,,,,,,,,,,,,,,,,30.532560091745278,1.0
2024-09-21,,,,,,,,,,,,,,,,,30.532560091744546,1.0
2024-09-22,,,,,,,,,,,,,,,,,30.532560091743733,1.0
2024-09-23,,,,,,,,,,,,,,,,,30.532560091743438,1.0
2024-09-24,,,,,,,,,,,,,,,,,30.532560091743587,1.0
2024-09-25,,,,,,,,,,,,,,,,,30.532560091743843,1.0
2024-09-26,,,,,,,,,,,,,,,,,30.532560091743974,1.0
2024-09-27,,,,,,,,,,,,,,,,,30.532560091743957,1.0
2024-09-28,,,,,,,,,,,,,,,,,30.532560091743882,1.0
2024-09-29,,,,,,,,,,,,,,,,,30.532560091743832,1.0
2024-09-30,,,,,,,,,,,,,,,,,30.53256009174383,1.0
2024-10-01,,,,,,,,,,,,,,,,,30.53256009174385,1.0
2024-10-02,,,,,,,,,,,,,,,,,30.532560091743868,1.0
2024-10-03,,,,,,,,,,,,,,,,,30.53256009174387,1.0
2024-10-04,,,,,,,,,,,,,,,,,30.532560091743868,1.0
2024-10-05,,,,,,,,,,,,,,,,,30.53256009174386,1.0
2024-10-06,,,,,,,,,,,,,,,,,30.532560091743857,1.0
2024-10-07,,,,,,,,,,,,,,,,,30.532560091743857,1.0
2024-10-08,,,,,,,,,,,,,,,,,30.53256009174386,1.0
2024-10-09,,,,,,,,,,,,,,,,,30.53256009174386,1.0
2024-10-10,,,,,,,,,,,,,,,,,30.53256009174386,1.0
2024-10-11,,,,,,,,,,,,,,,,,30.53256009174386,1.0
2024-10-12,,,,,,,,,,,,,,,,,30.53256009174386,1.0
2024-10-13,,,,,,,,,,,,,,,,,30.53256009174386,1.0
2024-10-14,,,,,,,,,,,,,,,,,30.53256009174386,1.0
2024-10-15,,,,,,,,,,,,,,,,,30.53256009174386,1.0
2024-10-16,,,,,,,,,,,,,,,,,30.53256009174386,1.0
2024-10-17,,,,,,,,,,,,,,,,,30.53256009174386,1.0
2024-10-18,,,,,,,,,,,,,,,,,30.53256009174386,1.0
2024-10-19,,,,,,,,,,,,,,,,,30.53256009174386,1.0
2024-10-20,,,,,,,,,,,,,,,,,30.53256009174386,1.0
2024-10-21,,,,,,,,,,,,,,,,,30.53256009174386,1.0
2024-10-22,,,,,,,,,,,,,,,,,30.53256009174386,1.0
2024-10-23,,,,,,,,,,,,,,,,,30.53256009174386,1.0
2024-10-24,,,,,,,,,,,,,,,,,30.53256009174386,1.0
2024-10-25,,,,,,,,,,,,,,,,,30.53256009174386,1.0
2024-10-26,,,,,,,,,,,,,,,,,30.53256009174386,1.0
2024-10-27,,,,,,,,,,,,,,,,,30.53256009174386,1.0
2024-10-28,,,,,,,,,,,,,,,,,30.53256009174386,1.0
2024-10-29,,,,,,,,,,,,,,,,,30.53256009174386,1.0
2024-10-30,,,,,,,,,,,,,,,,,30.53256009174386,1.0
2024-10-31,,,,,,,,,,,,,,,,,30.53256009174386,1.0
2024-11-01,,,,,,,,,,,,,,,,,30.53256009174386,1.0
2024-11-02,,,,,,,,,,,,,,,,,30.53256009174386,1.0
2024-11-03,,,,,,,,,,,,,,,,,30.53256009174386,1.0
2024-11-04,,,,,,,,,,,,,,,,,30.53256009174386,1.0
2024-11-05,,,,,,,,,,,,,,,,,30.53256009174386,1.0
2024-11-06,,,,,,,,,,,,,,,,,30.53256009174386,1.0
2024-11-07,,,,,,,,,,,,,,,,,30.53256009174386,1.0
2024-11-08,,,,,,,,,,,,,,,,,30.53256009174386,1.0
2024-11-09,,,,,,,,,,,,,,,,,30.53256009174386,1.0
2024-11-10,,,,,,,,,,,,,,,,,30.53256009174386,1.0
2024-11-11,,,,,,,,,,,,,,,,,30.53256009174386,1.0
2024-11-12,,,,,,,,,,,,,,,,,30.53256009174386,1.0
2024-11-13,,,,,,,,,,,,,,,,,30.53256009174386,1.0
2024-11-14,,,,,,,,,,,,,,,,,30.53256009174386,1.0
2024-11-15,,,,,,,,,,,,,,,,,30.53256009174386,1.0
2024-11-16,,,,,,,,,,,,,,,,,30.53256009174386,1.0
2024-11-17,,,,,,,,,,,,,,,,,30.53256009174386,1.0
2024-11-18,,,,,,,,,,,,,,,,,30.53256009174386,1.0
2024-11-19,,,,,,,,,,,,,,,,,30.53256009174386,1.0
2024-11-20,,,,,,,,,,,,,,,,,30.53256009174386,1.0
2024-11-21,,,,,,,,,,,,,,,,,30.53256009174386,1.0
2024-11-22,,,,,,,,,,,,,,,,,30.53256009174386,1.0
2024-11-23,,,,,,,,,,,,,,,,,30.53256009174386,1.0
2024-11-24,,,,,,,,,,,,,,,,,30.53256009174386,1.0
2024-11-25,,,,,,,,,,,,,,,,,30.53256009174386,1.0
2024-11-26,,,,,,,,,,,,,,,,,30.53256009174386,1.0
2024-11-27,,,,,,,,,,,,,,,,,30.53256009174386,1.0
2024-11-28,,,,,,,,,,,,,,,,,30.53256009174386,1.0
2024-11-29,,,,,,,,,,,,,,,,,30.53256009174386,1.0
2024-11-30,,,,,,,,,,,,,,,,,30.53256009174386,1.0
2024-12-01,,,,,,,,,,,,,,,,,30.53256009174386,1.0
2024-12-02,,,,,,,,,,,,,,,,,30.53256009174386,1.0
2024-12-03,,,,,,,,,,,,,,,,,30.53256009174386,1.0
2024-12-04,,,,,,,,,,,,,,,,,30.53256009174386,1.0
2024-12-05,,,,,,,,,,,,,,,,,30.53256009174386,1.0
2024-12-06,,,,,,,,,,,,,,,,,30.53256009174386,1.0
2024-12-07,,,,,,,,,,,,,,,,,30.53256009174386,1.0
2024-12-08,,,,,,,,,,,,,,,,,30.53256009174386,1.0
2024-12-09,,,,,,,,,,,,,,,,,30.53256009174386,1.0
2024-12-10,,,,,,,,,,,,,,,,,30.53256009174386,1.0
2024-12-11,,,,,,,,,,,,,,,,,30.53256009174386,1.0
2024-12-12,,,,,,,,,,,,,,,,,30.53256009174386,1.0
2024-12-13,,,,,,,,,,,,,,,,,30.53256009174386,1.0
2024-12-14,,,,,,,,,,,,,,,,,30.53256009174386,1.0
2024-12-15,,,,,,,,,,,,,,,,,30.53256009174386,1.0
2024-12-16,,,,,,,,,,,,,,,,,30.53256009174386,1.0
2024-12-17,,,,,,,,,,,,,,,,,30.53256009174386,1.0
2024-12-18,,,,,,,,,,,,,,,,,30.53256009174386,1.0
2024-12-19,,,,,,,,,,,,,,,,,30.53256009174386,1.0
2024-12-20,,,,,,,,,,,,,,,,,30.53256009174386,1.0
2024-12-21,,,,,,,,,,,,,,,,,30.53256009174386,1.0
2024-12-22,,,,,,,,,,,,,,,,,30.53256009174386,1.0
2024-12-23,,,,,,,,,,,,,,,,,30.53256009174386,1.0
2024-12-24,,,,,,,,,,,,,,,,,30.53256009174386,1.0
2024-12-25,,,,,,,,,,,,,,,,,30.53256009174386,1.0
2024-12-26,,,,,,,,,,,,,,,,,30.53256009174386,1.0
2024-12-27,,,,,,,,,,,,,,,,,30.53256009174386,1.0
2024-12-28,,,,,,,,,,,,,,,,,30.53256009174386,1.0
2024-12-29,,,,,,,,,,,,,,,,,30.53256009174386,1.0
2024-12-30,,,,,,,,,,,,,,,,,30.53256009174386,1.0
2024-12-31,,,,,,,,,,,,,,,,,30.53256009174386,1.0
2025-01-01,,,,,,,,,,,,,,,,,30.53256009174386,1.0
2025-01-02,,,,,,,,,,,,,,,,,30.53256009174386,1.0
2025-01-03,,,,,,,,,,,,,,,,,30.53256009174386,1.0
2025-01-04,,,,,,,,,,,,,,,,,30.53256009174386,1.0
2025-01-05,,,,,,,,,,,,,,,,,30.53256009174386,1.0
2025-01-06,,,,,,,,,,,,,,,,,30.53256009174386,1.0
2025-01-07,,,,,,,,,,,,,,,,,30.53256009174386,1.0
2025-01-08,,,,,,,,,,,,,,,,,30.53256009174386,1.0
2025-01-09,,,,,,,,,,,,,,,,,30.53256009174386,1.0
2025-01-10,,,,,,,,,,,,,,,,,30.53256009174386,1.0
2025-01-11,,,,,,,,,,,,,,,,,30.53256009174386,1.0
2025-01-12,,,,,,,,,,,,,,,,,30.53256009174386,1.0
2025-01-13,,,,,,,,,,,,,,,,,30.53256009174386,1.0
2025-01-14,,,,,,,,,,,,,,,,,30.53256009174386,1.0
2025-01-15,,,,,,,,,,,,,,,,,30.53256009174386,1.0
2025-01-16,,,,,,,,,,,,,,,,,30.53256009174386,1.0
2025-01-17,,,,,,,,,,,,,,,,,30.53256009174386,1.0
2025-01-18,,,,,,,,,,,,,,,,,30.53256009174386,1.0
2025-01-19,,,,,,,,,,,,,,,,,30.53256009174386,1.0
2025-01-20,,,,,,,,,,,,,,,,,30.53256009174386,1.0
2025-01-21,,,,,,,,,,,,,,,,,30.53256009174386,1.0
2025-01-22,,,,,,,,,,,,,,,,,30.53256009174386,1.0
2025-01-23,,,,,,,,,,,,,,,,,30.53256009174386,1.0
2025-01-24,,,,,,,,,,,,,,,,,30.53256009174386,1.0
2025-01-25,,,,,,,,,,,,,,,,,30.53256009174386,1.0
2025-01-26,,,,,,,,,,,,,,,,,30.53256009174386,1.0
2025-01-27,,,,,,,,,,,,,,,,,30.53256009174386,1.0
2025-01-28,,,,,,,,,,,,,,,,,30.53256009174386,1.0
2025-01-29,,,,,,,,,,,,,,,,,30.53256009174386,1.0
2025-01-30,,,,,,,,,,,,,,,,,30.53256009174386,1.0
2025-01-31,,,,,,,,,,,,,,,,,30.53256009174386,1.0
2025-02-01,,,,,,,,,,,,,,,,,30.53256009174386,1.0
2025-02-02,,,,,,,,,,,,,,,,,30.53256009174386,1.0
2025-02-03,,,,,,,,,,,,,,,,,30.53256009174386,1.0
2025-02-04,,,,,,,,,,,,,,,,,30.53256009174386,1.0
2025-02-05,,,,,,,,,,,,,,,,,30.53256009174386,1.0
2025-02-06,,,,,,,,,,,,,,,,,30.53256009174386,1.0
2025-02-07,,,,,,,,,,,,,,,,,30.53256009174386,1.0
2025-02-08,,,,,,,,,,,,,,,,,30.53256009174386,1.0
2025-02-09,,,,,,,,,,,,,,,,,30.53256009174386,1.0
2025-02-10,,,,,,,,,,,,,,,,,30.53256009174386,1.0
2025-02-11,,,,,,,,,,,,,,,,,30.53256009174386,1.0
2025-02-12,,,,,,,,,,,,,,,,,30.53256009174386,1.0
2025-02-13,,,,,,,,,,,,,,,,,30.53256009174386,1.0
2025-02-14,,,,,,,,,,,,,,,,,30.53256009174386,1.0
2025-02-15,,,,,,,,,,,,,,,,,30.53256009174386,1.0
2025-02-16,,,,,,,,,,,,,,,,,30.53256009174386,1.0
2025-02-17,,,,,,,,,,,,,,,,,30.53256009174386,1.0
2025-02-18,,,,,,,,,,,,,,,,,30.53256009174386,1.0
2025-02-19,,,,,,,,,,,,,,,,,30.53256009174386,1.0
2025-02-20,,,,,,,,,,,,,,,,,30.53256009174386,1.0
2025-02-21,,,,,,,,,,,,,,,,,30.53256009174386,1.0
2025-02-22,,,,,,,,,,,,,,,,,30.53256009174386,1.0
2025-02-23,,,,,,,,,,,,,,,,,30.53256009174386,1.0
2025-02-24,,,,,,,,,,,,,,,,,30.53256009174386,1.0
2025-02-25,,,,,,,,,,,,,,,,,30.53256009174386,1.0
2025-02-26,,,,,,,,,,,,,,,,,30.53256009174386,1.0
2025-02-27,,,,,,,,,,,,,,,,,30.53256009174386,1.0
2025-02-28,,,,,,,,,,,,,,,,,30.53256009174386,1.0
2025-03-01,,,,,,,,,,,,,,,,,30.53256009174386,1.0
2025-03-02,,,,,,,,,,,,,,,,,30.53256009174386,1.0
2025-03-03,,,,,,,,,,,,,,,,,30.53256009174386,1.0
2025-03-04,,,,,,,,,,,,,,,,,30.53256009174386,1.0
2025-03-05,,,,,,,,,,,,,,,,,30.53256009174386,1.0
2025-03-06,,,,,,,,,,,,,,,,,30.53256009174386,1.0
2025-03-07,,,,,,,,,,,,,,,,,30.53256009174386,1.0
2025-03-08,,,,,,,,,,,,,,,,,30.53256009174386,1.0
2025-03-09,,,,,,,,,,,,,,,,,30.53256009174386,1.0
2025-03-10,,,,,,,,,,,,,,,,,30.53256009174386,1.0
2025-03-11,,,,,,,,,,,,,,,,,30.53256009174386,1.0
2025-03-12,,,,,,,,,,,,,,,,,30.53256009174386,1.0
2025-03-13,,,,,,,,,,,,,,,,,30.53256009174386,1.0
2025-03-14,,,,,,,,,,,,,,,,,30.53256009174386,1.0
2025-03-15,,,,,,,,,,,,,,,,,30.53256009174386,1.0
2025-03-16,,,,,,,,,,,,,,,,,30.53256009174386,1.0
2025-03-17,,,,,,,,,,,,,,,,,30.53256009174386,1.0
2025-03-18,,,,,,,,,,,,,,,,,30.53256009174386,1.0
2025-03-19,,,,,,,,,,,,,,,,,30.53256009174386,1.0
2025-03-20,,,,,,,,,,,,,,,,,30.53256009174386,1.0
2025-03-21,,,,,,,,,,,,,,,,,30.53256009174386,1.0
2025-03-22,,,,,,,,,,,,,,,,,30.53256009174386,1.0
2025-03-23,,,,,,,,,,,,,,,,,30.53256009174386,1.0
2025-03-24,,,,,,,,,,,,,,,,,30.53256009174386,1.0
2025-03-25,,,,,,,,,,,,,,,,,30.53256009174386,1.0
2025-03-26,,,,,,,,,,,,,,,,,30.53256009174386,1.0
2025-03-27,,,,,,,,,,,,,,,,,30.53256009174386,1.0
2025-03-28,,,,,,,,,,,,,,,,,30.53256009174386,1.0
2025-03-29,,,,,,,,,,,,,,,,,30.53256009174386,1.0
2025-03-30,,,,,,,,,,,,,,,,,30.53256009174386,1.0
2025-03-31,,,,,,,,,,,,,,,,,30.53256009174386,1.0
2025-04-01,,,,,,,,,,,,,,,,,30.53256009174386,1.0
2025-04-02,,,,,,,,,,,,,,,,,30.53256009174386,1.0
2025-04-03,,,,,,,,,,,,,,,,,30.53256009174386,1.0
2025-04-04,,,,,,,,,,,,,,,,,30.53256009174386,1.0
2025-04-05,,,,,,,,,,,,,,,,,30.53256009174386,1.0
2025-04-06,,,,,,,,,,,,,,,,,30.53256009174386,1.0
2025-04-07,,,,,,,,,,,,,,,,,30.53256009174386,1.0
2025-04-08,,,,,,,,,,,,,,,,,30.53256009174386,1.0
2025-04-09,,,,,,,,,,,,,,,,,30.53256009174386,1.0
2025-04-10,,,,,,,,,,,,,,,,,30.53256009174386,1.0
2025-04-11,,,,,,,,,,,,,,,,,30.53256009174386,1.0
2025-04-12,,,,,,,,,,,,,,,,,30.53256009174386,1.0
2025-04-13,,,,,,,,,,,,,,,,,30.53256009174386,1.0
2025-04-14,,,,,,,,,,,,,,,,,30.53256009174386,1.0
2025-04-15,,,,,,,,,,,,,,,,,30.53256009174386,1.0
2025-04-16,,,,,,,,,,,,,,,,,30.53256009174386,1.0
2025-04-17,,,,,,,,,,,,,,,,,30.53256009174386,1.0
2025-04-18,,,,,,,,,,,,,,,,,30.53256009174386,1.0
2025-04-19,,,,,,,,,,,,,,,,,30.53256009174386,1.0
2025-04-20,,,,,,,,,,,,,,,,,30.53256009174386,1.0
2025-04-21,,,,,,,,,,,,,,,,,30.53256009174386,1.0
2025-04-22,,,,,,,,,,,,,,,,,30.53256009174386,1.0
2025-04-23,,,,,,,,,,,,,,,,,30.53256009174386,1.0
2025-04-24,,,,,,,,,,,,,,,,,30.53256009174386,1.0
2025-04-25,,,,,,,,,,,,,,,,,30.53256009174386,1.0
2025-04-26,,,,,,,,,,,,,,,,,30.53256009174386,1.0
2025-04-27,,,,,,,,,,,,,,,,,30.53256009174386,1.0
2025-04-28,,,,,,,,,,,,,,,,,30.53256009174386,1.0
2025-04-29,,,,,,,,,,,,,,,,,30.53256009174386,1.0
2025-04-30,,,,,,,,,,,,,,,,,30.53256009174386,1.0
2025-05-01,,,,,,,,,,,,,,,,,30.53256009174386,1.0
2025-05-02,,,,,,,,,,,,,,,,,30.53256009174386,1.0
2025-05-03,,,,,,,,,,,,,,,,,30.53256009174386,1.0
2025-05-04,,,,,,,,,,,,,,,,,30.53256009174386,1.0
2025-05-05,,,,,,,,,,,,,,,,,30.53256009174386,1.0
2025-05-06,,,,,,,,,,,,,,,,,30.53256009174386,1.0
2025-05-07,,,,,,,,,,,,,,,,,30.53256009174386,1.0
2025-05-08,,,,,,,,,,,,,,,,,30.53256009174386,1.0
2025-05-09,,,,,,,,,,,,,,,,,30.53256009174386,1.0
2025-05-10,,,,,,,,,,,,,,,,,30.53256009174386,1.0
2025-05-11,,,,,,,,,,,,,,,,,30.53256009174386,1.0
2025-05-12,,,,,,,,,,,,,,,,,30.53256009174386,1.0
2025-05-13,,,,,,,,,,,,,,,,,30.53256009174386,1.0
2025-05-14,,,,,,,,,,,,,,,,,30.53256009174386,1.0
2025-05-15,,,,,,,,,,,,,,,,,30.53256009174386,1.0
2025-05-16,,,,,,,,,,,,,,,,,30.53256009174386,1.0
2025-05-17,,,,,,,,,,,,,,,,,30.53256009174386,1.0
2025-05-18,,,,,,,,,,,,,,,,,30.53256009174386,1.0
2025-05-19,,,,,,,,,,,,,,,,,30.53256009174386,1.0
2025-05-20,,,,,,,,,,,,,,,,,30.53256009174386,1.0
2025-05-21,,,,,,,,,,,,,,,,,30.53256009174386,1.0
2025-05-22,,,,,,,,,,,,,,,,,30.53256009174386,1.0
2025-05-23,,,,,,,,,,,,,,,,,30.53256009174386,1.0
2025-05-24,,,,,,,,,,,,,,,,,30.53256009174386,1.0
2025-05-25,,,,,,,,,,,,,,,,,30.53256009174386,1.0
2025-05-26,,,,,,,,,,,,,,,,,30.53256009174386,1.0
2025-05-27,,,,,,,,,,,,,,,,,30.53256009174386,1.0
2025-05-28,,,,,,,,,,,,,,,,,30.53256009174386,1.0
2025-05-29,,,,,,,,,,,,,,,,,30.53256009174386,1.0
2025-05-30,,,,,,,,,,,,,,,,,30.53256009174386,1.0
2025-05-31,,,,,,,,,,,,,,,,,30.53256009174386,1.0
2025-06-01,,,,,,,,,,,,,,,,,30.53256009174386,1.0
2025-06-02,,,,,,,,,,,,,,,,,30.53256009174386,1.0
2025-06-03,,,,,,,,,,,,,,,,,30.53256009174386,1.0
2025-06-04,,,,,,,,,,,,,,,,,30.53256009174386,1.0
2025-06-05,,,,,,,,,,,,,,,,,30.53256009174386,1.0
2025-06-06,,,,,,,,,,,,,,,,,30.53256009174386,1.0
2025-06-07,,,,,,,,,,,,,,,,,30.53256009174386,1.0
2025-06-08,,,,,,,,,,,,,,,,,30.53256009174386,1.0
2025-06-09,,,,,,,,,,,,,,,,,30.53256009174386,1.0
2025-06-10,,,,,,,,,,,,,,,,,30.53256009174386,1.0
2025-06-11,,,,,,,,,,,,,,,,,30.53256009174386,1.0
2025-06-12,,,,,,,,,,,,,,,,,30.53256009174386,1.0
2025-06-13,,,,,,,,,,,,,,,,,30.53256009174386,1.0
2025-06-14,,,,,,,,,,,,,,,,,30.53256009174386,1.0
2025-06-15,,,,,,,,,,,,,,,,,30.53256009174386,1.0
2025-06-16,,,,,,,,,,,,,,,,,30.53256009174386,1.0
2025-06-17,,,,,,,,,,,,,,,,,30.53256009174386,1.0
2025-06-18,,,,,,,,,,,,,,,,,30.53256009174386,1.0
2025-06-19,,,,,,,,,,,,,,,,,30.53256009174386,1.0
2025-06-20,,,,,,,,,,,,,,,,,30.53256009174386,1.0
2025-06-21,,,,,,,,,,,,,,,,,30.53256009174386,1.0
2025-06-22,,,,,,,,,,,,,,,,,30.53256009174386,1.0
2025-06-23,,,,,,,,,,,,,,,,,30.53256009174386,1.0
2025-06-24,,,,,,,,,,,,,,,,,30.53256009174386,1.0
2025-06-25,,,,,,,,,,,,,,,,,30.53256009174386,1.0
2025-06-26,,,,,,,,,,,,,,,,,30.53256009174386,1.0
2025-06-27,,,,,,,,,,,,,,,,,30.53256009174386,1.0
2025-06-28,,,,,,,,,,,,,,,,,30.53256009174386,1.0
2025-06-29,,,,,,,,,,,,,,,,,30.53256009174386,1.0
2025-06-30,,,,,,,,,,,,,,,,,30.53256009174386,1.0
2025-07-01,,,,,,,,,,,,,,,,,30.53256009174386,1.0
2025-07-02,,,,,,,,,,,,,,,,,30.53256009174386,1.0
2025-07-03,,,,,,,,,,,,,,,,,30.53256009174386,1.0
