Date,Open_Wilshire,High_Wilshire,Low_Wilshire,Close_Wilshire,SharePrice,Volume
2014-05-01,19959.839844,20034.199219,19899.060547,19976.539063,19976.539063,0
2014-05-02,19976.539063,20068.669922,19939.839844,19965.980469,19965.980469,0
2014-05-05,19965.980469,20005.310547,19802.080078,19996.660156,19996.660156,0
2014-05-06,19996.660156,19996.660156,19796.769531,19796.970703,19796.970703,0
2014-05-07,19796.970703,19890.490234,19679.160156,19884.230469,19884.230469,0
2014-05-08,19884.230469,19997.949219,19769.419922,19823.810547,19823.810547,0
2014-05-09,19823.810547,19867.220703,19733.669922,19867.210938,19867.210938,0
2014-05-12,19867.210938,20104.919922,19867.210938,20097.800781,20097.800781,0
2014-05-13,20097.800781,20154.169922,20071.000000,20079.529297,20079.529297,0
2014-05-14,20079.529297,20079.529297,19939.929688,19966.910156,19966.910156,0
2014-05-15,19966.910156,19966.910156,19673.179688,19789.380859,19789.380859,0
2014-05-16,19789.380859,19865.929688,19716.529297,19863.960938,19863.960938,0
2014-05-19,19863.960938,19962.529297,19807.439453,19954.380859,19954.380859,0
2014-05-20,19954.380859,19954.380859,19753.669922,19805.740234,19805.740234,0
2014-05-21,19805.740234,19966.470703,19805.740234,19957.349609,19957.349609,0
2014-05-22,19957.349609,20066.900391,19938.289063,20024.769531,20024.769531,0
2014-05-23,20024.769531,20130.460938,20024.769531,20123.500000,20123.500000,0
2014-05-27,20123.500000,20261.570313,20123.500000,20258.820313,20258.820313,0
2014-05-28,20258.820313,20275.029297,20192.050781,20229.910156,20229.910156,0
2014-05-29,20229.910156,20333.039063,20228.679688,20332.990234,20332.990234,0
2014-05-30,20332.990234,20353.949219,20279.939453,20348.349609,20348.349609,0
2014-06-02,20348.349609,20371.650391,20253.660156,20361.029297,20361.029297,0
2014-06-03,20361.029297,20361.029297,20281.960938,20347.550781,20347.550781,0
2014-06-04,20347.550781,20407.349609,20282.199219,20399.689453,20399.689453,0
2014-06-05,20399.689453,20569.039063,20347.060547,20557.519531,20557.519531,0
2014-06-06,20557.519531,20665.839844,20557.519531,20661.859375,20661.859375,0
2014-06-09,20661.859375,20748.500000,20648.140625,20697.599609,20697.599609,0
2014-06-10,20697.599609,20697.599609,20616.800781,20686.140625,20686.140625,0
2014-06-11,20686.140625,20686.140625,20566.339844,20612.230469,20612.230469,0
2014-06-12,20612.230469,20612.230469,20422.529297,20469.859375,20469.859375,0
2014-06-13,20469.859375,20545.859375,20429.539063,20532.980469,20532.980469,0
2014-06-16,20532.980469,20582.570313,20473.900391,20555.810547,20555.810547,0
2014-06-17,20555.810547,20644.070313,20511.419922,20621.470703,20621.470703,0
2014-06-18,20621.470703,20775.390625,20587.369141,20767.839844,20767.839844,0
2014-06-19,20767.839844,20806.859375,20717.800781,20796.490234,20796.490234,0
2014-06-20,20796.490234,20838.740234,20796.169922,20834.759766,20834.759766,0
2014-06-23,20834.759766,20851.970703,20800.650391,20837.519531,20837.519531,0
2014-06-24,20837.519531,20909.480469,20678.509766,20743.929688,20743.929688,0
2014-06-25,20710.919922,20820.560547,20663.880859,20810.019531,20810.019531,0
2014-06-26,20810.019531,20812.460938,20657.980469,20789.380859,20789.380859,0
2014-06-27,20789.380859,20852.769531,20755.470703,20846.000000,20846.000000,0
2014-06-30,20846.000000,20888.779297,20824.900391,20862.740234,20862.740234,0
2014-07-01,20862.839844,21070.570313,20862.839844,21008.859375,21008.859375,0
2014-07-02,21008.859375,21034.929688,20979.689453,20997.109375,20997.109375,0
2014-07-03,20997.109375,21108.119141,20997.109375,21107.539063,21107.539063,0
2014-07-07,21107.539063,21107.539063,20957.390625,20979.359375,20979.359375,0
2014-07-08,20979.359375,20979.359375,20753.380859,20808.689453,20808.689453,0
2014-07-09,20808.689453,20916.150391,20808.689453,20903.699219,20903.699219,0
2014-07-10,20903.699219,20903.699219,20666.929688,20805.669922,20805.669922,0
2014-07-11,20805.669922,20841.380859,20746.929688,20828.859375,20828.859375,0
2014-07-14,20828.869141,20963.550781,20828.869141,20927.259766,20927.259766,0
2014-07-15,20927.259766,20980.310547,20780.470703,20865.849609,20865.849609,0
2014-07-16,20865.849609,20979.189453,20865.849609,20934.199219,20934.199219,0
2014-07-17,20934.199219,20938.199219,20659.029297,20687.689453,20687.689453,0
2014-07-18,20687.689453,20926.919922,20687.689453,20912.560547,20912.560547,0
2014-07-21,20912.560547,20912.560547,20775.019531,20861.570313,20861.570313,0
2014-07-22,20861.570313,21005.429688,20861.570313,20972.800781,20972.800781,0
2014-07-23,20972.800781,21037.869141,20964.480469,21010.599609,21010.599609,0
2014-07-24,21010.599609,21068.039063,20996.419922,21021.060547,21021.060547,0
2014-07-25,21021.060547,21021.060547,20867.000000,20907.169922,20907.169922,0
2014-07-28,20907.169922,20925.650391,20780.000000,20895.050781,20895.050781,0
2014-07-29,20895.050781,20964.179688,20816.359375,20816.359375,20816.359375,0
2014-07-30,20816.359375,20919.560547,20752.640625,20830.539063,20830.539063,0
2014-07-31,20830.539063,20830.539063,20410.740234,20410.810547,20410.810547,0
2014-08-01,20410.810547,20477.869141,20247.029297,20346.009766,20346.009766,0
2014-08-04,20345.990234,20538.230469,20302.449219,20501.199219,20501.199219,0
2014-08-05,20501.199219,20501.199219,20247.480469,20320.470703,20320.470703,0
2014-08-06,20320.470703,20404.550781,20218.439453,20319.410156,20319.410156,0
2014-08-07,20319.410156,20407.089844,20164.160156,20216.380859,20216.380859,0
2014-08-08,20216.380859,20444.019531,20206.179688,20436.160156,20436.160156,0
2014-08-11,20436.160156,20611.970703,20436.160156,20527.130859,20527.130859,0
2014-08-12,20527.130859,20552.449219,20418.160156,20476.169922,20476.169922,0
2014-08-13,20476.169922,20633.859375,20476.169922,20617.509766,20617.509766,0
2014-08-14,20617.509766,20704.410156,20617.509766,20704.330078,20704.330078,0
2014-08-15,20704.330078,20802.269531,20563.929688,20704.880859,20704.880859,0
2014-08-18,20704.880859,20892.789063,20704.880859,20892.619141,20892.619141,0
2014-08-19,20892.619141,20998.349609,20892.619141,20989.230469,20989.230469,0
2014-08-20,20989.230469,21051.949219,20941.539063,21031.550781,21031.550781,0
2014-08-21,21031.550781,21106.560547,21014.330078,21084.509766,21084.509766,0
2014-08-22,21084.509766,21093.900391,21006.060547,21054.859375,21054.859375,0
2014-08-25,21054.859375,21196.339844,21054.859375,21153.169922,21153.169922,0
2014-08-26,21153.169922,21236.750000,21153.169922,21193.539063,21193.539063,0
2014-08-27,21193.539063,21218.080078,21153.890625,21192.480469,21192.480469,0
2014-08-28,21192.480469,21192.480469,21084.039063,21150.550781,21150.550781,0
2014-08-29,21150.550781,21234.369141,21132.019531,21233.830078,21233.830078,0
2014-09-02,21233.890625,21277.509766,21162.960938,21244.429688,21244.429688,0
2014-09-03,21244.429688,21318.000000,21187.720703,21213.179688,21213.179688,0
2014-09-04,21213.179688,21319.710938,21119.759766,21169.980469,21169.980469,0
2014-09-05,21169.980469,21270.320313,21088.509766,21270.320313,21270.320313,0
2014-09-08,21270.320313,21276.679688,21153.490234,21221.960938,21221.960938,0
2014-09-09,21221.960938,21221.960938,21038.199219,21075.320313,21075.320313,0
2014-09-10,21075.320313,21158.580078,21017.279297,21151.839844,21151.839844,0
2014-09-11,21151.839844,21183.320313,21054.910156,21182.539063,21182.539063,0
2014-09-12,21182.539063,21182.539063,20986.390625,21041.429688,21041.429688,0
2014-09-15,21041.429688,21041.429688,20933.150391,20978.919922,20978.919922,0
2014-09-16,20978.919922,21160.949219,20925.599609,21128.769531,21128.769531,0
2014-09-17,21128.769531,21258.359375,21076.019531,21160.720703,21160.720703,0
2014-09-18,21160.720703,21263.509766,21160.720703,21254.009766,21254.009766,0
2014-09-19,21254.009766,21329.330078,21172.140625,21219.880859,21219.880859,0
2014-09-22,21219.880859,21219.880859,20976.859375,21008.369141,21008.369141,0
2014-09-23,21008.369141,21024.570313,20877.000000,20877.000000,20877.000000,0
2014-09-24,20877.000000,21055.080078,20833.539063,21038.169922,21038.169922,0
2014-09-25,21038.169922,21038.169922,20707.310547,20707.320313,20707.320313,0
2014-09-26,20707.320313,20916.199219,20707.320313,20885.669922,20885.669922,0
2014-09-29,20885.669922,20885.669922,20688.460938,20842.009766,20842.009766,0
2014-09-30,20842.009766,20898.490234,20732.570313,20760.460938,20760.460938,0
2014-10-01,20760.460938,20760.460938,20428.419922,20476.539063,20476.539063,0
2014-10-02,20476.539063,20560.740234,20259.039063,20500.460938,20500.460938,0
2014-10-03,20500.460938,20750.269531,20500.460938,20715.529297,20715.529297,0
2014-10-06,20715.529297,20815.019531,20607.740234,20665.039063,20665.039063,0
2014-10-07,20665.039063,20665.039063,20349.109375,20350.960938,20350.960938,0
2014-10-08,20350.960938,20688.089844,20217.089844,20677.580078,20677.580078,0
2014-10-09,20677.580078,20677.580078,20233.369141,20234.900391,20234.900391,0
2014-10-10,20234.900391,20318.529297,19975.009766,19975.650391,19975.650391,0
2014-10-13,19975.650391,20046.580078,19644.890625,19652.019531,19652.019531,0
2014-10-14,19652.019531,19934.880859,19639.470703,19707.630859,19707.630859,0
2014-10-15,19707.630859,19707.630859,19160.130859,19617.560547,19617.560547,0
2014-10-16,19617.560547,19812.300781,19360.410156,19682.830078,19682.830078,0
2014-10-17,19682.830078,20028.740234,19682.830078,19900.419922,19900.419922,0
2014-10-20,19900.419922,20095.240234,19860.419922,20089.390625,20089.390625,0
2014-10-21,20089.400391,20493.779297,20089.400391,20483.439453,20483.439453,0
2014-10-22,20483.439453,20566.080078,20304.679688,20307.949219,20307.949219,0
2014-10-23,20307.949219,20680.269531,20307.949219,20563.990234,20563.990234,0
2014-10-24,20563.990234,20696.529297,20511.460938,20690.130859,20690.130859,0
2014-10-27,20690.130859,20690.130859,20528.660156,20654.160156,20654.160156,0
2014-10-28,20654.160156,20928.810547,20654.160156,20928.810547,20928.810547,0
2014-10-29,20928.810547,20985.289063,20745.550781,20885.019531,20885.019531,0
2014-10-30,20885.019531,21056.210938,20798.960938,21005.500000,21005.500000,0
2014-10-31,21005.500000,21257.179688,21005.500000,21256.740234,21256.740234,0
2014-11-03,21256.740234,21340.849609,21216.150391,21260.259766,21260.259766,0
2014-11-04,21260.259766,21260.259766,21065.039063,21176.349609,21176.349609,0
2014-11-05,21176.349609,21291.810547,21176.349609,21269.720703,21269.720703,0
2014-11-06,21259.910156,21360.679688,21203.330078,21359.810547,21359.810547,0
2014-11-07,21359.810547,21400.070313,21300.609375,21381.830078,21381.830078,0
2014-11-10,21381.830078,21451.429688,21375.390625,21447.210938,21447.210938,0
2014-11-11,21447.210938,21471.699219,21409.599609,21462.669922,21462.669922,0
2014-11-12,21462.669922,21487.189453,21380.500000,21468.119141,21468.119141,0
2014-11-13,21468.119141,21544.429688,21381.960938,21456.019531,21456.019531,0
2014-11-14,21456.019531,21488.609375,21422.810547,21467.769531,21467.769531,0
2014-11-17,21467.769531,21486.400391,21398.279297,21461.910156,21461.910156,0
2014-11-18,21461.910156,21616.939453,21461.910156,21572.589844,21572.589844,0
2014-11-19,21572.589844,21572.589844,21437.630859,21526.380859,21526.380859,0
2014-11-20,21526.380859,21595.449219,21440.769531,21592.830078,21592.830078,0
2014-11-21,21592.830078,21794.589844,21592.830078,21696.140625,21696.140625,0
2014-11-24,21696.140625,21781.240234,21696.140625,21778.990234,21778.990234,0
2014-11-25,21778.990234,21833.730469,21728.500000,21761.119141,21761.119141,0
2014-11-26,21761.119141,21829.109375,21753.140625,21826.240234,21826.240234,0
2014-11-28,21826.240234,21850.630859,21710.539063,21731.179688,21731.179688,0
2014-12-01,21731.179688,21731.179688,21496.289063,21522.970703,21522.970703,0
2014-12-02,21522.970703,21689.109375,21522.970703,21665.189453,21665.189453,0
2014-12-03,21665.189453,21787.800781,21664.779297,21765.080078,21765.080078,0
2014-12-04,21765.080078,21786.400391,21639.980469,21733.199219,21733.199219,0
2014-12-05,21733.199219,21816.939453,21727.759766,21775.240234,21775.240234,0
2014-12-08,21775.240234,21778.810547,21522.599609,21581.910156,21581.910156,0
2014-12-09,21581.910156,21585.189453,21320.470703,21536.179688,21536.179688,0
2014-12-10,21616.029297,21616.029297,21226.880859,21244.730469,21244.730469,0
2014-12-11,21244.730469,21550.460938,21244.730469,21338.890625,21338.890625,0
2014-12-12,21338.890625,21338.890625,21009.830078,21009.830078,21009.830078,0
2014-12-15,21009.830078,21171.380859,20785.470703,20858.439453,20858.439453,0
2014-12-16,20858.439453,21135.410156,20701.269531,20703.089844,20703.089844,0
2014-12-17,20703.089844,21190.390625,20703.089844,21158.580078,21158.580078,0
2014-12-18,21158.580078,21633.300781,21158.580078,21633.300781,21633.300781,0
2014-12-19,21633.300781,21795.949219,21619.070313,21727.500000,21727.500000,0
2014-12-22,21727.500000,21814.000000,21712.150391,21811.189453,21811.189453,0
2014-12-23,21811.220703,21898.830078,21811.220703,21857.500000,21857.500000,0
2014-12-24,21857.500000,21922.269531,21857.500000,21867.830078,21867.830078,0
2014-12-26,21895.859375,21988.130859,21867.830078,21949.029297,21949.029297,0
2014-12-29,21949.039063,22004.679688,21920.560547,21977.519531,21977.519531,0
2014-12-30,21977.519531,21977.519531,21868.019531,21876.169922,21876.169922,0
2014-12-31,21895.539063,21942.660156,21661.919922,21669.859375,21669.859375,0
2015-01-02,21710.300781,21807.839844,21534.070313,21665.320313,21665.320313,0
2015-01-05,21665.310547,21665.310547,21233.560547,21269.060547,21269.060547,0
2015-01-06,21291.230469,21348.710938,20947.220703,21060.250000,21060.250000,0
2015-01-07,21111.339844,21323.880859,21111.339844,21301.669922,21301.669922,0
2015-01-08,21359.439453,21687.550781,21359.439453,21672.390625,21672.390625,0
2015-01-09,21672.390625,21692.150391,21428.210938,21497.119141,21497.119141,0
2015-01-12,21497.119141,21537.539063,21262.339844,21330.630859,21330.630859,0
2015-01-13,21330.689453,21628.720703,21118.300781,21280.560547,21280.560547,0
2015-01-14,21280.560547,21280.560547,20922.339844,21164.949219,21164.949219,0
2015-01-15,21164.949219,21268.089844,20941.949219,20953.339844,20953.339844,0
2015-01-16,20953.339844,21254.849609,20920.619141,21244.679688,21244.679688,0
2015-01-20,21244.679688,21335.580078,21078.689453,21258.140625,21258.140625,0
2015-01-21,21258.140625,21418.679688,21152.240234,21352.669922,21352.669922,0
2015-01-22,21352.669922,21697.019531,21298.169922,21685.029297,21685.029297,0
2015-01-23,21685.029297,21691.650391,21575.710938,21588.009766,21588.009766,0
2015-01-26,21588.009766,21688.740234,21490.250000,21685.830078,21685.830078,0
2015-01-27,21685.830078,21685.830078,21321.619141,21435.560547,21435.560547,0
2015-01-28,21435.560547,21560.970703,21123.560547,21135.570313,21135.570313,0
2015-01-29,21135.570313,21354.980469,20999.269531,21329.589844,21329.589844,0
2015-01-30,21329.589844,21345.449219,21045.550781,21060.439453,21060.439453,0
2015-02-02,21060.439453,21314.609375,20902.230469,21310.470703,21310.470703,0
2015-02-03,21310.470703,21626.269531,21310.470703,21624.779297,21624.779297,0
2015-02-04,21624.779297,21666.160156,21490.619141,21536.439453,21536.439453,0
2015-02-05,21536.439453,21785.250000,21536.439453,21774.500000,21774.500000,0
2015-02-06,21774.500000,21870.630859,21649.410156,21705.750000,21705.750000,0
2015-02-09,21705.750000,21705.810547,21559.189453,21602.519531,21602.519531,0
2015-02-10,21602.519531,21836.580078,21602.519531,21813.970703,21813.970703,0
2015-02-11,21813.970703,21857.240234,21701.230469,21807.210938,21807.210938,0
2015-02-12,21807.210938,22022.240234,21807.210938,22022.240234,22022.240234,0
2015-02-13,22022.240234,22120.820313,22013.599609,22120.810547,22120.810547,0
2015-02-17,22120.810547,22164.789063,22047.529297,22152.310547,22152.310547,0
2015-02-18,22152.310547,22161.029297,22074.490234,22161.029297,22161.029297,0
2015-02-19,22161.029297,22184.349609,22070.529297,22141.179688,22141.179688,0
2015-02-20,22141.179688,22278.720703,22020.570313,22278.550781,22278.550781,0
2015-02-23,22278.550781,22278.550781,22189.810547,22260.000000,22260.000000,0
2015-02-24,22260.000000,22329.269531,22221.310547,22308.640625,22308.640625,0
2015-02-25,22308.640625,22369.060547,22271.470703,22314.560547,22314.560547,0
2015-02-26,22314.560547,22314.560547,22206.869141,22278.230469,22278.230469,0
2015-02-27,22278.230469,22294.990234,22209.169922,22212.339844,22212.339844,0
2015-03-02,22212.339844,22346.580078,22212.339844,22346.240234,22346.240234,0
2015-03-03,22346.240234,22346.240234,22161.589844,22255.789063,22255.789063,0
2015-03-04,22255.789063,22255.789063,22048.830078,22158.519531,22158.519531,0
2015-03-05,22158.519531,22227.259766,22135.289063,22192.839844,22192.839844,0
2015-03-06,22192.839844,22192.839844,21848.630859,21886.429688,21886.429688,0
2015-03-09,21886.429688,21997.289063,21886.429688,21960.689453,21960.689453,0
2015-03-10,21960.689453,21960.689453,21616.910156,21616.910156,21616.910156,0
2015-03-11,21616.910156,21676.750000,21577.380859,21600.880859,21600.880859,0
2015-03-12,21600.880859,21874.060547,21600.880859,21869.630859,21869.630859,0
2015-03-13,21869.630859,21869.630859,21613.160156,21746.759766,21746.759766,0
2015-03-16,21746.759766,22007.609375,21746.759766,22006.560547,22006.560547,0
2015-03-17,22006.560547,22006.560547,21862.359375,21963.929688,21963.929688,0
2015-03-18,21963.939453,22290.400391,21840.250000,22216.599609,22216.599609,0
2015-03-19,22216.599609,22216.599609,22089.339844,22135.810547,22135.810547,0
2015-03-20,22135.800781,22376.189453,22135.800781,22330.890625,22330.890625,0
2015-03-23,22330.890625,22388.099609,22293.009766,22293.019531,22293.019531,0
2015-03-24,22293.019531,22326.339844,22171.869141,22172.199219,22172.199219,0
2015-03-25,22172.199219,22227.279297,21832.169922,21832.169922,21832.169922,0
2015-03-26,21832.169922,21891.509766,21673.009766,21782.910156,21782.910156,0
2015-03-27,21782.910156,21862.369141,21753.380859,21846.789063,21846.789063,0
2015-03-30,21846.789063,22138.929688,21846.789063,22114.560547,22114.560547,0
2015-03-31,22114.560547,22114.560547,21930.800781,21947.910156,21947.910156,0
2015-04-01,21947.910156,21947.910156,21749.339844,21869.060547,21869.060547,0
2015-04-02,21869.060547,22001.509766,21850.419922,21946.619141,21946.619141,0
2015-04-06,21946.619141,22145.060547,21842.330078,22083.169922,22083.169922,0
2015-04-07,22083.160156,22172.199219,22024.259766,22026.570313,22026.570313,0
2015-04-08,22026.570313,22139.679688,22014.330078,22100.560547,22100.560547,0
2015-04-09,22100.560547,22187.300781,22000.330078,22171.279297,22171.279297,0
2015-04-10,22171.279297,22277.669922,22171.279297,22274.800781,22274.800781,0
2015-04-13,22274.800781,22332.820313,22185.419922,22187.130859,22187.130859,0
2015-04-14,22187.130859,22244.890625,22087.160156,22218.830078,22218.830078,0
2015-04-15,22218.830078,22391.880859,22218.830078,22339.080078,22339.080078,0
2015-04-16,22339.080078,22384.210938,22268.519531,22324.910156,22324.910156,0
2015-04-17,22324.910156,22324.910156,21974.900391,22060.789063,22060.789063,0
2015-04-20,22060.789063,22290.960938,22060.789063,22255.619141,22255.619141,0
2015-04-21,22255.619141,22350.970703,22203.800781,22232.140625,22232.140625,0
2015-04-22,22232.140625,22352.640625,22164.410156,22333.689453,22333.689453,0
2015-04-23,22333.689453,22467.140625,22291.910156,22396.189453,22396.189453,0
2015-04-24,22396.189453,22461.759766,22393.820313,22431.179688,22431.179688,0
2015-04-27,22431.179688,22522.830078,22297.339844,22316.000000,22316.000000,0
2015-04-28,22316.000000,22387.300781,22164.279297,22367.189453,22367.189453,0
2015-04-29,22367.189453,22367.189453,22188.189453,22277.019531,22277.019531,0
2015-04-30,22277.019531,22277.019531,21953.240234,22034.289063,22034.289063,0
2015-05-01,22034.289063,22249.359375,22034.289063,22247.990234,22247.990234,0
2015-05-04,22247.990234,22386.310547,22247.990234,22313.900391,22313.900391,0
2015-05-05,22313.900391,22325.310547,22028.750000,22045.890625,22045.890625,0
2015-05-06,22045.890625,22142.750000,21843.380859,21967.099609,21967.099609,0
2015-05-07,21967.099609,22096.369141,21907.130859,22048.109375,22048.109375,0
2015-05-08,22048.109375,22344.519531,22048.109375,22319.279297,22319.279297,0
2015-05-11,22319.279297,22345.500000,22215.210938,22224.810547,22224.810547,0
2015-05-12,22224.810547,22226.720703,22012.789063,22169.359375,22169.359375,0
2015-05-13,22169.359375,22281.470703,22137.560547,22159.939453,22159.939453,0
2015-05-14,22159.939453,22390.109375,22159.939453,22387.050781,22387.050781,0
2015-05-15,22387.050781,22413.320313,22335.970703,22402.169922,22402.169922,0
2015-05-18,22402.169922,22513.279297,22370.769531,22492.019531,22492.019531,0
2015-05-19,22492.019531,22515.849609,22433.089844,22466.960938,22466.960938,0
2015-05-20,22466.960938,22536.779297,22411.000000,22451.189453,22451.189453,0
2015-05-21,22451.189453,22528.320313,22424.699219,22495.550781,22495.550781,0
2015-05-22,22495.550781,22502.259766,22440.080078,22449.830078,22449.830078,0
2015-05-26,22449.830078,22449.830078,22173.849609,22224.390625,22224.390625,0
2015-05-27,22224.390625,22447.599609,22224.390625,22422.939453,22422.939453,0
2015-05-28,22422.939453,22422.939453,22306.710938,22391.289063,22391.289063,0
2015-05-29,22391.289063,22391.289063,22222.919922,22259.699219,22259.699219,0
2015-06-01,22259.699219,22374.400391,22195.980469,22300.339844,22300.339844,0
2015-06-02,22300.339844,22374.660156,22177.919922,22292.720703,22292.720703,0
2015-06-03,22292.720703,22429.250000,22292.720703,22357.419922,22357.419922,0
2015-06-04,22357.419922,22357.419922,22137.380859,22161.750000,22161.750000,0
2015-06-05,22161.750000,22217.589844,22050.519531,22167.660156,22167.660156,0
2015-06-08,22166.240234,22168.070313,22016.660156,22018.080078,22018.080078,0
2015-06-09,22018.080078,22067.890625,21923.740234,22014.599609,22014.599609,0
2015-06-10,22014.599609,22301.689453,22014.599609,22267.240234,22267.240234,0
2015-06-11,22267.240234,22363.300781,22267.240234,22310.029297,22310.029297,0
2015-06-12,22310.029297,22310.029297,22142.089844,22173.669922,22173.669922,0
2015-06-15,22173.669922,22173.669922,21941.730469,22079.349609,22079.349609,0
2015-06-16,22079.349609,22212.960938,22056.640625,22200.179688,22200.179688,0
2015-06-17,22200.179688,22300.630859,22130.960938,22238.880859,22238.880859,0
2015-06-18,22238.880859,22509.550781,22238.880859,22453.400391,22453.400391,0
2015-06-19,22453.400391,22458.089844,22342.380859,22347.650391,22347.650391,0
2015-06-22,22347.640625,22537.150391,22347.640625,22473.250000,22473.250000,0
2015-06-23,22473.250000,22519.000000,22443.970703,22498.580078,22498.580078,0
2015-06-24,22498.580078,22498.580078,22324.810547,22324.820313,22324.820313,0
2015-06-25,22324.820313,22391.570313,22243.189453,22258.179688,22258.179688,0
2015-06-26,22258.179688,22319.580078,22175.230469,22245.419922,22245.419922,0
2015-06-29,22245.419922,22245.419922,21765.089844,21774.320313,21774.320313,0
2015-06-30,21774.320313,21948.789063,21774.320313,21841.750000,21841.750000,0
2015-07-01,21842.019531,22034.369141,21842.019531,21968.089844,21968.089844,0
2015-07-02,21968.089844,22039.119141,21892.570313,21950.589844,21950.589844,0
2015-07-06,21950.589844,21971.929688,21752.960938,21869.980469,21869.980469,0
2015-07-07,21869.980469,22015.960938,21596.769531,21994.390625,21994.390625,0
2015-07-08,21994.390625,21994.390625,21621.759766,21628.939453,21628.939453,0
2015-07-09,21628.939453,21911.369141,21628.939453,21686.660156,21686.660156,0
2015-07-10,21686.660156,21993.820313,21686.660156,21954.359375,21954.359375,0
2015-07-13,21954.359375,22205.789063,21954.359375,22194.619141,22194.619141,0
2015-07-14,22206.509766,22330.179688,22181.339844,22300.630859,22300.630859,0
2015-07-15,22300.630859,22340.509766,22205.660156,22252.580078,22252.580078,0
2015-07-16,22252.580078,22417.130859,22252.580078,22416.650391,22416.650391,0
2015-07-17,22416.650391,22466.390625,22361.390625,22420.660156,22420.660156,0
2015-07-20,22420.660156,22457.009766,22374.550781,22413.109375,22413.109375,0
2015-07-21,22413.109375,22423.490234,22274.339844,22310.369141,22310.369141,0
2015-07-22,22310.369141,22310.369141,22218.580078,22265.720703,22265.720703,0
2015-07-23,22265.720703,22304.250000,22097.550781,22131.980469,22131.980469,0
2015-07-24,22131.980469,22171.890625,21882.810547,21906.750000,21906.750000,0
2015-07-27,21906.750000,21906.750000,21723.269531,21761.669922,21761.669922,0
2015-07-28,21761.669922,22055.640625,21761.669922,22027.650391,22027.650391,0
2015-07-29,22027.650391,22208.699219,22025.169922,22192.390625,22192.390625,0
2015-07-30,22192.390625,22222.869141,22054.230469,22205.859375,22205.859375,0
2015-07-31,22205.859375,22288.160156,22161.369141,22180.080078,22180.080078,0
2015-08-03,22180.080078,22192.240234,21997.339844,22106.880859,22106.880859,0
2015-08-04,22106.880859,22170.609375,22019.980469,22066.929688,22066.929688,0
2015-08-05,22066.929688,22283.029297,22066.929688,22116.820313,22116.820313,0
2015-08-06,22116.820313,22137.759766,21829.929688,21923.300781,21923.300781,0
2015-08-07,21923.289063,21923.289063,21751.869141,21852.580078,21852.580078,0
2015-08-10,21852.580078,22143.500000,21852.580078,22132.240234,22132.240234,0
2015-08-11,22132.240234,22132.240234,21850.720703,21928.500000,21928.500000,0
2015-08-12,21928.500000,21977.099609,21589.910156,21946.150391,21946.150391,0
2015-08-13,21946.150391,22012.650391,21866.169922,21914.070313,21914.070313,0
2015-08-14,21914.060547,22017.349609,21882.460938,22009.759766,22009.759766,0
2015-08-17,22009.759766,22143.539063,21889.019531,22141.650391,22141.650391,0
2015-08-18,22141.650391,22141.650391,22038.029297,22063.710938,22063.710938,0
2015-08-19,22063.710938,22063.710938,21774.960938,21874.910156,21874.910156,0
2015-08-20,21874.910156,21874.910156,21395.240234,21395.240234,21395.240234,0
2015-08-21,21395.240234,21395.240234,20770.279297,20770.279297,20770.279297,0
2015-08-24,20770.279297,20770.279297,19729.230469,19956.480469,19956.480469,0
2015-08-25,19956.480469,20500.400391,19716.910156,19722.009766,19722.009766,0
2015-08-26,19722.009766,20451.490234,19722.009766,20427.869141,20427.869141,0
2015-08-27,20427.869141,20952.130859,20427.869141,20921.500000,20921.500000,0
2015-08-28,20921.500000,21012.869141,20831.349609,20968.310547,20968.310547,0
2015-08-31,20968.310547,20968.310547,20741.599609,20802.960938,20802.960938,0
2015-09-01,20802.960938,20802.960938,20101.640625,20206.060547,20206.060547,0
2015-09-02,20206.060547,20558.619141,20206.060547,20558.410156,20558.410156,0
2015-09-03,20558.410156,20830.240234,20527.369141,20590.630859,20590.630859,0
2015-09-04,20590.630859,20590.630859,20202.330078,20304.160156,20304.160156,0
2015-09-08,20304.160156,20806.029297,20304.160156,20795.279297,20795.279297,0
2015-09-09,20795.279297,20989.830078,20478.250000,20516.789063,20516.789063,0
2015-09-10,20516.789063,20740.640625,20467.500000,20610.160156,20610.160156,0
2015-09-11,20610.160156,20691.660156,20466.800781,20691.660156,20691.660156,0
2015-09-14,20691.660156,20707.789063,20563.970703,20606.199219,20606.199219,0
2015-09-15,20606.199219,20899.089844,20606.199219,20851.740234,20851.740234,0
2015-09-16,20851.730469,21051.960938,20850.689453,21033.250000,21033.250000,0
2015-09-17,21033.250000,21312.560547,20969.269531,21007.720703,21007.720703,0
2015-09-18,21007.720703,21007.720703,20633.470703,20678.740234,20678.740234,0
2015-09-21,20678.769531,20913.480469,20655.269531,20757.980469,20757.980469,0
2015-09-22,20757.980469,20757.980469,20353.289063,20487.300781,20487.300781,0
2015-09-23,20487.300781,20558.560547,20377.130859,20430.390625,20430.390625,0
2015-09-24,20430.380859,20430.380859,20116.390625,20355.109375,20355.109375,0
2015-09-25,20355.109375,20536.130859,20213.849609,20313.519531,20313.519531,0
2015-09-28,20313.519531,20313.519531,19735.099609,19760.179688,19760.179688,0
2015-09-29,19760.179688,19931.009766,19619.259766,19737.250000,19737.250000,0
2015-09-30,19737.250000,20125.470703,19737.250000,20119.279297,20119.279297,0
2015-10-01,20109.429688,20189.410156,19918.580078,20157.359375,20157.359375,0
2015-10-02,20157.359375,20453.859375,19853.009766,20453.859375,20453.859375,0
2015-10-05,20453.859375,20864.250000,20453.859375,20847.210938,20847.210938,0
2015-10-06,20847.210938,20889.830078,20681.019531,20763.140625,20763.140625,0
2015-10-07,20763.140625,20972.140625,20735.990234,20954.710938,20954.710938,0
2015-10-08,20954.710938,21168.310547,20869.900391,21133.339844,21133.339844,0
2015-10-09,21133.339844,21205.740234,21088.119141,21157.550781,21157.550781,0
2015-10-12,21157.550781,21179.640625,21092.970703,21165.169922,21165.169922,0
2015-10-13,21165.169922,21222.880859,20987.330078,21001.570313,21001.570313,0
2015-10-14,21001.570313,21067.039063,20847.810547,20880.099609,20880.099609,0
2015-10-15,20880.099609,21201.650391,20880.099609,21201.419922,21201.419922,0
2015-10-16,21201.410156,21285.240234,21149.039063,21280.380859,21280.380859,0
2015-10-19,21280.380859,21306.189453,21164.960938,21285.830078,21285.830078,0
2015-10-20,21285.830078,21350.099609,21208.400391,21256.210938,21256.210938,0
2015-10-21,21256.210938,21322.830078,21077.449219,21093.240234,21093.240234,0
2015-10-22,21093.240234,21434.050781,21093.240234,21394.529297,21394.529297,0
2015-10-23,21394.529297,21650.779297,21394.529297,21614.060547,21614.060547,0
2015-10-26,21613.890625,21613.890625,21521.560547,21566.960938,21566.960938,0
2015-10-27,21566.960938,21566.960938,21395.830078,21475.369141,21475.369141,0
2015-10-28,21475.369141,21771.970703,21475.369141,21771.949219,21771.949219,0
2015-10-29,21771.949219,21771.949219,21681.970703,21735.259766,21735.259766,0
2015-10-30,21735.259766,21792.000000,21647.800781,21648.509766,21648.509766,0
2015-11-02,21648.509766,21919.390625,21648.509766,21897.789063,21897.789063,0
2015-11-03,21901.320313,22032.699219,21901.160156,21961.259766,21961.259766,0
2015-11-04,21961.259766,22016.759766,21821.730469,21885.960938,21885.960938,0
2015-11-05,21885.960938,21950.240234,21753.439453,21866.460938,21866.460938,0
2015-11-06,21866.460938,21879.650391,21694.269531,21865.240234,21865.240234,0
2015-11-09,21865.240234,21865.240234,21534.000000,21645.039063,21645.039063,0
2015-11-10,21645.039063,21692.320313,21549.089844,21678.630859,21678.630859,0
2015-11-11,21678.630859,21722.699219,21585.689453,21586.679688,21586.679688,0
2015-11-12,21586.679688,21586.679688,21265.730469,21268.380859,21268.380859,0
2015-11-13,21268.380859,21268.380859,21036.779297,21043.660156,21043.660156,0
2015-11-16,21043.660156,21335.140625,21000.730469,21334.839844,21334.839844,0
2015-11-17,21334.839844,21476.750000,21257.669922,21300.740234,21300.740234,0
2015-11-18,21300.740234,21653.349609,21300.740234,21638.000000,21638.000000,0
2015-11-19,21638.000000,21669.000000,21579.029297,21606.419922,21606.419922,0
2015-11-20,21606.419922,21763.859375,21606.419922,21681.310547,21681.310547,0
2015-11-23,21681.310547,21760.619141,21620.650391,21673.949219,21673.949219,0
2015-11-24,21673.949219,21764.800781,21511.679688,21719.710938,21719.710938,0
2015-11-25,21719.710938,21778.589844,21693.339844,21741.869141,21741.869141,0
2015-11-27,21741.869141,21788.980469,21689.580078,21761.339844,21761.339844,0
2015-11-30,21761.339844,21800.130859,21658.439453,21658.550781,21658.550781,0
2015-12-01,21658.519531,21873.320313,21658.519531,21866.660156,21866.660156,0
2015-12-02,21866.660156,21873.429688,21602.679688,21627.380859,21627.380859,0
2015-12-03,21627.380859,21682.919922,21223.830078,21298.130859,21298.130859,0
2015-12-04,21298.130859,21699.929688,21298.130859,21678.169922,21678.169922,0
2015-12-07,21678.169922,21678.169922,21396.939453,21489.199219,21489.199219,0
2015-12-08,21489.199219,21489.199219,21240.619141,21365.019531,21365.019531,0
2015-12-09,21365.019531,21545.060547,21105.400391,21208.779297,21208.779297,0
2015-12-10,21208.779297,21402.970703,21190.289063,21254.919922,21254.919922,0
2015-12-11,21254.919922,21254.919922,20784.439453,20823.359375,20823.359375,0
2015-12-14,20823.359375,20897.789063,20603.429688,20871.029297,20871.029297,0
2015-12-15,20871.029297,21195.619141,20871.029297,21099.580078,21099.580078,0
2015-12-16,21099.580078,21446.960938,21099.580078,21412.890625,21412.890625,0
2015-12-17,21412.890625,21447.599609,21099.560547,21100.339844,21100.339844,0
2015-12-18,21100.339844,21100.339844,20751.980469,20754.910156,20754.910156,0
2015-12-21,20754.910156,20923.589844,20754.910156,20911.750000,20911.750000,0
2015-12-22,20911.750000,21138.710938,20905.699219,21100.220703,21100.220703,0
2015-12-23,21100.220703,21382.089844,21100.220703,21379.390625,21379.390625,0
2015-12-24,21379.390625,21420.509766,21327.439453,21354.560547,21354.560547,0
2015-12-28,21354.560547,21354.560547,21165.080078,21296.179688,21296.179688,0
2015-12-29,21296.179688,21533.269531,21296.179688,21509.859375,21509.859375,0
2015-12-30,21509.859375,21509.859375,21340.199219,21350.220703,21350.220703,0
2015-12-31,21350.220703,21352.050781,21165.150391,21167.859375,21167.859375,0
2016-01-04,21167.859375,21167.859375,20609.500000,20841.359375,20841.359375,0
2016-01-05,20841.359375,20927.650391,20755.130859,20879.929688,20879.929688,0
2016-01-06,20879.929688,20879.929688,20479.259766,20593.400391,20593.400391,0
2016-01-07,20593.400391,20593.400391,20050.689453,20089.529297,20089.529297,0
2016-01-08,20089.529297,20266.470703,19834.339844,19867.099609,19867.099609,0
2016-01-11,19867.099609,20001.029297,19627.900391,19848.269531,19848.269531,0
2016-01-12,19848.269531,20099.650391,19707.359375,19972.189453,19972.189453,0
2016-01-13,19972.189453,20089.470703,19390.699219,19440.929688,19440.929688,0
2016-01-14,19474.589844,19882.599609,19295.089844,19755.740234,19755.740234,0
2016-01-15,19755.740234,19755.740234,19075.509766,19335.230469,19335.230469,0
2016-01-19,19335.230469,19541.279297,19115.189453,19286.300781,19286.300781,0
2016-01-20,19286.300781,19286.300781,18550.480469,19077.689453,19077.689453,0
2016-01-21,19077.689453,19399.310547,18976.210938,19172.589844,19172.589844,0
2016-01-22,19172.589844,19605.250000,19172.589844,19592.339844,19592.339844,0
2016-01-25,19592.339844,19592.339844,19248.580078,19261.480469,19261.480469,0
2016-01-26,19261.480469,19589.070313,19261.480469,19563.099609,19563.099609,0
2016-01-27,19563.099609,19685.830078,19233.550781,19335.660156,19335.660156,0
2016-01-28,19335.660156,19551.269531,19251.810547,19434.320313,19434.320313,0
2016-01-29,19434.320313,19926.099609,19434.320313,19926.099609,19926.099609,0
2016-02-01,19926.099609,19998.429688,19710.009766,19917.839844,19917.839844,0
2016-02-02,19917.839844,19917.839844,19466.630859,19524.150391,19524.150391,0
2016-02-03,19524.150391,19659.140625,19189.839844,19606.929688,19606.929688,0
2016-02-04,19606.929688,19783.560547,19499.300781,19655.419922,19655.419922,0
2016-02-05,19655.419922,19655.419922,19184.589844,19244.939453,19244.939453,0
2016-02-08,19244.939453,19244.939453,18670.070313,18921.929688,18921.929688,0
2016-02-09,18802.730469,19047.230469,18710.269531,18883.750000,18883.750000,0
2016-02-10,18883.750000,19201.460938,18878.189453,18890.669922,18890.669922,0
2016-02-11,18890.669922,18890.669922,18462.429688,18656.050781,18656.050781,0
2016-02-12,18656.050781,19026.839844,18656.050781,19026.839844,19026.839844,0
2016-02-16,19026.839844,19371.460938,19026.839844,19370.550781,19370.550781,0
2016-02-17,19370.550781,19748.509766,19370.550781,19707.689453,19707.689453,0
2016-02-18,19707.689453,19745.609375,19588.509766,19618.250000,19618.250000,0
2016-02-19,19618.250000,19630.009766,19451.679688,19624.179688,19624.179688,0
2016-02-22,19624.179688,19930.369141,19624.179688,19913.160156,19913.160156,0
2016-02-23,19913.160156,19913.160156,19665.839844,19676.830078,19676.830078,0
2016-02-24,19676.830078,19801.869141,19363.820313,19779.390625,19779.390625,0
2016-02-25,19815.029297,19998.990234,19736.660156,19998.519531,19998.519531,0
2016-02-26,19998.519531,20119.609375,19964.429688,19996.519531,19996.519531,0
2016-02-29,19996.519531,20111.800781,19860.130859,19864.019531,19864.019531,0
2016-03-01,19864.019531,20325.199219,19864.019531,20325.199219,20325.199219,0
2016-03-02,20325.199219,20436.009766,20234.900391,20435.939453,20435.939453,0
2016-03-03,20435.939453,20541.220703,20363.570313,20538.839844,20538.839844,0
2016-03-04,20538.839844,20709.910156,20477.769531,20609.470703,20609.470703,0
2016-03-07,20609.470703,20701.150391,20509.720703,20659.089844,20659.089844,0
2016-03-08,20659.089844,20659.089844,20361.650391,20379.580078,20379.580078,0
2016-03-09,20379.580078,20508.980469,20379.330078,20479.580078,20479.580078,0
2016-03-10,20479.580078,20626.669922,20251.300781,20452.400391,20452.400391,0
2016-03-11,20452.400391,20805.599609,20452.400391,20802.970703,20802.970703,0
2016-03-14,20802.970703,20823.339844,20693.849609,20772.480469,20772.480469,0
2016-03-15,20772.480469,20772.480469,20604.769531,20694.419922,20694.419922,0
2016-03-16,20694.419922,20879.980469,20657.009766,20836.220703,20836.220703,0
2016-03-17,20836.220703,21051.880859,20789.589844,20998.029297,20998.029297,0
2016-03-18,20998.029297,21122.759766,20998.029297,21096.800781,21096.800781,0
2016-03-21,21096.800781,22360.140625,21029.210938,21109.919922,21109.919922,0
2016-03-22,21109.919922,21167.429688,20992.949219,21100.109375,21100.109375,0
2016-03-23,21100.109375,21100.109375,20906.339844,20914.939453,20914.939453,0
2016-03-24,20914.939453,20915.550781,20754.279297,20914.769531,20914.769531,0
2016-03-28,20914.769531,20987.839844,20866.330078,20927.320313,20927.320313,0
2016-03-29,20927.320313,21159.070313,20837.449219,21152.070313,21152.070313,0
2016-03-30,21152.070313,21327.730469,21152.070313,21238.050781,21238.050781,0
2016-03-31,21238.050781,21296.800781,21199.400391,21224.320313,21224.320313,0
2016-04-01,null,null,null,null,null,null
2016-04-04,21328.349609,21349.000000,21216.689453,21238.929688,21238.929688,0
2016-04-05,21111.160156,21141.750000,21011.289063,21036.730469,21036.730469,0
2016-04-06,21047.529297,21269.089844,21019.640625,21264.279297,21264.279297,0
2016-04-07,21159.830078,21178.359375,20927.609375,21014.609375,21014.609375,0
2016-04-08,21123.550781,21205.099609,21010.369141,21071.240234,21071.240234,0
2016-04-11,21127.660156,21251.130859,21020.230469,21021.240234,21021.240234,0
2016-04-12,21050.970703,21263.160156,20992.570313,21228.869141,21228.869141,0
2016-04-13,21324.929688,21474.980469,21324.929688,21469.589844,21469.589844,0
2016-04-14,21470.130859,21518.130859,21420.869141,21464.419922,21464.419922,0
2016-04-15,21462.939453,21483.039063,21422.750000,21463.539063,21463.539063,0
2016-04-18,21393.089844,21590.839844,21357.470703,21587.050781,21587.050781,0
2016-04-19,21653.490234,21722.869141,21585.619141,21681.640625,21681.640625,0
2016-04-20,21679.740234,21790.560547,21623.589844,21698.669922,21698.669922,0
2016-04-21,21233.259766,21717.730469,21233.259766,21587.630859,21587.630859,0
2016-04-22,21527.699219,21637.320313,21509.820313,21622.039063,21622.039063,0
2016-04-25,21556.720703,21580.130859,21475.310547,21572.080078,21572.080078,0
2016-04-26,21609.460938,21671.849609,21552.390625,21632.990234,21632.990234,0
2016-04-27,21596.259766,21729.179688,21551.060547,21686.160156,21686.160156,0
2016-04-28,21618.310547,21727.349609,21441.609375,21485.710938,21485.710938,0
2016-04-29,21450.269531,21463.009766,21237.699219,21377.589844,21377.589844,0
2016-05-02,21410.429688,21557.609375,21371.839844,21539.890625,21539.890625,0
2016-05-03,null,null,null,null,null,null
2016-05-04,21211.669922,21294.109375,21135.609375,21197.269531,21197.269531,0
2016-05-05,21246.000000,21296.189453,21133.830078,21179.650391,21179.650391,0
2016-05-06,21106.230469,21261.009766,21065.880859,21258.080078,21258.080078,0
2016-05-09,21254.830078,21335.910156,21215.189453,21276.419922,21276.419922,0
2016-05-10,21338.119141,21534.570313,21338.119141,21530.119141,21530.119141,0
2016-05-11,21475.130859,21509.070313,21322.769531,21324.539063,21324.539063,0
2016-05-12,21388.990234,21427.369141,21196.759766,21309.250000,21309.250000,0
2016-05-13,21249.529297,21319.769531,21078.410156,21117.210938,21117.210938,0
2016-05-16,21152.619141,21396.410156,21152.619141,21341.470703,21341.470703,0
2016-05-17,21306.970703,21328.460938,21068.390625,21132.339844,21132.339844,0
2016-05-18,21082.830078,21271.390625,21001.880859,21130.320313,21130.320313,0
2016-05-19,20998.519531,21048.839844,20857.830078,21003.820313,21003.820313,0
2016-05-20,21119.900391,21265.210938,21119.900391,21218.339844,21218.339844,0
2016-05-23,21204.800781,21307.650391,21198.259766,21225.199219,21225.199219,0
2016-05-24,21256.089844,21496.070313,21256.089844,21460.570313,21460.570313,0
2016-05-25,21532.189453,21655.880859,21532.189453,21613.630859,21613.630859,0
2016-05-26,21625.580078,21653.800781,21573.900391,21602.679688,21602.679688,0
2016-05-27,21603.669922,21701.470703,21603.669922,21701.470703,21701.470703,0
2016-05-31,null,null,null,null,null,null
2016-06-01,21566.109375,21722.970703,21538.750000,21708.019531,21708.019531,0
2016-06-02,21681.669922,21808.880859,21626.509766,21808.880859,21808.880859,0
2016-06-03,21755.599609,21780.400391,21604.460938,21742.320313,21742.320313,0
2016-06-06,21779.320313,21905.080078,21768.710938,21865.880859,21865.880859,0
2016-06-07,21887.830078,21968.929688,21886.480469,21900.740234,21900.740234,0
2016-06-08,21931.009766,22000.000000,21915.140625,21985.119141,21985.119141,0
2016-06-09,21891.429688,21941.710938,21845.060547,21920.769531,21920.769531,0
2016-06-10,21765.910156,21780.789063,21627.410156,21688.789063,21688.789063,0
2016-06-13,21608.390625,21713.800781,21497.130859,21507.179688,21507.179688,0
2016-06-14,21455.970703,21531.529297,21341.740234,21457.779297,21457.779297,0
2016-06-15,21498.650391,21586.859375,21424.779297,21445.939453,21445.939453,0
2016-06-16,21341.509766,21502.560547,21202.890625,21490.810547,21490.810547,0
2016-06-17,21486.240234,21487.529297,21356.869141,21431.140625,21431.140625,0
2016-06-20,21580.140625,21689.169922,21513.359375,21522.419922,21522.419922,0
2016-06-21,21600.880859,21664.720703,21547.490234,21616.300781,21616.300781,0
2016-06-22,21610.419922,21727.470703,21563.949219,21574.949219,21574.949219,0
2016-06-23,21738.859375,21884.310547,21721.820313,21884.310547,21884.310547,0
2016-06-24,21279.589844,21464.369141,21057.140625,21102.320313,21102.320313,0
2016-06-27,20931.710938,20931.710938,20583.789063,20671.369141,20671.369141,0
2016-06-28,20865.330078,21045.109375,20846.050781,21045.109375,21045.109375,0
2016-06-29,21218.179688,21444.230469,21218.179688,21417.529297,21417.529297,0
2016-06-30,21470.730469,21712.169922,21402.140625,21711.380859,21711.380859,0
2016-07-01,21682.990234,21802.800781,21680.669922,21739.070313,21739.070313,0
2016-07-05,21741.500000,21741.500000,21488.070313,21572.570313,21572.570313,0
2016-07-06,21522.359375,21733.330078,21462.240234,21723.580078,21723.580078,0
2016-07-07,21733.390625,21818.259766,21611.429688,21698.890625,21698.890625,0
2016-07-08,21848.369141,22064.109375,21841.070313,22040.710938,22040.710938,0
2016-07-11,22104.419922,22195.529297,22086.150391,22136.820313,22136.820313,0
2016-07-12,22240.589844,22349.839844,22233.130859,22309.289063,22309.289063,0
2016-07-13,22350.619141,22350.619141,22230.580078,22295.070313,22295.070313,0
2016-07-14,22422.919922,22445.810547,22351.419922,22385.830078,22385.830078,0
2016-07-15,22458.900391,22463.949219,22331.380859,22388.880859,22388.880859,0
2016-07-18,22387.470703,22457.000000,22355.150391,22441.189453,22441.189453,0
2016-07-19,22383.960938,22422.599609,22352.580078,22402.400391,22402.400391,0
2016-07-20,22466.769531,22540.810547,22405.759766,22516.080078,22516.080078,0
2016-07-21,22509.029297,22527.660156,22370.660156,22424.880859,22424.880859,0
2016-07-22,null,null,null,null,null,null
2016-07-25,22514.710938,22514.710938,22413.839844,22476.470703,22476.470703,0
2016-07-26,22466.949219,22535.490234,22398.820313,22498.109375,22498.109375,0
2016-07-27,22540.980469,22543.099609,22384.820313,22464.390625,22464.390625,0
2016-07-28,22441.500000,22528.830078,22391.820313,22497.419922,22497.419922,0
2016-07-29,22473.779297,22587.439453,22429.539063,22547.919922,22547.919922,0
2016-08-01,22539.349609,22590.570313,22460.289063,22501.740234,22501.740234,0
2016-08-02,22487.669922,22503.109375,22242.449219,22339.779297,22339.779297,0
2016-08-03,22332.689453,22430.369141,22290.009766,22430.369141,22430.369141,0
2016-08-04,22428.550781,22484.419922,22386.820313,22439.660156,22439.660156,0
2016-08-05,22526.429688,22640.720703,22516.910156,22634.550781,22634.550781,0
2016-08-08,22655.289063,22679.490234,22600.660156,22627.910156,22627.910156,0
2016-08-09,22639.029297,22694.039063,22607.880859,22639.259766,22639.259766,0
2016-08-10,22644.550781,22654.960938,22531.849609,22566.710938,22566.710938,0
2016-08-11,22627.919922,22697.519531,22594.589844,22670.500000,22670.500000,0
2016-08-12,22640.970703,22689.689453,22609.699219,22659.359375,22659.359375,0
2016-08-15,22697.400391,22785.410156,22697.400391,22748.740234,22748.740234,0
2016-08-16,22693.720703,22693.720703,22610.169922,22611.189453,22611.189453,0
2016-08-17,22595.949219,22636.949219,22490.970703,22626.400391,22626.400391,0
2016-08-18,22626.009766,22699.800781,22622.789063,22699.800781,22699.800781,0
2016-08-19,22647.150391,22679.769531,22582.320313,22665.279297,22665.279297,0
2016-08-22,22631.330078,22686.429688,22589.080078,22668.210938,22668.210938,0
2016-08-23,null,null,null,null,null,null
2016-08-24,22695.949219,22713.740234,22545.279297,22592.210938,22592.210938,0
2016-08-25,null,null,null,null,null,null
2016-08-26,22608.140625,22729.160156,22442.640625,22538.140625,22538.140625,0
2016-08-29,22560.320313,22692.250000,22560.320313,22657.019531,22657.019531,0
2016-08-30,22651.509766,22677.359375,22554.539063,22619.679688,22619.679688,0
2016-08-31,22586.160156,22592.539063,22456.419922,22561.220703,22561.220703,0
2016-09-01,22555.949219,22590.009766,22415.109375,22563.470703,22563.470703,0
2016-09-02,22653.380859,22724.150391,22613.269531,22686.699219,22686.699219,0
2016-09-06,22655.960938,22723.980469,22603.500000,22723.980469,22723.980469,0
2016-09-07,22732.660156,22778.490234,22692.439453,22778.250000,22778.250000,0
2016-09-08,22681.130859,22714.300781,22634.919922,22671.519531,22671.519531,0
2016-09-09,22562.089844,22562.089844,22157.519531,22157.519531,22157.519531,0
2016-09-12,22048.089844,22504.250000,22043.300781,22463.500000,22463.500000,0
2016-09-13,22301.890625,22322.070313,22036.179688,22114.099609,22114.099609,0
2016-09-14,22118.630859,22261.849609,22042.580078,22101.490234,22101.490234,0
2016-09-15,22090.710938,22360.160156,22070.189453,22321.130859,22321.130859,0
2016-09-16,22262.000000,22266.599609,22160.039063,22240.519531,22240.519531,0
2016-09-19,22314.800781,22355.929688,22168.789063,22212.640625,22212.640625,0
2016-09-20,22351.910156,22373.390625,22248.560547,22253.380859,22253.380859,0
2016-09-21,22339.300781,22525.550781,22252.650391,22505.250000,22505.250000,0
2016-09-22,22627.029297,22703.400391,22626.529297,22679.750000,22679.750000,0
2016-09-23,22624.390625,22647.570313,22547.169922,22557.109375,22557.109375,0
2016-09-26,22460.949219,22477.300781,22354.640625,22367.519531,22367.519531,0
2016-09-27,22352.109375,22508.189453,22320.240234,22492.019531,22492.019531,0
2016-09-28,22516.929688,22625.250000,22396.900391,22615.439453,22615.439453,0
2016-09-29,22574.039063,22614.289063,22330.960938,22385.929688,22385.929688,0
2016-09-30,22489.699219,22649.330078,22454.410156,22576.669922,22576.669922,0
2016-10-03,22567.759766,22567.759766,22437.970703,22503.480469,22503.480469,0
2016-10-04,22527.529297,22548.560547,22322.359375,22392.410156,22392.410156,0
2016-10-05,22467.109375,22540.060547,22466.330078,22494.169922,22494.169922,0
2016-10-06,22476.390625,22532.740234,22396.390625,22505.509766,22505.509766,0
2016-10-07,22503.869141,22520.359375,22305.740234,22397.429688,22397.429688,0
2016-10-10,22392.380859,22582.060547,22392.380859,22520.609375,22520.609375,0
2016-10-11,22513.320313,22513.320313,22151.150391,22237.710938,22237.710938,0
2016-10-12,22236.250000,22321.980469,22190.730469,22257.480469,22257.480469,0
2016-10-13,22104.939453,22233.619141,21989.039063,22167.789063,22167.789063,0
2016-10-14,22276.439453,22343.980469,22166.869141,22168.820313,22168.820313,0
2016-10-17,22160.009766,22183.699219,22079.570313,22099.890625,22099.890625,0
2016-10-18,22278.150391,22295.019531,22200.410156,22242.949219,22242.949219,0
2016-10-19,22264.199219,22347.470703,22223.439453,22304.199219,22304.199219,0
2016-10-20,22296.179688,22324.320313,22179.890625,22263.419922,22263.419922,0
2016-10-21,22190.460938,22279.460938,22150.179688,22264.259766,22264.259766,0
2016-10-24,22279.669922,22437.529297,22279.669922,22391.019531,22391.019531,0
2016-10-25,22363.669922,22377.220703,22268.679688,22281.289063,22281.289063,0
2016-10-26,22193.330078,22294.310547,22159.880859,22216.500000,22216.500000,0
2016-10-27,22281.789063,22293.910156,22114.050781,22122.689453,22122.689453,0
2016-10-28,22105.710938,22212.400391,22001.310547,22059.650391,22059.650391,0
2016-10-31,22102.660156,22129.160156,22049.949219,22072.490234,22072.490234,0
2016-11-01,22110.419922,22128.509766,21774.869141,21913.480469,21913.480469,0
2016-11-02,21837.689453,21869.869141,21680.080078,21719.109375,21719.109375,0
2016-11-03,21725.359375,21762.609375,21585.970703,21615.029297,21615.029297,0
2016-11-04,21595.029297,21740.980469,21583.939453,21594.279297,21594.279297,0
2016-11-07,21884.589844,22063.640625,21884.589844,22060.089844,22060.089844,0
2016-11-08,21983.570313,22208.519531,21962.410156,22133.570313,22133.570313,0
2016-11-09,22019.980469,22512.400391,22003.789063,22445.119141,22445.119141,0
2016-11-10,22553.580078,22655.660156,22328.789063,22498.099609,22498.099609,0
2016-11-11,22434.689453,22551.720703,22380.210938,22533.480469,22533.480469,0
2016-11-14,22589.330078,22655.609375,22497.550781,22596.519531,22596.519531,0
2016-11-15,22627.699219,22769.259766,22606.580078,22759.250000,22759.250000,0
2016-11-16,22686.060547,22753.960938,22674.580078,22723.359375,22723.359375,0
2016-11-17,22738.289063,22853.859375,22732.449219,22840.269531,22840.269531,0
2016-11-18,22849.070313,22869.400391,22780.880859,22805.929688,22805.929688,0
2016-11-21,22890.369141,22990.900391,22877.470703,22989.660156,22989.660156,0
2016-11-22,23029.839844,23064.580078,22951.380859,23047.480469,23047.480469,0
2016-11-23,22976.480469,23082.109375,22955.380859,23079.500000,23079.500000,0
2016-11-25,23105.529297,23168.240234,23102.449219,23168.220703,23168.220703,0
2016-11-28,23122.750000,23139.179688,23012.859375,23029.279297,23029.279297,0
2016-11-29,23005.500000,23111.619141,22979.300781,23046.990234,23046.990234,0
2016-11-30,23130.750000,23154.189453,22991.070313,22991.070313,22991.070313,0
2016-12-01,23048.849609,23059.789063,22874.279297,22914.550781,22914.550781,0
2016-12-02,22913.699219,22992.949219,22891.660156,22928.720703,22928.720703,0
2016-12-05,23027.140625,23130.929688,23022.039063,23095.480469,23095.480469,0
2016-12-06,23116.589844,23200.019531,23062.050781,23195.679688,23195.679688,0
2016-12-07,23182.269531,23498.039063,23166.480469,23486.300781,23486.300781,0
2016-12-08,23464.359375,23609.310547,23437.390625,23553.710938,23553.710938,0
2016-12-09,23605.509766,23679.650391,23605.509766,23678.759766,23678.759766,0
2016-12-12,23667.820313,23724.259766,23575.490234,23619.339844,23619.339844,0
2016-12-13,23707.320313,23802.009766,23669.720703,23745.189453,23745.189453,0
2016-12-14,23719.669922,23784.500000,23501.470703,23544.169922,23544.169922,0
2016-12-15,23552.259766,23743.929688,23537.039063,23636.410156,23636.410156,0
2016-12-16,23685.369141,23705.949219,23560.660156,23600.089844,23600.089844,0
2016-12-19,23558.500000,23647.900391,23549.869141,23600.330078,23600.330078,0
2016-12-20,23706.140625,23769.769531,23703.580078,23756.339844,23756.339844,0
2016-12-21,23747.820313,23760.500000,23700.750000,23700.750000,23700.750000,0
2016-12-22,23673.769531,23673.769531,23578.689453,23628.300781,23628.300781,0
2016-12-23,23616.660156,23671.859375,23615.640625,23671.859375,23671.859375,0
2016-12-27,23670.310547,23785.119141,23670.310547,23733.300781,23733.300781,0
2016-12-28,23752.570313,23757.810547,23515.779297,23525.650391,23525.650391,0
2016-12-29,23532.710938,23578.820313,23471.189453,23524.429688,23524.429688,0
2016-12-30,23547.320313,23561.519531,23368.500000,23425.859375,23425.859375,0
2017-01-03,23586.439453,23692.339844,23479.419922,23614.730469,23614.730469,0
2017-01-04,23657.929688,23820.419922,23657.929688,23800.919922,23800.919922,0
2017-01-05,23758.269531,23794.060547,23655.779297,23748.630859,23748.630859,0
2017-01-06,23769.900391,23875.449219,23704.080078,23816.560547,23816.560547,0
2017-01-09,23807.240234,23807.240234,23715.919922,23723.339844,23723.339844,0
2017-01-10,23728.210938,23834.929688,23694.609375,23743.509766,23743.509766,0
2017-01-11,23744.890625,23808.970703,23667.669922,23808.279297,23808.279297,0
2017-01-12,23759.679688,23759.679688,23564.410156,23738.880859,23738.880859,0
2017-01-13,23773.599609,23851.060547,23773.599609,23807.980469,23807.980469,0
2017-01-17,23745.839844,23780.099609,23663.640625,23711.339844,23711.339844,0
2017-01-18,23715.339844,23755.599609,23655.089844,23753.650391,23753.650391,0
2017-01-19,23773.449219,23792.609375,23608.599609,23663.720703,23663.720703,0
2017-01-20,23725.830078,23799.380859,23684.039063,23743.679688,23743.679688,0
2017-01-23,23700.160156,23758.630859,23602.810547,23693.000000,23693.000000,0
2017-01-24,23729.179688,23918.470703,23721.330078,23879.289063,23879.289063,0
2017-01-25,23978.250000,24081.599609,23978.250000,24070.279297,24070.279297,0
2017-01-26,24087.820313,24105.500000,24024.160156,24052.539063,24052.539063,0
2017-01-27,24066.970703,24068.060547,23979.720703,24009.089844,24009.089844,0
2017-01-30,23927.199219,23927.199219,23721.130859,23858.820313,23858.820313,0
2017-01-31,23776.140625,23853.880859,23714.669922,23847.210938,23847.210938,0
2017-02-01,23927.789063,23972.199219,23780.869141,23849.429688,23849.429688,0
2017-02-02,23833.630859,23892.710938,23766.039063,23851.080078,23851.080078,0
2017-02-03,23965.259766,24063.509766,23945.640625,24052.789063,24052.789063,0
2017-02-06,24011.820313,24041.029297,23949.890625,23989.490234,23989.490234,0
2017-02-07,24020.250000,24053.300781,23940.619141,23972.470703,23972.470703,0
2017-02-08,23931.210938,24005.939453,23879.839844,23994.039063,23994.039063,0
2017-02-09,24016.439453,24187.060547,24016.439453,24156.210938,24156.210938,0
2017-02-10,24209.369141,24280.570313,24188.970703,24248.910156,24248.910156,0
2017-02-13,24310.419922,24400.359375,24310.419922,24362.330078,24362.330078,0
2017-02-14,24329.089844,24460.839844,24305.240234,24458.929688,24458.929688,0
2017-02-15,24423.429688,24588.949219,24418.310547,24565.529297,24565.529297,0
2017-02-16,24568.539063,24596.669922,24451.720703,24535.429688,24535.429688,0
2017-02-17,24467.410156,24571.560547,24450.410156,24571.560547,24571.560547,0
2017-02-21,24573.689453,24735.830078,24573.689453,24720.289063,24720.289063,0
2017-02-22,24672.300781,24716.429688,24650.669922,24681.310547,24681.310547,0
2017-02-23,24733.330078,24736.310547,24572.779297,24659.169922,24659.169922,0
2017-02-24,24567.640625,24689.929688,24538.769531,24689.929688,24689.929688,0
2017-02-27,24657.199219,24749.199219,24628.429688,24734.830078,24734.830078,0
2017-02-28,24654.349609,24670.339844,24571.289063,24609.789063,24609.789063,0
2017-03-01,24818.570313,25008.970703,24818.570313,24960.779297,24960.779297,0
2017-03-02,24932.500000,24932.500000,24779.009766,24790.130859,24790.130859,0
2017-03-03,24795.580078,24831.039063,24737.710938,24819.009766,24819.009766,0
2017-03-06,24718.539063,24761.630859,24649.980469,24727.570313,24727.570313,0
2017-03-07,24682.660156,24724.810547,24615.160156,24638.000000,24638.000000,0
2017-03-08,24656.300781,24692.130859,24547.119141,24563.519531,24563.519531,0
2017-03-09,24562.460938,24626.320313,24451.720703,24559.470703,24559.470703,0
2017-03-10,24552.519531,24685.310547,24534.550781,24642.279297,24642.279297,0
2017-03-13,24632.630859,24660.259766,24600.570313,24650.179688,24650.179688,0
2017-03-14,24582.929688,24582.929688,24479.880859,24564.779297,24564.779297,0
2017-03-15,24628.439453,24844.279297,24616.140625,24790.880859,24790.880859,0
2017-03-16,24833.289063,24843.500000,24739.460938,24778.390625,24778.390625,0
2017-03-17,24796.689453,24827.369141,24743.169922,24761.640625,24761.640625,0
2017-03-20,24746.470703,24746.470703,24541.210938,24583.880859,24583.880859,0
2017-03-21,24847.419922,24868.880859,24412.830078,24429.970703,24429.970703,0
2017-03-22,24329.189453,24411.150391,24257.640625,24382.449219,24382.449219,0
2017-03-23,24358.089844,24516.830078,24331.609375,24383.089844,24383.089844,0
2017-03-24,24427.609375,24497.859375,24289.060547,24377.289063,24377.289063,0
2017-03-27,24193.189453,24385.789063,24131.400391,24353.199219,24353.199219,0
2017-03-28,24326.109375,24574.609375,24313.130859,24531.029297,24531.029297,0
2017-03-29,24504.939453,24589.429688,24463.490234,24567.990234,24567.990234,0
2017-03-30,24572.460938,24671.640625,24558.509766,24657.189453,24657.189453,0
2017-03-31,24615.019531,24697.400391,24601.990234,24624.720703,24624.720703,0
2017-04-03,24648.390625,24667.500000,24427.480469,24562.490234,24562.490234,0
2017-04-04,24523.279297,24583.279297,24497.990234,24577.890625,24577.890625,0
2017-04-05,24653.689453,24767.750000,24457.839844,24476.060547,24476.060547,0
2017-04-06,24481.980469,24602.679688,24435.109375,24549.490234,24549.490234,0
2017-04-07,24523.179688,24612.589844,24477.439453,24535.230469,24535.230469,0
2017-04-10,24555.410156,24659.679688,24499.650391,24560.589844,24560.589844,0
2017-04-11,24519.570313,24559.689453,24379.349609,24559.689453,24559.689453,0
2017-04-12,24536.800781,24536.800781,24397.619141,24425.490234,24425.490234,0
2017-04-13,24395.310547,24466.500000,24262.589844,24262.589844,24262.589844,0
2017-04-17,22555.949219,24472.400391,22555.949219,24472.400391,24472.400391,0
2017-04-18,24392.509766,24465.720703,24328.689453,24421.720703,24421.720703,0
2017-04-19,24482.529297,24537.210938,24370.039063,24397.240234,24397.240234,0
2017-04-20,24459.220703,24633.960938,24432.099609,24590.289063,24590.289063,0
2017-04-21,24577.660156,24589.300781,24475.679688,24519.949219,24519.949219,0
2017-04-24,24774.859375,24811.009766,24730.240234,24782.330078,24782.330078,0
2017-04-25,24867.599609,24980.710938,24859.269531,24943.400391,24943.400391,0
2017-04-26,24939.210938,25052.130859,24932.699219,24949.210938,24949.210938,0
2017-04-27,24968.429688,24988.230469,24889.859375,24955.800781,24955.800781,0
2017-04-28,24993.349609,24993.349609,24867.019531,24878.480469,24878.480469,0
2017-05-01,24921.740234,24988.619141,24869.970703,24929.759766,24929.759766,0
2017-05-02,24987.599609,25001.349609,24908.150391,24953.970703,24953.970703,0
2017-05-03,24872.500000,24887.349609,24792.779297,24864.259766,24864.259766,0
2017-05-04,24882.339844,24891.580078,24751.609375,24853.779297,24853.779297,0
2017-05-05,24901.769531,24975.869141,24854.570313,24975.869141,24975.869141,0
2017-05-08,24975.779297,24993.769531,24893.890625,24954.789063,24954.789063,0
2017-05-09,24980.359375,25000.880859,24884.429688,24932.900391,24932.900391,0
2017-05-10,24924.990234,24982.050781,24897.720703,24977.560547,24977.560547,0
2017-05-11,24918.029297,24924.890625,24767.509766,24905.720703,24905.720703,0
2017-05-12,24878.039063,24878.039063,24817.929688,24855.890625,24855.890625,0
2017-05-15,24899.460938,25011.289063,24899.460938,24981.519531,24981.519531,0
2017-05-16,25015.130859,25015.130859,24906.429688,24965.490234,24965.490234,0
2017-05-17,24750.419922,24790.240234,24488.320313,24498.220703,24498.220703,0
2017-05-18,24459.410156,24683.410156,24445.509766,24589.189453,24589.189453,0
2017-05-19,24647.919922,24844.720703,24647.919922,24762.349609,24762.349609,0
2017-05-22,24849.939453,24936.990234,24842.289063,24919.199219,24919.199219,0
2017-05-23,24936.029297,24974.550781,24888.589844,24948.109375,24948.109375,0
2017-05-24,24977.769531,25023.529297,24945.380859,25009.919922,25009.919922,0
2017-05-25,25069.619141,25147.960938,25053.189453,25105.220703,25105.220703,0
2017-05-26,25092.419922,25114.169922,25070.070313,25107.109375,25107.109375,0
2017-05-30,25058.460938,25092.689453,25025.490234,25053.410156,25053.410156,0
2017-05-31,25077.289063,25082.189453,24928.589844,25041.339844,25041.339844,0
2017-06-01,25040.390625,25276.199219,25040.390625,25276.199219,25276.199219,0
2017-06-02,25264.050781,25373.740234,25234.429688,25345.269531,25345.269531,0
2017-06-05,25349.250000,25364.580078,25312.099609,25322.050781,25322.050781,0
2017-06-06,25314.269531,25326.500000,25223.029297,25250.429688,25250.429688,0
2017-06-07,25271.820313,25307.070313,25191.599609,25273.160156,25273.160156,0
2017-06-08,25279.519531,25356.710938,25229.769531,25312.699219,25312.699219,0
2017-06-09,25353.650391,25460.550781,25149.000000,25295.449219,25295.449219,0
2017-06-12,25233.529297,25279.070313,25172.609375,25270.990234,25270.990234,0
2017-06-13,25335.080078,25410.080078,25306.789063,25401.150391,25401.150391,0
2017-06-14,25427.289063,25427.289063,25259.740234,25354.740234,25354.740234,0
2017-06-15,25185.800781,25292.449219,25147.230469,25281.519531,25281.519531,0
2017-06-16,25243.800781,25266.609375,25155.900391,25266.609375,25266.609375,0
2017-06-19,25273.859375,25445.810547,25273.859375,25436.500000,25436.500000,0
2017-06-20,25439.589844,25439.589844,25289.369141,25294.880859,25294.880859,0
2017-06-21,25317.880859,25358.630859,25224.220703,25271.320313,25271.320313,0
2017-06-22,25284.650391,25347.519531,25251.259766,25280.480469,25280.480469,0
2017-06-23,25285.589844,25370.660156,25245.710938,25349.119141,25349.119141,0
2017-06-26,25419.839844,25473.410156,25324.990234,25367.619141,25367.619141,0
2017-06-27,25349.769531,25390.460938,25165.849609,25165.849609,25165.849609,0
2017-06-28,25265.849609,25421.279297,25244.839844,25398.390625,25398.390625,0
2017-06-29,25424.460938,25424.460938,25037.320313,25193.900391,25193.900391,0
2017-06-30,25274.460938,25322.000000,25203.490234,25230.410156,25230.410156,0
2017-07-03,25304.789063,25379.529297,25282.509766,25285.080078,25285.080078,0
2017-07-05,25315.050781,25328.359375,25206.259766,25305.330078,25305.330078,0
2017-07-06,25202.359375,25219.380859,25035.179688,25059.750000,25059.750000,0
2017-07-07,25105.539063,25234.169922,25094.849609,25219.160156,25219.160156,0
2017-07-10,25207.250000,25277.289063,25184.539063,25227.300781,25227.300781,0
2017-07-11,25219.519531,25260.589844,25088.640625,25229.449219,25229.449219,0
2017-07-12,25348.900391,25439.300781,25348.900391,25411.009766,25411.009766,0
2017-07-13,25431.210938,25464.960938,25378.669922,25456.980469,25456.980469,0
2017-07-14,25462.109375,25615.080078,25446.199219,25569.929688,25569.929688,0
2017-07-17,25566.220703,25615.390625,25544.519531,25577.500000,25577.500000,0
2017-07-18,25538.800781,25589.330078,25485.460938,25587.720703,25587.720703,0
2017-07-19,25617.019531,25728.980469,25617.019531,25728.679688,25728.679688,0
2017-07-20,25759.730469,25768.000000,25675.759766,25728.630859,25728.630859,0
2017-07-21,25695.369141,25713.160156,25648.390625,25711.949219,25711.949219,0
2017-07-24,25707.339844,25783.230469,25669.990234,25766.199219,25766.199219,0
2017-07-25,25799.039063,25843.679688,25767.949219,25806.189453,25806.189453,0
2017-07-26,25756.470703,25756.470703,25683.220703,25705.859375,25705.859375,0
2017-07-27,25840.169922,25845.720703,25593.269531,25748.800781,25748.800781,0
2017-07-28,25689.310547,25726.419922,25649.650391,25711.990234,25711.990234,0
2017-07-31,25746.220703,25763.039063,25651.320313,25685.189453,25685.189453,0
2017-08-01,25773.160156,25784.419922,25703.669922,25755.580078,25755.580078,0
2017-08-02,25790.699219,25790.699219,25619.910156,25731.929688,25731.929688,0
2017-08-03,25701.140625,25704.669922,25620.509766,25652.830078,25652.830078,0
2017-08-04,25701.869141,25730.220703,25654.970703,25710.109375,25710.109375,0
2017-08-07,25713.179688,25747.550781,25692.050781,25745.390625,25745.390625,0
2017-08-08,25707.310547,25848.330078,25622.710938,25670.039063,25670.039063,0
2017-08-09,25560.589844,25638.550781,25534.160156,25634.289063,25634.289063,0
2017-08-10,25524.289063,25534.039063,25248.119141,25251.880859,25251.880859,0
2017-08-11,25239.580078,25348.089844,25239.580078,25291.140625,25291.140625,0
2017-08-14,25441.939453,25574.279297,25441.939453,25547.519531,25547.519531,0
2017-08-15,25580.929688,25580.929688,25490.279297,25510.710938,25510.710938,0
2017-08-16,25561.189453,25624.210938,25507.669922,25546.699219,25546.699219,0
2017-08-17,25482.470703,25518.480469,25154.269531,25154.269531,25154.269531,0
2017-08-18,25115.669922,25248.519531,25048.380859,25107.810547,25107.810547,0
2017-08-21,25117.330078,25158.669922,25030.070313,25137.400391,25137.400391,0
2017-08-22,25125.759766,25408.419922,25125.759766,25386.439453,25386.439453,0
2017-08-23,25272.449219,25369.210938,25270.939453,25319.630859,25319.630859,0
2017-08-24,25369.880859,25393.210938,25262.310547,25283.880859,25283.880859,0
2017-08-25,25351.679688,25430.339844,25320.000000,25334.830078,25334.830078,0
2017-08-28,25390.019531,25395.710938,25289.070313,25346.060547,25346.060547,0
2017-08-29,25180.099609,25378.960938,25162.320313,25352.050781,25352.050781,0
2017-08-30,25359.689453,25520.339844,25341.410156,25496.810547,25496.810547,0
2017-08-31,25556.619141,25691.460938,25555.849609,25657.960938,25657.960938,0
2017-09-01,25693.460938,25748.210938,25679.789063,25717.289063,25717.289063,0
2017-09-05,25661.880859,25687.080078,25407.460938,25524.660156,25524.660156,0
2017-09-06,25590.080078,25637.990234,25529.220703,25595.699219,25595.699219,0
2017-09-07,25615.560547,25623.859375,25525.710938,25576.250000,25576.250000,0
2017-09-08,25541.550781,25592.789063,25515.339844,25536.410156,25536.410156,0
2017-09-11,25685.550781,25821.910156,25685.550781,25810.109375,25810.109375,0
2017-09-12,25860.730469,25910.160156,25842.339844,25910.160156,25910.160156,0
2017-09-13,25870.119141,25920.800781,25856.750000,25920.800781,25920.800781,0
2017-09-14,25878.599609,25926.679688,25844.990234,25896.910156,25896.910156,0
2017-09-15,25893.160156,25940.449219,25867.250000,25939.460938,25939.460938,0
2017-09-18,25938.419922,26003.529297,25922.720703,25962.279297,25962.279297,0
2017-09-19,26021.910156,26033.750000,25988.650391,26023.230469,26023.230469,0
2017-09-20,26022.839844,26058.810547,25942.949219,26050.029297,26050.029297,0
2017-09-21,26032.390625,26037.640625,25960.869141,25982.109375,25982.109375,0
2017-09-22,25941.460938,26016.039063,25941.460938,26001.279297,26001.279297,0
2017-09-25,25975.259766,26018.949219,25871.769531,25956.869141,25956.869141,0
2017-09-26,25991.750000,26020.929688,25945.439453,25967.050781,25967.050781,0
2017-09-27,26054.539063,26161.380859,25967.189453,26114.740234,26114.740234,0
2017-09-28,26090.089844,26147.869141,26055.949219,26143.869141,26143.869141,0
2017-09-29,26140.849609,26237.019531,26133.890625,26233.339844,26233.339844,0
2017-10-02,26244.720703,26356.259766,26241.070313,26356.259766,26356.259766,0
2017-10-03,26353.369141,26426.970703,26353.369141,26425.210938,26425.210938,0
2017-10-04,26389.960938,26465.419922,26373.570313,26429.839844,26429.839844,0
2017-10-05,26478.589844,26591.480469,26473.560547,26587.289063,26587.289063,0
2017-10-06,26517.759766,26553.169922,26496.029297,26548.890625,26548.890625,0
2017-10-09,26574.880859,26586.119141,26468.369141,26496.820313,26496.820313,0
2017-10-10,26563.630859,26615.019531,26505.349609,26561.349609,26561.349609,0
2017-10-11,26552.369141,26602.119141,26533.789063,26602.119141,26602.119141,0
2017-10-12,26579.179688,26607.099609,26538.029297,26559.349609,26559.349609,0
2017-10-13,26609.890625,26628.199219,26566.119141,26577.929688,26577.929688,0
2017-10-16,26620.410156,26641.500000,26564.699219,26610.210938,26610.210938,0
2017-10-17,26606.789063,26623.089844,26572.830078,26611.220703,26611.220703,0
2017-10-18,26654.080078,26668.060547,26620.269531,26635.380859,26635.380859,0
2017-10-19,26534.900391,26639.890625,26481.109375,26639.890625,26639.890625,0
2017-10-20,26719.810547,26778.240234,26711.900391,26769.730469,26769.730469,0
2017-10-23,26800.019531,26800.019531,26655.630859,26667.189453,26667.189453,0
2017-10-24,26688.199219,26725.740234,26661.189453,26691.820313,26691.820313,0
2017-10-25,26662.619141,26670.699219,26410.160156,26553.880859,26553.880859,0
2017-10-26,26608.730469,26654.419922,26579.570313,26598.630859,26598.630859,0
2017-10-27,26682.560547,26828.099609,26641.410156,26817.339844,26817.339844,0
2017-10-30,26780.650391,26800.960938,26668.150391,26702.970703,26702.970703,0
2017-10-31,26735.919922,26794.300781,26708.820313,26760.189453,26760.189453,0
2017-11-01,26864.820313,26913.480469,26740.660156,26797.259766,26797.259766,0
2017-11-02,26755.660156,26791.230469,26641.039063,26776.519531,26776.519531,0
2017-11-03,26809.050781,26879.800781,26764.089844,26875.000000,26875.000000,0
2017-11-06,26839.480469,26923.369141,26834.460938,26900.449219,26900.449219,0
2017-11-07,26906.140625,26951.570313,26797.390625,26855.160156,26855.160156,0
2017-11-08,26819.560547,26904.589844,26793.480469,26892.529297,26892.529297,0
2017-11-09,26743.189453,26818.660156,26594.949219,26781.029297,26781.029297,0
2017-11-10,26735.689453,26795.140625,26713.500000,26774.359375,26774.359375,0
2017-11-13,26693.880859,26818.009766,26685.509766,26789.880859,26789.880859,0
2017-11-14,26696.009766,26728.630859,26612.570313,26719.189453,26719.189453,0
2017-11-15,26586.039063,26661.550781,26487.019531,26582.460938,26582.460938,0
2017-11-16,26689.099609,26895.509766,26689.099609,26850.880859,26850.880859,0
2017-11-17,26791.630859,26831.919922,26771.410156,26790.380859,26790.380859,0
2017-11-20,26800.330078,26880.150391,26794.710938,26862.419922,26862.419922,0
2017-11-21,26923.250000,27029.169922,26923.250000,27019.990234,27019.990234,0
2017-11-22,27033.679688,27046.160156,26992.550781,27008.300781,27008.300781,0
2017-11-24,27050.939453,27070.560547,27042.119141,27058.830078,27058.830078,0
2017-11-27,27056.220703,27097.839844,27011.300781,27032.689453,27032.689453,0
2017-11-28,27073.050781,27299.109375,27064.429688,27296.220703,27296.220703,0
2017-11-29,27314.779297,27388.710938,27231.599609,27290.130859,27290.130859,0
2017-11-30,27380.550781,27594.830078,27378.929688,27493.380859,27493.380859,0
2017-12-01,27482.039063,27529.900391,27048.339844,27448.009766,27448.009766,0
2017-12-04,27615.669922,27705.039063,27405.669922,27407.099609,27407.099609,0
2017-12-05,27410.689453,27497.470703,27278.810547,27292.550781,27292.550781,0
2017-12-06,27250.650391,27318.869141,27233.830078,27267.419922,27267.419922,0
2017-12-07,27250.970703,27413.699219,27240.720703,27381.289063,27381.289063,0
2017-12-08,27482.740234,27529.779297,27446.089844,27516.669922,27516.669922,0
2017-12-11,27526.980469,27595.560547,27526.429688,27594.289063,27594.289063,0
2017-12-12,27608.619141,27682.830078,27593.039063,27619.839844,27619.839844,0
2017-12-13,27646.539063,27718.019531,27621.640625,27626.810547,27626.810547,0
2017-12-14,27616.330078,27683.880859,27498.099609,27503.089844,27503.089844,0
2017-12-15,27491.250000,27790.070313,27491.250000,27734.320313,27734.320313,0
2017-12-18,27820.160156,27911.830078,27820.160156,27871.810547,27871.810547,0
2017-12-19,27958.390625,27964.240234,27813.880859,27821.939453,27821.939453,0
2017-12-20,27915.089844,27919.330078,27767.880859,27808.429688,27808.429688,0
2017-12-21,27853.220703,27946.539063,27837.660156,27876.699219,27876.699219,0
2017-12-22,27874.029297,27874.550781,27812.289063,27864.839844,27864.839844,0
2017-12-26,27817.019531,27870.689453,27817.019531,27850.169922,27850.169922,0
2017-12-27,27863.640625,27905.859375,27834.150391,27864.589844,27864.589844,0
2017-12-28,27898.869141,27923.810547,27860.000000,27920.949219,27920.949219,0
2017-12-29,27955.490234,27969.890625,27785.720703,27794.169922,27794.169922,0
2018-01-02,27892.119141,27991.179688,27841.150391,27991.179688,27991.179688,0
2018-01-03,28046.750000,28195.369141,28046.560547,28181.099609,28181.099609,0
2018-01-04,28251.949219,28320.910156,28245.300781,28273.220703,28273.220703,0
2018-01-05,28360.990234,28450.990234,28312.570313,28440.550781,28440.550781,0
2018-01-08,28443.919922,28515.859375,28382.509766,28503.519531,28503.519531,0
2018-01-09,28559.849609,28622.029297,28511.380859,28543.949219,28543.949219,0
2018-01-10,28452.330078,28536.449219,28381.539063,28507.080078,28507.080078,0
2018-01-11,28566.179688,28749.099609,28561.990234,28749.099609,28749.099609,0
2018-01-12,28771.380859,28932.470703,28767.630859,28917.669922,28917.669922,0
2018-01-16,29063.269531,29129.289063,28710.470703,28782.320313,28782.320313,0
2018-01-17,28884.570313,29093.050781,28811.609375,29047.160156,29047.160156,0
2018-01-18,29040.339844,29066.300781,28941.849609,28984.769531,28984.769531,0
2018-01-19,29023.570313,29152.189453,29002.869141,29152.189453,29152.189453,0
2018-01-22,29147.990234,29392.669922,29141.429688,29392.669922,29392.669922,0
2018-01-23,29404.000000,29492.150391,29365.339844,29472.980469,29472.980469,0
2018-01-24,29544.900391,29604.119141,29306.439453,29434.660156,29434.660156,0
2018-01-25,29429.070313,29548.990234,29361.929688,29450.830078,29450.830078,0
2018-01-26,29537.550781,29760.599609,29510.580078,29760.589844,29760.589844,0
2018-01-29,29693.000000,29732.699219,29533.650391,29551.089844,29551.089844,0
2018-01-30,29324.759766,29397.410156,29211.119141,29254.839844,29254.839844,0
2018-01-31,29350.519531,29414.759766,29133.880859,29237.480469,29237.480469,0
2018-02-01,29148.130859,29356.750000,29137.759766,29228.470703,29228.470703,0
2018-02-02,29064.560547,29077.060547,28606.289063,28616.359375,28616.359375,0
2018-02-05,28357.910156,28628.660156,27416.169922,27490.810547,27490.810547,0
2018-02-06,27056.869141,27996.000000,26912.890625,27930.839844,27930.839844,0
2018-02-07,27929.320313,28251.490234,27824.119141,27824.859375,27824.859375,0
2018-02-08,27872.529297,27872.529297,26819.560547,26822.109375,26822.109375,0
2018-02-09,27077.500000,27348.330078,26293.619141,27159.390625,27159.390625,0
2018-02-12,27353.890625,27690.779297,27167.529297,27526.609375,27526.609375,0
2018-02-13,27393.150391,27663.089844,27352.539063,27607.759766,27607.759766,0
2018-02-14,27471.529297,28036.449219,27461.910156,28004.589844,28004.589844,0
2018-02-15,28181.859375,28332.429688,27914.509766,28331.169922,28331.169922,0
2018-02-16,28264.330078,28552.679688,28251.769531,28337.619141,28337.619141,0
2018-02-20,28249.490234,28415.720703,28097.720703,28187.630859,28187.630859,0
2018-02-21,28154.109375,28428.019531,27972.910156,27972.970703,27972.970703,0
2018-02-22,27969.470703,28257.339844,27930.419922,27980.300781,27980.300781,0
2018-02-23,28115.630859,28411.199219,28068.789063,28410.099609,28410.099609,0
2018-02-26,28518.720703,28720.810547,28447.199219,28709.439453,28709.439453,0
2018-02-27,28707.369141,28795.919922,28339.830078,28339.839844,28339.839844,0
2018-02-28,28534.089844,28591.800781,28116.009766,28117.019531,28117.019531,0
2018-03-01,28029.199219,28185.980469,27511.169922,27696.470703,27696.470703,0
2018-03-02,27499.140625,27922.400391,27396.230469,27879.390625,27879.390625,0
2018-03-05,27876.980469,28254.369141,27730.650391,28183.689453,28183.689453,0
2018-03-06,28280.019531,28305.019531,28095.339844,28284.609375,28284.609375,0
2018-03-07,28043.310547,28323.039063,28026.810547,28285.720703,28285.720703,0
2018-03-08,28366.330078,28420.320313,28243.960938,28404.199219,28404.199219,0
2018-03-09,28549.320313,28859.550781,28516.500000,28859.550781,28859.550781,0
2018-03-12,28915.689453,28976.589844,28809.630859,28863.880859,28863.880859,0
2018-03-13,28965.009766,29033.080078,28617.259766,28680.119141,28680.119141,0
2018-03-14,28770.210938,28794.910156,28486.730469,28528.519531,28528.519531,0
2018-03-15,28581.710938,28629.560547,28403.330078,28466.250000,28466.250000,0
2018-03-16,28509.199219,28628.089844,28509.199219,28545.179688,28545.179688,0
2018-03-19,28419.570313,28419.570313,27910.839844,28098.289063,28098.289063,0
2018-03-20,28184.669922,28258.679688,28115.960938,28189.800781,28189.800781,0
2018-03-21,28165.740234,28414.289063,28139.669922,28165.650391,28165.650391,0
2018-03-22,27886.410156,28012.619141,27468.210938,27476.910156,27476.910156,0
2018-03-23,27510.509766,27619.109375,26895.550781,26912.640625,26912.640625,0
2018-03-26,27270.140625,27630.730469,27045.230469,27605.570313,27605.570313,0
2018-03-27,27698.640625,27732.390625,26957.919922,27108.480469,27108.480469,0
2018-03-28,27108.880859,27293.400391,26913.970703,27037.060547,27037.060547,0
2018-03-29,27143.830078,27581.869141,27094.230469,27410.720703,27410.720703,0
2018-04-02,27307.630859,27372.419922,26532.769531,26794.310547,26794.310547,0
2018-04-03,26935.150391,27168.460938,26736.330078,27117.039063,27117.039063,0
2018-04-04,26788.789063,27469.730469,26707.050781,27420.689453,27420.689453,0
2018-04-05,27570.080078,27704.119141,27487.310547,27618.660156,27618.660156,0
2018-04-06,27426.960938,27577.419922,26866.490234,27049.449219,27049.449219,0
2018-04-09,27195.289063,27510.689453,27087.320313,27108.929688,27108.929688,0
2018-04-10,27427.640625,27656.890625,27365.679688,27570.759766,27570.759766,0
2018-04-11,27432.619141,27649.800781,27431.019531,27467.679688,27467.679688,0
2018-04-12,27573.300781,27763.679688,27573.300781,27658.820313,27658.820313,0
2018-04-13,27795.990234,27805.179688,27454.810547,27559.949219,27559.949219,0
2018-04-16,27699.169922,27879.460938,27642.179688,27797.109375,27797.109375,0
2018-04-17,27789.890625,28168.369141,27789.890625,28099.650391,28099.650391,0
2018-04-18,28156.960938,28236.269531,28094.279297,28141.519531,28141.519531,0
2018-04-19,28065.589844,28102.019531,27885.470703,27995.009766,27995.009766,0
2018-04-20,27988.269531,27996.820313,27688.230469,27775.400391,27775.400391,0
2018-04-23,27854.039063,27925.240234,27663.869141,27787.210938,27787.210938,0
2018-04-24,27872.000000,27909.130859,27246.669922,27421.160156,27421.160156,0
2018-04-25,27407.560547,27511.089844,27188.240234,27446.060547,27446.060547,0
2018-04-26,27590.429688,27815.890625,27531.919922,27721.929688,27721.929688,0
2018-04-27,27798.529297,27818.470703,27623.470703,27734.710938,27734.710938,0
2018-04-30,27732.029297,27866.400391,27520.919922,27520.949219,27520.949219,0
2018-05-01,27470.169922,27594.050781,27300.750000,27592.560547,27592.560547,0
2018-05-02,27573.820313,27673.990234,27387.929688,27422.880859,27422.880859,0
2018-05-03,27316.750000,27425.689453,27008.599609,27347.500000,27347.500000,0
2018-05-04,27260.650391,27780.789063,27209.820313,27699.070313,27699.070313,0
2018-05-07,27784.759766,27927.099609,27741.169922,27815.669922,27815.669922,0
2018-05-08,27782.949219,27860.400391,27669.039063,27828.599609,27828.599609,0
2018-05-09,27903.259766,28113.750000,27844.759766,28078.619141,28078.619141,0
2018-05-10,28147.349609,28355.570313,28145.199219,28309.830078,28309.830078,0
2018-05-11,28313.140625,28410.919922,28254.689453,28353.380859,28353.380859,0
2018-05-14,28426.490234,28496.349609,28319.269531,28362.029297,28362.029297,0
2018-05-15,28230.789063,28233.710938,28111.910156,28197.869141,28197.869141,0
2018-05-16,28200.250000,28380.330078,28200.250000,28322.990234,28322.990234,0
2018-05-17,28308.740234,28443.250000,28238.289063,28328.839844,28328.839844,0
2018-05-18,28296.080078,28327.009766,28232.140625,28266.589844,28266.589844,0
2018-05-21,28422.689453,28551.490234,28422.689453,28498.679688,28498.679688,0
2018-05-22,28528.089844,28555.080078,28338.679688,28360.039063,28360.039063,0
2018-05-23,28235.269531,28444.179688,28219.750000,28444.169922,28444.169922,0
2018-05-24,28401.160156,28426.960938,28189.099609,28391.119141,28391.119141,0
2018-05-25,28338.640625,28385.490234,28275.400391,28335.519531,28335.519531,0
2018-05-29,28170.710938,28244.570313,27925.759766,28057.789063,28057.789063,0
2018-05-30,28180.820313,28471.650391,28180.820313,28414.769531,28414.769531,0
2018-05-31,28371.980469,28400.619141,28176.369141,28218.460938,28218.460938,0
2018-06-01,28357.269531,28515.070313,28357.269531,28498.619141,28498.619141,0
2018-06-04,28597.960938,28662.669922,28567.169922,28654.259766,28654.259766,0
2018-06-05,28664.689453,28727.900391,28597.320313,28700.720703,28700.720703,0
2018-06-06,28759.019531,28935.169922,28697.490234,28935.169922,28935.169922,0
2018-06-07,28969.349609,29008.310547,28789.199219,28896.839844,28896.839844,0
2018-06-08,28847.470703,28989.800781,28836.140625,28987.279297,28987.279297,0
2018-06-11,29004.560547,29095.859375,29004.560547,29026.630859,29026.630859,0
2018-06-12,29067.470703,29138.539063,29015.359375,29098.019531,29098.019531,0
2018-06-13,29116.560547,29146.449219,28979.089844,28983.390625,28983.390625,0
2018-06-14,29062.679688,29118.810547,28990.880859,29065.849609,29065.849609,0
2018-06-15,28982.050781,29064.109375,28854.869141,29036.089844,29036.089844,0
2018-06-18,28861.740234,29029.310547,28817.669922,29021.330078,29021.330078,0
2018-06-19,28759.099609,28966.250000,28690.929688,28946.490234,28946.490234,0
2018-06-20,29042.500000,29092.380859,28974.210938,29024.900391,29024.900391,0
2018-06-21,29004.710938,29004.710938,28730.310547,28784.179688,28784.179688,0
2018-06-22,28938.009766,28939.859375,28809.929688,28827.679688,28827.679688,0
2018-06-25,28692.980469,28695.849609,28235.890625,28406.419922,28406.419922,0
2018-06-26,28463.050781,28584.509766,28391.320313,28494.210938,28494.210938,0
2018-06-27,28561.000000,28707.970703,28212.970703,28212.980469,28212.980469,0
2018-06-28,28190.740234,28448.880859,28111.890625,28370.080078,28370.080078,0
2018-06-29,28500.060547,28634.019531,28394.130859,28394.130859,28394.130859,0
2018-07-02,28229.529297,28483.470703,28198.050781,28481.949219,28481.949219,0
2018-07-03,28567.529297,28591.279297,28358.599609,28376.980469,28376.980469,0
2018-07-05,28530.539063,28628.019531,28404.970703,28621.509766,28621.509766,0
2018-07-06,28623.740234,28908.320313,28590.839844,28869.279297,28869.279297,0
2018-07-09,28977.119141,29113.619141,28967.859375,29111.710938,29111.710938,0
2018-07-10,29144.789063,29199.990234,29077.990234,29159.720703,29159.720703,0
2018-07-11,29012.369141,29116.619141,28951.349609,28983.660156,28983.660156,0
2018-07-12,29122.849609,29239.330078,29052.810547,29234.449219,29234.449219,0
2018-07-13,29212.849609,29309.490234,29169.410156,29261.380859,29261.380859,0
2018-07-16,29280.509766,29298.800781,29172.869141,29223.599609,29223.599609,0
2018-07-17,29126.820313,29384.240234,29126.820313,29340.410156,29340.410156,0
2018-07-18,29384.089844,29447.509766,29314.900391,29438.660156,29438.660156,0
2018-07-19,29337.419922,29399.789063,29254.689453,29326.269531,29326.269531,0
2018-07-20,29313.710938,29368.960938,29275.119141,29287.109375,29287.109375,0
2018-07-23,29291.570313,29381.169922,29244.619141,29363.210938,29363.210938,0
2018-07-24,29486.150391,29540.650391,29298.039063,29391.419922,29391.419922,0
2018-07-25,29364.949219,29651.509766,29364.849609,29635.699219,29635.699219,0
2018-07-26,29521.220703,29649.050781,29520.019531,29570.720703,29570.720703,0
2018-07-27,29619.980469,29620.679688,29218.880859,29321.740234,29321.740234,0
2018-07-30,29327.060547,29358.869141,29089.880859,29130.650391,29130.650391,0
2018-07-31,29207.460938,29380.080078,29182.779297,29295.750000,29295.750000,0
2018-08-01,29327.789063,29386.250000,29177.900391,29262.919922,29262.919922,0
2018-08-02,29118.369141,29477.269531,29111.689453,29454.939453,29454.939453,0
2018-08-03,29485.880859,29554.330078,29449.400391,29554.140625,29554.140625,0
2018-08-06,29552.750000,29712.359375,29525.839844,29689.150391,29689.150391,0
2018-08-07,29751.449219,29818.650391,29748.199219,29764.560547,29764.560547,0
2018-08-08,29749.179688,29806.869141,29700.699219,29759.250000,29759.250000,0
2018-08-09,29759.019531,29842.980469,29730.599609,29747.470703,29747.470703,0
2018-08-10,29594.419922,29664.029297,29506.089844,29566.849609,29566.849609,0
2018-08-13,29580.039063,29652.779297,29400.070313,29428.859375,29428.859375,0
2018-08-14,29501.000000,29671.369141,29497.609375,29639.890625,29639.890625,0
2018-08-15,29459.330078,29485.429688,29214.199219,29369.509766,29369.509766,0
2018-08-16,29541.279297,29713.619141,29540.470703,29610.050781,29610.050781,0
2018-08-17,29581.300781,29758.189453,29533.849609,29709.699219,29709.699219,0
2018-08-20,29748.919922,29833.990234,29726.189453,29807.230469,29807.230469,0
2018-08-21,29840.339844,29976.050781,29840.339844,29877.109375,29877.109375,0
2018-08-22,29854.699219,29932.599609,29820.199219,29889.960938,29889.960938,0
2018-08-23,29871.250000,29953.369141,29800.509766,29830.980469,29830.980469,0
2018-08-24,29891.029297,30030.609375,29891.029297,30014.720703,30014.720703,0
2018-08-27,30127.550781,30246.250000,30127.550781,30222.429688,30222.429688,0
2018-08-28,30250.119141,30271.169922,30149.039063,30201.929688,30201.929688,0
2018-08-29,30258.900391,30411.910156,30229.970703,30384.509766,30384.509766,0
2018-08-30,30330.660156,30373.529297,30205.589844,30257.050781,30257.050781,0
2018-08-31,30214.689453,30303.539063,30170.189453,30274.529297,30274.529297,0
2018-09-04,30224.240234,30266.099609,30097.539063,30226.710938,30226.710938,0
2018-09-05,30171.099609,30181.650391,29980.880859,30119.070313,30119.070313,0
2018-09-06,30119.099609,30156.500000,29890.509766,29990.089844,29990.089844,0
2018-09-07,29869.789063,30054.199219,29835.779297,29919.289063,29919.289063,0
2018-09-10,30021.279297,30069.750000,29970.750000,29991.330078,29991.330078,0
2018-09-11,29920.839844,30151.339844,29889.910156,30103.550781,30103.550781,0
2018-09-12,30096.849609,30155.140625,29988.130859,30117.060547,30117.060547,0
2018-09-13,30205.000000,30289.199219,30179.919922,30245.400391,30245.400391,0
2018-09-14,30267.720703,30316.150391,30179.750000,30275.519531,30275.519531,0
2018-09-17,30252.859375,30267.910156,30044.660156,30068.730469,30068.730469,0
2018-09-18,30091.269531,30292.259766,30091.269531,30226.390625,30226.390625,0
2018-09-19,30244.849609,30298.169922,30207.570313,30232.349609,30232.349609,0
2018-09-20,30361.310547,30500.429688,30359.140625,30462.289063,30462.289063,0
2018-09-21,30518.599609,30560.539063,30401.960938,30424.000000,30424.000000,0
2018-09-24,30342.400391,30368.130859,30245.669922,30313.359375,30313.359375,0
2018-09-25,30359.519531,30367.160156,30288.230469,30302.599609,30302.599609,0
2018-09-26,30316.230469,30438.759766,30154.240234,30171.919922,30171.919922,0
2018-09-27,30232.310547,30378.470703,30204.070313,30250.869141,30250.869141,0
2018-09-28,30194.849609,30326.800781,30189.320313,30259.820313,30259.820313,0
2018-10-01,30380.150391,30441.699219,30213.009766,30279.310547,30279.310547,0
2018-10-02,30301.269531,30355.679688,30217.259766,30255.009766,30255.009766,0
2018-10-03,30340.099609,30412.810547,30252.660156,30294.910156,30294.910156,0
2018-10-04,30227.550781,30227.550781,29845.240234,30005.699219,30005.699219,0
2018-10-05,30010.789063,30086.960938,29642.429688,29823.029297,29823.029297,0
2018-10-08,29760.669922,29851.199219,29560.529297,29788.140625,29788.140625,0
2018-10-09,29777.050781,29897.849609,29698.250000,29734.900391,29734.900391,0
2018-10-10,29734.330078,29734.330078,28767.480469,28767.480469,28767.480469,0
2018-10-11,28763.900391,28868.710938,28045.880859,28198.470703,28198.470703,0
2018-10-12,28596.669922,28686.029297,28187.599609,28568.929688,28568.929688,0
2018-10-15,28536.740234,28686.919922,28394.050781,28445.419922,28445.419922,0
2018-10-16,28625.929688,29112.429688,28596.710938,29082.400391,29082.400391,0
2018-10-17,29082.369141,29126.880859,28771.820313,29056.220703,29056.220703,0
2018-10-18,28978.539063,29014.660156,28492.060547,28622.130859,28622.130859,0
2018-10-19,28690.199219,28907.730469,28495.929688,28563.500000,28563.500000,0
2018-10-22,28614.089844,28675.550781,28381.800781,28447.550781,28447.550781,0
2018-10-23,28253.769531,28416.539063,27774.759766,28279.619141,28279.619141,0
2018-10-24,28264.669922,28303.269531,27349.029297,27378.970703,27378.970703,0
2018-10-25,27509.429688,28065.970703,27509.429688,27897.460938,27897.460938,0
2018-10-26,27897.589844,27897.589844,27094.300781,27427.140625,27427.140625,0
2018-10-29,27427.359375,27916.150391,26860.759766,27228.070313,27228.070313,0
2018-10-30,27197.240234,27694.740234,27167.669922,27669.640625,27669.640625,0
2018-10-31,27933.039063,28227.320313,27933.039063,27980.900391,27980.900391,0
2018-11-01,28043.960938,28346.849609,27975.359375,28333.060547,28333.060547,0
2018-11-02,28369.529297,28504.679688,27951.089844,28177.009766,28177.009766,0
2018-11-05,28219.490234,28364.779297,28098.099609,28302.140625,28302.140625,0
2018-11-06,28298.830078,28476.550781,28280.169922,28467.250000,28467.250000,0
2018-11-07,28466.750000,29062.539063,28466.750000,29051.699219,29051.699219,0
2018-11-08,29012.789063,29061.669922,28850.900391,28962.560547,28962.560547,0
2018-11-09,28874.769531,28874.769531,28490.119141,28668.119141,28668.119141,0
2018-11-12,28593.449219,28616.130859,28075.199219,28104.130859,28104.130859,0
2018-11-13,28164.400391,28403.630859,27996.869141,28061.179688,28061.179688,0
2018-11-14,28164.759766,28330.300781,27696.820313,27853.779297,27853.779297,0
2018-11-15,27825.580078,28203.640625,27564.730469,28158.859375,28158.859375,0
2018-11-16,28066.300781,28296.429688,27966.550781,28206.179688,28206.179688,0
2018-11-19,28142.630859,28173.730469,27615.759766,27702.310547,27702.310547,0
2018-11-20,27301.339844,27485.810547,27083.949219,27202.929688,27202.929688,0
2018-11-21,27202.929688,27547.789063,27202.929688,27345.480469,27345.480469,0
2018-11-23,27266.160156,27353.349609,27147.500000,27196.570313,27196.570313,0
2018-11-26,27318.339844,27629.039063,27318.339844,27618.789063,27618.789063,0
2018-11-27,27550.150391,27655.550781,27445.089844,27644.919922,27644.919922,0
2018-11-28,27730.880859,28294.250000,27654.660156,28293.099609,28293.099609,0
2018-11-29,28293.099609,28400.859375,28072.800781,28234.279297,28234.279297,0
2018-11-30,28234.279297,28461.769531,28188.630859,28448.869141,28448.869141,0
2018-12-03,28657.759766,28868.929688,28580.240234,28768.570313,28768.570313,0
2018-12-04,28768.570313,28768.570313,27771.080078,27796.929688,27796.929688,0
2018-12-06,27594.619141,27775.980469,27016.640625,27775.789063,27775.789063,0
2018-12-07,27743.919922,27915.460938,27040.859375,27143.859375,27143.859375,0
2018-12-10,27111.089844,27255.310547,26652.580078,27160.109375,27160.109375,0
2018-12-11,27231.169922,27532.509766,26989.529297,27140.359375,27140.359375,0
2018-12-12,27245.050781,27645.769531,27245.050781,27302.519531,27302.519531,0
2018-12-13,27302.519531,27465.849609,27120.589844,27240.019531,27240.019531,0
2018-12-14,27018.849609,27098.019531,26687.480469,26749.339844,26749.339844,0
2018-12-17,26749.269531,26754.419922,26014.839844,26160.160156,26160.160156,0
2018-12-18,26169.339844,26459.570313,25997.570313,26158.230469,26158.230469,0
2018-12-19,26158.660156,26525.410156,25584.960938,25752.599609,25752.599609,0
2018-12-20,25752.500000,25775.880859,25063.359375,25333.390625,25333.390625,0
2018-12-21,25322.119141,25677.439453,24715.439453,24792.949219,24792.949219,0
2018-12-24,24686.029297,24718.750000,24151.189453,24151.429688,24151.429688,0
2018-12-26,24229.060547,25367.539063,24129.490234,25366.849609,25366.849609,0
2018-12-27,25249.480469,25551.730469,24642.330078,25551.630859,25551.630859,0
2018-12-28,25601.820313,25885.240234,25393.929688,25541.169922,25541.169922,0
2018-12-31,25666.699219,25765.169922,25481.240234,25749.720703,25749.720703,0
2019-01-02,25585.300781,25882.580078,25336.240234,25794.720703,25794.720703,0
2019-01-03,25663.859375,25663.859375,25180.080078,25200.509766,25200.509766,0
2019-01-04,25346.939453,26144.070313,25346.939453,26080.800781,26080.800781,0
2019-01-07,26123.119141,26491.769531,26048.539063,26331.380859,26331.380859,0
2019-01-08,26430.750000,26637.529297,26314.019531,26613.789063,26613.789063,0
2019-01-09,26649.080078,26822.919922,26578.810547,26741.410156,26741.410156,0
2019-01-10,26678.539063,26862.669922,26497.660156,26853.720703,26853.720703,0
2019-01-11,26798.000000,26855.230469,26666.009766,26855.230469,26855.230469,0
2019-01-14,26755.300781,26781.019531,26591.039063,26697.689453,26697.689453,0
2019-01-15,26715.480469,26998.699219,26715.480469,26979.599609,26979.599609,0
2019-01-16,26988.160156,27152.080078,26988.160156,27059.560547,27059.560547,0
2019-01-17,27019.019531,27361.929688,26960.580078,27266.449219,27266.449219,0
2019-01-18,27377.210938,27670.070313,27377.210938,27617.279297,27617.279297,0
2019-01-22,27615.230469,27615.230469,27062.919922,27214.480469,27214.480469,0
2019-01-23,27214.560547,27421.179688,27001.880859,27256.949219,27256.949219,0
2019-01-24,27259.359375,27359.949219,27168.439453,27323.830078,27323.830078,0
2019-01-25,27343.300781,27631.640625,27343.300781,27580.240234,27580.240234,0
2019-01-28,27528.939453,27528.939453,27190.359375,27384.119141,27384.119141,0
2019-01-29,27379.750000,27450.279297,27252.900391,27336.810547,27336.810547,0
2019-01-30,27336.169922,27836.349609,27336.169922,27741.539063,27741.539063,0
2019-01-31,27741.449219,28042.369141,27741.449219,27992.410156,27992.410156,0
2019-02-01,27992.150391,28108.539063,27926.169922,28026.699219,28026.699219,0
2019-02-04,28028.589844,28232.810547,27958.699219,28232.810547,28232.810547,0
2019-02-05,28232.810547,28376.080078,28225.259766,28362.589844,28362.589844,0
2019-02-06,28360.650391,28368.060547,28213.410156,28292.560547,28292.560547,0
2019-02-07,28136.369141,28169.869141,27840.580078,28038.619141,28038.619141,0
2019-02-08,28038.619141,28056.800781,27792.140625,28056.580078,28056.580078,0
2019-02-11,28097.720703,28162.599609,28036.970703,28103.919922,28103.919922,0
2019-02-12,28103.919922,28491.730469,28103.919922,28462.490234,28462.490234,0
2019-02-13,28462.490234,28625.539063,28462.490234,28548.529297,28548.529297,0
2019-02-14,28514.300781,28614.769531,28330.699219,28493.259766,28493.259766,0
2019-02-15,28552.500000,28804.759766,28552.500000,28804.289063,28804.289063,0
2019-02-19,28804.289063,28940.210938,28723.699219,28862.429688,28862.429688,0
2019-02-20,28853.800781,28953.009766,28800.330078,28905.490234,28905.490234,0
2019-02-21,28879.589844,28879.589844,28696.109375,28799.300781,28799.300781,0
2019-02-22,28831.910156,28993.259766,28831.910156,28986.289063,28986.289063,0
2019-02-25,29034.089844,29205.230469,29011.939453,29021.310547,29021.310547,0
2019-02-26,29004.240234,29066.589844,28943.880859,28970.369141,28970.369141,0
2019-02-27,28932.859375,29016.960938,28807.419922,28990.720703,28990.720703,0
2019-02-28,28968.730469,29003.810547,28885.730469,28903.300781,28903.300781,0
2019-03-01,28974.570313,29142.890625,28923.289063,29102.589844,29102.589844,0
2019-03-04,29192.519531,29230.880859,28706.429688,28963.169922,28963.169922,0
2019-03-05,28972.470703,28991.400391,28851.570313,28923.109375,28923.109375,0
2019-03-06,28929.119141,28929.119141,28666.300781,28686.550781,28686.550781,0
2019-03-07,28683.189453,28683.189453,28372.519531,28463.000000,28463.000000,0
2019-03-08,28377.050781,28412.250000,28194.830078,28402.189453,28402.189453,0
2019-03-11,28435.669922,28830.519531,28435.669922,28828.740234,28828.740234,0
2019-03-12,28828.740234,28974.800781,28828.740234,28905.089844,28905.089844,0
2019-03-13,28950.199219,29199.449219,28950.199219,29095.580078,29095.580078,0
2019-03-14,29095.580078,29128.390625,29019.419922,29064.429688,29064.429688,0
2019-03-15,29097.349609,29286.810547,29097.349609,29193.750000,29193.750000,0
2019-03-18,29193.750000,29354.339844,29188.419922,29322.710938,29322.710938,0
2019-03-19,29322.710938,29500.539063,29215.119141,29297.550781,29297.550781,0
2019-03-20,29295.640625,29412.519531,29071.220703,29200.550781,29200.550781,0
2019-03-21,29129.410156,29579.650391,29113.349609,29530.240234,29530.240234,0
2019-03-22,29461.179688,29461.179688,28909.470703,28909.550781,28909.550781,0
2019-03-25,28909.550781,29011.769531,28736.529297,28891.560547,28891.560547,0
2019-03-26,28943.009766,29228.550781,28943.009766,29110.699219,29110.699219,0
2019-03-27,29127.300781,29180.289063,28775.300781,28967.789063,28967.789063,0
2019-03-28,28989.839844,29119.970703,28900.710938,29083.830078,29083.830078,0
2019-03-29,29169.039063,29284.019531,29133.509766,29266.910156,29266.910156,0
2019-04-01,29266.910156,29625.650391,29266.910156,29607.429688,29607.429688,0
2019-04-02,29607.429688,29607.640625,29466.810547,29565.169922,29565.169922,0
2019-04-03,29565.169922,29803.169922,29565.169922,29680.519531,29680.519531,0
2019-04-04,29680.519531,29755.359375,29589.419922,29727.230469,29727.230469,0
2019-04-05,29745.839844,29891.769531,29745.839844,29887.039063,29887.039063,0
2019-04-08,29871.859375,29908.929688,29751.369141,29908.900391,29908.900391,0
2019-04-09,29908.900391,29908.900391,29667.810547,29710.980469,29710.980469,0
2019-04-10,29711.669922,29872.380859,29711.669922,29860.769531,29860.769531,0
2019-04-11,29873.160156,29909.419922,29800.679688,29866.009766,29866.009766,0
2019-04-12,29978.349609,30086.070313,29961.369141,30059.939453,30059.939453,0
2019-04-15,30057.589844,30082.980469,29939.810547,30030.550781,30030.550781,0
2019-04-16,30030.550781,30137.070313,29983.019531,30047.660156,30047.660156,0
2019-04-17,30085.439453,30154.439453,29889.470703,29943.640625,29943.640625,0
2019-04-18,29947.929688,30010.929688,29839.900391,29981.130859,29981.130859,0
2019-04-22,29957.220703,30023.279297,29896.160156,30010.029297,30010.029297,0
2019-04-23,30010.650391,30323.789063,30010.650391,30300.710938,30300.710938,0
2019-04-24,30300.970703,30344.580078,30228.890625,30247.300781,30247.300781,0
2019-04-25,30234.269531,30282.539063,30068.939453,30208.630859,30208.630859,0
2019-04-26,30175.750000,30371.279297,30138.710938,30371.119141,30371.119141,0
2019-04-29,30367.949219,30483.169922,30367.439453,30415.550781,30415.550781,0
2019-04-30,30336.169922,30429.189453,30188.439453,30410.019531,30410.019531,0
2019-05-01,30463.730469,30490.070313,30179.589844,30181.000000,30181.000000,0
2019-05-02,30177.130859,30265.830078,29933.630859,30127.500000,30127.500000,0
2019-05-03,30187.390625,30468.140625,30187.390625,30460.589844,30460.589844,0
2019-05-06,30131.470703,30394.140625,29968.050781,30343.699219,30343.699219,0
2019-05-07,30215.240234,30215.240234,29621.630859,29837.119141,29837.119141,0
2019-05-08,29837.119141,29968.609375,29733.000000,29779.390625,29779.390625,0
2019-05-09,29779.390625,29779.390625,29323.080078,29694.400391,29694.400391,0
2019-05-10,29660.529297,29892.669922,29236.279297,29801.599609,29801.599609,0
2019-05-13,29801.599609,29801.599609,28944.080078,29041.400391,29041.400391,0
2019-05-14,29086.269531,29468.400391,29083.449219,29299.990234,29299.990234,0
2019-05-15,29203.689453,29540.980469,29100.259766,29471.339844,29471.339844,0
2019-05-16,29527.789063,29893.269531,29527.789063,29729.880859,29729.880859,0
2019-05-17,29593.509766,29807.509766,29490.060547,29521.599609,29521.599609,0
2019-05-20,29521.609375,29521.609375,29229.539063,29318.080078,29318.080078,0
2019-05-21,29318.029297,29630.449219,29318.029297,29586.849609,29586.849609,0
2019-05-22,29586.849609,29586.849609,29422.509766,29476.820313,29476.820313,0
2019-05-23,29476.820313,29476.820313,28916.429688,29081.570313,29081.570313,0
2019-05-24,29083.490234,29290.849609,29072.839844,29147.589844,29147.589844,0
2019-05-28,29147.609375,29299.359375,28913.660156,28918.919922,28918.919922,0
2019-05-29,28918.919922,28918.919922,28533.949219,28710.150391,28710.150391,0
2019-05-30,28710.150391,28873.060547,28625.820313,28748.310547,28748.310547,0
2019-05-31,28748.310547,28748.310547,28338.289063,28369.390625,28369.390625,0
2019-06-03,28369.390625,28456.759766,28107.060547,28258.679688,28258.679688,0
2019-06-04,28258.679688,28909.769531,28258.679688,28904.919922,28904.919922,0
2019-06-05,29039.269531,29106.669922,28835.810547,29101.189453,29101.189453,0
2019-06-06,29101.189453,29330.939453,29037.720703,29249.820313,29249.820313,0
2019-06-07,29249.820313,29655.990234,29249.820313,29545.539063,29545.539063,0
2019-06-10,29545.539063,29897.630859,29545.539063,29698.699219,29698.699219,0
2019-06-11,29698.699219,29938.220703,29597.410156,29674.550781,29674.550781,0
2019-06-12,29674.550781,29700.150391,29561.910156,29622.089844,29622.089844,0
2019-06-13,29622.089844,29787.589844,29622.089844,29763.599609,29763.599609,0
2019-06-14,29724.650391,29759.449219,29620.160156,29684.750000,29684.750000,0
2019-06-17,29684.750000,29811.599609,29684.750000,29735.380859,29735.380859,0
2019-06-18,29735.380859,30172.019531,29735.380859,30028.669922,30028.669922,0
2019-06-19,30028.669922,30176.169922,29984.699219,30128.960938,30128.960938,0
2019-06-20,30128.960938,30438.560547,30128.960938,30394.599609,30394.599609,0
2019-06-21,30394.599609,30464.910156,30283.140625,30321.869141,30321.869141,0
2019-06-24,30333.160156,30364.369141,30207.820313,30216.279297,30216.279297,0
2019-06-25,30216.279297,30227.880859,29915.300781,29927.080078,29927.080078,0
2019-06-26,29927.080078,30094.490234,29888.089844,29892.220703,29892.220703,0
2019-06-27,29907.070313,30099.230469,29907.070313,30069.410156,30069.410156,0
2019-06-28,30069.410156,30280.060547,30069.410156,30268.050781,30268.050781,0
2019-07-01,30410.330078,30648.119141,30365.160156,30485.460938,30485.460938,0
2019-07-02,30486.820313,30552.689453,30399.349609,30551.830078,30551.830078,0
2019-07-03,30551.929688,30794.869141,30551.929688,30794.650391,30794.650391,0
2019-07-05,30794.509766,30794.509766,30517.099609,30763.720703,30763.720703,0
2019-07-08,30734.570313,30734.570313,30544.980469,30598.140625,30598.140625,0
2019-07-09,30598.029297,30671.880859,30479.449219,30654.929688,30654.929688,0
2019-07-10,30667.689453,30890.550781,30667.689453,30785.650391,30785.650391,0
2019-07-11,30785.710938,30872.300781,30719.580078,30829.570313,30829.570313,0
2019-07-12,30829.289063,30986.630859,30829.289063,30984.929688,30984.929688,0
2019-07-15,30984.929688,31013.480469,30921.599609,30978.349609,30978.349609,0
2019-07-16,30978.570313,30999.060547,30855.640625,30884.210938,30884.210938,0
2019-07-17,30883.939453,30892.419922,30691.539063,30691.699219,30691.699219,0
2019-07-18,30689.470703,30821.419922,30572.990234,30788.509766,30788.509766,0
2019-07-19,30820.140625,30901.080078,30607.519531,30607.580078,30607.580078,0
2019-07-22,30607.580078,30740.369141,30607.580078,30687.689453,30687.689453,0
2019-07-23,30742.500000,30890.800781,30715.910156,30888.560547,30888.560547,0
2019-07-24,30888.560547,31086.419922,30815.949219,31086.140625,31086.140625,0
2019-07-25,31086.140625,31086.140625,30846.160156,30895.400391,30895.400391,0
2019-07-26,30931.490234,31168.589844,30926.560547,31146.519531,31146.519531,0
2019-07-29,31137.740234,31143.230469,30975.949219,31046.630859,31046.630859,0
2019-07-30,31046.630859,31046.630859,30839.080078,31005.359375,31005.359375,0
2019-07-31,31037.210938,31063.009766,30476.929688,30684.820313,30684.820313,0
2019-08-01,30678.900391,31002.919922,30298.539063,30376.890625,30376.890625,0
2019-08-02,30326.300781,30326.300781,29938.269531,30120.890625,30120.890625,0
2019-08-05,30120.890625,30120.890625,28974.919922,29213.539063,29213.539063,0
2019-08-06,29377.779297,29603.789063,29233.119141,29578.640625,29578.640625,0
2019-08-07,29578.640625,29686.140625,29038.050781,29605.839844,29605.839844,0
2019-08-08,29741.740234,30186.490234,29731.669922,30177.570313,30177.570313,0
2019-08-09,30177.679688,30177.679688,29779.720703,29945.650391,29945.650391,0
2019-08-12,29945.650391,29945.650391,29466.550781,29561.099609,29561.099609,0
2019-08-13,29521.720703,30158.400391,29497.130859,29979.519531,29979.519531,0
2019-08-14,29979.519531,29979.519531,29094.789063,29107.050781,29107.050781,0
2019-08-15,29170.490234,29255.980469,28950.160156,29156.380859,29156.380859,0
2019-08-16,29310.179688,29642.429688,29310.179688,29597.939453,29597.939453,0
2019-08-19,29858.949219,30018.189453,29853.189453,29938.939453,29938.939453,0
2019-08-20,29892.560547,29928.960938,29708.470703,29715.750000,29715.750000,0
2019-08-21,29902.619141,30002.980469,29902.619141,29961.009766,29961.009766,0
2019-08-22,30025.250000,30101.080078,29760.390625,29936.820313,29936.820313,0
2019-08-23,29816.029297,29970.199219,29048.970703,29154.109375,29154.109375,0
2019-08-26,29154.109375,29466.320313,29154.109375,29461.439453,29461.439453,0
2019-08-27,29522.890625,29663.500000,29247.269531,29326.109375,29326.109375,0
2019-08-28,29326.109375,29549.560547,29175.279297,29523.630859,29523.630859,0
2019-08-29,29739.490234,29968.210938,29734.169922,29911.060547,29911.060547,0
2019-08-30,30060.160156,30072.419922,29785.390625,29925.349609,29925.349609,0
2019-09-03,29841.349609,29841.349609,29574.210938,29691.580078,29691.580078,0
2019-09-04,29691.580078,30023.169922,29691.580078,30014.289063,30014.289063,0
2019-09-05,30014.289063,30507.349609,30014.289063,30407.210938,30407.210938,0
2019-09-06,30407.210938,30481.900391,30360.140625,30398.679688,30398.679688,0
2019-09-09,30495.250000,30504.630859,30317.939453,30426.150391,30426.150391,0
2019-09-10,30426.150391,30468.130859,30215.720703,30467.949219,30467.949219,0
2019-09-11,30467.949219,30722.720703,30427.050781,30722.720703,30722.720703,0
2019-09-12,30722.720703,30892.189453,30694.580078,30785.630859,30785.630859,0
2019-09-13,30824.259766,30878.730469,30723.789063,30764.500000,30764.500000,0
2019-09-16,30764.500000,30764.500000,30636.140625,30717.919922,30717.919922,0
2019-09-17,30716.140625,30784.750000,30656.140625,30780.630859,30780.630859,0
2019-09-18,30767.890625,30772.089844,30480.679688,30762.580078,30762.580078,0
2019-09-19,30762.580078,30921.279297,30717.009766,30750.099609,30750.099609,0
2019-09-20,30760.849609,30842.480469,30533.919922,30609.519531,30609.519531,0
2019-09-23,30521.380859,30682.000000,30515.859375,30606.500000,30606.500000,0
2019-09-24,30698.949219,30754.310547,30219.529297,30302.320313,30302.320313,0
2019-09-25,30307.539063,30551.750000,30170.439453,30506.500000,30506.500000,0
2019-09-26,30506.500000,30513.869141,30266.359375,30394.449219,30394.449219,0
2019-09-27,30394.449219,30484.169922,30043.669922,30204.050781,30204.050781,0
2019-09-30,30204.050781,30421.580078,30204.050781,30351.919922,30351.919922,0
2019-10-01,30351.919922,30368.689453,29798.490234,29815.980469,29815.980469,0
2019-10-02,29815.980469,29815.980469,29326.669922,29461.189453,29461.189453,0
2019-10-03,29461.189453,29701.029297,29131.480469,29698.589844,29698.589844,0
2019-10-04,29698.589844,30105.359375,29698.589844,30092.890625,30092.890625,0
2019-10-07,30092.890625,30177.230469,29932.460938,29976.500000,29976.500000,0
2019-10-08,29976.500000,29976.500000,29504.089844,29504.890625,29504.890625,0
2019-10-09,29504.890625,29853.759766,29504.890625,29755.060547,29755.060547,0
2019-10-10,29757.240234,30031.160156,29738.009766,29924.419922,29924.419922,0
2019-10-11,29924.419922,30501.099609,29924.419922,30278.029297,30278.029297,0
2019-10-14,30247.279297,30281.250000,30189.310547,30225.699219,30225.699219,0
2019-10-15,30300.650391,30600.480469,30300.650391,30524.240234,30524.240234,0
2019-10-16,30524.240234,30533.710938,30406.550781,30450.929688,30450.929688,0
2019-10-17,30450.929688,30648.029297,30450.929688,30561.640625,30561.640625,0
2019-10-18,30547.660156,30566.570313,30312.230469,30432.730469,30432.730469,0
2019-10-21,30432.730469,30655.439453,30432.730469,30650.019531,30650.019531,0
2019-10-22,30650.019531,30725.660156,30536.619141,30544.800781,30544.800781,0
2019-10-23,30534.640625,30625.250000,30489.130859,30622.650391,30622.650391,0
2019-10-24,30622.650391,30749.939453,30586.070313,30699.539063,30699.539063,0
2019-10-25,30630.140625,30888.789063,30618.439453,30836.220703,30836.220703,0
2019-10-28,30926.619141,31061.259766,30926.619141,31009.269531,31009.269531,0
2019-10-29,31009.269531,31078.349609,30952.599609,30978.759766,30978.759766,0
2019-10-30,31001.429688,31092.279297,30867.140625,31062.980469,31062.980469,0
2019-10-31,31062.980469,31062.980469,30797.480469,30945.630859,30945.630859,0
2019-11-01,30945.630859,31267.210938,30945.630859,31267.179688,31267.179688,0
2019-11-04,31267.230469,31453.250000,31267.230469,31384.199219,31384.199219,0
2019-11-05,31384.199219,31458.380859,31328.050781,31351.539063,31351.539063,0
2019-11-06,31351.900391,31351.900391,31234.119141,31332.410156,31332.410156,0
2019-11-07,31332.400391,31552.099609,31332.400391,31417.259766,31417.259766,0
2019-11-08,31417.250000,31505.099609,31303.060547,31505.019531,31505.019531,0
2019-11-11,31505.000000,31505.000000,31330.330078,31447.589844,31447.589844,0
2019-11-12,31447.570313,31605.339844,31422.859375,31488.119141,31488.119141,0
2019-11-13,31488.119141,31539.039063,31347.949219,31497.259766,31497.259766,0
2019-11-14,31497.250000,31533.320313,31401.000000,31520.750000,31520.750000,0
2019-11-15,31520.810547,31752.019531,31520.810547,31751.880859,31751.880859,0
2019-11-18,31728.689453,31781.490234,31662.320313,31760.490234,31760.490234,0
2019-11-19,31760.490234,31824.779297,31685.359375,31769.099609,31769.099609,0
2019-11-20,31769.099609,31781.679688,31487.939453,31665.880859,31665.880859,0
2019-11-21,31686.419922,31693.779297,31531.580078,31607.119141,31607.119141,0
2019-11-22,31684.419922,31703.820313,31562.349609,31679.220703,31679.220703,0
2019-11-25,31764.640625,31961.539063,31764.640625,31960.199219,31960.199219,0
2019-11-26,31960.199219,32050.849609,31941.669922,32028.640625,32028.640625,0
2019-11-27,32085.910156,32171.550781,32063.529297,32167.240234,32167.240234,0
2019-11-29,32120.130859,32129.839844,32013.189453,32025.859375,32025.859375,0
2019-12-02,32044.660156,32055.320313,31705.269531,31735.419922,31735.419922,0
2019-12-03,31557.330078,31557.390625,31298.380859,31540.689453,31540.689453,0
2019-12-04,31606.070313,31796.750000,31606.070313,31727.960938,31727.960938,0
2019-12-05,31756.910156,31780.509766,31637.400391,31757.929688,31757.929688,0
2019-12-06,31890.470703,32092.210938,31890.470703,32038.980469,32038.980469,0
2019-12-09,32038.980469,32073.939453,31945.330078,31949.199219,31949.199219,0
2019-12-10,31949.199219,32015.160156,31865.000000,31921.949219,31921.949219,0
2019-12-11,31921.949219,32022.029297,31916.210938,32001.439453,32001.439453,0
2019-12-12,31996.349609,32347.619141,31965.410156,32258.869141,32258.869141,0
2019-12-13,32258.869141,32396.919922,32122.769531,32241.160156,32241.160156,0
2019-12-16,32419.490234,32551.490234,32419.490234,32479.240234,32479.240234,0
2019-12-17,32518.279297,32544.500000,32475.130859,32503.679688,32503.679688,0
2019-12-18,32538.990234,32568.400391,32496.500000,32508.330078,32508.330078,0
2019-12-19,32508.330078,32655.220703,32508.330078,32654.289063,32654.289063,0
2019-12-20,32654.289063,32847.488281,32654.289063,32811.230469,32811.230469,0
2019-12-23,32811.230469,32872.921875,32811.230469,32840.609375,32840.609375,0
2019-12-24,32840.609375,32864.398438,32809.789063,32844.539063,32844.539063,0
2019-12-26,32844.539063,33008.101563,32844.539063,33006.660156,33006.660156,0
2019-12-27,32976.820313,32976.820313,32976.820313,32976.820313,32976.820313,0
2019-12-30,32976.820313,32979.738281,32731.189453,32788.761719,32788.761719,0
2019-12-31,32788.761719,32893.468750,32691.619141,32886.738281,32886.738281,0
2020-01-02,33047.500000,33143.519531,32911.761719,33142.199219,33142.199219,0
2020-01-03,33142.199219,33142.199219,32799.160156,32943.328125,32943.328125,0
2020-01-06,32740.480469,33065.601563,32736.859375,33065.140625,33065.140625,0
2020-01-07,33065.140625,33065.140625,32931.148438,32988.519531,32988.519531,0
2020-01-08,32988.519531,33270.769531,32981.148438,33134.988281,33134.988281,0
2020-01-09,33134.988281,33347.171875,33134.988281,33333.210938,33333.210938,0
2020-01-10,33333.210938,33407.828125,33192.011719,33237.148438,33237.148438,0
2020-01-13,33237.148438,33487.089844,33237.148438,33487.089844,33487.089844,0
2020-01-14,33487.089844,33588.671875,33393.421875,33469.839844,33469.839844,0
2020-01-15,33469.839844,33640.199219,33447.839844,33534.148438,33534.148438,0
2020-01-16,33534.148438,33828.820313,33534.148438,33827.738281,33827.738281,0
2020-01-17,33827.738281,33918.320313,33826.230469,33917.378906,33917.378906,0
2020-01-21,33817.570313,33912.070313,33774.308594,33817.589844,33817.589844,0
2020-01-22,33817.589844,34000.410156,33806.980469,33828.628906,33828.628906,0
2020-01-23,33769.351563,33883.539063,33617.140625,33862.468750,33862.468750,0
2020-01-24,33862.468750,33944.480469,33390.890625,33539.558594,33539.558594,0
2020-01-27,32937.250000,33175.261719,32919.230469,33028.761719,33028.761719,0
2020-01-28,33180.289063,33447.031250,33138.441406,33357.519531,33357.519531,0
2020-01-29,33357.519531,33519.289063,33307.039063,33322.078125,33322.078125,0
2020-01-30,33098.171875,33435.910156,33010.578125,33418.148438,33418.148438,0
2020-01-31,33380.078125,33380.078125,32742.019531,32838.191406,32838.191406,0
2020-02-03,32939.101563,33272.890625,32939.101563,33099.019531,33099.019531,0
2020-02-04,33424.449219,33710.671875,33424.449219,33609.679688,33609.679688,0
2020-02-05,33866.570313,33953.441406,33732.890625,33923.800781,33923.800781,0
2020-02-06,34019.730469,34049.039063,33921.710938,34012.210938,34012.210938,0
2020-02-07,33912.519531,33958.769531,33766.339844,33827.980469,33827.980469,0
2020-02-10,33753.421875,34070.539063,33753.421875,34070.179688,34070.179688,0
2020-02-11,34227.531250,34340.730469,34118.441406,34170.949219,34170.949219,0
2020-02-12,34304.210938,34420.558594,34289.339844,34403.238281,34403.238281,0
2020-02-13,34263.839844,34474.000000,34210.890625,34369.851563,34369.851563,0
2020-02-14,34409.808594,34440.910156,34295.488281,34428.339844,34428.339844,0
2020-02-18,34333.488281,34403.289063,34205.660156,34363.171875,34363.171875,0
2020-02-19,34474.289063,34616.781250,34469.789063,34533.941406,34533.941406,0
2020-02-20,34476.980469,34587.468750,34093.378906,34434.660156,34434.660156,0
2020-02-21,34314.289063,34314.289063,33974.210938,34066.281250,34066.281250,0
2020-02-24,33256.488281,33256.488281,32806.160156,32937.519531,32937.519531,0
2020-02-25,32937.519531,33138.378906,31837.550781,31921.689453,31921.689453,0
2020-02-26,32038.550781,32431.539063,31675.099609,31741.789063,31741.789063,0
2020-02-27,31204.570313,31562.650391,30378.089844,30385.630859,30385.630859,0
2020-02-28,29805.570313,30177.730469,29146.000000,30125.070313,30125.070313,0
2020-03-02,30321.910156,31418.330078,30007.560547,31416.390625,31416.390625,0
2020-03-03,31487.810547,31887.439453,30288.960938,30571.009766,30571.009766,0
2020-03-04,30990.919922,31789.349609,30869.189453,31783.779297,31783.779297,0
2020-03-05,31258.589844,31300.189453,30472.330078,30719.900391,30719.900391,0
2020-03-06,30042.339844,30283.240234,29465.250000,30157.910156,30157.910156,0
2020-03-09,29008.900391,29008.900391,27684.029297,27774.990234,27774.990234,0
2020-03-10,28441.619141,29088.230469,27600.939453,29088.029297,29088.029297,0
2020-03-11,28516.630859,28516.630859,27262.800781,27598.910156,27598.910156,0
2020-03-12,26478.300781,26655.089844,24901.339844,24909.109375,24909.109375,0
2020-03-13,25782.410156,27142.669922,24961.550781,27142.669922,27142.669922,0
2020-03-16,25997.720703,25997.720703,23768.519531,23818.449219,23818.449219,0
2020-03-17,24200.330078,25425.949219,23554.490234,25182.900391,25182.900391,0
2020-03-18,24269.509766,24391.080078,22602.800781,23731.699219,23731.699219,0
2020-03-19,23682.390625,24577.380859,23000.300781,24064.359375,24064.359375,0
2020-03-20,24287.199219,24576.230469,22999.660156,23082.449219,23082.449219,0
2020-03-23,22988.330078,23042.960938,21955.539063,22465.140625,22465.140625,0
2020-03-24,23501.310547,24555.220703,23501.310547,24542.519531,24542.519531,0
2020-03-25,24665.660156,25839.019531,24193.880859,24878.580078,24878.580078,0
2020-03-26,24878.580078,26441.080078,24878.580078,26385.400391,26385.400391,0
2020-03-27,25666.289063,26212.890625,25266.210938,25500.570313,25500.570313,0
2020-03-30,25653.390625,26317.960938,25469.529297,26275.339844,26275.339844,0
2020-03-31,26163.589844,26431.890625,25733.820313,25899.929688,25899.929688,0
2020-04-01,25120.130859,25248.449219,24496.119141,24711.150391,24711.150391,0
2020-04-02,24583.099609,25328.720703,24558.339844,25199.640625,25199.640625,0
2020-04-03,25094.839844,25294.810547,24461.289063,24736.259766,24736.259766,0
2020-04-06,25607.460938,26647.269531,25607.460938,26532.080078,26532.080078,0
2020-04-07,27252.380859,27451.189453,26513.660156,26522.189453,26522.189453,0
2020-04-08,26799.250000,27549.820313,26582.130859,27457.050781,27457.050781,0
2020-04-09,27768.830078,28217.949219,27641.000000,27938.929688,27938.929688,0
2020-04-13,27875.509766,27875.509766,27233.439453,27647.759766,27647.759766,0
2020-04-14,28117.220703,28517.400391,28114.759766,28477.369141,28477.369141,0
2020-04-15,28031.419922,28031.419922,27615.109375,27837.820313,27837.820313,0
2020-04-16,27982.730469,28056.029297,27635.439453,27984.949219,27984.949219,0
2020-04-17,28444.890625,28806.070313,28344.070313,28760.230469,28760.230469,0
2020-04-20,28442.269531,28742.259766,28239.660156,28286.050781,28286.050781,0
2020-04-21,27907.919922,27919.509766,27317.810547,27433.699219,27433.699219,0
2020-04-22,27956.269531,28197.289063,27829.439453,28061.359375,28061.359375,0
2020-04-23,28171.689453,28550.890625,28053.919922,28096.789063,28096.789063,0
2020-04-24,28245.560547,28548.080078,28032.380859,28483.890625,28483.890625,0
2020-04-27,28660.500000,29084.859375,28660.500000,28990.130859,28990.130859,0
2020-04-28,29323.250000,29447.779297,28823.320313,28876.230469,28876.230469,0
2020-04-29,29393.720703,29871.560547,29381.949219,29719.019531,29719.019531,0
2020-04-30,29667.349609,29667.349609,29207.429688,29365.490234,29365.490234,0
2020-05-01,28914.589844,28914.589844,28383.759766,28500.609375,28500.609375,0
2020-05-04,28325.470703,28646.029297,28153.960938,28643.630859,28643.630859,0
2020-05-05,28981.439453,29231.949219,28861.919922,28909.880859,28909.880859,0
2020-05-06,29057.439453,29147.410156,28734.349609,28736.480469,28736.480469,0
2020-05-07,29028.470703,29317.750000,29028.470703,29113.759766,29113.759766,0
2020-05-08,29404.210938,29683.810547,29350.949219,29670.679688,29670.679688,0
2020-05-11,29532.009766,29824.449219,29393.669922,29667.720703,29667.720703,0
2020-05-12,29771.660156,29834.150391,29027.679688,29027.839844,29027.839844,0
2020-05-13,28985.939453,29044.400391,28191.160156,28467.410156,28467.410156,0
2020-05-14,28218.019531,28780.900391,27867.900391,28779.609375,28779.609375,0
2020-05-15,28573.300781,28941.019531,28434.160156,28934.880859,28934.880859,0
2020-05-18,28934.880859,30030.919922,28934.880859,29900.070313,29900.070313,0
2020-05-19,29835.589844,30043.869141,29595.400391,29599.650391,29599.650391,0
2020-05-20,29997.480469,30213.699219,29977.890625,30125.380859,30125.380859,0
2020-05-21,30125.380859,30209.240234,29785.660156,29925.890625,29925.890625,0
2020-05-22,29925.890625,30025.849609,29777.009766,30016.300781,30016.300781,0
2020-05-26,30417.480469,30417.480469,30417.480469,30417.480469,30417.480469,0
2020-05-27,30417.480469,30887.310547,30133.259766,30887.279297,30887.279297,0
2020-05-28,30887.279297,31182.609375,30696.539063,30764.050781,30764.050781,0
2020-05-29,30764.050781,30969.580078,30480.210938,30927.039063,30927.039063,0
2020-06-01,30874.820313,31190.119141,30830.769531,31108.109375,31108.109375,0
2020-06-02,31223.130859,31365.939453,31059.800781,31365.939453,31365.939453,0
2020-06-03,31365.939453,31905.789063,31365.939453,31830.140625,31830.140625,0
2020-06-04,31682.509766,31888.089844,31484.320313,31714.769531,31714.769531,0
2020-06-05,32367.359375,32721.449219,32358.289063,32525.310547,32525.310547,0
2020-06-08,32525.310547,32992.269531,32525.310547,32991.738281,32991.738281,0
2020-06-09,32991.738281,32991.738281,32519.449219,32685.529297,32685.529297,0
2020-06-10,32739.769531,32816.289063,32362.970703,32465.990234,32465.990234,0
2020-06-11,32465.990234,32465.990234,30515.740234,30532.189453,30532.189453,0
2020-06-12,30532.189453,31452.080078,30344.179688,30947.189453,30947.189453,0
2020-06-15,30947.189453,31412.689453,30180.189453,31288.839844,31288.839844,0
2020-06-16,31288.839844,32172.179688,31288.839844,31871.970703,31871.970703,0
2020-06-17,31871.970703,32016.800781,31675.210938,31728.730469,31728.730469,0
2020-06-18,31728.730469,31836.720703,31550.650391,31772.509766,31772.509766,0
2020-06-19,32157.929688,32157.929688,31454.789063,31612.050781,31612.050781,0
2020-06-22,31612.050781,31850.509766,31423.369141,31821.410156,31821.410156,0
2020-06-23,32088.189453,32183.369141,31904.250000,31946.179688,31946.179688,0
2020-06-24,31946.179688,31946.179688,30892.039063,31105.619141,31105.619141,0
2020-06-25,31105.619141,31460.830078,30827.910156,31454.320313,31454.320313,0
2020-06-26,31334.289063,31345.400391,30653.439453,30683.800781,30683.800781,0
2020-06-29,30683.800781,31145.599609,30569.789063,31144.910156,31144.910156,0
2020-06-30,31144.910156,31732.949219,31089.140625,31630.509766,31630.509766,0
2020-07-01,31644.720703,31868.669922,31583.460938,31739.099609,31739.099609,0
2020-07-02,32150.279297,32260.310547,31826.300781,31876.750000,31876.750000,0
2020-07-06,31876.750000,32433.160156,31876.750000,32379.099609,32379.099609,0
2020-07-07,32379.099609,32491.199219,32068.400391,32083.880859,32083.880859,0
2020-07-08,32083.880859,32376.820313,32005.970703,32360.410156,32360.410156,0
2020-07-09,32360.410156,32465.710938,31782.779297,32170.339844,32170.339844,0
2020-07-10,32170.339844,32538.689453,32011.529297,32525.949219,32525.949219,0
2020-07-13,32809.320313,33048.019531,32092.939453,32131.820313,32131.820313,0
2020-07-14,32131.820313,32580.320313,31834.480469,32556.599609,32556.599609,0
2020-07-15,32945.328125,33015.921875,32628.980469,32935.410156,32935.410156,0
2020-07-16,32690.789063,32854.429688,32628.810547,32805.871094,32805.871094,0
2020-07-17,32805.871094,32990.089844,32706.640625,32906.968750,32906.968750,0
2020-07-20,32906.968750,33279.949219,32832.609375,33218.878906,33218.878906,0
2020-07-21,33218.878906,33488.671875,33180.070313,33272.851563,33272.851563,0
2020-07-22,33272.851563,33472.589844,33232.648438,33444.898438,33444.898438,0
2020-07-23,33444.898438,33520.269531,32895.000000,33049.351563,33049.351563,0
2020-07-24,32794.441406,32948.738281,32648.369141,32803.269531,32803.269531,0
2020-07-27,32862.019531,33101.148438,32801.601563,33086.328125,33086.328125,0
2020-07-28,33023.921875,33124.578125,32830.828125,32849.730469,32849.730469,0
2020-07-29,33003.468750,33361.578125,33003.468750,33304.699219,33304.699219,0
2020-07-30,33304.699219,33304.699219,32762.009766,33194.398438,33194.398438,0
2020-07-31,33432.371094,33432.371094,32892.039063,33393.390625,33393.390625,0
2020-08-03,33546.000000,33762.531250,33546.000000,33690.570313,33690.570313,0
2020-08-04,33685.929688,33824.460938,33626.679688,33824.078125,33824.078125,0
2020-08-05,33986.781250,34084.250000,33969.929688,34076.878906,34076.878906,0
2020-08-06,34027.191406,34276.460938,33979.398438,34255.550781,34255.550781,0
2020-08-07,34131.101563,34287.480469,34023.628906,34267.351563,34267.351563,0
2020-08-10,34353.468750,34384.121094,34116.640625,34354.089844,34354.089844,0
2020-08-11,34500.031250,34565.101563,34025.820313,34063.949219,34063.949219,0
2020-08-12,34406.140625,34590.160156,34370.710938,34525.769531,34525.769531,0
2020-08-13,34453.371094,34628.441406,34393.210938,34492.578125,34492.578125,0
2020-08-14,34434.050781,34542.230469,34373.410156,34478.011719,34478.011719,0
2020-08-17,34593.578125,34667.878906,34563.230469,34632.250000,34632.250000,0
2020-08-18,34632.250000,34755.429688,34498.898438,34694.058594,34694.058594,0
2020-08-19,34720.039063,34802.300781,34495.460938,34543.878906,34543.878906,0
2020-08-20,34328.820313,34713.730469,34323.179688,34658.730469,34658.730469,0
2020-08-21,34658.730469,34770.519531,34600.890625,34741.230469,34741.230469,0
2020-08-24,34741.230469,35062.578125,34741.230469,35061.460938,35061.460938,0
2020-08-25,35109.671875,35181.421875,34978.871094,35178.390625,35178.390625,0
2020-08-26,35256.058594,35543.429688,35206.828125,35512.949219,35512.949219,0
2020-08-27,35596.910156,35764.671875,35414.941406,35585.460938,35585.460938,0
2020-08-28,35742.890625,35850.460938,35620.941406,35841.570313,35841.570313,0
2020-08-31,35849.609375,35950.109375,35709.761719,35807.660156,35807.660156,0
2020-09-01,35901.679688,36142.351563,35779.230469,36134.039063,36134.039063,0
2020-09-02,36328.839844,36658.730469,36122.839844,36598.031250,36598.031250,0
2020-09-03,36320.750000,36364.949219,35010.679688,35275.671875,35275.671875,0
2020-09-04,35296.351563,35526.878906,34119.171875,34970.269531,34970.269531,0
2020-09-08,34233.738281,34484.671875,33963.000000,33969.179688,33969.179688,0
2020-09-09,34423.289063,34898.109375,34342.730469,34659.039063,34659.039063,0
2020-09-10,34856.769531,34988.238281,34002.281250,34096.058594,34096.058594,0
2020-09-11,34179.390625,34375.398438,33761.738281,34072.718750,34072.718750,0
2020-09-14,34423.730469,34731.730469,34374.511719,34609.359375,34609.359375,0
2020-09-15,34898.089844,34982.320313,34685.050781,34806.410156,34806.410156,0
2020-09-16,34910.539063,35126.031250,34679.578125,34682.460938,34682.460938,0
2020-09-17,34119.281250,34545.550781,34081.921875,34375.550781,34375.550781,0
2020-09-18,34453.710938,34471.578125,33747.601563,34055.179688,34055.179688,0
2020-09-21,33541.398438,33660.500000,33104.078125,33659.308594,33659.308594,0
2020-09-22,33816.890625,34055.539063,33543.941406,34009.800781,34009.800781,0
2020-09-23,34038.691406,34084.160156,33133.570313,33167.148438,33167.148438,0
2020-09-24,33002.628906,33599.878906,32832.148438,33245.121094,33245.121094,0
2020-09-25,33173.820313,33892.988281,33133.199219,33816.191406,33816.191406,0
2020-09-28,33816.191406,34460.941406,33816.191406,34379.808594,34379.808594,0
2020-09-29,34379.808594,34442.378906,34152.289063,34224.941406,34224.941406,0
2020-09-30,34224.941406,34791.558594,34224.941406,34480.269531,34480.269531,0
2020-10-01,34480.269531,34841.390625,34480.269531,34767.660156,34767.660156,0
2020-10-02,34767.660156,34767.660156,34143.160156,34470.871094,34470.871094,0
2020-10-05,34470.871094,35122.128906,34470.871094,35117.449219,35117.449219,0
2020-10-06,35117.449219,35405.929688,34615.480469,34673.558594,34673.558594,0
2020-10-07,34673.558594,35349.859375,34673.558594,35280.089844,35280.089844,0
2020-10-08,35280.089844,35576.339844,35280.089844,35575.269531,35575.269531,0
2020-10-09,35575.269531,35934.609375,35575.269531,35881.250000,35881.250000,0
2020-10-12,35881.250000,36566.718750,35881.250000,36421.820313,36421.820313,0
2020-10-13,36421.820313,36421.820313,36153.789063,36259.031250,36259.031250,0
2020-10-14,36259.031250,36432.089844,35937.800781,36014.890625,36014.890625,0
2020-10-15,36014.890625,36051.351563,35505.218750,35993.578125,35993.578125,0
2020-10-16,35993.578125,36293.328125,35960.320313,35960.351563,35960.351563,0
2020-10-19,35960.351563,36170.648438,35356.738281,35413.390625,35413.390625,0
2020-10-20,35413.390625,35881.429688,35413.390625,35539.058594,35539.058594,0
2020-10-21,35539.058594,35760.621094,35415.218750,35423.808594,35423.808594,0
2020-10-22,35423.808594,35731.890625,35239.800781,35660.558594,35660.558594,0
2020-10-23,35660.558594,35795.058594,35515.320313,35793.371094,35793.371094,0
2020-10-26,35793.371094,35793.371094,34742.308594,35123.570313,35123.570313,0
2020-10-27,35123.570313,35214.640625,35008.511719,35033.058594,35033.058594,0
2020-10-28,35033.058594,35033.058594,33821.710938,33838.789063,33838.789063,0
2020-10-29,33838.789063,34503.660156,33728.640625,34216.468750,34216.468750,0
2020-10-30,34216.468750,34216.468750,33398.648438,33724.808594,33724.808594,0
2020-11-02,33724.808594,34337.320313,33724.808594,34128.449219,34128.449219,0
2020-11-03,34128.449219,34959.988281,34128.449219,34788.761719,34788.761719,0
2020-11-04,34788.761719,35957.679688,34788.761719,35544.160156,35544.160156,0
2020-11-05,35544.160156,36408.218750,35544.160156,36268.859375,36268.859375,0
2020-11-06,36268.859375,36365.769531,36026.468750,36256.929688,36256.929688,0
2020-11-09,36256.929688,37565.550781,36256.929688,36594.011719,36594.011719,0
2020-11-10,36594.011719,36667.160156,36140.359375,36554.550781,36554.550781,0
2020-11-11,36554.550781,36930.218750,36554.550781,36865.980469,36865.980469,0
2020-11-12,36865.980469,36865.980469,36314.300781,36509.230469,36509.230469,0
2020-11-13,36509.230469,37072.191406,36509.230469,36994.941406,36994.941406,0
2020-11-16,36994.941406,37459.191406,36994.941406,37456.898438,37456.898438,0
2020-11-17,37456.898438,37506.691406,37092.308594,37372.378906,37372.378906,0
2020-11-18,37372.378906,37519.289063,37003.531250,37004.921875,37004.921875,0
2020-11-19,37004.921875,37240.320313,36811.351563,37219.050781,37219.050781,0
2020-11-20,37219.050781,37219.050781,37022.988281,37023.179688,37023.179688,0
2020-11-23,37023.179688,37420.511719,37023.179688,37319.800781,37319.800781,0
2020-11-24,37319.800781,37957.171875,37319.800781,37899.789063,37899.789063,0
2020-11-25,37899.789063,37958.250000,37714.871094,37910.781250,37910.781250,0
2020-11-27,37910.781250,38106.378906,37910.781250,38057.371094,38057.371094,0
2020-11-30,38057.371094,38057.371094,37516.941406,37839.648438,37839.648438,0
2020-12-01,37839.648438,38350.511719,37839.648438,38194.289063,38194.289063,0
2020-12-02,38194.289063,38239.828125,37919.289063,38224.539063,38224.539063,0
2020-12-03,38224.539063,38461.691406,38223.199219,38305.511719,38305.511719,0
2020-12-04,38305.511719,38704.218750,38304.230469,38704.218750,38704.218750,0
2020-12-07,38704.218750,38736.941406,38568.289063,38692.929688,38692.929688,0
2020-12-08,38692.929688,38925.351563,38564.878906,38864.230469,38864.230469,0
2020-12-09,38864.230469,38979.679688,38306.148438,38473.761719,38473.761719,0
2020-12-10,38473.761719,38615.000000,38165.570313,38552.339844,38552.339844,0
2020-12-11,38552.339844,38552.339844,38147.500000,38481.000000,38481.000000,0
2020-12-14,38481.000000,38861.089844,38355.730469,38364.648438,38364.648438,0
2020-12-15,38364.648438,38868.101563,38364.648438,38866.921875,38866.921875,0
2020-12-16,38866.921875,39012.640625,38795.148438,38913.000000,38913.000000,0
2020-12-17,38913.000000,39220.640625,38913.000000,39220.578125,39220.578125,0
2020-12-18,39220.578125,39292.128906,38862.781250,39130.648438,39130.648438,0
2020-12-21,39130.648438,39130.648438,38407.929688,39033.968750,39033.968750,0
2020-12-22,39033.968750,39145.839844,38884.128906,39053.011719,39053.011719,0
2020-12-23,39053.011719,39288.410156,39053.011719,39091.019531,39091.019531,0
2020-12-24,39091.019531,39181.980469,39046.679688,39175.589844,39175.589844,0
2020-12-28,39175.589844,39478.050781,39175.589844,39358.070313,39358.070313,0
2020-12-29,39358.070313,39573.789063,39134.699219,39200.601563,39200.601563,0
2020-12-30,39200.601563,39428.171875,39200.601563,39301.238281,39301.238281,0
2020-12-31,39301.238281,39482.648438,39198.078125,39456.660156,39456.660156,0
2021-01-04,39456.660156,39624.929688,38484.671875,38892.089844,38892.089844,0
2021-01-05,38892.089844,39314.839844,38836.828125,39217.968750,39217.968750,0
2021-01-06,39217.968750,39889.300781,39061.609375,39522.078125,39522.078125,0
2021-01-07,39522.078125,40257.359375,39522.078125,40190.109375,40190.109375,0
2021-01-08,40190.109375,40421.660156,39941.671875,40386.078125,40386.078125,0
2021-01-11,40386.078125,40386.078125,39979.460938,40161.078125,40161.078125,0
2021-01-12,40161.078125,40354.449219,40023.058594,40305.000000,40305.000000,0
2021-01-13,40305.000000,40473.511719,40171.828125,40338.039063,40338.039063,0
2021-01-14,40338.039063,40570.781250,40264.500000,40297.308594,40297.308594,0
2021-01-15,40297.308594,40297.308594,39766.601563,39981.968750,39981.968750,0
2021-01-19,39981.968750,40378.718750,39981.968750,40328.828125,40328.828125,0
2021-01-20,40328.828125,40899.949219,40328.828125,40829.128906,40829.128906,0
2021-01-21,40829.128906,40915.640625,40716.601563,40809.519531,40809.519531,0
2021-01-22,40809.519531,40863.441406,40567.710938,40783.628906,40783.628906,0
2021-01-25,40783.628906,41049.289063,40293.621094,40913.039063,40913.039063,0
2021-01-26,40913.039063,41097.121094,40785.191406,40802.109375,40802.109375,0
2021-01-27,40802.109375,40802.109375,39605.980469,39790.191406,39790.191406,0
2021-01-28,39790.191406,40541.878906,39790.191406,40127.058594,40127.058594,0
2021-01-29,40127.058594,40127.058594,39178.531250,39396.171875,39396.171875,0
2021-02-01,39396.171875,40158.761719,39396.171875,40074.460938,40074.460938,0
2021-02-02,40074.460938,40792.640625,40074.460938,40649.109375,40649.109375,0
2021-02-03,40649.109375,40899.019531,40556.500000,40728.539063,40728.539063,0
2021-02-04,40728.539063,41216.378906,40728.539063,41214.941406,41214.941406,0
2021-02-05,41214.941406,41498.488281,41214.941406,41448.871094,41448.871094,0
2021-02-08,41448.871094,41828.339844,41448.871094,41828.218750,41828.218750,0
2021-02-09,41828.218750,41932.128906,41701.171875,41847.050781,41847.050781,0
2021-02-10,41847.050781,42093.039063,41533.949219,41833.269531,41833.269531,0
2021-02-11,41833.269531,42028.230469,41600.890625,41899.281250,41899.281250,0
2021-02-12,41899.281250,42112.730469,41772.488281,42099.851563,42099.851563,0
2021-02-16,42099.851563,42290.820313,41909.839844,42030.011719,42030.011719,0
2021-02-17,42030.011719,42030.011719,41579.691406,41932.281250,41932.281250,0
2021-02-18,41932.281250,41932.281250,41351.238281,41674.300781,41674.300781,0
2021-02-19,41674.300781,41988.750000,41674.300781,41747.250000,41747.250000,0
2021-02-22,41747.250000,41747.250000,41311.429688,41316.558594,41316.558594,0
2021-02-23,41316.558594,41428.898438,40285.789063,41284.109375,41284.109375,0
2021-02-24,41284.109375,41795.910156,41056.359375,41763.011719,41763.011719,0
2021-02-25,41763.011719,41785.960938,40472.179688,40629.398438,40629.398438,0
2021-02-26,40629.398438,41018.609375,40168.660156,40508.679688,40508.679688,0
2021-03-01,40508.679688,41655.351563,40508.679688,41538.328125,41538.328125,0
2021-03-02,41538.328125,41591.128906,41140.699219,41140.898438,41140.898438,0
2021-03-03,41140.898438,41197.410156,40492.910156,40496.929688,40496.929688,0
2021-03-04,40496.929688,40696.351563,39309.820313,39842.429688,39842.429688,0
2021-03-05,39842.429688,40646.828125,39172.941406,40564.859375,40564.859375,0
2021-03-08,40564.859375,40987.101563,40293.648438,40314.000000,40314.000000,0
2021-03-09,40314.000000,41283.601563,40314.000000,40996.250000,40996.250000,0
2021-03-10,40996.250000,41475.058594,40996.250000,41275.398438,41275.398438,0
2021-03-11,41275.398438,42004.941406,41275.398438,41844.988281,41844.988281,0
2021-03-12,41844.988281,42263.828125,41541.019531,41900.339844,41900.339844,0
2021-03-15,41900.339844,42202.371094,41711.441406,42198.011719,42198.011719,0
2021-03-16,42198.011719,42276.261719,41876.929688,42013.828125,42013.828125,0
2021-03-17,42013.828125,42265.609375,41666.531250,42154.699219,42154.699219,0
2021-03-18,42154.699219,42154.699219,41315.839844,41373.339844,41373.339844,0
2021-03-19,41373.339844,41601.980469,41083.921875,41443.121094,41443.121094,0
2021-03-22,41443.121094,41844.531250,41443.121094,41670.691406,41670.691406,0
2021-03-23,41670.691406,41670.691406,41098.738281,41192.851563,41192.851563,0
2021-03-24,41192.851563,41513.871094,40794.078125,40794.171875,40794.171875,0
2021-03-25,40794.171875,41172.808594,40352.800781,41067.191406,41067.191406,0
2021-03-26,41067.191406,41737.808594,41067.191406,41720.148438,41720.148438,0
2021-03-29,41720.148438,41720.148438,41278.441406,41521.441406,41521.441406,0
2021-03-30,41521.441406,41593.250000,41258.250000,41500.550781,41500.550781,0
2021-03-31,41500.550781,41964.558594,41500.550781,41741.871094,41741.871094,0
2021-04-01,41741.871094,42286.261719,41741.871094,42280.968750,42280.968750,0
2021-04-05,42280.968750,42839.738281,42280.968750,42805.800781,42805.800781,0
2021-04-06,42805.800781,42961.109375,42742.789063,42815.628906,42815.628906,0
2021-04-07,42815.628906,42879.378906,42681.140625,42778.859375,42778.859375,0
2021-04-08,42778.859375,43019.718750,42778.859375,43019.710938,43019.710938,0
2021-04-09,43019.710938,43290.378906,42970.808594,43288.238281,43288.238281,0
2021-04-12,43288.238281,43310.089844,43111.781250,43273.250000,43273.250000,0
2021-04-13,43273.250000,43516.441406,43251.410156,43448.300781,43448.300781,0
2021-04-14,43448.300781,43632.878906,43259.460938,43297.550781,43297.550781,0
2021-04-15,43297.550781,43787.859375,43297.550781,43769.218750,43769.218750,0
2021-04-16,43769.218750,43944.328125,43710.011719,43887.910156,43887.910156,0
2021-04-19,43887.910156,43887.910156,43443.960938,43588.460938,43588.460938,0
2021-04-20,43588.460938,43588.460938,43000.019531,43208.250000,43208.250000,0
2021-04-21,43208.250000,43677.109375,43079.859375,43673.609375,43673.609375,0
2021-04-22,43673.609375,43854.238281,43213.898438,43342.230469,43342.230469,0
2021-04-23,43342.230469,44013.820313,43342.230469,43875.281250,43875.281250,0
2021-04-26,43875.281250,44115.621094,43875.281250,44050.031250,44050.031250,0
2021-04-27,44050.031250,44117.710938,43951.269531,44049.378906,44049.378906,0
2021-04-28,44049.378906,44207.769531,44003.101563,44027.671875,44027.671875,0
2021-04-29,44027.671875,44386.089844,43852.691406,44220.949219,44220.949219,0
2021-04-30,44220.949219,44220.949219,43804.828125,43870.089844,43870.089844,0
2021-05-03,43870.089844,44122.738281,43870.089844,43933.859375,43933.859375,0
2021-05-04,43933.859375,43933.859375,43165.218750,43559.601563,43559.601563,0
2021-05-05,43559.601563,43782.011719,43448.878906,43513.761719,43513.761719,0
2021-05-06,43513.761719,43732.019531,43168.898438,43723.921875,43723.921875,0
2021-05-07,43723.921875,44155.539063,43723.921875,44085.070313,44085.070313,0
2021-05-10,44085.070313,44085.070313,43515.101563,43515.148438,43515.148438,0
2021-05-11,43515.148438,43515.148438,42716.929688,43219.050781,43219.050781,0
2021-05-12,43219.050781,43219.050781,42146.750000,42208.539063,42208.539063,0
2021-05-13,42208.539063,42869.968750,42208.539063,42656.269531,42656.269531,0
2021-05-14,42656.269531,43503.019531,42656.269531,43415.800781,43415.800781,0
2021-05-17,43415.800781,43415.800781,43067.699219,43318.570313,43318.570313,0
2021-05-18,43318.570313,43468.550781,43015.230469,43016.019531,43016.019531,0
2021-05-19,43016.019531,43016.019531,42293.921875,42865.519531,42865.519531,0
2021-05-20,42865.519531,43465.218750,42865.519531,43344.191406,43344.191406,0
2021-05-21,43344.191406,43679.460938,43282.789063,43322.738281,43322.738281,0
2021-05-24,43322.738281,43885.480469,43322.738281,43751.281250,43751.281250,0
2021-05-25,43751.281250,43942.769531,43581.160156,43619.738281,43619.738281,0
2021-05-26,43619.738281,43875.531250,43619.738281,43828.550781,43828.550781,0
2021-05-27,43828.550781,44011.878906,43828.550781,43943.269531,43943.269531,0
2021-05-28,43943.269531,44117.300781,43943.269531,43966.359375,43966.359375,0
2021-06-01,43966.359375,44266.378906,43926.128906,44015.468750,44015.468750,0
2021-06-02,44015.468750,44143.820313,43970.851563,44088.500000,44088.500000,0
2021-06-03,44088.500000,44088.500000,43587.039063,43845.960938,43845.960938,0
2021-06-04,43845.960938,44277.078125,43845.960938,44239.750000,44239.750000,0
2021-06-07,44239.750000,44332.980469,44188.421875,44316.871094,44316.871094,0
2021-06-08,44316.871094,44472.261719,44146.019531,44410.171875,44410.171875,0
2021-06-09,44410.171875,44513.578125,44280.800781,44283.761719,44283.761719,0
2021-06-10,44283.761719,44573.878906,44245.351563,44468.519531,44468.519531,0
2021-06-11,44468.519531,44618.691406,44437.988281,44618.148438,44618.148438,0
2021-06-14,44618.148438,44675.531250,44494.468750,44675.171875,44675.171875,0
2021-06-15,44675.171875,44676.820313,44422.410156,44535.800781,44535.800781,0
2021-06-16,44535.800781,44551.058594,44063.671875,44328.968750,44328.968750,0
2021-06-17,44328.968750,44420.691406,44005.609375,44313.058594,44313.058594,0
2021-06-18,44313.058594,44313.058594,43746.640625,43762.781250,43762.781250,0
2021-06-21,43762.781250,44376.960938,43762.781250,44359.210938,44359.210938,0
2021-06-22,44359.210938,44687.988281,44259.808594,44595.441406,44595.441406,0
2021-06-23,44595.441406,44741.460938,44589.460938,44592.429688,44592.429688,0
2021-06-24,44592.429688,44930.601563,44592.429688,44886.570313,44886.570313,0
2021-06-25,44886.570313,45091.328125,44886.570313,45037.960938,45037.960938,0
2021-06-28,45037.960938,45133.000000,44932.738281,45109.941406,45109.941406,0
2021-06-29,45109.941406,45206.871094,45043.011719,45094.898438,45094.898438,0
2021-06-30,45094.898438,45161.628906,45029.031250,45113.859375,45113.859375,0
2021-07-01,45113.859375,45325.570313,45113.859375,45313.761719,45313.761719,0
2021-07-02,45313.761719,45594.191406,45313.761719,45563.390625,45563.390625,0
2021-07-06,45563.390625,45596.921875,45146.460938,45453.089844,45453.089844,0
2021-07-07,45453.089844,45595.878906,45212.070313,45502.781250,45502.781250,0
2021-07-08,45502.781250,45502.781250,44705.519531,45112.808594,45112.808594,0
2021-07-09,45112.808594,45701.019531,45112.808594,45684.890625,45684.890625,0
2021-07-12,45684.890625,45800.750000,45612.968750,45789.390625,45789.390625,0
2021-07-13,45789.390625,45799.539063,45494.570313,45513.601563,45513.601563,0
2021-07-14,45513.601563,45762.468750,45333.738281,45410.738281,45410.738281,0
2021-07-15,45410.738281,45410.738281,45001.199219,45247.488281,45247.488281,0
2021-07-16,45247.488281,45431.750000,44872.050781,44920.281250,44920.281250,0
2021-07-19,44920.281250,44920.281250,43997.480469,44271.941406,44271.941406,0
2021-07-20,44271.941406,45192.601563,44271.941406,45045.000000,45045.000000,0
2021-07-21,45045.000000,45469.078125,45045.000000,45463.691406,45463.691406,0
2021-07-22,45463.691406,45537.328125,45308.441406,45491.539063,45491.539063,0
2021-07-23,45491.539063,45970.808594,45491.539063,45940.781250,45940.781250,0
2021-07-26,45940.781250,46040.820313,45897.609375,46039.640625,46039.640625,0
2021-07-27,46039.640625,46039.640625,45411.171875,45744.250000,45744.250000,0
2021-07-28,45744.250000,45989.460938,45668.011719,45830.738281,45830.738281,0
2021-07-29,45830.738281,46164.250000,45830.738281,46003.000000,46003.000000,0
2021-07-30,46003.000000,46003.000000,45651.269531,45708.000000,45708.000000,0
2021-08-02,45708.000000,45975.871094,45617.488281,45648.339844,45648.339844,0
2021-08-03,45648.339844,45959.210938,45425.031250,45957.968750,45957.968750,0
2021-08-04,45957.968750,45957.968750,45736.859375,45762.511719,45762.511719,0
2021-08-05,45762.511719,46107.699219,45762.511719,46105.679688,46105.679688,0
2021-08-06,46105.679688,46245.691406,46053.878906,46143.351563,46143.351563,0
2021-08-09,46143.351563,46202.890625,46000.238281,46125.269531,46125.269531,0
2021-08-10,46125.269531,46251.519531,46093.890625,46145.011719,46145.011719,0
2021-08-11,46145.011719,46266.441406,46062.000000,46248.910156,46248.910156,0
2021-08-12,46248.910156,46377.429688,46111.539063,46366.230469,46366.230469,0
2021-08-13,46366.230469,46410.941406,46319.789063,46378.570313,46378.570313,0
2021-08-16,46378.570313,46378.570313,45970.539063,46360.031250,46360.031250,0
2021-08-17,46360.031250,46360.031250,45668.679688,45999.980469,45999.980469,0
2021-08-18,45999.980469,46081.238281,45534.828125,45556.488281,45556.488281,0
2021-08-19,45556.488281,45658.199219,45204.660156,45498.261719,45498.261719,0
2021-08-20,45498.261719,45929.371094,45498.261719,45908.660156,45908.660156,0
2021-08-23,45908.660156,46468.011719,45908.660156,46381.828125,46381.828125,0
2021-08-24,46381.828125,46626.531250,46381.828125,46563.460938,46563.460938,0
2021-08-25,46563.460938,46751.160156,46546.738281,46685.300781,46685.300781,0
2021-08-26,46685.300781,46693.929688,46364.199219,46380.718750,46380.718750,0
2021-08-27,46380.718750,46918.800781,46380.718750,46877.898438,46877.898438,0
2021-08-30,46877.898438,47137.988281,46877.898438,47046.570313,47046.570313,0
2021-08-31,47046.570313,47056.808594,46899.789063,46979.628906,46979.628906,0
2021-09-01,46979.628906,47186.468750,46979.628906,47044.691406,47044.691406,0
2021-09-02,47044.691406,47277.191406,47044.691406,47208.421875,47208.421875,0
2021-09-03,47208.421875,47245.578125,47060.101563,47198.269531,47198.269531,0
2021-09-07,47198.269531,47198.269531,46966.410156,47011.308594,47011.308594,0
2021-09-08,47011.308594,47011.308594,46649.410156,46859.148438,46859.148438,0
2021-09-09,46859.148438,47057.691406,46704.648438,46705.429688,46705.429688,0
2021-09-10,46705.429688,46982.738281,46337.019531,46344.480469,46344.480469,0
2021-09-13,46344.480469,46660.160156,46199.550781,46420.761719,46420.761719,0
2021-09-14,46420.761719,46582.570313,46029.328125,46108.269531,46108.269531,0
2021-09-15,46108.269531,46562.710938,46048.250000,46504.550781,46504.550781,0
2021-09-16,46504.550781,46621.558594,46184.109375,46491.269531,46491.269531,0
2021-09-17,46491.269531,46496.871094,46064.058594,46143.710938,46143.710938,0
2021-09-20,46143.710938,46143.710938,44760.601563,45304.039063,45304.039063,0
2021-09-21,45304.039063,45708.699219,45212.718750,45326.449219,45326.449219,0
2021-09-22,45326.449219,45996.230469,45326.449219,45769.730469,45769.730469,0
2021-09-23,45769.730469,46496.339844,45769.730469,46339.339844,46339.339844,0
2021-09-24,46339.339844,46446.699219,46144.398438,46361.230469,46361.230469,0
2021-09-27,46361.230469,46426.910156,46171.941406,46299.730469,46299.730469,0
2021-09-28,46299.730469,46299.730469,45272.410156,45313.820313,45313.820313,0
2021-09-29,45313.820313,45642.500000,45294.308594,45332.089844,45332.089844,0
2021-09-30,45332.089844,45573.570313,44846.839844,44850.031250,44850.031250,0
2021-10-01,44850.031250,45549.039063,44633.390625,45362.750000,45362.750000,0
2021-10-04,45362.750000,45362.750000,44527.871094,44737.199219,44737.199219,0
2021-10-05,44737.199219,45407.308594,44737.199219,45178.851563,45178.851563,0
2021-10-06,45178.851563,45363.308594,44611.148438,45346.261719,45346.261719,0
2021-10-07,45346.261719,46077.968750,45346.261719,45785.421875,45785.421875,0
2021-10-08,45785.421875,45912.308594,45624.531250,45654.558594,45654.558594,0
2021-10-11,45654.558594,45916.488281,45338.000000,45339.179688,45339.179688,0
2021-10-12,45339.179688,45540.199219,45246.101563,45332.550781,45332.550781,0
2021-10-13,45332.550781,45606.390625,45157.371094,45531.000000,45531.000000,0
2021-10-14,45531.000000,46290.511719,45531.000000,46270.781250,46270.781250,0
2021-10-15,46270.781250,46627.019531,46270.781250,46547.781250,46547.781250,0
2021-10-18,46547.781250,46755.378906,46341.140625,46736.859375,46736.859375,0
2021-10-19,46736.859375,47088.390625,46736.859375,47059.960938,47059.960938,0
2021-10-20,47059.960938,47285.121094,47059.960938,47235.519531,47235.519531,0
2021-10-21,47235.519531,47411.480469,47157.851563,47398.160156,47398.160156,0
2021-10-22,47398.160156,47458.218750,47053.781250,47281.859375,47281.859375,0
2021-10-25,47281.859375,47613.968750,47223.019531,47548.058594,47548.058594,0
2021-10-26,47548.058594,47873.269531,47498.218750,47560.621094,47560.621094,0
2021-10-27,47560.621094,47620.339844,47186.421875,47186.421875,47186.421875,0
2021-10-28,47186.421875,47722.480469,47186.421875,47717.640625,47717.640625,0
2021-10-29,47717.640625,47820.929688,47463.820313,47795.089844,47795.089844,0
2021-11-01,47795.089844,48045.500000,47777.289063,48040.140625,48040.140625,0
2021-11-02,48040.140625,48131.179688,47952.128906,48111.808594,48111.808594,0
2021-11-03,48111.808594,48547.730469,48060.890625,48521.871094,48521.871094,0
2021-11-04,48521.871094,48760.191406,48505.468750,48671.359375,48671.359375,0
2021-11-05,48671.359375,49089.390625,48668.558594,48868.230469,48868.230469,0
2021-11-08,48868.230469,49076.039063,48868.230469,48951.718750,48951.718750,0
2021-11-09,48951.718750,49035.109375,48618.328125,48787.730469,48787.730469,0
2021-11-10,48787.730469,48787.730469,48081.179688,48268.070313,48268.070313,0
2021-11-11,48268.070313,48486.300781,48268.070313,48359.070313,48359.070313,0
2021-11-12,48359.070313,48761.351563,48359.070313,48712.269531,48712.269531,0
2021-11-15,48712.269531,48850.871094,48567.398438,48682.980469,48682.980469,0
2021-11-16,48712.269531,49002.949219,48641.640625,48886.589844,48886.589844,0
2021-11-17,48886.589844,48886.589844,48614.871094,48677.660156,48677.660156,0
2021-11-18,48677.660156,48804.488281,48416.769531,48717.449219,48717.449219,0
2021-11-19,48717.449219,48819.230469,48567.339844,48593.601563,48593.601563,0
2021-11-22,48593.601563,48984.679688,48301.601563,48302.441406,48302.441406,0
2021-11-23,48302.441406,48467.000000,47861.308594,48300.058594,48300.058594,0
2021-11-24,48300.058594,48487.800781,47958.460938,48467.628906,48467.628906,0
2021-11-26,48467.628906,48467.628906,47236.691406,47377.648438,47377.648438,0
2021-11-29,47377.648438,48103.679688,47377.648438,47884.890625,47884.890625,0
2021-11-30,47884.890625,47884.890625,46844.808594,46936.078125,46936.078125,0
2021-12-01,46936.078125,47782.921875,46161.511719,46175.570313,46175.570313,0
2021-12-02,46175.570313,47081.488281,46175.078125,46902.699219,46902.699219,0
2021-12-03,46902.699219,47178.859375,45928.308594,46360.949219,46360.949219,0
2021-12-06,46360.949219,47133.378906,46243.968750,46912.929688,46912.929688,0
2021-12-07,46912.929688,48048.539063,46912.929688,47933.390625,47933.390625,0
2021-12-08,47933.390625,48194.679688,47836.230469,48151.558594,48151.558594,0
2021-12-09,48151.558594,48151.558594,47635.988281,47636.121094,47636.121094,0
2021-12-10,47636.121094,48051.500000,47584.089844,47962.050781,47962.050781,0
2021-12-13,47962.050781,47962.050781,47447.460938,47487.980469,47487.980469,0
2021-12-14,47487.980469,47487.980469,46844.031250,47115.808594,47115.808594,0
2021-12-15,47115.808594,47889.710938,46794.191406,47866.828125,47866.828125,0
2021-12-16,47866.828125,48083.640625,47142.628906,47325.828125,47325.828125,0
2021-12-17,47325.828125,47442.539063,46675.871094,47028.320313,47028.320313,0
2021-12-20,47028.320313,47028.320313,46046.179688,46439.519531,46439.519531,0
2021-12-21,46439.519531,47404.500000,46439.519531,47392.101563,47392.101563,0
2021-12-22,47392.101563,47849.140625,47347.890625,47844.531250,47844.531250,0
2021-12-23,47844.531250,48313.730469,47844.531250,48171.101563,48171.101563,0
2021-12-27,48171.101563,48768.730469,48171.101563,48767.390625,48767.390625,0
2021-12-28,48767.390625,48941.468750,48594.589844,48642.839844,48642.839844,0
2021-12-29,48642.839844,48767.808594,48477.261719,48677.210938,48677.210938,0
2021-12-30,48677.210938,48894.808594,48578.179688,48607.949219,48607.949219,0
2021-12-31,48607.949219,48701.800781,48461.148438,48461.160156,48461.160156,0
2022-01-03,48461.160156,48789.378906,48366.601563,48789.359375,48789.359375,0
2022-01-04,48789.359375,48993.621094,48422.109375,48660.750000,48660.750000,0
2022-01-05,48660.750000,48662.539063,47534.410156,47534.621094,47534.621094,0
2022-01-06,47534.621094,47860.718750,47182.378906,47542.789063,47542.789063,0
2022-01-07,47542.789063,47728.949219,47168.359375,47321.140625,47321.140625,0
2022-01-10,47321.140625,47321.140625,46284.421875,47243.800781,47243.800781,0
2022-01-11,47243.800781,47760.011719,46967.550781,47750.800781,47750.800781,0
2022-01-12,47750.800781,48107.500000,47595.171875,47807.050781,47807.050781,0
2022-01-13,47807.050781,47994.980469,46995.550781,47079.628906,47079.628906,0
2022-01-14,47079.628906,47126.941406,46557.878906,47103.441406,47103.441406,0
2022-01-18,47103.441406,47103.441406,46065.070313,46141.101563,46141.101563,0
2022-01-19,46141.101563,46498.140625,45656.378906,45673.160156,45673.160156,0
2022-01-20,45673.160156,46455.789063,45097.921875,45142.140625,45142.140625,0
2022-01-21,45142.140625,45249.281250,44203.539063,44219.808594,44219.808594,0
2022-01-24,44219.808594,44523.199219,42423.730469,44455.171875,44455.171875,0
2022-01-25,44455.171875,44455.171875,43193.289063,43843.050781,43843.050781,0
2022-01-26,43843.050781,44855.250000,43299.339844,43695.960938,43695.960938,0
2022-01-27,43695.960938,44460.179688,43182.839844,43340.601563,43340.601563,0
2022-01-28,43340.601563,44406.328125,42969.609375,44400.429688,44400.429688,0
2022-01-31,44400.429688,45420.441406,44280.238281,45416.468750,45416.468750,0
2022-02-01,45416.468750,45844.421875,45072.070313,45807.648438,45807.648438,0
2022-02-02,45807.648438,46110.281250,45609.210938,46045.019531,46045.019531,0
2022-02-03,46045.019531,46045.019531,44831.148438,44884.839844,44884.839844,0
2022-02-04,44884.839844,45618.949219,43559.859375,45244.281250,45244.281250,0
2022-02-07,45244.281250,45518.851563,45017.410156,45135.761719,45135.761719,0
2022-02-08,45135.761719,45664.800781,44945.050781,45572.011719,45572.011719,0
2022-02-09,45572.011719,46327.410156,45572.011719,46317.410156,46317.410156,0
2022-02-10,46317.410156,46448.539063,45316.191406,45518.210938,45518.210938,0
2022-02-11,45518.210938,45757.160156,44478.058594,44660.300781,44660.300781,0
2022-02-14,44660.300781,44783.160156,44149.191406,44490.089844,44490.089844,0
2022-02-15,44490.089844,45321.261719,44490.089844,45297.910156,45297.910156,0
2022-02-16,45297.910156,45406.589844,44846.398438,45285.230469,45285.230469,0
2022-02-17,45285.230469,45285.230469,44194.539063,44251.660156,44251.660156,0
2022-02-18,44251.660156,44414.390625,43654.449219,43866.558594,43866.558594,0
2022-02-22,43866.558594,44006.011719,42990.949219,43354.480469,43354.480469,0
2022-02-23,43354.480469,43737.710938,42477.128906,42509.429688,42509.429688,0
2022-02-24,42509.429688,43364.648438,41374.949219,43300.800781,43300.800781,0
2022-02-25,43300.800781,44263.488281,43222.308594,44260.121094,44260.121094,0
2022-02-28,44260.121094,44431.921875,43683.859375,44259.210938,44259.210938,0
2022-03-01,44259.210938,44311.480469,43304.109375,43573.359375,43573.359375,0
2022-03-02,43573.359375,44502.660156,43573.359375,44365.921875,44365.921875,0
2022-03-03,44365.921875,44597.148438,43820.289063,43996.140625,43996.140625,0
2022-03-04,43996.140625,43996.140625,43121.179688,43535.761719,43535.761719,0
2022-03-07,43535.761719,43660.351563,42182.210938,42188.218750,42188.218750,0
2022-03-08,42188.218750,43041.550781,41822.808594,41989.429688,41989.429688,0
2022-03-09,41989.429688,43333.500000,41989.429688,43128.351563,43128.351563,0
2022-03-10,43128.351563,43128.351563,42424.550781,42943.890625,42943.890625,0
2022-03-11,42943.890625,43258.808594,42284.121094,42305.628906,42305.628906,0
2022-03-14,42305.628906,42639.609375,41733.679688,41850.269531,41850.269531,0
2022-03-15,41850.269531,42787.968750,41850.269531,42718.710938,42718.710938,0
2022-03-16,42718.710938,43807.851563,42701.531250,43805.578125,43805.578125,0
2022-03-17,43805.578125,44427.468750,40095.941406,44427.398438,44427.398438,0
2022-03-18,44427.398438,45033.421875,44226.460938,45009.601563,45009.601563,0
2022-03-21,45009.601563,45189.578125,44559.019531,44923.039063,44923.039063,0
2022-03-22,44923.039063,45582.671875,44923.039063,45491.238281,45491.238281,0
2022-03-23,45491.238281,45491.238281,44922.058594,44925.078125,44925.078125,0
2022-03-24,44925.078125,45551.550781,44925.078125,45551.308594,45551.308594,0
2022-03-25,45551.308594,45744.320313,45274.421875,45692.828125,45692.828125,0
2022-03-28,45692.828125,46022.640625,45397.109375,46022.339844,46022.339844,0
2022-03-29,46022.339844,46793.601563,46022.339844,46717.148438,46717.148438,0
2022-03-30,46717.148438,46717.148438,46110.308594,46320.429688,46320.429688,0
2022-03-31,46320.429688,46337.890625,45606.671875,45606.671875,45606.671875,0
2022-04-01,45606.671875,45821.859375,45416.371094,45803.710938,45803.710938,0
2022-04-04,45803.710938,46216.378906,45791.089844,46209.710938,46209.710938,0
2022-04-05,46209.710938,46267.750000,45408.570313,45507.019531,45507.019531,0
2022-04-06,45507.019531,45507.019531,44654.289063,44968.359375,44968.359375,0
2022-04-07,44968.359375,45304.640625,44535.289063,45090.539063,45090.539063,0
2022-04-08,45090.539063,45283.160156,44790.511719,44927.398438,44927.398438,0
2022-04-11,44927.398438,44927.398438,44174.300781,44211.699219,44211.699219,0
2022-04-12,44211.699219,44905.781250,43968.101563,44124.789063,44124.789063,0
2022-04-13,44124.789063,44804.800781,44101.140625,44732.468750,44732.468750,0
2022-04-14,44732.468750,44874.621094,44170.468750,44180.851563,44180.851563,0
2022-04-18,44180.851563,44282.710938,43862.921875,44086.601563,44086.601563,0
2022-04-19,44086.601563,45054.000000,44086.601563,44967.039063,44967.039063,0
2022-04-20,44967.039063,45123.738281,44686.050781,44774.980469,44774.980469,0
2022-04-21,44774.980469,45320.558594,43914.488281,44002.148438,44002.148438,0
2022-04-22,44002.148438,44002.148438,42779.738281,42808.718750,42808.718750,0
2022-04-25,42808.718750,43104.359375,42147.578125,43089.589844,43089.589844,0
2022-04-26,43089.589844,43089.589844,41816.929688,41817.359375,41817.359375,0
2022-04-27,41817.359375,42406.621094,41659.031250,41857.339844,41857.339844,0
2022-04-28,41857.339844,43088.808594,41824.050781,42878.281250,42878.281250,0
2022-04-29,42878.281250,42878.281250,41276.808594,41343.968750,41343.968750,0
2022-05-02,41343.968750,41754.878906,40693.351563,41635.191406,41635.191406,0
2022-05-03,41635.191406,42049.070313,41537.839844,41820.718750,41820.718750,0
2022-05-04,41820.718750,43118.000000,41463.910156,43050.558594,43050.558594,0
2022-05-05,43050.558594,43050.558594,41008.460938,41423.519531,41423.519531,0
2022-05-06,41423.519531,41466.898438,40513.371094,41057.460938,41057.460938,0
2022-05-09,41057.460938,41057.460938,39435.550781,39586.539063,39586.539063,0
2022-05-10,39586.539063,40376.019531,39138.550781,39634.160156,39634.160156,0
2022-05-11,39634.160156,40131.800781,38827.710938,38889.929688,38889.929688,0
2022-05-12,38889.929688,39325.550781,38233.968750,38954.160156,38954.160156,0
2022-05-13,38954.160156,40185.429688,38954.160156,40022.269531,40022.269531,0
2022-05-16,40022.269531,40179.308594,39629.570313,39786.148438,39786.148438,0
2022-05-17,39786.148438,40623.609375,39786.148438,40617.601563,40617.601563,0
2022-05-18,40617.601563,40617.601563,38869.378906,38983.378906,38983.378906,0
2022-05-19,38983.378906,39285.621094,38547.570313,38840.730469,38840.730469,0
2022-05-20,38840.730469,39264.238281,37901.300781,38831.648438,38831.648438,0
2022-05-23,38831.648438,39582.988281,38831.648438,39496.398438,39496.398438,0
2022-05-24,39496.398438,39496.398438,38404.761719,39035.210938,39035.210938,0
2022-05-25,39035.210938,39720.140625,38888.750000,39515.281250,39515.281250,0
2022-05-26,39515.281250,40527.218750,39515.281250,40347.968750,40347.968750,0
2022-05-27,40347.968750,41391.648438,40347.968750,41391.269531,41391.269531,0
2022-05-31,41391.269531,41436.691406,40819.320313,41084.898438,41084.898438,0
2022-06-01,41084.898438,41428.511719,40471.199219,40780.250000,40780.250000,0
2022-06-02,40780.250000,41622.859375,40607.500000,41617.898438,41617.898438,0
2022-06-03,41617.898438,41617.898438,40829.941406,40945.390625,40945.390625,0
2022-06-06,40945.390625,41525.710938,40945.390625,41073.320313,41073.320313,0
2022-06-07,41073.320313,41526.250000,40646.289063,41490.488281,41490.488281,0
2022-06-08,41490.488281,41505.691406,40958.101563,41049.679688,41049.679688,0
2022-06-09,41049.679688,41441.398438,40051.011719,40051.871094,40051.871094,0
2022-06-10,40051.871094,40404.578125,38833.480469,38860.539063,38860.539063,0
2022-06-13,38860.539063,38860.539063,37092.488281,37236.648438,37236.648438,0
2022-06-14,37236.648438,37539.449219,36817.031250,37116.660156,37116.660156,0
2022-06-15,37116.660156,38164.109375,37014.019531,37692.238281,37692.238281,0
2022-06-16,37692.238281,37692.238281,36094.500000,36357.761719,36357.761719,0
2022-06-17,36357.761719,36831.671875,36127.230469,36527.660156,36527.660156,0
2022-06-21,36527.660156,37583.441406,36527.660156,37387.191406,37387.191406,0
2022-06-22,37387.191406,37737.671875,36921.558594,37327.839844,37327.839844,0
2022-06-23,37327.839844,37822.050781,37192.511719,37752.878906,37752.878906,0
2022-06-24,37752.878906,38935.199219,37752.878906,38930.578125,38930.578125,0
2022-06-27,38930.578125,39100.910156,38696.578125,38822.078125,38822.078125,0
2022-06-28,38822.078125,39262.988281,38016.558594,38025.968750,38025.968750,0
2022-06-29,38025.968750,38117.378906,37727.460938,37929.468750,37929.468750,0
2022-06-30,37929.468750,37929.468750,37082.699219,37564.230469,37564.230469,0
2022-07-01,37564.230469,38035.660156,37257.808594,37997.761719,37997.761719,0
2022-07-05,37997.761719,38171.859375,37165.109375,38167.730469,38167.730469,0
2022-07-06,38167.730469,38472.300781,37874.468750,38220.589844,38220.589844,0
2022-07-07,38220.589844,38958.648438,38220.589844,38884.578125,38884.578125,0
2022-07-08,38884.578125,39062.769531,38525.398438,38850.460938,38850.460938,0
2022-07-11,38850.460938,38850.460938,38256.558594,38325.460938,38325.460938,0
2022-07-12,38325.460938,38529.500000,37822.160156,37994.781250,37994.781250,0
2022-07-13,37994.781250,38099.671875,37381.960938,37848.031250,37848.031250,0
2022-07-14,37848.031250,37848.031250,37018.808594,37673.468750,37673.468750,0
2022-07-15,37673.468750,38411.339844,37673.468750,38411.308594,38411.308594,0
2022-07-18,38411.308594,38857.558594,38032.238281,38146.359375,38146.359375,0
2022-07-19,38146.359375,39237.699219,38146.359375,39216.609375,39216.609375,0
2022-07-20,39216.609375,39672.000000,39112.480469,39556.238281,39556.238281,0
2022-07-21,39556.238281,39928.949219,39212.339844,39927.640625,39927.640625,0
2022-07-22,39927.640625,40058.738281,39246.671875,39472.441406,39472.441406,0
2022-07-25,39472.441406,39608.859375,39293.140625,39524.769531,39524.769531,0
2022-07-26,39524.769531,39524.769531,38925.871094,39021.718750,39021.718750,0
2022-07-27,39021.718750,40204.628906,39021.718750,40058.500000,40058.500000,0
2022-07-28,40058.500000,40595.210938,39722.718750,40557.761719,40557.761719,0
2022-07-29,40557.761719,41211.359375,40557.761719,41119.578125,41119.578125,0
2022-08-01,41119.578125,41283.468750,40747.648438,41034.070313,41034.070313,0
2022-08-02,41034.070313,41295.371094,40700.441406,40826.878906,40826.878906,0
2022-08-03,40826.878906,41606.378906,40826.878906,41491.300781,41491.300781,0
2022-08-04,41491.300781,41550.738281,41280.371094,41451.679688,41451.679688,0
2022-08-05,41451.679688,41510.730469,41007.691406,41439.910156,41439.910156,0
2022-08-08,41439.910156,41938.531250,41358.699219,41462.789063,41462.789063,0
2022-08-09,41462.789063,41462.789063,41083.550781,41195.609375,41195.609375,0
2022-08-10,41195.609375,42168.011719,41195.609375,42155.078125,42155.078125,0
2022-08-11,42155.078125,42690.640625,42070.460938,42126.421875,42126.421875,0
2022-08-12,42126.421875,42867.621094,42126.421875,42867.308594,42867.308594,0
2022-08-15,42867.308594,43065.859375,42616.789063,43026.808594,43026.808594,0
2022-08-16,43026.808594,43311.089844,42788.289063,43108.648438,43108.648438,0
2022-08-17,43108.648438,43108.648438,42493.761719,42704.820313,42704.820313,0
2022-08-18,42704.820313,42898.820313,42583.800781,42814.710938,42814.710938,0
2022-08-19,42814.710938,42814.710938,42079.160156,42177.289063,42177.289063,0
2022-08-22,42177.289063,42177.289063,41195.140625,41273.171875,41273.171875,0
2022-08-23,41273.171875,41560.570313,41185.929688,41224.390625,41224.390625,0
2022-08-24,41224.390625,41561.210938,41146.761719,41395.699219,41395.699219,0
2022-08-25,41395.699219,42008.761719,41395.699219,42005.289063,42005.289063,0
2022-08-26,42005.289063,42023.140625,40598.789063,40598.789063,40598.789063,0
2022-08-29,40598.789063,40646.281250,40199.210938,40313.238281,40313.238281,0
2022-08-30,40313.238281,40462.890625,39646.480469,39856.000000,39856.000000,0
2022-08-31,39856.000000,40150.378906,39560.800781,39560.859375,39560.859375,0
2022-09-01,39560.859375,39609.531250,38943.378906,39571.890625,39571.890625,0
2022-09-02,39571.890625,40093.769531,39004.968750,39180.410156,39180.410156,0
2022-09-06,39180.410156,39349.839844,38787.269531,38999.140625,38999.140625,0
2022-09-07,38999.140625,39813.859375,38965.218750,39743.921875,39743.921875,0
2022-09-08,39743.921875,40059.679688,39387.000000,40044.679688,40044.679688,0
2022-09-09,40044.679688,40797.230469,40044.679688,40711.199219,40711.199219,0
2022-09-12,40711.199219,41221.859375,40711.199219,41146.421875,41146.421875,0
2022-09-13,41146.421875,41146.421875,39281.210938,39392.160156,39392.160156,0
2022-09-14,39392.160156,39657.019531,39208.359375,39545.250000,39545.250000,0
2022-09-15,39545.250000,39709.039063,38987.339844,39122.859375,39122.859375,0
2022-09-16,39122.859375,39122.859375,38402.011719,38750.460938,38750.460938,0
2022-09-19,38750.460938,39026.988281,38392.679688,39022.230469,39022.230469,0
2022-09-20,39022.230469,39022.230469,38027.128906,38558.480469,38558.480469,0
2022-09-21,38558.480469,39086.171875,37914.121094,37914.988281,37914.988281,0
2022-09-22,37914.988281,37920.000000,37420.519531,37483.148438,37483.148438,0
2022-09-23,37483.148438,37483.148438,36332.730469,36787.199219,36787.199219,0
2022-09-26,36787.199219,37074.699219,36318.308594,36408.339844,36408.339844,0
2022-09-27,36408.339844,39885.519531,36354.789063,36354.789063,36354.789063,0
2022-09-28,36354.789063,37315.480469,36322.320313,37138.398438,37138.398438,0
2022-09-29,37138.398438,37138.398438,36024.859375,36323.910156,36323.910156,0
2022-09-30,36323.910156,36694.250000,35829.738281,35836.921875,35836.921875,0
2022-10-03,35836.921875,36939.300781,35836.921875,36744.589844,36744.589844,0
2022-10-04,36744.589844,37945.808594,36744.589844,37944.730469,37944.730469,0
2022-10-05,37944.730469,38061.238281,37226.148438,37845.128906,37845.128906,0
2022-10-06,37845.128906,38018.808594,37436.851563,37492.230469,37492.230469,0
2022-10-07,37492.230469,37492.230469,36237.218750,36419.871094,36419.871094,0
2022-10-10,36419.871094,36533.738281,35883.511719,36126.320313,36126.320313,0
2022-10-11,36126.320313,36429.519531,35636.148438,35911.761719,35911.761719,0
2022-10-12,35911.761719,36077.449219,35739.601563,35809.679688,35809.679688,0
2022-10-13,35809.679688,36828.750000,34917.148438,36672.738281,36672.738281,0
2022-10-14,36672.738281,37102.218750,35754.000000,35778.628906,35778.628906,0
2022-10-17,35778.628906,36873.328125,35778.628906,36766.960938,36766.960938,0
2022-10-18,36766.960938,37394.199219,36371.738281,37213.648438,37213.648438,0
2022-10-19,37213.648438,37240.601563,36601.148438,36882.570313,36882.570313,0
2022-10-20,36882.570313,37305.988281,36493.421875,36589.851563,36589.851563,0
2022-10-21,36589.851563,37467.828125,36416.390625,37419.429688,37419.429688,0
2022-10-24,37419.429688,37920.230469,37240.949219,37805.511719,37805.511719,0
2022-10-25,37805.511719,38543.531250,37805.511719,38502.589844,38502.589844,0
2022-10-26,38502.589844,38834.230469,38196.910156,38261.621094,38261.621094,0
2022-10-27,38261.621094,38589.468750,38038.199219,38071.339844,38071.339844,0
2022-10-28,38071.339844,38989.199219,38071.339844,38952.710938,38952.710938,0
2022-10-31,38952.710938,38952.710938,38594.339844,38702.500000,38702.500000,0
2022-11-01,38702.500000,39121.410156,38460.839844,38575.718750,38575.718750,0
2022-11-02,38575.718750,38900.019531,37558.308594,37563.921875,37563.921875,0
2022-11-03,37563.921875,37563.921875,36938.660156,37195.031250,37195.031250,0
2022-11-04,37195.031250,37908.500000,37022.171875,37635.449219,37635.449219,0
2022-11-07,37635.449219,38028.039063,37564.281250,37959.371094,37959.371094,0
2022-11-08,37959.371094,38460.011719,37453.558594,38151.441406,38151.441406,0
2022-11-09,38151.441406,38151.441406,37261.769531,37306.441406,37306.441406,0
2022-11-10,37306.441406,39433.941406,37306.441406,39420.308594,39420.308594,0
2022-11-11,39420.308594,39936.011719,39355.550781,39835.621094,39835.621094,0
2022-11-14,39634.429688,39966.050781,39438.750000,39438.761719,39438.761719,0
2022-11-15,40086.531250,40188.871094,39485.660156,39844.300781,39844.300781,0
2022-11-16,39844.300781,39844.300781,39388.449219,39433.570313,39433.570313,0
2022-11-17,38937.921875,39342.640625,38867.441406,39263.789063,39263.789063,0
2022-11-18,39551.101563,39619.500000,39152.789063,39439.890625,39439.890625,0
2022-11-21,39439.890625,39439.890625,39085.269531,39247.660156,39247.660156,0
2022-11-22,39247.660156,39792.410156,39247.660156,39779.730469,39779.730469,0
2022-11-23,39779.730469,40083.550781,39730.320313,40013.558594,40013.558594,0
2022-11-25,40013.558594,40093.761719,39937.738281,40018.878906,40018.878906,0
2022-11-28,40018.878906,40018.878906,39308.070313,39387.609375,39387.609375,0
2022-11-29,39387.609375,39544.250000,39180.101563,39348.531250,39348.531250,0
2022-11-30,39348.531250,40552.488281,39143.980469,40552.421875,40552.421875,0
2022-12-01,40552.421875,40759.031250,40279.921875,40534.410156,40534.410156,0
2022-12-02,40534.410156,40593.871094,40046.820313,40504.140625,40504.140625,0
2022-12-05,40504.140625,40504.140625,39563.941406,39695.101563,39695.101563,0
2022-12-06,39695.101563,39711.000000,38878.070313,39109.660156,39109.660156,0
2022-12-07,39109.660156,39268.671875,38920.781250,39020.671875,39020.671875,0
2022-12-08,39020.671875,39455.460938,39020.671875,39313.429688,39313.429688,0
2022-12-09,39313.429688,39430.199219,39000.148438,39011.960938,39011.960938,0
2022-12-12,39011.960938,39569.359375,39010.148438,39568.921875,39568.921875,0
2022-12-13,39568.921875,40693.671875,39568.921875,39851.871094,39851.871094,0
2022-12-14,39851.871094,40172.328125,39347.128906,39619.019531,39619.019531,0
2022-12-15,39619.019531,39619.019531,38484.441406,38627.550781,38627.550781,0
2022-12-16,38627.550781,38627.550781,37964.089844,38217.000000,38217.000000,0
2022-12-19,38217.000000,38242.851563,37670.480469,37834.230469,37834.230469,0
2022-12-20,37834.230469,38055.789063,37623.941406,37891.238281,37891.238281,0
2022-12-21,37891.238281,38578.328125,37891.238281,38462.921875,38462.921875,0
2022-12-22,38462.921875,38462.921875,37324.628906,37899.750000,37899.750000,0
2022-12-23,37899.750000,38117.238281,37640.691406,38110.421875,38110.421875,0
2022-12-27,38110.421875,38123.410156,37792.050781,37931.738281,37931.738281,0
2022-12-28,37931.738281,38099.058594,37443.640625,37460.910156,37460.910156,0
2022-12-29,37460.910156,38238.671875,37460.910156,38159.328125,38159.328125,0
2022-12-30,38159.328125,38159.328125,37690.800781,38073.941406,38073.941406,0
2023-01-03,38073.941406,38481.539063,37622.511719,37900.250000,37900.250000,0
2023-01-04,37900.250000,38393.789063,37839.019531,38209.488281,38209.488281,0
2023-01-05,38209.488281,38209.488281,37718.968750,37782.898438,37782.898438,0
2023-01-06,37782.898438,38734.039063,37782.898438,38630.691406,38630.691406,0
2023-01-09,38630.691406,39197.800781,38630.691406,38648.300781,38648.300781,0
2023-01-10,38648.300781,38951.878906,38504.550781,38950.468750,38950.468750,0
2023-01-11,38950.468750,39473.378906,38950.468750,39470.429688,39470.429688,0
2023-01-12,39470.429688,39775.808594,39154.808594,39663.089844,39663.089844,0
2023-01-13,39663.089844,39879.320313,39318.480469,39834.101563,39834.101563,0
2023-01-17,39834.101563,39999.691406,39699.640625,39774.148438,39774.148438,0
2023-01-18,39774.148438,40044.929688,39149.359375,39167.359375,39167.359375,0
2023-01-19,39167.359375,39167.359375,38696.718750,38840.679688,38840.679688,0
2023-01-20,38840.679688,39585.929688,38831.140625,39585.929688,39585.929688,0
2023-01-23,39585.929688,40260.449219,39585.929688,40088.378906,40088.378906,0
2023-01-24,40088.378906,40126.468750,39796.570313,40039.539063,40039.539063,0
2023-01-25,40039.539063,40072.320313,39366.570313,40046.191406,40046.191406,0
2023-01-26,40046.191406,40487.699219,40016.601563,40483.710938,40483.710938,0
2023-01-27,40483.710938,40859.660156,40383.050781,40638.238281,40638.238281,0
2023-01-30,40638.238281,40638.238281,40065.859375,40084.660156,40084.660156,0
2023-01-31,40084.660156,40726.039063,40084.660156,40724.960938,40724.960938,0
2023-02-01,40724.960938,41490.070313,40379.460938,41198.339844,41198.339844,0
2023-02-02,41198.339844,42003.910156,41198.339844,41832.320313,41832.320313,0
2023-02-03,41832.320313,41857.890625,41256.988281,41385.359375,41385.359375,0
2023-02-06,41385.359375,41385.359375,40919.968750,41087.859375,41087.859375,0
2023-02-07,41087.859375,41700.578125,40832.320313,41584.429688,41584.429688,0
2023-02-08,41584.429688,41584.429688,41059.628906,41117.988281,41117.988281,0
2023-02-09,41117.988281,41506.851563,40618.589844,40730.171875,40730.171875,0
2023-02-10,40730.171875,40821.910156,40328.050781,40790.398438,40790.398438,0
2023-02-13,40790.398438,41277.570313,40790.398438,41255.160156,41255.160156,0
2023-02-14,41255.160156,41512.878906,40864.089844,41292.578125,41292.578125,0
2023-02-15,41292.578125,41491.308594,41022.359375,41490.019531,41490.019531,0
2023-02-16,41490.019531,41490.019531,40915.480469,40938.761719,40938.761719,0
2023-02-17,40938.761719,40938.761719,40512.351563,40819.558594,40819.558594,0
2023-02-21,40819.558594,40819.558594,39930.929688,39949.468750,39949.468750,0
2023-02-22,39949.468750,40176.320313,39794.808594,39926.148438,39926.148438,0
2023-02-23,39926.148438,40278.140625,39679.640625,40120.140625,40120.140625,0
2023-02-24,40120.140625,40120.140625,39432.968750,39690.738281,39690.738281,0
2023-02-27,39690.738281,40172.121094,39690.738281,39809.089844,39809.089844,0
2023-02-28,39809.089844,39974.921875,39700.839844,39704.378906,39704.378906,0
2023-03-01,39704.378906,39741.769531,39407.781250,39537.910156,39537.910156,0
2023-03-02,39537.910156,39901.121094,39265.320313,39812.238281,39812.238281,0
2023-03-03,39812.238281,40482.429688,39812.238281,40450.949219,40450.949219,0
2023-03-06,40450.949219,40733.101563,40355.058594,40399.859375,40399.859375,0
2023-03-07,40399.859375,40428.160156,39749.000000,39806.488281,39806.488281,0
2023-03-08,39806.488281,39947.281250,39635.390625,39855.039063,39855.039063,0
2023-03-09,39855.039063,40088.921875,38982.218750,39050.058594,39050.058594,0
2023-03-10,39050.058594,39134.550781,38202.960938,38379.179688,38379.179688,0
2023-03-13,38379.179688,38758.281250,37776.710938,38264.730469,38264.730469,0
2023-03-14,38264.730469,39119.000000,38264.730469,38897.789063,38897.789063,0
2023-03-15,38897.789063,38897.789063,38053.050781,38592.371094,38592.371094,0
2023-03-16,38592.371094,39294.179688,38460.191406,39252.121094,39252.121094,0
2023-03-17,39252.121094,39252.121094,38608.710938,38762.851563,38762.851563,0
2023-03-20,38762.851563,39192.980469,38762.851563,39109.851563,39109.851563,0
2023-03-21,39109.851563,39741.261719,39109.851563,39674.710938,39674.710938,0
2023-03-22,39674.710938,40006.218750,38966.050781,38969.050781,38969.050781,0
2023-03-23,38969.050781,39673.671875,38762.539063,39049.851563,39049.851563,0
2023-03-24,39049.851563,39278.871094,38632.078125,39259.359375,39259.359375,0
2023-03-27,39259.359375,39610.621094,39259.359375,39374.941406,39374.941406,0
2023-03-28,39374.941406,39409.058594,39124.128906,39318.140625,39318.140625,0
2023-03-29,39318.140625,39906.871094,39318.140625,39880.558594,39880.558594,0
2023-03-30,39880.558594,40189.339844,39880.558594,40086.949219,40086.949219,0
2023-03-31,40086.949219,40719.179688,40086.949219,40708.410156,40708.410156,0
2023-04-03,40708.410156,40866.718750,40542.390625,40817.398438,40817.398438,0
2023-04-04,40817.398438,40876.941406,40377.968750,40522.929688,40522.929688,0
2023-04-05,40522.929688,40522.929688,40179.101563,40363.429688,40363.429688,0
2023-04-06,40363.429688,40527.851563,40153.968750,40506.718750,40506.718750,0
2023-04-10,40506.718750,40596.171875,40194.480469,40595.960938,40595.960938,0
2023-04-11,40595.960938,40793.699219,40553.011719,40640.031250,40640.031250,0
2023-04-12,40640.031250,40914.601563,40399.199219,40445.828125,40445.828125,0
2023-04-13,40445.828125,41016.441406,40445.828125,40977.859375,40977.859375,0
2023-04-14,40977.859375,41151.488281,40624.320313,40870.250000,40870.250000,0
2023-04-17,40870.250000,41037.570313,40756.609375,41036.410156,41036.410156,0
2023-04-18,41036.410156,41222.539063,40922.570313,41059.039063,41059.039063,0
2023-04-19,41059.039063,41140.179688,40850.308594,41064.578125,41064.578125,0
2023-04-20,41064.578125,41064.578125,40662.539063,40808.878906,40808.878906,0
2023-04-21,40808.878906,40890.949219,40639.500000,40845.910156,40845.910156,0
2023-04-24,40845.910156,40928.878906,40664.910156,40855.570313,40855.570313,0
2023-04-25,40855.570313,40855.570313,40157.140625,40157.171875,40157.171875,0
2023-04-26,40157.171875,40335.589844,39928.640625,39993.128906,39993.128906,0
2023-04-27,39993.128906,40765.980469,39993.128906,40739.578125,40739.578125,0
2023-04-28,40739.578125,41065.218750,40641.070313,41064.050781,41064.050781,0
2023-05-01,41064.050781,41239.191406,41011.820313,41052.390625,41052.390625,0
2023-05-02,41052.390625,41052.390625,40235.730469,40533.898438,40533.898438,0
2023-05-03,40533.898438,40890.468750,40291.699219,40306.730469,40306.730469,0
2023-05-04,40306.730469,40306.730469,39864.871094,40006.218750,40006.218750,0
2023-05-05,40006.218750,40870.250000,40006.218750,40768.031250,40768.031250,0
2023-05-08,40768.031250,40838.351563,40655.609375,40800.289063,40800.289063,0
2023-05-09,40800.289063,40800.289063,40582.101563,40627.949219,40627.949219,0
2023-05-10,40627.949219,40821.058594,40263.730469,40810.558594,40810.558594,0
2023-05-11,40810.558594,40810.558594,40524.269531,40719.421875,40719.421875,0
2023-05-12,40719.421875,40854.449219,40400.449219,40637.531250,40637.531250,0
2023-05-15,40637.531250,40874.769531,40542.691406,40818.140625,40818.140625,0
2023-05-16,40818.140625,40818.140625,40501.191406,40503.148438,40503.148438,0
2023-05-17,40503.148438,41083.531250,40503.148438,41030.378906,41030.378906,0
2023-05-18,41030.378906,41461.410156,40978.359375,41418.949219,41418.949219,0
2023-05-19,41418.949219,41553.031250,41212.101563,41325.070313,41325.070313,0
2023-05-22,41325.070313,41541.339844,41234.429688,41397.511719,41397.511719,0
2023-05-23,41397.511719,41397.511719,40925.671875,40949.851563,40949.851563,0
2023-05-24,40949.851563,40949.851563,40532.578125,40643.808594,40643.808594,0
2023-05-25,40643.808594,41024.800781,40643.808594,40899.828125,40899.828125,0
2023-05-26,40899.828125,41510.671875,40899.828125,41437.261719,41437.261719,0
2023-05-30,41437.261719,41707.378906,41312.691406,41446.589844,41446.589844,0
2023-05-31,41446.589844,42200.171875,41446.589844,42053.179688,42053.179688,0
2023-06-01,null,null,null,null,null,null
2023-06-02,42471.121094,43249.941406,42471.121094,43181.539063,43181.539063,0
2023-06-05,43181.539063,43311.539063,42990.589844,43059.031250,43059.031250,0
2023-06-06,43059.031250,43306.148438,42961.179688,43264.210938,43264.210938,0
2023-06-07,43264.210938,43458.898438,43119.390625,43166.460938,43166.460938,0
2023-06-08,43166.460938,43431.218750,43056.390625,43392.250000,43392.250000,0
2023-06-09,43392.250000,43659.898438,43329.851563,43402.261719,43402.261719,0
2023-06-12,43402.261719,43812.738281,43402.261719,43800.269531,43800.269531,0
2023-06-13,43800.269531,44199.750000,43800.269531,44134.468750,44134.468750,0
2023-06-14,44134.468750,44342.488281,43779.929688,44122.050781,44122.050781,0
2023-06-15,44122.050781,44769.621094,44011.468750,44656.488281,44656.488281,0
2023-06-16,44656.488281,44865.398438,44461.878906,44473.359375,44473.359375,0
2023-06-20,44473.359375,44473.359375,44035.238281,44253.050781,44253.050781,0
2023-06-21,44253.050781,44253.050781,43962.328125,44021.191406,44021.191406,0
2023-06-22,44021.191406,44130.921875,43850.570313,44130.699219,44130.699219,0
2023-06-23,44130.699219,44130.699219,43702.210938,43765.808594,43765.808594,0
2023-06-26,43765.808594,43945.441406,43606.320313,43611.609375,43611.609375,0
2023-06-27,43611.609375,44207.230469,43611.609375,44144.441406,44144.441406,0
2023-06-28,44144.441406,44289.878906,43983.019531,44164.250000,44164.250000,0
2023-06-29,44164.250000,44398.808594,44127.121094,44379.351563,44379.351563,0
2023-06-30,44379.351563,44965.589844,44379.351563,44883.609375,44883.609375,0
2023-07-03,44883.609375,44964.781250,44809.488281,44955.839844,44955.839844,0
2023-07-05,44955.839844,44955.839844,44749.300781,44826.429688,44826.429688,0
2023-07-06,44826.429688,44826.429688,44132.851563,44424.128906,44424.128906,0
2023-07-07,44424.128906,44779.378906,44317.011719,44374.710938,44374.710938,0
2023-07-10,44374.710938,44562.140625,44327.410156,44555.058594,44555.058594,0
2023-07-11,44555.058594,44941.898438,44555.058594,44901.789063,44901.789063,0
2023-07-12,44901.789063,45386.300781,44901.789063,45233.601563,45233.601563,0
2023-07-13,45233.601563,45702.351563,45233.601563,45634.238281,45634.238281,0
2023-07-14,45634.238281,45749.109375,45472.921875,45530.320313,45530.320313,0
2023-07-17,45530.320313,45845.699219,45530.320313,45742.980469,45742.980469,0
2023-07-18,45742.980469,46153.300781,45686.390625,46088.109375,46088.109375,0
2023-07-19,46088.109375,46333.339844,46088.109375,46214.988281,46214.988281,0
2023-07-20,46214.988281,46214.988281,45803.718750,45875.640625,45875.640625,0
2023-07-21,45875.640625,46082.199219,45866.679688,45873.441406,45873.441406,0
2023-07-24,45873.441406,46115.339844,45873.441406,46032.230469,46032.230469,0
2023-07-25,46032.230469,46297.441406,46008.191406,46151.808594,46151.808594,0
2023-07-26,46151.808594,46322.738281,45993.320313,46178.609375,46178.609375,0
2023-07-27,46178.609375,46570.300781,45745.691406,45835.511719,45835.511719,0
2023-07-28,45835.511719,46386.148438,45835.511719,46323.699219,46323.699219,0
2023-07-31,46323.699219,46487.011719,46295.140625,46450.218750,46450.218750,0
2023-08-01,46450.218750,46450.218750,46193.230469,46313.488281,46313.488281,0
2023-08-02,46313.488281,46313.488281,45579.300781,45654.710938,45654.710938,0
2023-08-03,45654.710938,45712.910156,45355.531250,45538.359375,45538.359375,0
2023-08-04,45538.359375,45918.511719,45275.519531,45305.351563,45305.351563,0
2023-08-07,45305.351563,45691.308594,45305.351563,45677.109375,45677.109375,0
2023-08-08,45677.109375,45677.109375,45090.320313,45462.269531,45462.269531,0
2023-08-09,45462.269531,45486.808594,45070.781250,45135.250000,45135.250000,0
2023-08-10,45135.250000,45713.488281,45012.679688,45131.718750,45131.718750,0
2023-08-11,45131.718750,45212.800781,44888.710938,45089.769531,45089.769531,0
2023-08-14,45089.769531,45315.128906,44945.289063,45313.968750,45313.968750,0
2023-08-15,45313.968750,45313.968750,44728.460938,44780.511719,44780.511719,0
2023-08-16,44780.511719,44898.148438,44423.589844,44424.218750,44424.218750,0
2023-08-17,44424.218750,44575.699219,44005.289063,44050.960938,44050.960938,0
2023-08-18,44050.960938,44187.058594,43693.828125,44074.859375,44074.859375,0
2023-08-21,44074.859375,44419.000000,43959.339844,44338.910156,44338.910156,0
2023-08-22,44338.910156,44512.781250,44174.851563,44217.191406,44217.191406,0
2023-08-23,44217.191406,44776.789063,44217.191406,44709.300781,44709.300781,0
2023-08-24,44709.300781,44907.679688,44103.660156,44104.968750,44104.968750,0
2023-08-25,44104.968750,44523.109375,43891.980469,44390.648438,44390.648438,0
2023-08-28,44390.648438,44746.839844,44390.648438,44678.078125,44678.078125,0
2023-08-29,44678.078125,45355.140625,44657.800781,45335.941406,45335.941406,0
2023-08-30,45335.941406,45593.351563,45319.468750,45521.269531,45521.269531,0
2023-08-31,45521.269531,45714.871094,45467.078125,45468.429688,45468.429688,0
2023-09-01,45468.429688,45836.718750,45468.429688,45606.109375,45606.109375,0
2023-09-05,45606.109375,45606.109375,45340.410156,45346.539063,45346.539063,0
2023-09-06,45346.539063,45346.539063,44827.308594,45056.878906,45056.878906,0
2023-09-07,45056.878906,45056.878906,44678.468750,44888.609375,44888.609375,0
2023-09-08,44888.609375,45094.308594,44860.828125,44941.449219,44941.449219,0
2023-09-11,44941.449219,45273.660156,44941.449219,45229.300781,45229.300781,0
2023-09-12,45229.300781,45252.300781,44951.898438,44996.199219,44996.199219,0
2023-09-13,44996.199219,45121.980469,44881.578125,44995.550781,44995.550781,0
2023-09-14,44995.550781,45452.121094,44995.550781,45382.718750,45382.718750,0
2023-09-15,45382.718750,45382.718750,44800.550781,44849.601563,44849.601563,0
2023-09-18,44849.601563,44983.011719,44750.179688,44847.390625,44847.390625,0
2023-09-19,44847.390625,44847.390625,44481.960938,44742.101563,44742.101563,0
2023-09-20,44742.101563,44938.730469,44329.328125,44335.539063,44335.539063,0
2023-09-21,44335.539063,44335.539063,43582.628906,43587.039063,43587.039063,0
2023-09-22,43587.039063,43849.699219,43462.609375,43490.140625,43490.140625,0
2023-09-25,43490.140625,43669.878906,43319.921875,43662.410156,43662.410156,0
2023-09-26,43662.410156,43662.410156,42965.160156,43026.289063,43026.289063,0
2023-09-27,43026.289063,43253.058594,42732.238281,43086.378906,43086.378906,0
2023-09-28,43086.378906,43536.359375,43002.218750,43357.589844,43357.589844,0
2023-09-29,43357.589844,43703.789063,43127.031250,43249.300781,43249.300781,0
2023-10-02,43249.300781,43325.039063,42912.671875,43174.011719,43174.011719,0
2023-10-03,43174.011719,43174.011719,42416.441406,42549.429688,42549.429688,0
2023-10-04,42549.429688,42920.539063,42430.218750,42876.210938,42876.210938,0
2023-10-05,42876.210938,42912.429688,42502.269531,42823.191406,42823.191406,0
2023-10-06,42823.191406,43491.839844,42454.191406,43332.121094,43332.121094,0
2023-10-09,43332.121094,43676.320313,43099.460938,43609.511719,43609.511719,0
2023-10-10,43609.511719,44143.871094,43609.511719,43871.261719,43871.261719,0
2023-10-11,43871.261719,44072.390625,43725.699219,44040.230469,44040.230469,0
2023-10-12,44040.230469,44091.308594,43443.621094,43685.480469,43685.480469,0
2023-10-13,43685.480469,43938.738281,43291.281250,43443.480469,43443.480469,0
2023-10-16,43443.480469,44023.199219,43443.480469,43938.210938,43938.210938,0
2023-10-17,43938.210938,44209.921875,43610.851563,43987.308594,43987.308594,0
2023-10-18,43987.308594,43987.308594,43251.660156,43348.148438,43348.148438,0
2023-10-19,43348.148438,43592.609375,42865.968750,42950.519531,42950.519531,0
2023-10-20,42950.519531,42950.519531,42400.660156,42406.601563,42406.601563,0
2023-10-23,42406.601563,42703.210938,42043.160156,42297.488281,42297.488281,0
2023-10-24,42297.488281,42750.570313,42297.488281,42612.128906,42612.128906,0
2023-10-25,42612.128906,42612.128906,41914.578125,41962.531250,41962.531250,0
2023-10-26,41962.531250,41962.531250,41431.140625,41533.031250,41533.031250,0
2023-10-27,41533.031250,41706.750000,41178.308594,41300.789063,41300.789063,0
2023-10-30,41300.789063,41879.570313,41300.789063,41773.511719,41773.511719,0
2023-10-31,41773.511719,42082.019531,41651.308594,42059.949219,42059.949219,0
2023-11-01,42059.949219,42524.769531,42059.949219,42463.750000,42463.750000,0
2023-11-02,42463.750000,43317.859375,42463.750000,43301.679688,43301.679688,0
2023-11-03,43301.679688,43951.878906,43301.679688,43792.109375,43792.109375,0
2023-11-06,43792.109375,43917.109375,43607.011719,43792.738281,43792.738281,0
2023-11-07,43792.738281,44004.808594,43683.800781,43925.781250,43925.781250,0
2023-11-08,43925.781250,44047.488281,43711.101563,43927.781250,43927.781250,0
2023-11-09,43927.781250,44039.000000,43503.531250,43538.191406,43538.191406,0
2023-11-10,43538.191406,44213.398438,43538.191406,44188.988281,44188.988281,0
2023-11-13,44188.988281,44255.648438,43963.101563,44158.609375,44158.609375,0
2023-11-14,44158.609375,45254.710938,44158.609375,45142.589844,45142.589844,0
2023-11-15,45142.589844,45458.648438,45142.589844,45224.910156,45224.910156,0
2023-11-16,45224.910156,45260.101563,45005.851563,45200.058594,45200.058594,0
2023-11-17,45200.058594,45364.531250,45171.921875,45312.960938,45312.960938,0
2023-11-20,45312.960938,45736.421875,45289.550781,45642.968750,45642.968750,0
2023-11-21,45642.968750,45642.968750,45408.910156,45510.179688,45510.179688,0
2023-11-22,45510.179688,45822.859375,45510.179688,45709.660156,45709.660156,0
2023-11-24,45709.660156,45767.121094,45680.859375,45766.878906,45766.878906,0
2023-11-27,45766.878906,45773.480469,45620.621094,45676.781250,45676.781250,0
2023-11-28,45676.781250,45851.578125,45557.679688,45708.441406,45708.441406,0
2023-11-29,45708.441406,46103.121094,45690.050781,45725.558594,45725.558594,0
2023-11-30,45725.558594,45920.148438,45615.480469,45900.898438,45900.898438,0
2023-12-01,45900.898438,46318.648438,45766.789063,46295.421875,46295.421875,0
2023-12-04,46295.421875,46295.421875,45866.378906,46118.671875,46118.671875,0
2023-12-05,46118.671875,46144.128906,45901.500000,46022.699219,46022.699219,0
2023-12-06,46022.699219,46281.609375,45831.039063,45854.871094,45854.871094,0
2023-12-07,45854.871094,46251.558594,45854.871094,46213.898438,46213.898438,0
2023-12-08,46213.898438,46471.671875,46116.359375,46421.699219,46421.699219,0
2023-12-11,46421.699219,46612.671875,46346.261719,46601.699219,46601.699219,0
2023-12-12,46601.699219,46805.839844,46440.218750,46788.640625,46788.640625,0
2023-12-13,46788.640625,47542.351563,46758.371094,47522.339844,47522.339844,0
2023-12-14,47522.339844,47980.800781,47515.070313,47790.609375,47790.609375,0
2023-12-15,47790.609375,47849.031250,47593.390625,47743.359375,47743.359375,0
2023-12-18,47743.359375,48016.421875,47743.359375,47932.421875,47932.421875,0
2023-12-19,47932.421875,48279.320313,47932.421875,48276.250000,48276.250000,0
2023-12-20,48276.250000,48395.628906,47533.460938,47540.398438,47540.398438,0
2023-12-21,47540.398438,48078.558594,47540.398438,48063.789063,48063.789063,0
2023-12-22,48063.789063,48353.519531,47983.910156,48171.761719,48171.761719,0
2023-12-26,48171.761719,48514.718750,48171.761719,48409.109375,48409.109375,0
2023-12-27,48409.109375,48537.500000,48361.371094,48490.140625,48490.140625,0
2023-12-28,48490.140625,48598.179688,48473.031250,48497.640625,48497.640625,0
2023-12-29,48497.640625,48526.750000,48144.828125,48295.378906,48295.378906,0
2024-01-02,48295.378906,48295.378906,47783.968750,47986.050781,47986.050781,0
2024-01-03,47986.050781,47986.050781,47457.281250,47497.839844,47497.839844,0
2024-01-04,47497.839844,47729.468750,47349.078125,47358.070313,47358.070313,0
2024-01-05,47358.070313,47696.699219,47313.800781,47439.628906,47439.628906,0
2024-01-08,47439.628906,48142.089844,47439.628906,48138.941406,48138.941406,0
2024-01-09,48138.941406,48138.941406,47783.160156,48036.421875,48036.421875,0
2024-01-10,48036.421875,48356.039063,47993.359375,48281.800781,48281.800781,0
2024-01-11,48281.800781,48395.589844,47809.410156,48222.421875,48222.421875,0
2024-01-12,48222.421875,48487.171875,48103.210938,48240.148438,48240.148438,0
2024-01-16,48240.148438,48240.148438,47829.468750,48019.371094,48019.371094,0
2024-01-17,48019.371094,48019.371094,47490.949219,47737.089844,47737.089844,0
2024-01-18,47737.089844,48185.808594,47246.500000,48142.218750,48142.218750,0
2024-01-19,48142.218750,48735.140625,48142.218750,48725.621094,48725.621094,0
2024-01-22,48725.621094,49093.390625,48725.621094,48918.769531,48918.769531,0
2024-01-23,48918.769531,49043.480469,48823.960938,49024.230469,49024.230469,0
2024-01-24,49024.230469,49381.628906,48983.480469,49007.058594,49007.058594,0
2024-01-25,49007.058594,49317.531250,49007.058594,49261.320313,49261.320313,0
2024-01-26,49261.320313,49414.718750,49165.160156,49249.171875,49249.171875,0
2024-01-29,49249.171875,49678.000000,49236.351563,49670.328125,49670.328125,0
2024-01-30,49670.328125,49670.328125,49518.578125,49603.601563,49603.601563,0
2024-01-31,49603.601563,49603.601563,48765.871094,48769.871094,48769.871094,0
2024-02-01,48769.871094,49383.890625,48769.871094,49379.730469,49379.730469,0
2024-02-02,49379.730469,50000.160156,49327.980469,49837.070313,49837.070313,0
2024-02-05,49837.070313,49837.070313,49349.910156,49614.570313,49614.570313,0
2024-02-06,49614.570313,49787.628906,49570.871094,49771.460938,49771.460938,0
2024-02-07,49771.460938,50216.511719,49771.460938,50149.160156,50149.160156,0
2024-02-08,50149.160156,50280.941406,50112.871094,50257.050781,50257.050781,0
2024-02-09,50257.050781,50619.128906,50257.050781,50577.921875,50577.921875,0
2024-02-12,50577.921875,50856.859375,50555.398438,50600.058594,50600.058594,0
2024-02-13,50600.058594,50600.058594,49476.449219,49805.621094,49805.621094,0
2024-02-14,49805.621094,50371.718750,49805.621094,50358.039063,50358.039063,0
2024-02-15,50358.039063,50750.191406,50358.039063,50721.570313,50721.570313,0
2024-02-16,50721.570313,50768.171875,50401.000000,50672.539063,50672.539063,0
2024-02-20,50451.410156,50451.410156,49908.011719,50112.300781,50112.300781,0
2024-02-21,50112.300781,50141.179688,49775.601563,50129.941406,50129.941406,0
2024-02-22,50129.941406,51197.339844,50129.941406,51123.218750,51123.218750,0
2024-02-23,51123.218750,51341.019531,51062.929688,51154.378906,51154.378906,0
2024-02-26,51154.378906,51240.179688,50997.378906,51010.328125,51010.328125,0
2024-02-27,51010.328125,51169.328125,50946.039063,51151.058594,51151.058594,0
2024-02-28,51151.058594,51151.058594,50939.570313,51052.851563,51052.851563,0
2024-02-29,51052.851563,51403.070313,50972.898438,51321.230469,51321.230469,0
2024-03-01,51321.230469,51752.210938,51285.031250,51725.800781,51725.800781,0
2024-03-04,51725.800781,51860.250000,51650.308594,51669.128906,51669.128906,0
2024-03-05,51669.128906,51669.128906,50921.261719,51132.511719,51132.511719,0
2024-03-06,51132.511719,51637.859375,51132.511719,51413.140625,51413.140625,0
2024-03-07,51413.140625,52006.421875,51413.140625,51926.410156,51926.410156,0
2024-03-08,51926.410156,52279.109375,51541.808594,51615.398438,51615.398438,0
2024-03-11,51615.398438,51615.398438,51278.691406,51524.039063,51524.039063,0
2024-03-12,51524.039063,52079.191406,51466.519531,52034.800781,52034.800781,0
2024-03-13,52034.800781,52114.558594,51845.250000,51964.800781,51964.800781,0
2024-03-14,51964.800781,52050.011719,51452.929688,51735.308594,51735.308594,0
2024-03-15,51735.308594,51735.308594,51316.898438,51445.531250,51445.531250,0
2024-03-18,51445.531250,51963.101563,51445.531250,51719.308594,51719.308594,0
2024-03-19,51719.308594,52030.449219,51549.121094,52013.859375,52013.859375,0
2024-03-20,52013.859375,52568.921875,51962.410156,52539.210938,52539.210938,0
2024-03-21,52539.210938,52937.968750,52539.210938,52745.558594,52745.558594,0
2024-03-22,52745.558594,52764.570313,52576.441406,52617.769531,52617.769531,0
2024-03-25,52617.769531,52617.769531,52470.269531,52483.070313,52483.070313,0
2024-03-26,52483.070313,52670.378906,52355.929688,52355.941406,52355.941406,0
2024-03-27,52355.941406,52852.750000,52355.941406,52845.218750,52845.218750,0
2024-03-28,52845.218750,53009.371094,52834.898438,52915.820313,52915.820313,0
2024-04-01,52915.820313,52975.210938,52628.140625,52764.328125,52764.328125,0
2024-04-02,52764.328125,52764.328125,52118.609375,52323.429688,52323.429688,0
2024-04-03,52323.429688,52574.050781,52221.320313,52413.609375,52413.609375,0
2024-04-04,52413.609375,52877.398438,51763.761719,51781.261719,51781.261719,0
2024-04-05,51781.261719,52518.179688,51781.261719,52338.148438,52338.148438,0
2024-04-08,52338.148438,52508.910156,52303.269531,52353.910156,52353.910156,0
2024-04-09,52353.910156,52573.589844,51954.191406,52433.210938,52433.210938,0
2024-04-10,52433.210938,52433.210938,51655.851563,51869.828125,51869.828125,0
2024-04-11,51869.828125,52361.730469,51652.511719,52243.671875,52243.671875,0
2024-04-12,52243.671875,52243.671875,51301.699219,51459.671875,51459.671875,0
2024-04-15,51459.761719,51905.558594,50708.320313,50810.250000,50810.250000,0
2024-04-16,50810.179688,50963.261719,50553.039063,50685.839844,50685.839844,0
2024-04-17,50685.910156,50956.621094,50247.121094,50377.671875,50377.671875,0
2024-04-18,50377.601563,50747.980469,50172.738281,50267.398438,50267.398438,0
2024-04-19,50267.398438,50639.078125,50108.800781,50451.308594,50451.308594,0
2024-04-22,49886.300781,50613.960938,49886.300781,50331.531250,50331.531250,0
2024-04-23,50331.539063,51043.191406,50331.539063,50972.941406,50972.941406,0
2024-04-24,50972.871094,51163.351563,50720.171875,50973.839844,50973.839844,0
2024-04-25,50973.800781,50973.800781,50147.890625,50735.398438,50735.398438,0
2024-04-26,50735.390625,51381.960938,50735.390625,51238.089844,51238.089844,0
2024-04-29,51238.101563,51492.058594,51150.691406,51412.410156,51412.410156,0
2024-04-30,51412.398438,51412.398438,50570.011719,50572.378906,50572.378906,0
2024-05-01,50572.398438,51227.410156,49571.148438,50438.761719,50438.761719,0
2024-05-02,50438.699219,51027.128906,50377.699219,50941.519531,50941.519531,0
2024-05-03,50942.019531,51688.820313,50942.019531,51555.359375,51555.359375,0
2024-05-06,51555.300781,52113.308594,51555.300781,52111.519531,52111.519531,0
2024-05-07,52111.601563,52299.738281,52094.441406,52160.269531,52160.269531,0
2024-05-08,52160.199219,52163.871094,51919.179688,52125.968750,52125.968750,0
2024-05-09,52126.000000,52425.820313,52055.890625,52416.140625,52416.140625,0
2024-05-10,52416.101563,52655.968750,52350.019531,52468.289063,52468.289063,0
2024-05-13,52468.300781,52638.730469,52376.718750,52458.109375,52458.109375,0
2024-05-14,52458.191406,52784.121094,52458.191406,52750.750000,52750.750000,0
2024-05-15,52750.769531,53397.160156,52750.769531,53365.300781,53365.300781,0
2024-05-16,53365.300781,53491.210938,53215.210938,53216.519531,53216.519531,0
2024-05-17,53216.500000,53290.269531,53082.648438,53273.210938,53273.210938,0
2024-05-20,53273.199219,53500.410156,53273.199219,53340.531250,53340.531250,0
2024-05-21,53340.601563,53453.988281,53230.109375,53434.648438,53434.648438,0
2024-05-22,53434.601563,53440.308594,53064.589844,53258.429688,53258.429688,0
2024-05-23,53258.398438,53567.609375,52700.679688,52806.308594,52806.308594,0
2024-05-24,52806.300781,53254.839844,52806.300781,53188.109375,53188.109375,0
2024-05-28,53178.398438,53305.328125,52911.171875,53152.878906,53152.878906,0
2024-05-29,53152.839844,53152.839844,52694.410156,52733.621094,52733.621094,0
2024-05-30,52733.601563,52733.601563,52354.480469,52492.261719,52492.261719,0
2024-05-31,52492.300781,52895.488281,52041.820313,52875.519531,52875.519531,0
2024-06-03,52875.500000,53111.101563,52421.308594,52891.449219,52891.449219,0
2024-06-04,52891.398438,52973.320313,52588.371094,52885.558594,52885.558594,0
2024-06-05,52885.601563,53528.558594,52885.601563,53527.500000,53527.500000,0
2024-06-06,53527.500000,53596.890625,53329.730469,53490.800781,53490.800781,0
2024-06-07,53490.800781,53645.308594,53239.730469,53376.300781,53376.300781,0
2024-06-10,53376.300781,53580.828125,53221.019531,53527.878906,53527.878906,0
2024-06-11,53527.898438,53655.398438,53161.949219,53652.570313,53652.570313,0
2024-06-12,53652.500000,54446.390625,53652.500000,54150.839844,54150.839844,0
2024-06-13,54150.898438,54290.148438,53890.531250,54198.269531,54198.269531,0
2024-06-14,54198.300781,54198.300781,53828.210938,54101.019531,54101.019531,0
2024-06-17,54100.898438,54658.898438,53989.328125,54515.828125,54515.828125,0
2024-06-18,54515.738281,54680.011719,54499.390625,54638.000000,54638.000000,0
2024-06-20,54638.000000,54808.500000,54319.339844,54493.878906,54493.878906,0
2024-06-21,54493.839844,54529.031250,54272.441406,54432.468750,54432.468750,0
2024-06-24,54432.500000,54720.308594,54319.718750,54320.421875,54320.421875,0
2024-06-25,54320.398438,54513.128906,54265.660156,54477.148438,54477.148438,0
2024-06-26,54477.101563,54596.718750,54304.910156,54549.281250,54549.281250,0
2024-06-27,54549.199219,54683.011719,54468.960938,54641.589844,54641.589844,0
2024-06-28,54641.628906,55042.578125,54353.070313,54470.660156,54470.660156,0
2024-07-01,54470.921875,54650.921875,54313.539063,54566.308594,54566.308594,0
2024-07-02,54566.308594,54883.789063,54419.269531,54879.261719,54879.261719,0
2024-07-03,54879.199219,55162.250000,54879.199219,55142.878906,55142.878906,0
2024-07-05,55143.000000,55422.949219,55063.851563,55391.539063,55391.539063,0
2024-07-08,55391.500000,55549.300781,55360.890625,55461.738281,55461.738281,0
2024-07-09,55461.800781,55616.210938,55447.558594,55465.179688,55465.179688,0
2024-07-10,55465.199219,56030.101563,55465.199219,56019.148438,56019.148438,0
2024-07-11,56019.070313,56230.878906,55661.328125,55744.058594,55744.058594,0
2024-07-12,55744.101563,56458.218750,55744.101563,56083.519531,56083.519531,0
2024-07-15,56083.500000,56643.941406,56083.500000,56304.238281,56304.238281,0
2024-07-16,56304.199219,56825.179688,56304.199219,56800.808594,56800.808594,0
2024-07-17,56800.898438,56800.898438,55971.218750,55992.898438,55992.898438,0
2024-07-18,55992.898438,56273.191406,55283.988281,55494.398438,55494.398438,0
2024-07-19,55494.519531,55609.558594,55059.968750,55135.871094,55135.871094,0