Date, Open, High, Low, Close
2024-07-23,0.7732,0.776,0.773,0.7748
2024-07-22,0.7742,0.7749,0.7726,0.7732
2024-07-19,0.7726,0.7752,0.7716,0.7743
2024-07-18,0.7686,0.7729,0.7683,0.7725
2024-07-17,0.7709,0.7714,0.7665,0.7687
2024-07-16,0.7712,0.773,0.7703,0.7707
2024-07-15,0.7704,0.7718,0.7695,0.7711
2024-07-12,0.7744,0.7751,0.7694,0.7699
2024-07-11,0.7783,0.7784,0.7722,0.7743
2024-07-10,0.782,0.7827,0.7782,0.7783
2024-07-09,0.7808,0.7827,0.7796,0.782
2024-07-08,0.7807,0.7819,0.7784,0.781
2024-07-05,0.7838,0.7842,0.7801,0.7804
2024-07-04,0.7838,0.7838,0.7838,0.7838
2024-07-03,0.789,0.7891,0.7826,0.7848
2024-07-02,0.7906,0.7927,0.7881,0.7883
2024-07-01,0.7906,0.7906,0.7906,0.7906
2024-06-28,0.7912,0.7925,0.7896,0.7907
2024-06-27,0.792,0.7929,0.7892,0.7912
2024-06-26,0.792,0.792,0.792,0.792
2024-06-25,0.7883,0.7893,0.7872,0.7883
2024-06-24,0.7904,0.7916,0.7874,0.7883
2024-06-21,0.79,0.7923,0.7889,0.7907
2024-06-20,0.7862,0.7903,0.7858,0.79
2024-06-19,0.7869,0.7875,0.7849,0.7862
2024-06-18,0.7871,0.7894,0.7861,0.7868
2024-06-17,0.7892,0.7901,0.7867,0.7872
2024-06-14,0.7835,0.7902,0.7834,0.7882
2024-06-13,0.7814,0.7851,0.7808,0.7835
2024-06-12,0.785,0.7854,0.7775,0.7814
2024-06-11,0.7855,0.7871,0.7842,0.7849
2024-06-10,0.7856,0.7882,0.785,0.7854
2024-06-07,0.7817,0.7865,0.7804,0.7856
2024-06-06,0.782,0.7835,0.7806,0.7818
2024-06-05,0.7832,0.784,0.7815,0.782
2024-06-04,0.7808,0.7848,0.7802,0.7831
2024-06-03,0.7852,0.7878,0.7807,0.7807
2024-05-31,0.7854,0.7875,0.7833,0.7849
2024-05-30,0.7873,0.7886,0.7844,0.7853
2024-05-29,0.7836,0.7876,0.7828,0.7874
2024-05-28,0.7831,0.7842,0.7812,0.7835
2024-05-27,0.7849,0.7863,0.7825,0.7832
2024-05-24,0.7875,0.7889,0.7842,0.7852
2024-05-23,0.7864,0.7883,0.7845,0.7875
2024-05-22,0.7867,0.7874,0.7835,0.7864
2024-05-21,0.7871,0.7882,0.7856,0.7868
2024-05-20,0.7871,0.7881,0.7858,0.787
2024-05-17,0.7893,0.7909,0.7866,0.7873
2024-05-16,0.7883,0.791,0.7873,0.7892
2024-05-15,0.7941,0.7947,0.7881,0.7883
2024-05-14,0.7961,0.7994,0.794,0.7942
2024-05-13,0.7984,0.7989,0.7955,0.7963
2024-05-10,0.7984,0.7999,0.7973,0.7984
2024-05-09,0.8004,0.8035,0.7982,0.7985
2024-05-08,0.7995,0.8022,0.7986,0.8002
2024-05-07,0.796,0.8,0.7954,0.7994
2024-05-06,0.7968,0.7976,0.7939,0.7961
2024-05-03,0.798,0.7986,0.7915,0.797
2024-05-02,0.7983,0.8018,0.7971,0.7978
2024-05-01,0.8004,0.8022,0.7967,0.7982
2024-04-30,0.7959,0.8007,0.7957,0.8005
2024-04-29,0.8007,0.8014,0.7955,0.796
2024-04-26,0.799,0.8033,0.7973,0.8003
2024-04-25,0.799,0.799,0.799,0.799
2024-04-24,0.8033,0.8051,0.8019,0.8022
2024-04-23,0.8098,0.811,0.8026,0.8032
2024-04-22,0.8085,0.8131,0.8068,0.8098
2024-04-19,0.8042,0.8087,0.802,0.8083
2024-04-18,0.8029,0.8043,0.801,0.8042
2024-04-17,0.8048,0.8054,0.8012,0.803
2024-04-16,0.8034,0.8062,0.8018,0.8048
2024-04-15,0.8027,0.8042,0.8,0.8034
2024-04-12,0.7965,0.8048,0.7962,0.8026
2024-04-11,0.7973,0.7994,0.795,0.7967
2024-04-10,0.7973,0.7973,0.7973,0.7973
2024-04-09,0.7902,0.7906,0.7867,0.7887
2024-04-08,0.7913,0.7929,0.7895,0.7901
2024-04-05,0.7911,0.7953,0.7905,0.7913
2024-04-04,0.7903,0.7915,0.7884,0.791
2024-04-03,0.795,0.7961,0.7901,0.7904
2024-04-02,0.7967,0.7975,0.795,0.7951
2024-04-01,0.7921,0.7975,0.7909,0.7967
2024-03-29,0.7922,0.7931,0.7907,0.792
2024-03-28,0.7911,0.7946,0.7902,0.7922
2024-03-27,0.7919,0.7933,0.791,0.7912
2024-03-26,0.7913,0.7923,0.7893,0.7918
2024-03-25,0.7936,0.7943,0.7903,0.7914
2024-03-22,0.79,0.7953,0.7889,0.7935
2024-03-21,0.7821,0.7906,0.781,0.7901
2024-03-20,0.7861,0.7884,0.782,0.7822
2024-03-19,0.7855,0.7895,0.7853,0.786
2024-03-18,0.7854,0.7863,0.7844,0.7856
2024-03-15,0.7841,0.7859,0.7837,0.7853
2024-03-14,0.7814,0.7855,0.7798,0.7842
2024-03-13,0.7818,0.7829,0.7805,0.7814
2024-03-12,0.7804,0.7845,0.7798,0.7817
2024-03-11,0.7778,0.7816,0.7773,0.7805
2024-03-08,0.7806,0.7813,0.7756,0.7777
2024-03-07,0.7855,0.786,0.7805,0.7807
2024-03-06,0.7871,0.7881,0.7835,0.7854
2024-03-05,0.7879,0.7892,0.7852,0.7871
2024-03-04,0.7901,0.7905,0.787,0.7879
2024-03-01,0.7922,0.7937,0.7895,0.7903
2024-02-29,0.7898,0.7929,0.7884,0.792
2024-02-28,0.7898,0.7898,0.7898,0.7898
2024-02-27,0.7884,0.79,0.7875,0.7884
2024-02-26,0.7887,0.7904,0.7873,0.7883
2024-02-23,0.7899,0.7906,0.7873,0.7891
2024-02-22,0.7912,0.793,0.7867,0.7898
2024-02-21,0.7922,0.7935,0.791,0.7913
2024-02-20,0.794,0.795,0.7893,0.7923
2024-02-19,0.7935,0.7948,0.7917,0.794
2024-02-16,0.7938,0.7968,0.7921,0.7936
2024-02-15,0.7957,0.7974,0.7934,0.7937
2024-02-14,0.794,0.7978,0.7929,0.7958
2024-02-13,0.7919,0.7954,0.7883,0.7941
2024-02-12,0.7919,0.7933,0.7902,0.792
2024-02-09,0.7925,0.7937,0.7909,0.7918
2024-02-08,0.7918,0.7955,0.7911,0.7926
2024-02-07,0.7937,0.794,0.791,0.7921
2024-02-06,0.7977,0.7981,0.7934,0.7937
2024-02-05,0.7915,0.7988,0.7911,0.7978
2024-02-02,0.7846,0.7928,0.7829,0.7916
2024-02-01,0.7846,0.7846,0.7846,0.7846
2024-01-31,0.7875,0.7901,0.7843,0.7881
2024-01-30,0.7868,0.7911,0.786,0.7873
2024-01-29,0.7867,0.7898,0.7862,0.7867
2024-01-26,0.7869,0.789,0.7837,0.7872
2024-01-25,0.7858,0.7886,0.7846,0.7868
2024-01-24,0.7883,0.789,0.7827,0.7858
2024-01-23,0.7868,0.7906,0.7844,0.7882
2024-01-22,0.7872,0.7883,0.7853,0.7867
2024-01-19,0.7875,0.7899,0.7864,0.7871
2024-01-18,0.7888,0.7907,0.7868,0.7871
2024-01-17,0.7914,0.7939,0.7875,0.7889
2024-01-16,0.7854,0.7925,0.7851,0.7913
2024-01-15,0.7845,0.7866,0.7833,0.7857
2024-01-12,0.7835,0.7863,0.782,0.7842
2024-01-11,0.7845,0.7881,0.7824,0.7834
2024-01-10,0.7868,0.7883,0.7846,0.7847
2024-01-09,0.7842,0.7881,0.7833,0.7867
2024-01-08,0.7859,0.7891,0.7832,0.7844
2024-01-05,0.7885,0.793,0.783,0.7863
2024-01-04,0.7896,0.7926,0.7854,0.7885
2024-01-03,0.7926,0.7926,0.7888,0.7896
2024-01-02,0.7857,0.7931,0.7836,0.7925
2024-01-01,0.785,0.793,0.783,0.7856
2023-12-29,0.7855,0.7875,0.7828,0.7854
2023-12-28,0.7813,0.7867,0.7795,0.7854
2023-12-27,0.7862,0.7875,0.7811,0.7814
2023-12-26,0.788,0.7884,0.7854,0.7859
2023-12-25,0.7874,0.7897,0.7835,0.7875
2023-12-22,0.788,0.7891,0.7846,0.7875
2023-12-21,0.7914,0.8024,0.7824,0.7881
2023-12-20,0.7854,0.7921,0.7852,0.7912
2023-12-19,0.7908,0.7913,0.7835,0.7853
2023-12-18,0.7881,0.7919,0.7871,0.7907
2023-12-15,0.7833,0.7893,0.7818,0.7889
2023-12-14,0.7926,0.793,0.7815,0.7832
2023-12-13,0.796,0.8,0.7914,0.7925
2023-12-12,0.7966,0.7991,0.7926,0.796
2023-12-11,0.797,0.7983,0.7942,0.7965
2023-12-08,0.7942,0.7998,0.7935,0.7969
2023-12-07,0.7964,0.7972,0.793,0.794
2023-12-06,0.794,0.7967,0.7927,0.7962
2023-12-05,0.7917,0.7952,0.7903,0.7938
2023-12-04,0.7874,0.7934,0.7859,0.7915
2023-12-01,0.7922,0.7928,0.7863,0.7867
2023-11-30,0.7877,0.7935,0.7867,0.7922
2023-11-29,0.7877,0.7877,0.7877,0.7877
2023-11-28,0.7878,0.7878,0.7878,0.7878
2023-11-27,0.7936,0.7943,0.7908,0.792
2023-11-24,0.7979,0.7985,0.7926,0.7934
2023-11-23,0.8004,0.8008,0.7955,0.7979
2023-11-22,0.7976,0.8034,0.7967,0.8003
2023-11-21,0.7994,0.8001,0.7961,0.7976
2023-11-20,0.8026,0.8035,0.7988,0.7996
2023-11-17,0.8055,0.8082,0.8021,0.8024
2023-11-16,0.8054,0.8081,0.8028,0.8056
2023-11-15,0.8001,0.8063,0.7998,0.8054
2023-11-14,0.8145,0.8154,0.7995,0.8
2023-11-13,0.8182,0.8191,0.8142,0.8143
2023-11-10,0.8183,0.8206,0.8171,0.8179
2023-11-09,0.8139,0.8189,0.8123,0.818
2023-11-08,0.8132,0.817,0.8126,0.8139
2023-11-07,0.81,0.8156,0.8095,0.8131
2023-11-06,0.8081,0.8106,0.8045,0.8102
2023-11-03,0.8193,0.8207,0.807,0.8077
2023-11-02,0.8193,0.8193,0.8193,0.8193
2023-11-01,0.8229,0.8268,0.822,0.823
2023-10-31,0.8219,0.8252,0.8196,0.8229
2023-10-30,0.8251,0.8272,0.8214,0.8218
2023-10-27,0.8243,0.8261,0.8222,0.825
2023-10-26,0.8255,0.8286,0.8237,0.8245
2023-10-25,0.8224,0.8261,0.8212,0.8257
2023-10-24,0.8165,0.8228,0.8137,0.8224
2023-10-23,0.8224,0.8236,0.8157,0.8165
2023-10-20,0.8235,0.8269,0.8216,0.822
2023-10-19,0.8238,0.8272,0.8202,0.8235
2023-10-18,0.8209,0.8239,0.8188,0.8236
2023-10-17,0.8189,0.8243,0.8185,0.8207
2023-10-16,0.8237,0.8243,0.8183,0.8185
2023-10-13,0.8215,0.8263,0.8179,0.8234
2023-10-12,0.8122,0.8216,0.8108,0.8214
2023-10-11,0.814,0.8151,0.8105,0.8121
2023-10-10,0.8171,0.8189,0.8135,0.8139
2023-10-09,0.8184,0.8222,0.8166,0.8171
2023-10-06,0.8203,0.826,0.8155,0.8174
2023-10-05,0.8203,0.8203,0.8203,0.8203
2023-10-04,0.8279,0.8308,0.8212,0.8241
2023-10-03,0.8269,0.8297,0.8262,0.828
2023-10-02,0.8197,0.8275,0.8183,0.8274
2023-09-29,0.8195,0.821,0.8148,0.8196
2023-09-28,0.8241,0.8251,0.8179,0.8193
2023-09-27,0.8225,0.8258,0.8219,0.8241
2023-09-26,0.819,0.8229,0.8186,0.8224
2023-09-25,0.8169,0.8201,0.8152,0.819
2023-09-22,0.813,0.8177,0.8129,0.8169
2023-09-21,0.8099,0.8174,0.8094,0.8133
2023-09-20,0.8068,0.811,0.805,0.8101
2023-09-19,0.8074,0.8085,0.8048,0.8069
2023-09-18,0.8074,0.8084,0.8057,0.8075
2023-09-15,0.8059,0.8079,0.8034,0.8076
2023-09-14,0.8005,0.8067,0.7995,0.8059
2023-09-13,0.8006,0.8041,0.7992,0.8007
2023-09-12,0.7996,0.8026,0.7982,0.8004
2023-09-11,0.8023,0.8023,0.7968,0.7995
2023-09-08,0.8018,0.8032,0.799,0.8021
2023-09-07,0.7997,0.8035,0.7993,0.8019
2023-09-06,0.7957,0.8011,0.7944,0.7996
2023-09-05,0.7918,0.7983,0.7914,0.7959
2023-09-04,0.7944,0.7947,0.7909,0.7919
2023-09-01,0.7891,0.7951,0.7866,0.7942
2023-08-31,0.786,0.7905,0.7852,0.7891
2023-08-30,0.7908,0.7925,0.7845,0.7861
2023-08-29,0.7936,0.7961,0.7901,0.7909
2023-08-28,0.7948,0.7959,0.7929,0.7935
2023-08-25,0.7935,0.797,0.7902,0.795
2023-08-24,0.7858,0.7943,0.7855,0.7936
2023-08-23,0.7853,0.7928,0.7834,0.7859
2023-08-22,0.7853,0.7853,0.7853,0.7853
2023-08-21,0.7855,0.7868,0.7832,0.7839
2023-08-18,0.7846,0.7881,0.7833,0.7853
2023-08-17,0.7855,0.7873,0.782,0.7846
2023-08-16,0.7871,0.7882,0.7832,0.7854
2023-08-15,0.7883,0.789,0.7841,0.787
2023-08-14,0.7881,0.7926,0.7864,0.7883
2023-08-11,0.7889,0.7895,0.785,0.7876
2023-08-10,0.7862,0.7893,0.7801,0.789
2023-08-09,0.7842,0.7867,0.7823,0.7863
2023-08-08,0.7822,0.7885,0.782,0.7843
2023-08-07,0.7844,0.7867,0.7801,0.7823
2023-08-04,0.7869,0.7882,0.7816,0.7844
2023-08-03,0.7868,0.7923,0.7856,0.7869
2023-08-02,0.7828,0.7886,0.7808,0.7868
2023-08-01,0.7791,0.7849,0.7787,0.7827
2023-07-31,0.7784,0.7796,0.7764,0.7791
2023-07-28,0.7815,0.7835,0.776,0.7783
2023-07-27,0.7727,0.7824,0.7694,0.7815
2023-07-26,0.7751,0.7767,0.7715,0.7727
2023-07-25,0.7751,0.7751,0.7751,0.7751
2023-07-24,0.7777,0.7814,0.7761,0.7797
2023-07-21,0.7771,0.7803,0.7749,0.7779
2023-07-20,0.7728,0.7789,0.7712,0.7771
2023-07-19,0.7672,0.7772,0.7665,0.7727
2023-07-18,0.7646,0.7675,0.7618,0.7671
2023-07-17,0.7639,0.7662,0.7627,0.7649
2023-07-14,0.7615,0.764,0.7609,0.7638
2023-07-13,0.7702,0.7703,0.761,0.7612
2023-07-12,0.7732,0.775,0.7691,0.7699
2023-07-11,0.7776,0.7779,0.773,0.7733
2023-07-10,0.7793,0.7843,0.7769,0.7776
2023-07-07,0.785,0.7859,0.7781,0.779
2023-07-06,0.7871,0.7891,0.7824,0.7848
2023-07-05,0.7864,0.7882,0.7851,0.7872
2023-07-04,0.788,0.7885,0.7849,0.7865
2023-07-03,0.791,0.791,0.7859,0.7879
2023-06-30,0.7927,0.7937,0.7857,0.7874
2023-06-29,0.7912,0.7943,0.7894,0.7929
2023-06-28,0.7844,0.7933,0.7841,0.7914
2023-06-27,0.7867,0.7872,0.7836,0.7843
2023-06-26,0.7865,0.7882,0.7843,0.7866
2023-06-23,0.7845,0.7882,0.7843,0.7864
2023-06-22,0.7831,0.7859,0.7786,0.7845
2023-06-21,0.7833,0.788,0.7811,0.7832
2023-06-20,0.7817,0.7865,0.7808,0.7834
2023-06-19,0.7798,0.7831,0.7789,0.7816
2023-06-16,0.7823,0.7832,0.7782,0.7802
2023-06-15,0.7896,0.7918,0.782,0.7823
2023-06-14,0.793,0.7937,0.7874,0.7896
2023-06-13,0.7997,0.7998,0.792,0.7929
2023-06-12,0.7954,0.801,0.7936,0.7992
2023-06-09,0.7961,0.7978,0.7943,0.7953
2023-06-08,0.7961,0.7961,0.7961,0.7961
2023-06-07,0.8048,0.8068,0.7999,0.804
2023-06-06,0.804,0.8071,0.8025,0.8049
2023-06-05,0.8032,0.8085,0.8025,0.8041
2023-06-02,0.7982,0.8039,0.7971,0.8032
2023-06-01,0.8038,0.8065,0.7974,0.7983
2023-05-31,0.8057,0.8098,0.8035,0.8038
2023-05-30,0.8095,0.8113,0.8034,0.8056
2023-05-29,0.8099,0.8107,0.8082,0.8094
2023-05-26,0.8115,0.8123,0.8067,0.8101
2023-05-25,0.8088,0.8125,0.8073,0.8115
2023-05-24,0.8088,0.8088,0.8088,0.8088
2023-05-23,0.8041,0.8082,0.8034,0.8054
2023-05-22,0.8034,0.8056,0.8017,0.804
2023-05-19,0.8057,0.807,0.801,0.8035
2023-05-18,0.8009,0.8071,0.8004,0.8058
2023-05-17,0.8008,0.8051,0.7993,0.8008
2023-05-16,0.7981,0.8023,0.7969,0.8008
2023-05-15,0.8024,0.8037,0.7977,0.7981
2023-05-12,0.7993,0.8036,0.7973,0.8032
2023-05-11,0.7923,0.8003,0.7911,0.7994
2023-05-10,0.7924,0.7935,0.7886,0.792
2023-05-09,0.7925,0.7951,0.7911,0.7923
2023-05-08,0.7912,0.7929,0.7893,0.7925
2023-05-05,0.7956,0.7962,0.7903,0.7915
2023-05-04,0.796,0.797,0.7936,0.7953
2023-05-03,0.8023,0.8024,0.7943,0.7958
2023-05-02,0.8002,0.8042,0.7992,0.8022
2023-05-01,0.7956,0.8013,0.7954,0.8002
2023-04-28,0.8001,0.8035,0.7946,0.7959
2023-04-27,0.802,0.8041,0.7999,0.8002
2023-04-26,0.8059,0.8063,0.799,0.802
2023-04-25,0.8011,0.8074,0.7995,0.8059
2023-04-24,0.8044,0.8058,0.8008,0.801
2023-04-21,0.804,0.8087,0.8033,0.804
2023-04-20,0.804,0.8062,0.8021,0.8037
2023-04-19,0.8047,0.807,0.8016,0.8039
2023-04-18,0.8079,0.8085,0.8031,0.8047
2023-04-17,0.805,0.8095,0.8039,0.8081
2023-04-14,0.7987,0.8066,0.7969,0.8054
2023-04-13,0.801,0.8014,0.7976,0.7985
2023-04-12,0.8048,0.8066,0.8003,0.801
2023-04-11,0.8076,0.8078,0.8027,0.8048
2023-04-10,0.8048,0.8101,0.8036,0.8076
2023-04-07,0.8038,0.8071,0.8027,0.8054
2023-04-06,0.8024,0.8057,0.8008,0.804
2023-04-05,0.8,0.8043,0.799,0.8024
2023-04-04,0.8054,0.8068,0.7984,0.8
2023-04-03,0.8101,0.8147,0.8048,0.8054
2023-03-31,0.8074,0.8114,0.8049,0.8106
2023-03-30,0.812,0.8134,0.8068,0.8074
2023-03-29,0.8103,0.8128,0.8088,0.8121
2023-03-28,0.8103,0.8103,0.8103,0.8103
2023-03-27,0.8172,0.8185,0.8133,0.8139
2023-03-24,0.8139,0.8203,0.8134,0.8176
2023-03-23,0.8151,0.8155,0.8101,0.8139
2023-03-22,0.8184,0.8191,0.8107,0.8152
2023-03-21,0.8184,0.8184,0.8184,0.8184
2023-03-20,0.8186,0.8219,0.8139,0.8145
2023-03-17,0.826,0.8264,0.8176,0.8211
2023-03-16,0.8293,0.8315,0.8245,0.8257
2023-03-15,0.8226,0.8327,0.8209,0.8294
2023-03-14,0.8208,0.8239,0.8194,0.8224
2023-03-13,0.8309,0.831,0.8196,0.8207
2023-03-10,0.8385,0.8397,0.8255,0.8312
2023-03-09,0.8385,0.8385,0.8385,0.8385
2023-03-08,0.8455,0.8472,0.8422,0.8443
2023-03-07,0.8317,0.846,0.8287,0.8457
2023-03-06,0.8308,0.8339,0.8297,0.8314
2023-03-03,0.8372,0.8376,0.8299,0.8304
2023-03-02,0.8313,0.8387,0.8307,0.8371
2023-03-01,0.8319,0.8357,0.8271,0.8315
2023-02-28,0.8289,0.8322,0.8235,0.8318
2023-02-27,0.8372,0.8387,0.8287,0.8288
2023-02-24,0.8326,0.8383,0.8304,0.8371
2023-02-23,0.8301,0.8339,0.8281,0.8324
2023-02-22,0.8255,0.8309,0.824,0.8301
2023-02-21,0.8306,0.8343,0.8232,0.8257
2023-02-20,0.8303,0.8324,0.8294,0.8305
2023-02-17,0.8334,0.8393,0.8296,0.8306
2023-02-16,0.831,0.8358,0.8282,0.8339
2023-02-15,0.8215,0.8341,0.8208,0.831
2023-02-14,0.8238,0.8253,0.8151,0.8214
2023-02-13,0.8238,0.8238,0.8238,0.8238
2023-02-10,0.8249,0.8315,0.8237,0.8293
2023-02-09,0.8284,0.8295,0.82,0.825
2023-02-08,0.83,0.8311,0.8257,0.8285
2023-02-07,0.832,0.8361,0.8267,0.8301
2023-02-06,0.83,0.833,0.8279,0.832
2023-02-03,0.8182,0.8301,0.8152,0.8296
2023-02-02,0.8182,0.8182,0.8182,0.8182
2023-02-01,0.8115,0.8148,0.8069,0.8083
2023-01-31,0.8097,0.8141,0.8083,0.8119
2023-01-30,0.8077,0.8106,0.8053,0.8096
2023-01-27,0.806,0.8101,0.8051,0.8067
2023-01-26,0.8063,0.8101,0.8044,0.8058
2023-01-25,0.8063,0.8063,0.8063,0.8063
2023-01-24,0.808,0.8155,0.8055,0.8111
2023-01-23,0.808,0.808,0.808,0.808
2023-01-20,0.8072,0.8107,0.8061,0.8068
2023-01-19,0.8095,0.8122,0.8065,0.807
2023-01-18,0.8137,0.816,0.8042,0.8098
2023-01-17,0.8196,0.8218,0.813,0.8139
2023-01-16,0.8196,0.8196,0.8196,0.8196
2023-01-13,0.8189,0.823,0.8164,0.8175
2023-01-12,0.8232,0.8272,0.8165,0.8189
2023-01-11,0.8232,0.8232,0.8232,0.8232
2023-01-10,0.8206,0.8258,0.8197,0.823
2023-01-09,0.8269,0.8275,0.8189,0.8207
2023-01-06,0.8399,0.8446,0.8264,0.8269
2023-01-05,0.8295,0.8421,0.8279,0.8396
2023-01-04,0.8357,0.8363,0.8272,0.8296
2023-01-03,0.8301,0.8403,0.8274,0.8356
2023-01-02,0.8266,0.8309,0.8254,0.83
2022-12-30,0.8295,0.8327,0.8255,0.8266
2022-12-29,0.8322,0.8324,0.8278,0.8295
2022-12-28,0.8316,0.8332,0.8246,0.8321
2022-12-27,0.8287,0.8332,0.8255,0.8312
2022-12-26,0.8296,0.8306,0.8274,0.8286
2022-12-23,0.8305,0.8324,0.827,0.8297
2022-12-22,0.8277,0.8338,0.8232,0.8306
2022-12-21,0.8207,0.8296,0.8201,0.8276
2022-12-20,0.8232,0.8275,0.8181,0.8207
2022-12-19,0.8235,0.8251,0.8169,0.8233
2022-12-16,0.8211,0.835,0.8181,0.8237
2022-12-15,0.8049,0.8226,0.8043,0.8211
2022-12-14,0.8049,0.8049,0.8049,0.8049
2022-12-13,0.8148,0.8165,0.8036,0.8087
2022-12-12,0.8157,0.8192,0.813,0.8148
2022-12-09,0.8171,0.8194,0.8114,0.8155
2022-12-08,0.8196,0.8227,0.8165,0.8173
2022-12-07,0.824,0.826,0.8173,0.8192
2022-12-06,0.8204,0.8246,0.8151,0.8244
2022-12-05,0.813,0.8223,0.81,0.8202
2022-12-02,0.8161,0.824,0.8126,0.8136
2022-12-01,0.8293,0.8299,0.8126,0.8163
2022-11-30,0.8366,0.8403,0.8273,0.8293
2022-11-29,0.8362,0.8372,0.8288,0.8368
2022-11-28,0.827,0.8376,0.8252,0.8361
2022-11-25,0.8254,0.8293,0.8245,0.8268
2022-11-24,0.8295,0.8304,0.8227,0.8253
2022-11-23,0.8414,0.8423,0.8277,0.8295
2022-11-22,0.8458,0.8462,0.8401,0.8413
2022-11-21,0.8407,0.849,0.8378,0.8457
2022-11-18,0.8429,0.8439,0.8367,0.8412
2022-11-17,0.8392,0.8501,0.8363,0.8427
2022-11-16,0.8429,0.8452,0.8373,0.8393
2022-11-15,0.8504,0.8517,0.8314,0.8427
2022-11-14,0.8466,0.8539,0.8454,0.8503
2022-11-11,0.8553,0.8585,0.8435,0.8448
2022-11-10,0.8807,0.8808,0.8524,0.8536
2022-11-09,0.8665,0.8823,0.8645,0.8805
2022-11-08,0.8684,0.8749,0.862,0.8662
2022-11-07,0.8788,0.8857,0.8664,0.8685
2022-11-04,0.896,0.897,0.8785,0.879
2022-11-03,0.8777,0.8968,0.8731,0.8961
2022-11-02,0.8707,0.8782,0.8647,0.8778
2022-11-01,0.8719,0.8743,0.8645,0.8709
2022-10-31,0.861,0.8726,0.861,0.8723
2022-10-28,0.8648,0.8693,0.8603,0.8611
2022-10-27,0.8598,0.8658,0.8583,0.8647
2022-10-26,0.8716,0.8749,0.8592,0.86
2022-10-25,0.887,0.8875,0.8696,0.8717
2022-10-24,0.8845,0.8883,0.8765,0.8866
2022-10-21,0.8899,0.9042,0.8837,0.8846
2022-10-20,0.8914,0.8951,0.8821,0.8898
2022-10-19,0.8834,0.8941,0.8805,0.8914
2022-10-18,0.8804,0.8885,0.8763,0.8832
2022-10-17,0.8944,0.8944,0.8741,0.8804
2022-10-14,0.8827,0.8967,0.8797,0.8942
2022-10-13,0.9005,0.9044,0.8787,0.8825
2022-10-12,0.9118,0.9154,0.8982,0.9007
2022-10-11,0.9045,0.9131,0.8944,0.9117
2022-10-10,0.9017,0.9074,0.8999,0.9045
2022-10-07,0.8959,0.9046,0.8907,0.9015
2022-10-06,0.8827,0.8999,0.8785,0.8959
2022-10-05,0.8698,0.8908,0.8698,0.8829
2022-10-04,0.8831,0.8865,0.8703,0.8714
2022-10-03,0.8953,0.9021,0.8822,0.883
2022-09-30,0.8992,0.907,0.89,0.8954
2022-09-29,0.9184,0.9292,0.899,0.899
2022-09-28,0.9318,0.9488,0.9161,0.9182
2022-09-27,0.9356,0.9386,0.9226,0.9316
2022-09-26,0.9216,0.9669,0.9148,0.9356
2022-09-23,0.8885,0.9242,0.887,0.9242
2022-09-22,0.8874,0.8919,0.88,0.8886
2022-09-21,0.8788,0.8898,0.8783,0.8872
2022-09-20,0.875,0.8805,0.8725,0.8786
2022-09-19,0.8761,0.8807,0.8739,0.8745
2022-09-16,0.872,0.881,0.871,0.8754
2022-09-15,0.8664,0.8725,0.8657,0.872
2022-09-14,0.87,0.8711,0.8628,0.8665
2022-09-13,0.8559,0.8702,0.8518,0.87
2022-09-12,0.862,0.862,0.8539,0.8559
2022-09-09,0.8694,0.8698,0.8585,0.863
2022-09-08,0.8672,0.8725,0.865,0.8693
2022-09-07,0.8681,0.8768,0.8665,0.867
2022-09-06,0.8683,0.87,0.8614,0.8681
2022-09-05,0.8683,0.8683,0.8683,0.8683
2022-09-02,0.8661,0.8699,0.8628,0.8687
2022-09-01,0.8603,0.8696,0.86,0.8661
2022-08-31,0.8581,0.8621,0.8551,0.8605
2022-08-30,0.854,0.8604,0.8502,0.858
2022-08-29,0.8525,0.8585,0.8515,0.8542
2022-08-26,0.8451,0.8525,0.8403,0.8519
2022-08-25,0.8476,0.8486,0.8428,0.845
2022-08-24,0.845,0.8506,0.8442,0.8478
2022-08-23,0.849,0.8535,0.8418,0.8449
2022-08-22,0.8454,0.8517,0.8447,0.8498
2022-08-19,0.8382,0.848,0.8346,0.8452
2022-08-18,0.83,0.8388,0.8277,0.8382
2022-08-17,0.8269,0.8314,0.8236,0.8299
2022-08-16,0.8295,0.8328,0.8252,0.8266
2022-08-15,0.8236,0.8299,0.8227,0.8297
2022-08-12,0.8193,0.8265,0.8185,0.8239
2022-08-11,0.8178,0.8209,0.8163,0.8197
2022-08-10,0.8277,0.8288,0.8145,0.8179
2022-08-09,0.8278,0.829,0.8243,0.8281
2022-08-08,0.8283,0.8301,0.8238,0.828
2022-08-05,0.8223,0.8331,0.8217,0.8286
2022-08-04,0.8235,0.8288,0.8189,0.8224
2022-08-03,0.8217,0.8265,0.8191,0.8233
2022-08-02,0.8164,0.8225,0.8144,0.8219
2022-08-01,0.8218,0.8226,0.8134,0.8163
2022-07-29,0.8211,0.8289,0.8166,0.821
2022-07-28,0.8226,0.8263,0.8201,0.8212
2022-07-27,0.8226,0.8226,0.8226,0.8226
2022-07-26,0.8304,0.8359,0.827,0.8312
2022-07-25,0.833,0.8361,0.8274,0.8302
2022-07-22,0.8332,0.8392,0.8288,0.8329
2022-07-21,0.8351,0.841,0.833,0.833
2022-07-20,0.8339,0.8366,0.8307,0.8349
2022-07-19,0.8365,0.8386,0.8303,0.8336
2022-07-18,0.8433,0.8433,0.831,0.8366
2022-07-15,0.8456,0.8471,0.8421,0.8426
2022-07-14,0.8456,0.8456,0.8456,0.8456
2022-07-13,0.8411,0.8454,0.8356,0.8412
2022-07-12,0.8409,0.847,0.8391,0.8412
2022-07-11,0.8314,0.8427,0.8307,0.8409
2022-07-08,0.8317,0.839,0.8294,0.8309
2022-07-07,0.8385,0.8397,0.8312,0.8317
2022-07-06,0.8365,0.842,0.8341,0.8385
2022-07-05,0.8261,0.8404,0.8246,0.8363
2022-07-04,0.8261,0.8261,0.8261,0.8261
2022-07-01,0.821,0.835,0.8208,0.8266
2022-06-30,0.8247,0.827,0.8204,0.8212
2022-06-29,0.8206,0.8261,0.8187,0.825
2022-06-28,0.8153,0.821,0.8135,0.8205
2022-06-27,0.8154,0.8172,0.8107,0.8152
2022-06-24,0.8156,0.8169,0.8117,0.8148
2022-06-23,0.8153,0.8217,0.8133,0.8156
2022-06-22,0.8145,0.8223,0.812,0.8155
2022-06-21,0.8163,0.8169,0.8115,0.8144
2022-06-20,0.8179,0.8197,0.8143,0.8163
2022-06-17,0.8096,0.8215,0.8085,0.8181
2022-06-16,0.8212,0.8303,0.806,0.8095
2022-06-15,0.8335,0.8344,0.8193,0.8212
2022-06-14,0.8241,0.8379,0.8191,0.8337
2022-06-13,0.8125,0.8258,0.811,0.8241
2022-06-10,0.8005,0.8129,0.7988,0.812
2022-06-09,0.7976,0.8009,0.7963,0.8003
2022-06-08,0.7943,0.7992,0.7938,0.7977
2022-06-07,0.798,0.8044,0.7936,0.7943
2022-06-06,0.8007,0.8015,0.795,0.7979
2022-06-03,0.795,0.801,0.7943,0.8007
2022-06-02,0.8008,0.802,0.7944,0.795
2022-06-01,0.7936,0.8026,0.7925,0.8008
2022-05-31,0.7904,0.7962,0.7901,0.7934
2022-05-30,0.7925,0.7928,0.7898,0.7903
2022-05-27,0.7934,0.7945,0.7894,0.7917
2022-05-26,0.7952,0.7967,0.7923,0.7932
2022-05-25,0.7952,0.7952,0.7952,0.7952
2022-05-24,0.7944,0.8018,0.7937,0.7979
2022-05-23,0.8007,0.8018,0.7935,0.7944
2022-05-20,0.8024,0.804,0.7999,0.8005
2022-05-19,0.8105,0.8105,0.7984,0.8018
2022-05-18,0.8004,0.8111,0.7999,0.8101
2022-05-17,0.8117,0.812,0.8,0.8004
2022-05-16,0.815,0.8185,0.811,0.8116
2022-05-13,0.8196,0.8226,0.8153,0.8154
2022-05-12,0.8158,0.8219,0.8155,0.8196
2022-05-11,0.812,0.8172,0.8065,0.8163
2022-05-10,0.8108,0.8135,0.8081,0.8121
2022-05-09,0.8096,0.8156,0.806,0.8109
2022-05-06,0.8088,0.8146,0.8077,0.8104
2022-05-05,0.7919,0.8115,0.7913,0.8091
2022-05-04,0.8001,0.8032,0.7912,0.7914
2022-05-03,0.8006,0.802,0.7957,0.8
2022-05-02,0.7942,0.8017,0.7937,0.8004
2022-04-29,0.8026,0.8033,0.7927,0.7954
2022-04-28,0.797,0.8057,0.7955,0.8027
2022-04-27,0.7952,0.7999,0.7934,0.7972
2022-04-26,0.785,0.7955,0.7829,0.7954
2022-04-25,0.785,0.785,0.785,0.785
2022-04-22,0.7674,0.7799,0.7671,0.7789
2022-04-21,0.7654,0.768,0.7639,0.7675
2022-04-20,0.7692,0.7696,0.765,0.7653
2022-04-19,0.7681,0.7704,0.7668,0.7693
2022-04-18,0.7662,0.769,0.7648,0.7686
2022-04-15,0.7649,0.7667,0.7643,0.7658
2022-04-14,0.7624,0.7672,0.7605,0.7655
2022-04-13,0.7692,0.7709,0.7622,0.7624
2022-04-12,0.7675,0.7695,0.7661,0.7691
2022-04-11,0.7675,0.7675,0.7675,0.7675
2022-04-08,0.7648,0.7703,0.7644,0.767
2022-04-07,0.7651,0.7662,0.763,0.7649
2022-04-06,0.7648,0.7665,0.7629,0.7653
2022-04-05,0.7648,0.7648,0.7648,0.7648
2022-04-04,0.7632,0.7638,0.7595,0.7625
2022-04-01,0.761,0.7642,0.7603,0.7626
2022-03-31,0.7614,0.7631,0.7589,0.7611
2022-03-30,0.7641,0.7643,0.7585,0.7613
2022-03-29,0.764,0.7662,0.7599,0.7637
2022-03-28,0.7588,0.7653,0.7582,0.7638
2022-03-25,0.7582,0.7599,0.7561,0.7588
2022-03-24,0.7573,0.7601,0.7568,0.7583
2022-03-23,0.754,0.7591,0.7519,0.7572
2022-03-22,0.7593,0.7622,0.7534,0.754
2022-03-21,0.7587,0.7618,0.7569,0.7594
2022-03-18,0.7607,0.7628,0.7577,0.7589
2022-03-17,0.7606,0.7641,0.757,0.7606
2022-03-16,0.7667,0.7672,0.7598,0.7605
2022-03-15,0.7692,0.7692,0.7641,0.7668
2022-03-14,0.7667,0.7692,0.7645,0.7692
2022-03-11,0.7643,0.7677,0.762,0.767
2022-03-10,0.7586,0.7645,0.7579,0.764
2022-03-09,0.7631,0.7641,0.7581,0.7587
2022-03-08,0.7627,0.7644,0.7608,0.7632
2022-03-07,0.7568,0.7633,0.7548,0.7631
2022-03-04,0.749,0.7575,0.7486,0.7558
2022-03-03,0.746,0.7509,0.7452,0.7491
2022-03-02,0.7504,0.7534,0.7458,0.7458
2022-03-01,0.7451,0.7519,0.7441,0.7504
2022-02-28,0.7481,0.7512,0.7444,0.7453
2022-02-25,0.7473,0.7481,0.744,0.7454
2022-02-24,0.7383,0.7534,0.7379,0.7473
2022-02-23,0.736,0.7388,0.7341,0.7382
2022-02-22,0.7353,0.7387,0.7349,0.7361
2022-02-21,0.7371,0.7371,0.7331,0.7351
2022-02-18,0.7345,0.7368,0.7329,0.7359
2022-02-17,0.7362,0.7377,0.7331,0.7345
2022-02-16,0.7386,0.7391,0.7351,0.7361
2022-02-15,0.7393,0.7416,0.737,0.7387
2022-02-14,0.7375,0.741,0.7368,0.7392
2022-02-11,0.7376,0.7399,0.7348,0.7374
2022-02-10,0.7389,0.7395,0.7329,0.7377
2022-02-09,0.7382,0.7393,0.7359,0.7388
2022-02-08,0.7388,0.7403,0.7371,0.7383
2022-02-07,0.738,0.7413,0.7376,0.7387
2022-02-04,0.7354,0.7405,0.7345,0.7392
2022-02-03,0.7364,0.7387,0.7338,0.7354
2022-02-02,0.7395,0.74,0.7359,0.7367
2022-02-01,0.7395,0.7395,0.7395,0.7395
2022-01-31,0.7463,0.747,0.7429,0.7437
2022-01-28,0.7472,0.7483,0.7443,0.7461
2022-01-27,0.7429,0.7487,0.7424,0.7472
2022-01-26,0.7404,0.7438,0.7393,0.7427
2022-01-25,0.7414,0.7443,0.7396,0.7407
2022-01-24,0.7414,0.7414,0.7414,0.7414
2022-01-21,0.7355,0.7383,0.7351,0.7378
2022-01-20,0.7346,0.7361,0.7319,0.7354
2022-01-19,0.7346,0.7346,0.7346,0.7346
2022-01-18,0.7358,0.7358,0.7358,0.7358
2022-01-17,0.7313,0.7333,0.7305,0.7329
2022-01-14,0.7296,0.7325,0.7276,0.7312
2022-01-13,0.7299,0.7299,0.7272,0.7297
2022-01-12,0.7335,0.7342,0.7292,0.7299
2022-01-11,0.7366,0.7375,0.7333,0.7335
2022-01-10,0.7358,0.739,0.735,0.7366
2022-01-07,0.739,0.7392,0.7353,0.7357
2022-01-06,0.7377,0.7413,0.7373,0.739
2022-01-05,0.7389,0.7396,0.7353,0.7377
2022-01-04,0.7419,0.7433,0.7376,0.7392
2022-01-03,0.7389,0.7446,0.7387,0.7417
2021-12-31,0.741,0.7427,0.7379,0.7392
2021-12-30,0.7413,0.7433,0.7395,0.7407
2021-12-29,0.7413,0.7413,0.7413,0.7413
2021-12-28,0.7439,0.7454,0.7428,0.7445
2021-12-27,0.7468,0.747,0.7437,0.7439
2021-12-24,0.7458,0.7483,0.745,0.747
2021-12-23,0.749,0.7497,0.7441,0.7457
2021-12-22,0.7537,0.7553,0.7482,0.749
2021-12-21,0.7572,0.7577,0.7534,0.7536
2021-12-20,0.7553,0.7591,0.755,0.7572
2021-12-17,0.7506,0.756,0.7496,0.7555
2021-12-16,0.7539,0.7552,0.7476,0.7507
2021-12-15,0.7557,0.7591,0.7528,0.754
2021-12-14,0.7565,0.7582,0.7542,0.7558
2021-12-13,0.7544,0.7571,0.7536,0.7566
2021-12-10,0.7564,0.7583,0.7531,0.7535
2021-12-09,0.7569,0.7591,0.7562,0.7565
2021-12-08,0.7551,0.7598,0.754,0.7573
2021-12-07,0.7539,0.7571,0.7524,0.7551
2021-12-06,0.7556,0.7569,0.7526,0.7539
2021-12-03,0.7516,0.757,0.7512,0.7555
2021-12-02,0.7532,0.7536,0.7499,0.7515
2021-12-01,0.752,0.7541,0.7489,0.7531
2021-11-30,0.7511,0.7579,0.748,0.7518
2021-11-29,0.7498,0.7527,0.7482,0.7511
2021-11-26,0.7507,0.7531,0.748,0.7497
2021-11-25,0.7504,0.7516,0.7488,0.7507
2021-11-24,0.7473,0.751,0.7468,0.7503
2021-11-23,0.7464,0.7496,0.7457,0.7476
2021-11-22,0.7431,0.7472,0.7428,0.7464
2021-11-19,0.7411,0.7459,0.7401,0.7437
2021-11-18,0.7412,0.7428,0.7399,0.7409
2021-11-17,0.7446,0.7464,0.7409,0.7413
2021-11-16,0.7454,0.746,0.7422,0.7447
2021-11-15,0.7456,0.7462,0.7435,0.7453
2021-11-12,0.7481,0.749,0.7448,0.7456
2021-11-11,0.746,0.7487,0.7443,0.7481
2021-11-10,0.7376,0.746,0.7371,0.7459
2021-11-09,0.7373,0.7398,0.7349,0.7377
2021-11-08,0.7409,0.7435,0.7363,0.7371
2021-11-05,0.7408,0.745,0.7401,0.7409
2021-11-04,0.7307,0.7423,0.7299,0.7408
2021-11-03,0.7347,0.7349,0.7303,0.7308
2021-11-02,0.7317,0.735,0.731,0.7346
2021-11-01,0.7308,0.733,0.7277,0.7318
2021-10-29,0.7252,0.7317,0.7244,0.7305
2021-10-28,0.7275,0.7288,0.7238,0.7251
2021-10-27,0.7263,0.7294,0.7256,0.7278
2021-10-26,0.7264,0.7269,0.723,0.7264
2021-10-25,0.7248,0.7277,0.7248,0.7264
2021-10-22,0.7251,0.728,0.7238,0.7269
2021-10-21,0.7235,0.726,0.7228,0.7249
2021-10-20,0.725,0.7277,0.7228,0.7233
2021-10-19,0.7284,0.7288,0.7228,0.7249
2021-10-18,0.7271,0.7295,0.7264,0.7284
2021-10-15,0.7313,0.7317,0.726,0.7274
2021-10-14,0.732,0.7323,0.728,0.7313
2021-10-13,0.7361,0.7367,0.7317,0.7321
2021-10-12,0.7356,0.737,0.7332,0.7359
2021-10-11,0.7343,0.7362,0.7313,0.7356
2021-10-08,0.7342,0.7362,0.7321,0.7344
2021-10-07,0.7363,0.7369,0.7331,0.7343
2021-10-06,0.7363,0.7363,0.7363,0.7363
2021-10-05,0.7348,0.7362,0.7327,0.7339
2021-10-04,0.7381,0.739,0.733,0.7349
2021-10-01,0.7422,0.7444,0.7366,0.7382
2021-09-30,0.7448,0.7454,0.7398,0.742
2021-09-29,0.7388,0.7456,0.7377,0.7447
2021-09-28,0.73,0.7397,0.7289,0.7387
2021-09-27,0.7309,0.7322,0.7284,0.7299
2021-09-24,0.7288,0.7322,0.7279,0.7312
2021-09-23,0.7349,0.7349,0.7271,0.7289
2021-09-22,0.7321,0.7349,0.7305,0.7345
2021-09-21,0.7322,0.7331,0.7302,0.7321
2021-09-20,0.7278,0.7331,0.727,0.7321
2021-09-17,0.7251,0.7288,0.7239,0.7279
2021-09-16,0.7225,0.7266,0.7218,0.7249
2021-09-15,0.724,0.7251,0.7218,0.7226
2021-09-14,0.7228,0.7245,0.7187,0.7241
2021-09-13,0.723,0.7248,0.7219,0.7226
2021-09-10,0.7228,0.7232,0.7199,0.7229
2021-09-09,0.7262,0.7271,0.7213,0.7228
2021-09-08,0.7253,0.7286,0.725,0.7262
2021-09-07,0.7227,0.7264,0.7216,0.7254
2021-09-06,0.7215,0.7237,0.7208,0.7226
2021-09-03,0.7229,0.7238,0.7188,0.7216
2021-09-02,0.7262,0.7265,0.7225,0.7229
2021-09-01,0.7271,0.7283,0.7247,0.7264
2021-08-31,0.7268,0.7277,0.7242,0.7269
2021-08-30,0.7262,0.7282,0.7259,0.7268
2021-08-27,0.7299,0.731,0.7256,0.7265
2021-08-26,0.7265,0.7306,0.7262,0.73
2021-08-25,0.7285,0.7301,0.7262,0.7266
2021-08-24,0.729,0.7303,0.7274,0.7284
2021-08-23,0.734,0.7346,0.7281,0.7288
2021-08-20,0.7332,0.7352,0.7325,0.7339
2021-08-19,0.7269,0.7336,0.7267,0.7331
2021-08-18,0.7276,0.7285,0.7254,0.7271
2021-08-17,0.7224,0.7286,0.7219,0.7278
2021-08-16,0.7224,0.7224,0.7224,0.7224
2021-08-13,0.7242,0.7251,0.7206,0.7212
2021-08-12,0.721,0.7249,0.7205,0.7243
2021-08-11,0.7224,0.7245,0.72,0.721
2021-08-10,0.7222,0.7232,0.7208,0.7225
2021-08-09,0.7208,0.7225,0.7197,0.7222
2021-08-06,0.7178,0.7215,0.7176,0.7208
2021-08-05,0.72,0.7208,0.7168,0.718
2021-08-04,0.7186,0.7202,0.7164,0.7199
2021-08-03,0.7201,0.7205,0.7174,0.7185
2021-08-02,0.7189,0.7207,0.7177,0.7201
2021-07-30,0.7163,0.7201,0.7151,0.7192
2021-07-29,0.7195,0.7196,0.7151,0.7163
2021-07-28,0.7206,0.7223,0.7188,0.7192
2021-07-27,0.7238,0.7264,0.7197,0.7207
2021-07-26,0.7274,0.728,0.7228,0.7237
2021-07-23,0.727,0.7289,0.7256,0.7274
2021-07-22,0.729,0.7305,0.7252,0.7263
2021-07-21,0.7339,0.7358,0.7287,0.7291
2021-07-20,0.7313,0.7369,0.7305,0.7337
2021-07-19,0.726,0.7324,0.7253,0.7312
2021-07-16,0.7231,0.7268,0.7213,0.7263
2021-07-15,0.7215,0.7244,0.7195,0.7231
2021-07-14,0.724,0.7246,0.7198,0.7214
2021-07-13,0.7204,0.7247,0.7191,0.7238
2021-07-12,0.7192,0.7226,0.7188,0.7204
2021-07-09,0.7252,0.7269,0.7189,0.7192
2021-07-08,0.7245,0.7278,0.7242,0.7254
2021-07-07,0.7245,0.7245,0.7245,0.7245
2021-07-06,0.7246,0.7246,0.7246,0.7246
2021-07-05,0.7233,0.7238,0.7213,0.7223
2021-07-02,0.7264,0.7282,0.7222,0.7231
2021-07-01,0.723,0.7272,0.7228,0.7266
2021-06-30,0.7227,0.7248,0.7208,0.723
2021-06-29,0.7203,0.7239,0.72,0.7226
2021-06-28,0.7198,0.721,0.7174,0.7203
2021-06-25,0.7183,0.7209,0.7176,0.7202
2021-06-24,0.7161,0.7199,0.7149,0.7181
2021-06-23,0.7168,0.7183,0.7142,0.7163
2021-06-22,0.7177,0.7215,0.7161,0.7168
2021-06-21,0.7241,0.7254,0.7175,0.7176
2021-06-18,0.7181,0.7251,0.7171,0.7245
2021-06-17,0.7148,0.7197,0.7138,0.7181
2021-06-16,0.71,0.7153,0.7075,0.7149
2021-06-15,0.7087,0.7126,0.7077,0.7099
2021-06-14,0.7088,0.7107,0.708,0.7088
2021-06-11,0.7054,0.7095,0.7049,0.7089
2021-06-10,0.7083,0.7106,0.7052,0.7054
2021-06-09,0.7064,0.7088,0.7046,0.7084
2021-06-08,0.7053,0.7082,0.7048,0.7066
2021-06-07,0.7064,0.7087,0.7046,0.7054
2021-06-04,0.7098,0.7101,0.7042,0.7063
2021-06-03,0.7057,0.7099,0.704,0.7089
2021-06-02,0.7057,0.7057,0.7057,0.7057
2021-06-01,0.7035,0.7069,0.7018,0.7067
2021-05-31,0.7042,0.706,0.7033,0.7036
2021-05-28,0.7039,0.7075,0.7036,0.7046
2021-05-27,0.7082,0.7097,0.7033,0.7039
2021-05-26,0.7065,0.7087,0.7054,0.7084
2021-05-25,0.7065,0.7085,0.7036,0.7068
2021-05-24,0.7065,0.7065,0.7065,0.7065
2021-05-21,0.7046,0.7073,0.7025,0.7067
2021-05-20,0.7087,0.7091,0.7046,0.7048
2021-05-19,0.7048,0.7093,0.7041,0.7085
2021-05-18,0.7074,0.7077,0.7032,0.7048
2021-05-17,0.7095,0.7104,0.7068,0.7075
2021-05-14,0.7117,0.7125,0.7087,0.7094
2021-05-13,0.7115,0.714,0.7103,0.7117
2021-05-12,0.707,0.7117,0.7065,0.7116
2021-05-11,0.7084,0.709,0.7058,0.7072
2021-05-10,0.7151,0.7154,0.7063,0.7084
2021-05-07,0.72,0.7201,0.7139,0.7153
2021-05-06,0.719,0.7217,0.7173,0.7198
2021-05-05,0.7201,0.7207,0.718,0.7191
2021-05-04,0.7189,0.7226,0.7186,0.72
2021-05-03,0.724,0.7246,0.7177,0.7189
2021-04-30,0.7173,0.7246,0.7164,0.7237
2021-04-29,0.7175,0.7178,0.7155,0.7174
2021-04-28,0.7188,0.7215,0.7167,0.7176
2021-04-27,0.7194,0.7217,0.7181,0.7188
2021-04-26,0.7205,0.7213,0.7176,0.7196
2021-04-23,0.7226,0.7229,0.7196,0.7228
2021-04-22,0.7179,0.7234,0.7168,0.7225
2021-04-21,0.7175,0.7201,0.7168,0.7178
2021-04-20,0.715,0.7181,0.7137,0.7174
2021-04-19,0.7228,0.7241,0.7146,0.7151
2021-04-16,0.7254,0.729,0.7224,0.7225
2021-04-15,0.7258,0.7267,0.7241,0.7256
2021-04-14,0.7272,0.7274,0.7241,0.7258
2021-04-13,0.7278,0.7301,0.7262,0.7273
2021-04-12,0.7297,0.7316,0.7258,0.7276
2021-04-09,0.7281,0.7315,0.7271,0.7297
2021-04-08,0.728,0.7289,0.7255,0.728
2021-04-07,0.7233,0.7288,0.7226,0.7279
2021-04-06,0.7196,0.7246,0.7184,0.7234
2021-04-05,0.7229,0.7242,0.7187,0.7195
2021-04-02,0.7229,0.724,0.7218,0.723
2021-04-01,0.7256,0.7275,0.7227,0.7229
2021-03-31,0.7279,0.7291,0.724,0.7255
2021-03-30,0.7266,0.7297,0.7255,0.7277
2021-03-29,0.7266,0.7266,0.7266,0.7266
2021-03-26,0.7282,0.7284,0.724,0.7249
2021-03-25,0.7308,0.7315,0.7275,0.7282
2021-03-24,0.7308,0.7308,0.7308,0.7308
2021-03-23,0.7213,0.7277,0.7211,0.7272
2021-03-22,0.7208,0.7238,0.7206,0.7214
2021-03-19,0.718,0.723,0.7164,0.721
2021-03-18,0.716,0.7196,0.7141,0.718
2021-03-17,0.7199,0.722,0.7157,0.7162
2021-03-16,0.7196,0.7242,0.7191,0.7198
2021-03-15,0.7181,0.7218,0.7168,0.7192
2021-03-12,0.7147,0.7213,0.714,0.7184
2021-03-11,0.7177,0.7187,0.7145,0.7147
2021-03-10,0.7201,0.7223,0.7174,0.7177
2021-03-09,0.7234,0.7246,0.7181,0.7198
2021-03-08,0.7224,0.7246,0.7211,0.7235
2021-03-05,0.7196,0.7258,0.719,0.7228
2021-03-04,0.7165,0.7205,0.7135,0.7198
2021-03-03,0.7166,0.7184,0.7139,0.7169
2021-03-02,0.7181,0.7217,0.7155,0.7166
2021-03-01,0.7177,0.7192,0.7143,0.7181
2021-02-26,0.7136,0.72,0.7128,0.7182
2021-02-25,0.7072,0.7143,0.7051,0.7137
2021-02-24,0.7086,0.7101,0.7024,0.7071
2021-02-23,0.711,0.7115,0.7084,0.7085
2021-02-22,0.7135,0.7153,0.7098,0.711
2021-02-19,0.7156,0.7168,0.7125,0.7137
2021-02-18,0.7214,0.7226,0.715,0.7156
2021-02-17,0.7193,0.7231,0.7189,0.7216
2021-02-16,0.7192,0.721,0.7167,0.7193
2021-02-15,0.7218,0.7221,0.7184,0.7193
2021-02-12,0.7237,0.7259,0.7213,0.7217
2021-02-11,0.7229,0.7246,0.7215,0.7238
2021-02-10,0.7238,0.7245,0.7211,0.7228
2021-02-09,0.7277,0.728,0.7235,0.7238
2021-02-08,0.728,0.7309,0.7272,0.7276
2021-02-05,0.7313,0.732,0.7275,0.7281
2021-02-04,0.7328,0.7371,0.7299,0.7315
2021-02-03,0.7318,0.7342,0.7308,0.7328
2021-02-02,0.7319,0.7347,0.7294,0.7316
2021-02-01,0.7297,0.7323,0.7268,0.732
2021-01-29,0.7287,0.7322,0.7271,0.7294
2021-01-28,0.7306,0.7337,0.7274,0.7288
2021-01-27,0.7279,0.7321,0.7267,0.7305
2021-01-26,0.7313,0.7349,0.7275,0.7281
2021-01-25,0.7308,0.7326,0.7287,0.7312
2021-01-22,0.7282,0.7334,0.7279,0.7307
2021-01-21,0.7324,0.7325,0.7275,0.7283
2021-01-20,0.7335,0.7341,0.7289,0.7324
2021-01-19,0.7361,0.7367,0.7333,0.7335
2021-01-18,0.7359,0.7397,0.7349,0.7361
2021-01-15,0.7305,0.7369,0.7299,0.7362
2021-01-14,0.7333,0.7345,0.7294,0.7306
2021-01-13,0.7318,0.7346,0.7299,0.7332
2021-01-12,0.7397,0.7405,0.7316,0.7317
2021-01-11,0.7371,0.7435,0.7366,0.74
2021-01-08,0.7371,0.7387,0.7333,0.7371
2021-01-07,0.7348,0.7389,0.7335,0.7372
2021-01-06,0.7339,0.7389,0.7315,0.7349
2021-01-05,0.7368,0.7378,0.733,0.7339
2021-01-04,0.7312,0.7384,0.7297,0.7367
2021-01-01,0.7317,0.7319,0.7304,0.7317
2020-12-31,0.734,0.735,0.7307,0.7318
2020-12-30,0.7409,0.7411,0.7338,0.7339
2020-12-29,0.744,0.744,0.7395,0.7406
2020-12-28,0.7378,0.7522,0.7366,0.7435
2020-12-25,0.7381,0.7405,0.7346,0.7373
2020-12-24,0.741,0.7412,0.7342,0.7378
2020-12-23,0.7483,0.7487,0.737,0.741
2020-12-22,0.7425,0.7517,0.7422,0.7482
2020-12-21,0.745,0.7582,0.7409,0.7428
2020-12-18,0.7362,0.7423,0.7359,0.7399
2020-12-17,0.7402,0.7412,0.7339,0.7362
2020-12-16,0.7427,0.7444,0.7378,0.7401
2020-12-15,0.7504,0.753,0.7424,0.7428
2020-12-14,0.756,0.756,0.7438,0.7501
2020-12-11,0.7523,0.7613,0.7505,0.756
2020-12-10,0.7463,0.7549,0.7455,0.7521
2020-12-09,0.7489,0.749,0.7419,0.7459
2020-12-08,0.7475,0.7524,0.747,0.7486
2020-12-07,0.744,0.7562,0.742,0.7471
2020-12-04,0.7436,0.7456,0.7386,0.7441
2020-12-03,0.7482,0.749,0.7407,0.7435
2020-12-02,0.7446,0.7525,0.744,0.748
2020-12-01,0.7446,0.7446,0.7446,0.7446
2020-11-30,0.751,0.7516,0.7472,0.7505
2020-11-27,0.7486,0.7524,0.7472,0.7511
2020-11-26,0.7469,0.7507,0.7463,0.7486
2020-11-25,0.7484,0.7516,0.7466,0.747
2020-11-24,0.7507,0.7522,0.7473,0.7483
2020-11-23,0.7537,0.754,0.7463,0.7506
2020-11-20,0.7545,0.755,0.7521,0.7528
2020-11-19,0.7536,0.7578,0.753,0.7539
2020-11-18,0.755,0.7551,0.7512,0.7537
2020-11-17,0.7573,0.7581,0.7534,0.7548
2020-11-16,0.7582,0.7596,0.7551,0.7575
2020-11-13,0.7623,0.7629,0.7575,0.7579
2020-11-12,0.7563,0.7631,0.7559,0.7622
2020-11-11,0.7535,0.7581,0.7521,0.7562
2020-11-10,0.7596,0.7601,0.753,0.7534
2020-11-09,0.76,0.7623,0.7571,0.7596
2020-11-06,0.7605,0.7639,0.7589,0.7603
2020-11-05,0.7699,0.7734,0.7601,0.7607
2020-11-04,0.7657,0.7744,0.7612,0.7699
2020-11-03,0.7741,0.7752,0.7645,0.7655
2020-11-02,0.7723,0.7779,0.7722,0.7741
2020-10-30,0.7735,0.7753,0.7699,0.7722
2020-10-29,0.7735,0.7735,0.7735,0.7735
2020-10-28,0.7665,0.7742,0.7654,0.7702
2020-10-27,0.7679,0.7692,0.7645,0.7665
2020-10-26,0.7668,0.7696,0.7649,0.7678
2020-10-23,0.7643,0.7681,0.7621,0.7665
2020-10-22,0.7607,0.7651,0.7602,0.7643
2020-10-21,0.7722,0.7729,0.759,0.7607
2020-10-20,0.7725,0.7745,0.7704,0.7723
2020-10-19,0.7742,0.7753,0.7678,0.7724
2020-10-16,0.7749,0.7771,0.7714,0.7742
2020-10-15,0.7685,0.7758,0.7674,0.7749
2020-10-14,0.7685,0.7685,0.7685,0.7685
2020-10-13,0.7653,0.7739,0.7647,0.7731
2020-10-12,0.7663,0.769,0.7644,0.7654
2020-10-09,0.7729,0.7738,0.7662,0.7665
2020-10-08,0.7739,0.7757,0.771,0.7729
2020-10-07,0.7767,0.7783,0.7733,0.7741
2020-10-06,0.7704,0.7772,0.7688,0.7768
2020-10-05,0.773,0.7752,0.7697,0.7703
2020-10-02,0.7759,0.779,0.7719,0.7732
2020-10-01,0.7739,0.7801,0.7704,0.776
2020-09-30,0.7777,0.7809,0.7726,0.7738
2020-09-29,0.7793,0.7799,0.775,0.7776
2020-09-28,0.7846,0.7846,0.7738,0.7793
2020-09-25,0.7847,0.7881,0.7809,0.7846
2020-09-24,0.7858,0.788,0.7825,0.7846
2020-09-23,0.7853,0.7889,0.7826,0.7859
2020-09-22,0.7802,0.7867,0.7771,0.7852
2020-09-21,0.7802,0.7802,0.7802,0.7802
2020-09-18,0.7709,0.7744,0.7692,0.7741
2020-09-17,0.7712,0.7773,0.7694,0.7708
2020-09-16,0.7759,0.7767,0.7688,0.7711
2020-09-15,0.7784,0.7803,0.7735,0.7758
2020-09-14,0.7815,0.7827,0.7741,0.7785
2020-09-11,0.7806,0.7835,0.7776,0.7815
2020-09-10,0.7691,0.7827,0.7671,0.7807
2020-09-09,0.7704,0.7761,0.7678,0.7692
2020-09-08,0.7595,0.7704,0.7591,0.7703
2020-09-07,0.753,0.761,0.753,0.7593
2020-09-04,0.7533,0.7591,0.7508,0.753
2020-09-03,0.749,0.7551,0.7487,0.753
2020-09-02,0.7472,0.7529,0.7461,0.749
2020-09-01,0.7481,0.7488,0.7417,0.7471
2020-08-31,0.749,0.7519,0.7464,0.748
2020-08-28,0.7575,0.7583,0.7487,0.749
2020-08-27,0.7571,0.7597,0.7529,0.7575
2020-08-26,0.7603,0.7624,0.7564,0.757
2020-08-25,0.7654,0.7659,0.7592,0.7604
2020-08-24,0.764,0.7661,0.7605,0.7655
2020-08-21,0.7568,0.7657,0.7544,0.764
2020-08-20,0.7634,0.7655,0.7561,0.7568
2020-08-19,0.7554,0.7638,0.7537,0.7633
2020-08-18,0.7554,0.7554,0.7554,0.7554
2020-08-17,0.7641,0.7649,0.7621,0.7631
2020-08-14,0.7652,0.7664,0.7609,0.7641
2020-08-13,0.7672,0.7675,0.762,0.7652
2020-08-12,0.7663,0.7689,0.7652,0.7674
2020-08-11,0.7663,0.7663,0.7663,0.7663
2020-08-10,0.7661,0.7681,0.7631,0.765
2020-08-07,0.761,0.7687,0.7599,0.7662
2020-08-06,0.7625,0.7627,0.7583,0.761
2020-08-05,0.765,0.7659,0.7598,0.7626
2020-08-04,0.7648,0.7704,0.7629,0.7651
2020-08-03,0.7643,0.769,0.7626,0.7649
2020-07-31,0.7636,0.7651,0.7592,0.7643
2020-07-30,0.7695,0.7725,0.7631,0.7637
2020-07-29,0.7732,0.7745,0.7685,0.7694
2020-07-28,0.7763,0.7789,0.772,0.7734
2020-07-27,0.7817,0.7824,0.775,0.7764
2020-07-24,0.7852,0.7863,0.781,0.7816
2020-07-23,0.7852,0.7891,0.7837,0.7849
2020-07-22,0.7854,0.7909,0.7846,0.7853
2020-07-21,0.7898,0.7905,0.7832,0.7855
2020-07-20,0.7956,0.7988,0.7895,0.7899
2020-07-17,0.7965,0.7993,0.7952,0.7957
2020-07-16,0.7944,0.7987,0.7921,0.7966
2020-07-15,0.7967,0.7968,0.7905,0.7944
2020-07-14,0.7967,0.7967,0.7967,0.7967
2020-07-13,0.7923,0.7968,0.789,0.7966
2020-07-10,0.7933,0.7957,0.7896,0.7923
2020-07-09,0.7931,0.7937,0.7893,0.7933
2020-07-08,0.7973,0.7995,0.7921,0.7931
2020-07-07,0.8004,0.8024,0.7942,0.7972
2020-07-06,0.8011,0.8026,0.7978,0.8005
2020-07-03,0.8021,0.804,0.8003,0.8011
2020-07-02,0.8021,0.8021,0.8021,0.8021
2020-07-01,0.8064,0.8092,0.8005,0.8016
2020-06-30,0.8064,0.8064,0.8064,0.8064
2020-06-29,0.8105,0.8163,0.8071,0.8132
2020-06-26,0.8052,0.8121,0.804,0.8107
2020-06-25,0.8053,0.8072,0.8022,0.8052
2020-06-24,0.7988,0.8055,0.7973,0.8051
2020-06-23,0.802,0.8044,0.7979,0.7987
2020-06-22,0.8098,0.8107,0.8014,0.8019
2020-06-19,0.8049,0.8102,0.8027,0.8098
2020-06-18,0.7965,0.8064,0.7956,0.805
2020-06-17,0.7955,0.7993,0.7943,0.7965
2020-06-16,0.7955,0.7955,0.7955,0.7955
2020-06-15,0.7972,0.803,0.7932,0.7933
2020-06-12,0.7935,0.8017,0.7903,0.7975
2020-06-11,0.7935,0.7935,0.7935,0.7935
2020-06-10,0.7856,0.7871,0.7804,0.7846
2020-06-09,0.7861,0.7925,0.784,0.7856
2020-06-08,0.7895,0.7919,0.7852,0.7859
2020-06-05,0.7938,0.7949,0.7854,0.7894
2020-06-04,0.7953,0.8,0.7915,0.794
2020-06-03,0.7968,0.7972,0.7927,0.7952
2020-06-02,0.8003,0.8014,0.7952,0.7968
2020-06-01,0.8098,0.8119,0.7995,0.8005
2020-05-29,0.8117,0.8137,0.8068,0.8098
2020-05-28,0.8156,0.8175,0.81,0.8116
2020-05-27,0.8108,0.8194,0.8095,0.8158
2020-05-26,0.8204,0.8213,0.8088,0.8108
2020-05-25,0.8218,0.8222,0.8194,0.8205
2020-05-22,0.8182,0.8224,0.817,0.8223
2020-05-21,0.8171,0.8207,0.8163,0.8183
2020-05-20,0.8162,0.8182,0.8139,0.8172
2020-05-19,0.8198,0.8208,0.8133,0.8162
2020-05-18,0.8262,0.8285,0.8178,0.82
2020-05-15,0.8177,0.8264,0.8171,0.826
2020-05-14,0.8172,0.822,0.8168,0.8175
2020-05-13,0.8158,0.8191,0.8104,0.8173
2020-05-12,0.8108,0.8161,0.808,0.8157
2020-05-11,0.8061,0.8141,0.804,0.8108
2020-05-08,0.809,0.8102,0.8022,0.8062
2020-05-07,0.8102,0.8152,0.8053,0.8089
2020-05-06,0.8043,0.8107,0.8032,0.81
2020-05-05,0.8037,0.8052,0.801,0.8042
2020-05-04,0.7999,0.8062,0.7999,0.8036
2020-05-01,0.794,0.8011,0.7935,0.8004
2020-04-30,0.8019,0.8047,0.791,0.794
2020-04-29,0.8049,0.8072,0.8008,0.8021
2020-04-28,0.8045,0.8062,0.7988,0.8049
2020-04-27,0.8084,0.8091,0.8029,0.8046
2020-04-24,0.8101,0.8132,0.808,0.8087
2020-04-23,0.8108,0.8126,0.8055,0.81
2020-04-22,0.8137,0.8148,0.8073,0.8108
2020-04-21,0.8042,0.8165,0.8033,0.8134
2020-04-20,0.7999,0.8054,0.7997,0.8042
2020-04-17,0.8028,0.806,0.7985,0.8
2020-04-16,0.7988,0.8059,0.7975,0.8029
2020-04-15,0.7921,0.8041,0.7916,0.7987
2020-04-14,0.7996,0.801,0.7906,0.7922
2020-04-13,0.8029,0.8038,0.7977,0.7998
2020-04-10,0.8026,0.805,0.8008,0.8034
2020-04-09,0.8075,0.8091,0.8011,0.8026
2020-04-08,0.8108,0.8139,0.8052,0.8074
2020-04-07,0.8175,0.8221,0.8074,0.8107
2020-04-06,0.8152,0.8196,0.8112,0.8176
2020-04-03,0.8066,0.8193,0.8057,0.8153
2020-04-02,0.8085,0.8098,0.8015,0.8068
2020-04-01,0.8054,0.811,0.8033,0.8087
2020-03-31,0.8053,0.8167,0.8017,0.8056
2020-03-30,0.8029,0.8118,0.8021,0.8055
2020-03-27,0.8195,0.8244,0.801,0.8034
2020-03-26,0.8418,0.849,0.8176,0.8194
2020-03-25,0.8501,0.859,0.8351,0.8415
2020-03-24,0.8661,0.869,0.8474,0.8506
2020-03-23,0.8584,0.8736,0.8522,0.8663
2020-03-20,0.8706,0.8763,0.8381,0.8592
2020-03-19,0.8609,0.8717,0.8479,0.8707
2020-03-18,0.8297,0.8716,0.8244,0.861
2020-03-17,0.815,0.8332,0.8147,0.8295
2020-03-16,0.815,0.815,0.815,0.815
2020-03-13,0.7954,0.8153,0.7921,0.8146
2020-03-12,0.7799,0.8005,0.7782,0.7956
2020-03-11,0.7743,0.7809,0.7706,0.78
2020-03-10,0.762,0.7762,0.7614,0.7747
2020-03-09,0.7663,0.7672,0.7575,0.7621
2020-03-06,0.772,0.7727,0.7658,0.7665
2020-03-05,0.7769,0.7776,0.771,0.772
2020-03-04,0.7806,0.7831,0.7767,0.7768
2020-03-03,0.7842,0.7851,0.7786,0.7806
2020-03-02,0.78,0.7849,0.7781,0.7841
2020-02-28,0.7762,0.7858,0.774,0.7803
2020-02-27,0.7749,0.7776,0.7724,0.776
2020-02-26,0.7689,0.7755,0.7686,0.7752
2020-02-25,0.7736,0.7744,0.7681,0.769
2020-02-24,0.7718,0.776,0.7716,0.7734
2020-02-21,0.7764,0.7768,0.7703,0.7716
2020-02-20,0.7739,0.7783,0.7734,0.7763
2020-02-19,0.7693,0.7748,0.7678,0.7739
2020-02-18,0.7691,0.771,0.7663,0.7694
2020-02-17,0.7664,0.7694,0.766,0.7689
2020-02-14,0.7664,0.7692,0.7655,0.7666
2020-02-13,0.7715,0.7726,0.7651,0.7666
2020-02-12,0.772,0.773,0.7697,0.7717
2020-02-11,0.7743,0.7755,0.7711,0.7721
2020-02-10,0.7743,0.7743,0.7743,0.7743
2020-02-07,0.7736,0.7763,0.7717,0.7761
2020-02-06,0.769,0.7739,0.769,0.7735
2020-02-05,0.7673,0.7718,0.7651,0.7691
2020-02-04,0.7695,0.7728,0.7665,0.7674
2020-02-03,0.7572,0.7703,0.7572,0.7693
2020-01-31,0.7638,0.7648,0.757,0.7572
2020-01-30,0.7682,0.7706,0.7628,0.7638
2020-01-29,0.7675,0.7699,0.7674,0.768
2020-01-28,0.7659,0.7707,0.7653,0.7676
2020-01-27,0.7659,0.7659,0.7659,0.7659
2020-01-24,0.762,0.7659,0.7592,0.7649
2020-01-23,0.7609,0.7636,0.7603,0.7618
2020-01-22,0.7663,0.7672,0.7602,0.7609
2020-01-21,0.7686,0.7696,0.7643,0.7663
2020-01-20,0.7682,0.7716,0.7682,0.7686
2020-01-17,0.7645,0.7695,0.7623,0.7695
2020-01-16,0.767,0.7678,0.7643,0.7646
2020-01-15,0.7682,0.77,0.7667,0.767
2020-01-14,0.7698,0.772,0.7672,0.7682
2020-01-13,0.7656,0.7716,0.7656,0.7699
2020-01-10,0.7653,0.7667,0.7636,0.7655
2020-01-09,0.7635,0.7685,0.7619,0.7652
2020-01-08,0.762,0.7645,0.7592,0.7635
2020-01-07,0.7594,0.7636,0.7568,0.7621
2020-01-06,0.7622,0.7655,0.759,0.7594
2020-01-03,0.7609,0.7661,0.7598,0.7645
2020-01-02,0.7545,0.7625,0.7536,0.7612
2020-01-01,0.7545,0.7545,0.7545,0.7545
2019-12-31,0.7628,0.7631,0.7527,0.7541
2019-12-30,0.7645,0.7651,0.7604,0.7627
2019-12-27,0.7696,0.7711,0.7623,0.7645
2019-12-26,0.772,0.7721,0.7682,0.7695
2019-12-25,0.7724,0.7747,0.7686,0.772
2019-12-24,0.7724,0.7724,0.7724,0.7724
2019-12-23,0.7691,0.7749,0.7673,0.7731
2019-12-20,0.7688,0.7704,0.7645,0.7692
2019-12-19,0.7647,0.7698,0.7615,0.7687
2019-12-18,0.7617,0.7657,0.7613,0.7646
2019-12-17,0.75,0.7634,0.7498,0.7615
2019-12-16,0.7498,0.7507,0.745,0.7499
2019-12-13,0.7595,0.7605,0.7398,0.7504
2019-12-12,0.7578,0.7661,0.7559,0.7596
2019-12-11,0.7601,0.763,0.7568,0.7579
2019-12-10,0.7607,0.7615,0.7567,0.7602
2019-12-09,0.7612,0.7616,0.7587,0.761
2019-12-06,0.7601,0.7634,0.7595,0.7612
2019-12-05,0.7631,0.7635,0.7594,0.7599
2019-12-04,0.7696,0.7703,0.7622,0.763
2019-12-03,0.7729,0.7737,0.7685,0.7695
2019-12-02,0.7736,0.7755,0.7722,0.7728
2019-11-29,0.7745,0.7764,0.7723,0.7732
2019-11-28,0.7738,0.7753,0.7721,0.7746
2019-11-27,0.7773,0.7797,0.7737,0.7737
2019-11-26,0.7752,0.779,0.7747,0.7772
2019-11-25,0.7793,0.7793,0.7745,0.7753
2019-11-22,0.7748,0.7799,0.7735,0.7793
2019-11-21,0.7738,0.7757,0.771,0.7746
2019-11-20,0.7736,0.7759,0.7733,0.7738
2019-11-19,0.772,0.7746,0.7709,0.7736
2019-11-18,0.7753,0.7753,0.7701,0.772
2019-11-15,0.7763,0.7772,0.7741,0.775
2019-11-14,0.7781,0.7817,0.7758,0.7764
2019-11-13,0.7784,0.7799,0.7774,0.7781
2019-11-12,0.7779,0.7803,0.7767,0.7786
2019-11-11,0.7827,0.7827,0.7755,0.778
2019-11-08,0.7802,0.7832,0.7797,0.7828
2019-11-07,0.778,0.7816,0.7765,0.7803
2019-11-06,0.7761,0.7786,0.7753,0.7779
2019-11-05,0.7762,0.7784,0.7741,0.7762
2019-11-04,0.7762,0.7762,0.7762,0.7762
2019-11-01,0.7727,0.7751,0.7708,0.7729
2019-10-31,0.7753,0.7756,0.7706,0.7727
2019-10-30,0.777,0.7786,0.7747,0.7752
2019-10-29,0.7777,0.781,0.7749,0.7771
2019-10-28,0.7796,0.7807,0.7766,0.7776
2019-10-25,0.7778,0.7811,0.7775,0.7795
2019-10-24,0.7743,0.782,0.7721,0.7781
2019-10-23,0.7768,0.7788,0.7738,0.7744
2019-10-22,0.7718,0.7776,0.7693,0.7768
2019-10-21,0.7704,0.7768,0.7685,0.7716
2019-10-18,0.7759,0.7789,0.77,0.7708
2019-10-17,0.7794,0.7844,0.7699,0.7758
2019-10-16,0.7821,0.7904,0.7768,0.7795
2019-10-15,0.7931,0.7937,0.7813,0.7822
2019-10-14,0.7906,0.799,0.7906,0.7932
2019-10-11,0.8036,0.8058,0.787,0.7906
2019-10-10,0.8194,0.8194,0.8019,0.8036
2019-10-09,0.8183,0.8222,0.8136,0.8193
2019-10-08,0.8135,0.8201,0.8128,0.8184
2019-10-07,0.8108,0.8139,0.8105,0.8135
2019-10-04,0.811,0.8147,0.8092,0.8108
2019-10-03,0.8131,0.8153,0.8056,0.8111
2019-10-02,0.8127,0.8179,0.8114,0.8131
2019-10-01,0.8136,0.8193,0.8106,0.8125
2019-09-30,0.8136,0.8147,0.81,0.8133
2019-09-27,0.8116,0.8149,0.8103,0.8137
2019-09-26,0.8096,0.8129,0.8077,0.8111
2019-09-25,0.8004,0.81,0.8,0.8097
2019-09-24,0.8045,0.8057,0.7997,0.8004
2019-09-23,0.8015,0.8056,0.8005,0.8043
2019-09-20,0.7985,0.8026,0.7948,0.8013
2019-09-19,0.8018,0.804,0.7961,0.7986
2019-09-18,0.8001,0.8039,0.799,0.8018
2019-09-17,0.8045,0.807,0.7983,0.8
2019-09-16,0.7996,0.8065,0.7995,0.8046
2019-09-13,0.8108,0.8118,0.7996,0.7998
2019-09-12,0.8112,0.8141,0.8085,0.8107
2019-09-11,0.8092,0.8122,0.8083,0.8111
2019-09-10,0.8101,0.8126,0.808,0.8094
2019-09-09,0.8143,0.8175,0.8075,0.81
2019-09-06,0.8109,0.8149,0.81,0.814
2019-09-05,0.8161,0.819,0.8094,0.811
2019-09-04,0.8275,0.8286,0.8157,0.8159
2019-09-03,0.8288,0.8362,0.826,0.8276
2019-09-02,0.8225,0.8308,0.8213,0.8288
2019-08-30,0.821,0.8238,0.818,0.8223
2019-08-29,0.8188,0.8216,0.8175,0.8209
2019-08-28,0.8137,0.8226,0.8134,0.8189
2019-08-27,0.8181,0.8191,0.8123,0.8137
2019-08-26,0.8145,0.8192,0.8138,0.8184
2019-08-23,0.8162,0.82,0.8133,0.8142
2019-08-22,0.8248,0.8259,0.8148,0.8161
2019-08-21,0.8216,0.8256,0.8212,0.8247
2019-08-20,0.8216,0.8216,0.8216,0.8216
2019-08-19,0.823,0.8261,0.8214,0.8245
2019-08-16,0.8276,0.828,0.8213,0.8232
2019-08-15,0.8293,0.8299,0.8231,0.8275
2019-08-14,0.8293,0.8293,0.8293,0.8293
2019-08-13,0.8282,0.8304,0.8265,0.8292
2019-08-12,0.8308,0.8323,0.826,0.8282
2019-08-09,0.8241,0.8317,0.8228,0.8314
2019-08-08,0.8236,0.8268,0.8208,0.8241
2019-08-07,0.8217,0.825,0.8202,0.8236
2019-08-06,0.8235,0.824,0.819,0.8218
2019-08-05,0.8224,0.8264,0.8204,0.8237
2019-08-02,0.8242,0.8271,0.8216,0.8222
2019-08-01,0.8224,0.8282,0.8216,0.8282
2019-07-31,0.8229,0.8241,0.8164,0.8225
2019-07-30,0.8185,0.8252,0.8178,0.823
2019-07-29,0.8077,0.8189,0.8074,0.8185
2019-07-26,0.8026,0.808,0.8026,0.8076
2019-07-25,0.8011,0.8041,0.7988,0.803
2019-07-24,0.8038,0.8047,0.7986,0.8011
2019-07-23,0.8015,0.8053,0.8011,0.8039
2019-07-22,0.7999,0.8029,0.7989,0.8015
2019-07-19,0.7969,0.8015,0.7964,0.7999
2019-07-18,0.8043,0.8049,0.7962,0.7969
2019-07-17,0.8061,0.8076,0.8028,0.8043
2019-07-16,0.799,0.8067,0.7986,0.8059
2019-07-15,0.7954,0.7994,0.7949,0.7989
2019-07-12,0.7987,0.7988,0.7949,0.7955
2019-07-11,0.7998,0.8007,0.7954,0.7986
2019-07-10,0.8022,0.8036,0.7986,0.7998
2019-07-09,0.799,0.8039,0.7984,0.8024
2019-07-08,0.7986,0.8001,0.7974,0.7988
2019-07-05,0.7948,0.8013,0.7944,0.7984
2019-07-04,0.7955,0.7957,0.7941,0.7949
2019-07-03,0.7955,0.7955,0.7955,0.7955
2019-07-02,0.7912,0.7947,0.7904,0.794
2019-07-01,0.7877,0.7916,0.7868,0.7913
2019-06-28,0.7888,0.7897,0.7852,0.7877
2019-06-27,0.7881,0.7898,0.7858,0.7891
2019-06-26,0.7879,0.7898,0.7869,0.7881
2019-06-25,0.7849,0.7892,0.7823,0.7881
2019-06-24,0.7852,0.7869,0.7832,0.7848
2019-06-21,0.7872,0.791,0.7844,0.7847
2019-06-20,0.791,0.7916,0.7857,0.7873
2019-06-19,0.7964,0.7973,0.789,0.791
2019-06-18,0.7979,0.7997,0.7958,0.7962
2019-06-17,0.7943,0.798,0.7933,0.7978
2019-06-14,0.7891,0.795,0.7882,0.7943
2019-06-13,0.7882,0.7897,0.7869,0.789
2019-06-12,0.786,0.7886,0.7837,0.788
2019-06-11,0.7884,0.7893,0.7853,0.7857
2019-06-10,0.7849,0.7903,0.7844,0.7883
2019-06-07,0.7878,0.7881,0.7834,0.7851
2019-06-06,0.7883,0.7894,0.7848,0.7877
2019-06-05,0.7883,0.7883,0.7882,0.7882
2019-06-04,0.7896,0.791,0.7865,0.7874
2019-06-03,0.7918,0.7949,0.7889,0.7896
2019-05-31,0.7931,0.7962,0.7908,0.7915
2019-05-30,0.792,0.7949,0.7911,0.7931
2019-05-29,0.7904,0.793,0.7892,0.7919
2019-05-28,0.7888,0.7906,0.7872,0.7902
2019-05-27,0.7862,0.7895,0.7844,0.7886
2019-05-24,0.7901,0.7907,0.7854,0.7867
2019-05-23,0.7897,0.7934,0.7884,0.7901
2019-05-22,0.7872,0.7921,0.786,0.7898
2019-05-21,0.7859,0.7883,0.7805,0.787
2019-05-20,0.7852,0.7865,0.7838,0.7858
2019-05-17,0.7812,0.7867,0.7807,0.7867
2019-05-16,0.7786,0.782,0.7775,0.7815
2019-05-15,0.7748,0.7797,0.7738,0.7785
2019-05-14,0.7717,0.775,0.7709,0.7748
2019-05-13,0.7688,0.7727,0.7667,0.7717
2019-05-10,0.7687,0.7698,0.7664,0.7692
2019-05-09,0.7689,0.7711,0.7671,0.7686
2019-05-08,0.7649,0.77,0.7644,0.7688
2019-05-07,0.7636,0.7669,0.7615,0.7648
2019-05-06,0.7605,0.7645,0.7592,0.7635
2019-05-03,0.7675,0.7704,0.7588,0.7591
2019-05-02,0.7663,0.7682,0.7644,0.7673
2019-05-01,0.7674,0.7675,0.7631,0.7662
2019-04-30,0.773,0.7737,0.7663,0.7673
2019-04-29,0.7741,0.7749,0.7724,0.7729
2019-04-26,0.7753,0.7764,0.7726,0.7741
2019-04-25,0.775,0.7773,0.7742,0.7751
2019-04-24,0.773,0.7759,0.7714,0.7751
2019-04-23,0.7704,0.7735,0.7681,0.7729
2019-04-22,0.7699,0.7707,0.7693,0.7703
2019-04-19,0.7699,0.7703,0.7687,0.7699
2019-04-18,0.7665,0.7705,0.7661,0.7698
2019-04-17,0.7662,0.7675,0.7652,0.7663
2019-04-16,0.7635,0.7668,0.7627,0.7663
2019-04-15,0.7643,0.7646,0.7622,0.7634
2019-04-12,0.7659,0.7663,0.7614,0.7643
2019-04-11,0.7637,0.7663,0.7628,0.766
2019-04-10,0.7662,0.7666,0.7621,0.7639
2019-04-09,0.7657,0.7675,0.7622,0.766
2019-04-08,0.767,0.7673,0.7648,0.7655
2019-04-05,0.7647,0.77,0.762,0.767
2019-04-04,0.7597,0.7657,0.758,0.7648
2019-04-03,0.7615,0.7621,0.7578,0.7599
2019-04-02,0.7631,0.7684,0.7605,0.7614
2019-04-01,0.7671,0.7688,0.7605,0.7632
2019-03-29,0.7665,0.7705,0.7613,0.7671
2019-03-28,0.7581,0.7672,0.7567,0.7666
2019-03-27,0.7572,0.7595,0.7536,0.7582
2019-03-26,0.7573,0.76,0.754,0.7573
2019-03-25,0.7569,0.7599,0.755,0.7577
2019-03-22,0.7629,0.7645,0.7562,0.7569
2019-03-21,0.7576,0.7689,0.7559,0.7628
2019-03-20,0.7537,0.7606,0.753,0.7577
2019-03-19,0.7545,0.7553,0.7513,0.7536
2019-03-18,0.7524,0.7618,0.7518,0.7544
2019-03-15,0.7553,0.7574,0.7518,0.7524
2019-03-14,0.7496,0.7571,0.7496,0.7552
2019-03-13,0.7649,0.7657,0.7475,0.7498
2019-03-12,0.7604,0.7689,0.7525,0.7648
2019-03-11,0.7684,0.7716,0.7593,0.7603
2019-03-08,0.7639,0.7699,0.7628,0.7684
2019-03-07,0.7594,0.7653,0.7583,0.764
2019-03-06,0.7589,0.7619,0.7586,0.7593
2019-03-05,0.7589,0.7635,0.7576,0.7588
2019-03-04,0.757,0.7596,0.7544,0.7587
2019-03-01,0.7539,0.7593,0.7526,0.757
2019-02-28,0.7515,0.7546,0.7506,0.754
2019-02-27,0.7547,0.7556,0.7491,0.7514
2019-02-26,0.7636,0.7636,0.7525,0.7546
2019-02-25,0.7659,0.7663,0.7625,0.7635
2019-02-22,0.7668,0.7711,0.7646,0.7659
2019-02-21,0.7663,0.7677,0.7636,0.7666
2019-02-20,0.7656,0.7685,0.7629,0.7664
2019-02-19,0.7737,0.7755,0.7649,0.7655
2019-02-18,0.7758,0.7758,0.7728,0.7738
2019-02-15,0.7809,0.7821,0.7753,0.7758
2019-02-14,0.7784,0.783,0.7764,0.7812
2019-02-13,0.7756,0.7786,0.7717,0.7786
2019-02-12,0.7777,0.7793,0.7746,0.7757
2019-02-11,0.7725,0.7785,0.7722,0.7776
2019-02-08,0.772,0.7739,0.7706,0.7725
2019-02-07,0.7732,0.7779,0.7695,0.7721
2019-02-06,0.7724,0.7737,0.7704,0.7733
2019-02-05,0.767,0.7737,0.7662,0.7722
2019-02-04,0.7643,0.7675,0.7632,0.7671
2019-02-01,0.7628,0.7667,0.7625,0.7643
2019-01-31,0.7625,0.7635,0.7598,0.7627
2019-01-30,0.7652,0.766,0.7607,0.7624
2019-01-29,0.7598,0.7659,0.7576,0.7653
2019-01-28,0.7575,0.7612,0.757,0.76
2019-01-25,0.7653,0.7657,0.7566,0.7575
2019-01-24,0.7652,0.7686,0.7636,0.7654
2019-01-23,0.7718,0.7726,0.7645,0.7652
2019-01-22,0.7756,0.7779,0.7706,0.7719
2019-01-21,0.7767,0.7794,0.7745,0.7757
2019-01-18,0.7701,0.7779,0.7695,0.7767
2019-01-17,0.7762,0.7793,0.7691,0.77
2019-01-16,0.7777,0.7797,0.7753,0.7764
2019-01-15,0.7773,0.7893,0.7742,0.7776
2019-01-14,0.7786,0.7801,0.7734,0.7772
2019-01-11,0.7842,0.7868,0.7772,0.7786
2019-01-10,0.782,0.7856,0.7811,0.7843
2019-01-09,0.7863,0.7867,0.7809,0.7819
2019-01-08,0.7826,0.787,0.7815,0.7865
2019-01-07,0.7859,0.7861,0.782,0.7827
2019-01-04,0.7914,0.7926,0.7846,0.7859
2019-01-03,0.7932,0.8048,0.7907,0.7915
2019-01-02,0.7845,0.7948,0.7828,0.7931
2019-01-01,0.7837,0.7873,0.7835,0.7844
2018-12-31,0.7873,0.7887,0.7803,0.7838
2018-12-28,0.7908,0.7915,0.7869,0.7873
2018-12-27,0.7917,0.7926,0.789,0.7909
2018-12-26,0.7887,0.7917,0.7861,0.7916
2018-12-25,0.7862,0.7897,0.7829,0.7888
2018-12-24,0.7915,0.7915,0.7848,0.786
2018-12-21,0.79,0.7926,0.7876,0.7915
2018-12-20,0.793,0.7932,0.787,0.7899
2018-12-19,0.7911,0.7932,0.7886,0.7931
2018-12-18,0.7927,0.7931,0.7871,0.791
2018-12-17,0.7945,0.7953,0.7907,0.7924
2018-12-14,0.79,0.798,0.7889,0.7945
2018-12-13,0.7918,0.7931,0.7882,0.7901
2018-12-12,0.8007,0.8015,0.7892,0.792
2018-12-11,0.796,0.8013,0.7912,0.8008
2018-12-10,0.7854,0.7994,0.7839,0.7961
2018-12-07,0.7822,0.7867,0.7808,0.7854
2018-12-06,0.7852,0.7874,0.7806,0.7823
2018-12-05,0.7863,0.7891,0.7815,0.7853
2018-12-04,0.7858,0.7899,0.7788,0.7856
2018-12-03,0.7842,0.7875,0.7797,0.7859
2018-11-30,0.7818,0.7852,0.7806,0.7842
2018-11-29,0.7797,0.784,0.7781,0.7819
2018-11-28,0.7845,0.7854,0.7783,0.7798
2018-11-27,0.7808,0.7858,0.7793,0.7847
2018-11-26,0.7803,0.7814,0.7774,0.7807
2018-11-23,0.7765,0.7813,0.7762,0.7803
2018-11-22,0.7827,0.7831,0.7736,0.7766
2018-11-21,0.7819,0.7835,0.78,0.7826
2018-11-20,0.778,0.7828,0.7762,0.782
2018-11-19,0.7791,0.7813,0.7762,0.7781
2018-11-16,0.7829,0.7837,0.7765,0.7791
2018-11-15,0.7695,0.7857,0.7674,0.7828
2018-11-14,0.7706,0.7761,0.7649,0.7697
2018-11-13,0.7781,0.7784,0.7665,0.7709
2018-11-12,0.7708,0.7796,0.7708,0.7782
2018-11-09,0.7656,0.7717,0.7645,0.7708
2018-11-08,0.7618,0.7666,0.7604,0.7655
2018-11-07,0.7633,0.7649,0.759,0.7617
2018-11-06,0.7668,0.768,0.7629,0.7632
2018-11-05,0.771,0.7713,0.766,0.7667
2018-11-02,0.7691,0.7721,0.7667,0.771
2018-11-01,0.7833,0.7836,0.7672,0.7689
2018-10-31,0.787,0.7875,0.7794,0.7835
2018-10-30,0.7817,0.7876,0.7804,0.7869
2018-10-29,0.7793,0.7818,0.778,0.7818
2018-10-26,0.7801,0.7827,0.7787,0.7793
2018-10-25,0.7762,0.7813,0.774,0.7802
2018-10-24,0.7703,0.7772,0.7697,0.7763
2018-10-23,0.7713,0.7729,0.7666,0.7702
2018-10-22,0.7654,0.7718,0.7639,0.7712
2018-10-19,0.7682,0.7686,0.7632,0.7654
2018-10-18,0.7625,0.7683,0.7615,0.7681
2018-10-17,0.7586,0.7634,0.7579,0.7624
2018-10-16,0.7603,0.761,0.7554,0.7584
2018-10-15,0.7602,0.7633,0.7586,0.7604
2018-10-12,0.7557,0.7605,0.7542,0.7602
2018-10-11,0.7577,0.7586,0.7549,0.7555
2018-10-10,0.7608,0.7613,0.7566,0.758
2018-10-09,0.7639,0.7673,0.7603,0.7607
2018-10-08,0.7622,0.7676,0.7614,0.7637
2018-10-05,0.7679,0.7691,0.7621,0.7622
2018-10-04,0.7729,0.7739,0.7668,0.768
2018-10-03,0.7703,0.7738,0.7679,0.7728
2018-10-02,0.7666,0.7727,0.7659,0.7704
2018-10-01,0.7675,0.7685,0.7629,0.7667
2018-09-28,0.7646,0.7691,0.7638,0.7675
2018-09-27,0.7596,0.7649,0.7584,0.7647
2018-09-26,0.7585,0.7612,0.7566,0.7595
2018-09-25,0.7623,0.7637,0.7578,0.7584
2018-09-24,0.7644,0.7655,0.7594,0.7622
2018-09-21,0.7536,0.7659,0.7531,0.7644
2018-09-20,0.7611,0.7613,0.752,0.7537
2018-09-19,0.7605,0.7635,0.7568,0.7608
2018-09-18,0.7603,0.7623,0.7592,0.7606
2018-09-17,0.7653,0.7653,0.7595,0.7599
2018-09-14,0.7628,0.766,0.7608,0.7653
2018-09-13,0.7666,0.7677,0.7624,0.7629
2018-09-12,0.7674,0.7704,0.7645,0.7665
2018-09-11,0.7676,0.7712,0.7642,0.7673
2018-09-10,0.7739,0.7754,0.7662,0.7677
2018-09-07,0.7733,0.7747,0.7675,0.7739
2018-09-06,0.7749,0.7753,0.7715,0.7734
2018-09-05,0.7778,0.7821,0.7703,0.7748
2018-09-04,0.7771,0.7806,0.7762,0.7779
2018-09-03,0.7717,0.778,0.7717,0.777
2018-08-31,0.7687,0.7725,0.7675,0.7717
2018-08-30,0.7678,0.7701,0.7667,0.7686
2018-08-29,0.7769,0.7785,0.7673,0.7677
2018-08-28,0.7757,0.7775,0.7732,0.7767
2018-08-27,0.7781,0.7795,0.7751,0.7756
2018-08-24,0.7805,0.7813,0.7763,0.7781
2018-08-23,0.7746,0.781,0.774,0.7803
2018-08-22,0.7752,0.7771,0.773,0.7744
2018-08-21,0.7814,0.7817,0.7736,0.775
2018-08-20,0.7844,0.7856,0.7812,0.7815
2018-08-17,0.7863,0.7876,0.7841,0.7844
2018-08-16,0.7877,0.7883,0.784,0.7866
2018-08-15,0.7861,0.7898,0.7851,0.7876
2018-08-14,0.7832,0.7872,0.7796,0.7862
2018-08-13,0.7829,0.7855,0.7818,0.7835
2018-08-10,0.7798,0.7859,0.7789,0.7829
2018-08-09,0.7763,0.78,0.7745,0.7797
2018-08-08,0.7729,0.778,0.7715,0.7762
2018-08-07,0.7727,0.7737,0.7708,0.7728
2018-08-06,0.7692,0.774,0.7688,0.7726
2018-08-03,0.7683,0.7707,0.7667,0.7692
2018-08-02,0.7617,0.7684,0.7616,0.7682
2018-08-01,0.7618,0.7636,0.7607,0.7618
2018-07-31,0.7614,0.7639,0.7591,0.7619
2018-07-30,0.7631,0.7635,0.7602,0.7615
2018-07-27,0.7629,0.7644,0.7615,0.7631
2018-07-26,0.7582,0.7631,0.7568,0.7628
2018-07-25,0.7608,0.7615,0.7575,0.7583
2018-07-24,0.7632,0.765,0.7599,0.7607
2018-07-23,0.7616,0.7644,0.7599,0.7633
2018-07-20,0.7683,0.7695,0.7611,0.7616
2018-07-19,0.7652,0.7718,0.7643,0.7684
2018-07-18,0.7625,0.7687,0.7619,0.7651
2018-07-17,0.7555,0.7649,0.7536,0.7624
2018-07-16,0.7556,0.7566,0.7522,0.7556
2018-07-13,0.7571,0.7632,0.7553,0.7556
2018-07-12,0.7573,0.7587,0.755,0.7572
2018-07-11,0.7532,0.7576,0.7527,0.7572
2018-07-10,0.7542,0.7562,0.7518,0.7534
2018-07-09,0.7527,0.7579,0.7483,0.7541
2018-07-06,0.7564,0.7574,0.7524,0.7527
2018-07-05,0.7559,0.7574,0.7532,0.7562
2018-07-04,0.758,0.7593,0.7547,0.7558
2018-07-03,0.7607,0.7625,0.7572,0.7579
2018-07-02,0.7573,0.7637,0.7571,0.7609
2018-06-29,0.7647,0.7652,0.7567,0.7573
2018-06-28,0.7625,0.7662,0.762,0.7646
2018-06-27,0.756,0.763,0.7551,0.7626
2018-06-26,0.7531,0.7579,0.7523,0.7563
2018-06-25,0.7539,0.7564,0.7524,0.753
2018-06-22,0.7553,0.7554,0.751,0.7539
2018-06-21,0.7592,0.7633,0.7535,0.7552
2018-06-20,0.7589,0.7606,0.7566,0.7591
2018-06-19,0.7551,0.7605,0.7533,0.759
2018-06-18,0.7529,0.7561,0.7528,0.755
2018-06-15,0.754,0.757,0.752,0.7529
2018-06-14,0.7476,0.7543,0.7436,0.7541
2018-06-13,0.7478,0.7513,0.7468,0.7477
2018-06-12,0.7475,0.7495,0.7448,0.7479
2018-06-11,0.7455,0.7493,0.744,0.7474
2018-06-08,0.7449,0.7488,0.7441,0.7455
2018-06-07,0.7456,0.7478,0.7423,0.745
2018-06-06,0.7465,0.7473,0.7438,0.7455
2018-06-05,0.7511,0.7518,0.7457,0.7466
2018-06-04,0.749,0.7522,0.7438,0.7512
2018-06-01,0.752,0.7545,0.7477,0.749
2018-05-31,0.7525,0.7532,0.7491,0.7521
2018-05-30,0.7548,0.7553,0.7515,0.7529
2018-05-29,0.7511,0.7573,0.7504,0.7549
2018-05-28,0.7518,0.7521,0.7492,0.7513
2018-05-25,0.7473,0.7522,0.7467,0.7518
2018-05-24,0.7493,0.7497,0.745,0.7474
2018-05-23,0.7444,0.7516,0.7438,0.7491
2018-05-22,0.7448,0.7456,0.7412,0.7445
2018-05-21,0.7426,0.7468,0.742,0.745
2018-05-18,0.7399,0.7432,0.7392,0.7426
2018-05-17,0.7415,0.7422,0.7369,0.7398
2018-05-16,0.7407,0.7432,0.7395,0.7414
2018-05-15,0.7377,0.7435,0.7367,0.7405
2018-05-14,0.7385,0.7385,0.7348,0.7376
2018-05-11,0.7396,0.7407,0.7355,0.7385
2018-05-10,0.7383,0.743,0.7342,0.7398
2018-05-09,0.7382,0.7408,0.7349,0.7382
2018-05-08,0.7376,0.7416,0.7357,0.7381
2018-05-07,0.739,0.7399,0.7366,0.7377
2018-05-04,0.7367,0.7415,0.7359,0.739
2018-05-03,0.7365,0.7387,0.7336,0.7366
2018-05-02,0.7345,0.7377,0.7317,0.7368
2018-05-01,0.7264,0.736,0.726,0.7346
2018-04-30,0.7255,0.7292,0.7249,0.7265
2018-04-27,0.7185,0.7273,0.7176,0.7255
2018-04-26,0.7177,0.7197,0.7145,0.7187
2018-04-25,0.7155,0.7183,0.7144,0.7178
2018-04-24,0.7174,0.7186,0.7149,0.7153
2018-04-23,0.7143,0.7181,0.7127,0.7173
2018-04-20,0.7099,0.7145,0.7096,0.7143
2018-04-19,0.7042,0.7107,0.7019,0.71
2018-04-18,0.6999,0.7056,0.6985,0.7041
2018-04-17,0.6973,0.7002,0.6955,0.6998
2018-04-16,0.7025,0.7025,0.6971,0.6974
2018-04-13,0.7028,0.7033,0.6994,0.7025
2018-04-12,0.7054,0.707,0.7018,0.7029
2018-04-11,0.7053,0.7062,0.7031,0.7053
2018-04-10,0.7077,0.7082,0.7048,0.7055
2018-04-09,0.7096,0.7102,0.706,0.7076
2018-04-06,0.7141,0.7152,0.7089,0.7096
2018-04-05,0.7103,0.7161,0.7093,0.7142
2018-04-04,0.7113,0.7136,0.7093,0.7102
2018-04-03,0.7121,0.7132,0.7097,0.7114
2018-04-02,0.7135,0.7135,0.7103,0.712
2018-03-30,0.7134,0.7137,0.7112,0.7135
2018-03-29,0.7105,0.7137,0.7094,0.7132
2018-03-28,0.7063,0.7107,0.7041,0.7104
2018-03-27,0.7027,0.711,0.702,0.7062
2018-03-26,0.7076,0.7076,0.702,0.7028
2018-03-23,0.7095,0.71,0.7056,0.7076
2018-03-22,0.7073,0.7104,0.7036,0.7094
2018-03-21,0.7145,0.7145,0.7066,0.7072
2018-03-20,0.7131,0.7151,0.7109,0.7144
2018-03-19,0.7171,0.7188,0.7098,0.713
2018-03-16,0.7175,0.72,0.7153,0.7171
2018-03-15,0.7163,0.7183,0.7149,0.7176
2018-03-14,0.7163,0.7181,0.7144,0.7162
2018-03-13,0.7192,0.7208,0.7145,0.7162
2018-03-12,0.7221,0.7225,0.7185,0.7191
2018-03-09,0.724,0.7253,0.72,0.7221
2018-03-08,0.7192,0.7256,0.7188,0.7241
2018-03-07,0.7201,0.7223,0.7188,0.7191
2018-03-06,0.722,0.7238,0.7178,0.7202
2018-03-05,0.7246,0.7264,0.7205,0.7221
2018-03-02,0.7259,0.727,0.7237,0.7246
2018-03-01,0.7268,0.7294,0.7255,0.726
2018-02-28,0.719,0.727,0.7186,0.7266
2018-02-27,0.716,0.7216,0.7144,0.7189
2018-02-26,0.7158,0.7179,0.7107,0.7159
2018-02-23,0.7166,0.7191,0.714,0.7158
2018-02-22,0.7184,0.7217,0.7151,0.7165
2018-02-21,0.7146,0.7192,0.7138,0.7185
2018-02-20,0.7143,0.7179,0.713,0.7145
2018-02-19,0.713,0.7164,0.7117,0.7142
2018-02-16,0.7094,0.7145,0.707,0.713
2018-02-15,0.7143,0.7146,0.709,0.7093
2018-02-14,0.7199,0.7246,0.7134,0.7142
2018-02-13,0.7227,0.723,0.7182,0.7198
2018-02-12,0.723,0.7249,0.7207,0.7226
2018-02-09,0.7188,0.7265,0.7149,0.723
2018-02-08,0.7203,0.7223,0.7109,0.7187
2018-02-07,0.7169,0.7221,0.7146,0.7204
2018-02-06,0.7164,0.7227,0.7143,0.7168
2018-02-05,0.7083,0.7166,0.7066,0.7163
2018-02-02,0.7012,0.7092,0.7004,0.7083
2018-02-01,0.7052,0.7062,0.7003,0.7011
2018-01-31,0.7069,0.7081,0.7026,0.7046
2018-01-30,0.7105,0.7153,0.7059,0.7067
2018-01-29,0.7061,0.713,0.7057,0.7106
2018-01-26,0.7069,0.7088,0.7002,0.7061
2018-01-25,0.7023,0.71,0.6971,0.7072
2018-01-24,0.7144,0.7145,0.7015,0.7022
2018-01-23,0.715,0.7186,0.7128,0.7143
2018-01-22,0.722,0.722,0.7147,0.7149
2018-01-19,0.7197,0.7226,0.7171,0.722
2018-01-18,0.7231,0.7244,0.7187,0.7198
2018-01-17,0.7251,0.727,0.7173,0.7229
2018-01-16,0.7252,0.7277,0.7243,0.7252
2018-01-15,0.7284,0.7284,0.7236,0.7251
2018-01-12,0.7385,0.7389,0.7275,0.7284
2018-01-11,0.7403,0.7431,0.7377,0.7386
2018-01-10,0.7385,0.7417,0.7373,0.7404
2018-01-09,0.7369,0.7404,0.7362,0.7386
2018-01-08,0.7371,0.7394,0.736,0.737
2018-01-05,0.7381,0.7395,0.7362,0.7371
2018-01-04,0.7399,0.7405,0.7374,0.738
2018-01-03,0.7358,0.7409,0.7345,0.7398
2018-01-02,0.7402,0.7407,0.7352,0.7359
2018-01-01,0.74,0.7423,0.7397,0.7403
2017-12-29,0.7439,0.7447,0.7385,0.74
2017-12-28,0.7463,0.7466,0.7431,0.744
2017-12-27,0.7477,0.7481,0.7445,0.7462
2017-12-26,0.7481,0.7492,0.7468,0.7478
2017-12-25,0.7482,0.7484,0.7465,0.748
2017-12-22,0.747,0.7492,0.7464,0.7482
2017-12-21,0.7477,0.75,0.7469,0.7471
2017-12-20,0.7471,0.7479,0.7451,0.7476
2017-12-19,0.7473,0.7501,0.7462,0.747
2017-12-18,0.7504,0.7514,0.7452,0.7472
2017-12-15,0.7445,0.7517,0.7436,0.7504
2017-12-14,0.7451,0.7481,0.743,0.7446
2017-12-13,0.7508,0.7512,0.745,0.7452
2017-12-12,0.7496,0.7517,0.7474,0.7509
2017-12-11,0.747,0.7502,0.7446,0.7498
2017-12-08,0.7422,0.7488,0.7396,0.747
2017-12-07,0.7467,0.7507,0.7415,0.7421
2017-12-06,0.7439,0.7486,0.7436,0.7468
2017-12-05,0.7419,0.7478,0.7417,0.7438
2017-12-04,0.7425,0.7452,0.7386,0.7418
2017-12-01,0.7393,0.7436,0.7379,0.7425
2017-11-30,0.7459,0.7459,0.7381,0.7392
2017-11-29,0.7497,0.7497,0.7436,0.7458
2017-11-28,0.7509,0.7564,0.747,0.7495
2017-11-27,0.75,0.7514,0.7472,0.7508
2017-11-24,0.7514,0.7531,0.7484,0.75
2017-11-23,0.7506,0.7528,0.7497,0.7513
2017-11-22,0.7553,0.7568,0.7501,0.7505
2017-11-21,0.7557,0.757,0.7537,0.7554
2017-11-20,0.7565,0.7584,0.7532,0.7556
2017-11-17,0.7579,0.7593,0.7541,0.7565
2017-11-16,0.7592,0.7613,0.7571,0.758
2017-11-15,0.7595,0.7616,0.7569,0.7593
2017-11-14,0.7625,0.7648,0.7583,0.7596
2017-11-13,0.7612,0.7656,0.7612,0.7623
2017-11-10,0.7625,0.7642,0.7603,0.7612
2017-11-09,0.7625,0.7642,0.7603,0.7612
2017-11-08,0.7596,0.7642,0.7589,0.7624
2017-11-07,0.7592,0.7628,0.7588,0.7595
2017-11-06,0.7648,0.7658,0.7589,0.7593
2017-11-03,0.7659,0.7669,0.7616,0.7648
2017-11-02,0.755,0.7667,0.7519,0.7658
2017-11-01,0.7529,0.7554,0.7507,0.7549
2017-10-31,0.7571,0.7581,0.7525,0.7528
2017-10-30,0.7617,0.7618,0.7566,0.7572
2017-10-27,0.7598,0.7651,0.7597,0.7617
2017-10-26,0.754,0.7607,0.753,0.7599
2017-10-25,0.7613,0.7628,0.7535,0.7539
2017-10-24,0.7576,0.7626,0.7559,0.7614
2017-10-23,0.7583,0.76,0.756,0.7577
2017-10-20,0.7599,0.7641,0.7575,0.7583
2017-10-19,0.7573,0.7613,0.7559,0.7598
2017-10-18,0.7581,0.761,0.7571,0.7572
2017-10-17,0.7546,0.7602,0.7526,0.7582
2017-10-16,0.7527,0.7561,0.7512,0.7545
2017-10-13,0.7538,0.7548,0.7498,0.7527
2017-10-12,0.7562,0.7621,0.7524,0.7539
2017-10-11,0.7574,0.7592,0.7555,0.7561
2017-10-10,0.761,0.7615,0.7561,0.7573
2017-10-09,0.7651,0.7651,0.7584,0.7609
2017-10-06,0.7623,0.7677,0.762,0.7651
2017-10-05,0.755,0.763,0.7548,0.7624
2017-10-04,0.7555,0.7556,0.7524,0.7549
2017-10-03,0.7531,0.7563,0.7526,0.7554
2017-10-02,0.7465,0.7544,0.7465,0.7532
2017-09-29,0.7439,0.7491,0.7438,0.7465
2017-09-28,0.7471,0.7494,0.7431,0.744
2017-09-27,0.7429,0.7484,0.7428,0.747
2017-09-26,0.7424,0.7458,0.74,0.743
2017-09-25,0.7408,0.7445,0.7369,0.7425
2017-09-22,0.7363,0.7435,0.7354,0.7408
2017-09-21,0.7412,0.7424,0.736,0.7364
2017-09-20,0.7406,0.7434,0.7321,0.7411
2017-09-19,0.741,0.7424,0.7378,0.7401
2017-09-18,0.7357,0.7426,0.7343,0.7411
2017-09-15,0.7463,0.7473,0.7344,0.7357
2017-09-14,0.7569,0.7597,0.746,0.7464
2017-09-13,0.7526,0.7583,0.7502,0.757
2017-09-12,0.7597,0.7599,0.752,0.7527
2017-09-11,0.7577,0.7599,0.7562,0.7598
2017-09-08,0.7632,0.7638,0.7561,0.7577
2017-09-07,0.7667,0.7673,0.7624,0.7633
2017-09-06,0.7672,0.7682,0.7643,0.7668
2017-09-05,0.7733,0.7746,0.7666,0.7673
2017-09-04,0.7721,0.7744,0.7712,0.7732
2017-09-01,0.7734,0.7749,0.7694,0.7721
2017-08-31,0.7736,0.7781,0.773,0.7733
2017-08-30,0.7739,0.7765,0.7728,0.7737
2017-08-29,0.7731,0.7743,0.7705,0.774
2017-08-28,0.7763,0.7768,0.7725,0.7732
2017-08-25,0.7811,0.7817,0.7758,0.7763
2017-08-24,0.7813,0.7829,0.7789,0.7812
2017-08-23,0.7799,0.7825,0.7791,0.7812
2017-08-22,0.7753,0.7806,0.7746,0.7798
2017-08-21,0.7769,0.7783,0.7742,0.7752
2017-08-18,0.777,0.7793,0.7742,0.7769
2017-08-17,0.7758,0.7781,0.7746,0.7771
2017-08-16,0.7771,0.7787,0.775,0.7757
2017-08-15,0.7715,0.7785,0.7709,0.777
2017-08-14,0.7687,0.7718,0.7679,0.7714
2017-08-11,0.7707,0.7728,0.7675,0.7687
2017-08-10,0.7689,0.7721,0.7682,0.7706
2017-08-09,0.7697,0.7712,0.7676,0.769
2017-08-08,0.7673,0.7721,0.766,0.7696
2017-08-07,0.767,0.7684,0.7657,0.7672
2017-08-04,0.7611,0.7679,0.7595,0.767
2017-08-03,0.7563,0.7626,0.754,0.7612
2017-08-02,0.7574,0.7581,0.7547,0.7562
2017-08-01,0.7567,0.7582,0.755,0.7573
2017-07-31,0.7613,0.7635,0.7562,0.7566
2017-07-28,0.7653,0.7657,0.7603,0.7613
2017-07-27,0.762,0.7663,0.76,0.7654
2017-07-26,0.7677,0.7691,0.7619,0.7621
2017-07-25,0.7675,0.7687,0.7642,0.7678
2017-07-24,0.7693,0.7699,0.7661,0.7676
2017-07-21,0.7707,0.772,0.768,0.7693
2017-07-20,0.7679,0.7732,0.7672,0.7708
2017-07-19,0.7669,0.7686,0.7661,0.7678
2017-07-18,0.766,0.7689,0.7619,0.7668
2017-07-17,0.7634,0.7665,0.7626,0.7659
2017-07-14,0.7729,0.7732,0.7625,0.7634
2017-07-13,0.7762,0.7764,0.772,0.7728
2017-07-12,0.7784,0.7806,0.7748,0.7761
2017-07-11,0.7763,0.7794,0.7736,0.7783
2017-07-10,0.7759,0.7778,0.7746,0.7764
2017-07-07,0.771,0.7773,0.7706,0.7759
2017-07-06,0.7732,0.774,0.7705,0.7709
2017-07-05,0.7738,0.7756,0.7723,0.7731
2017-07-04,0.7728,0.7745,0.7716,0.7739
2017-07-03,0.7681,0.7733,0.7679,0.7727
2017-06-30,0.7691,0.7725,0.7674,0.7681
2017-06-29,0.7737,0.7738,0.7685,0.7688
2017-06-28,0.7803,0.7816,0.7709,0.7736
2017-06-27,0.7857,0.7864,0.7775,0.7804
2017-06-26,0.7845,0.787,0.7837,0.786
2017-06-23,0.7885,0.789,0.7847,0.7863
2017-06-22,0.7892,0.7903,0.7879,0.7884
2017-06-21,0.7918,0.7944,0.7868,0.7891
2017-06-20,0.7852,0.7933,0.7838,0.7919
2017-06-19,0.7824,0.7859,0.7804,0.7851
2017-06-16,0.784,0.7843,0.7809,0.7824
2017-06-15,0.7842,0.788,0.7815,0.7839
2017-06-14,0.7841,0.7859,0.7801,0.7843
2017-06-13,0.7899,0.7911,0.7838,0.784
2017-06-12,0.7848,0.7912,0.7831,0.79
2017-06-09,0.7719,0.7914,0.7716,0.7848
2017-06-08,0.7715,0.7748,0.7705,0.7718
2017-06-07,0.7744,0.776,0.7712,0.7716
2017-06-06,0.7745,0.7769,0.7722,0.7745
2017-06-05,0.776,0.7775,0.7728,0.7744
2017-06-02,0.7764,0.7785,0.775,0.776
2017-06-01,0.7759,0.7795,0.7743,0.7763
2017-05-31,0.7776,0.7831,0.774,0.7758
2017-05-30,0.7788,0.7816,0.7759,0.7777
2017-05-29,0.781,0.781,0.7781,0.7789
2017-05-26,0.7725,0.7827,0.7723,0.781
2017-05-25,0.7708,0.7733,0.7684,0.7726
2017-05-24,0.7715,0.7736,0.7692,0.7707
2017-05-23,0.7692,0.7721,0.7673,0.7716
2017-05-22,0.7671,0.7714,0.7667,0.7693
2017-05-19,0.7728,0.7736,0.7668,0.7671
2017-05-18,0.7709,0.7756,0.7664,0.7727
2017-05-17,0.7742,0.7749,0.7698,0.771
2017-05-16,0.7753,0.7772,0.7718,0.7741
2017-05-15,0.7758,0.7764,0.7727,0.7754
2017-05-12,0.7759,0.7785,0.7751,0.7758
2017-05-11,0.7729,0.7782,0.7722,0.776
2017-05-10,0.7732,0.7736,0.7699,0.773
2017-05-09,0.7729,0.775,0.7716,0.7731
2017-05-08,0.7704,0.7735,0.7701,0.7728
2017-05-05,0.7738,0.7752,0.7701,0.7704
2017-05-04,0.7773,0.7793,0.7733,0.7737
2017-05-03,0.7729,0.7773,0.7722,0.7772
2017-05-02,0.7762,0.7774,0.7727,0.773
2017-05-01,0.7722,0.7763,0.7722,0.776
2017-04-28,0.7749,0.7759,0.7712,0.7722
2017-04-27,0.7784,0.7789,0.7743,0.775
2017-04-26,0.7787,0.781,0.7774,0.7783
2017-04-25,0.7815,0.7828,0.7784,0.7788
2017-04-24,0.7806,0.7829,0.7792,0.7814
2017-04-21,0.7805,0.7837,0.7791,0.7806
2017-04-20,0.7825,0.783,0.7784,0.7804
2017-04-19,0.7788,0.7831,0.7775,0.7826
2017-04-18,0.7958,0.799,0.7752,0.7787
2017-04-17,0.7986,0.7986,0.7938,0.7959
2017-04-14,0.7999,0.8,0.7977,0.7986
2017-04-13,0.7976,0.8,0.7952,0.7998
2017-04-12,0.8006,0.8013,0.7968,0.7975
2017-04-11,0.8054,0.8063,0.8003,0.8005
2017-04-10,0.8076,0.8087,0.8045,0.8055
2017-04-07,0.802,0.8087,0.8014,0.8082
2017-04-06,0.8011,0.8031,0.7996,0.8019
2017-04-05,0.8039,0.805,0.8,0.801
2017-04-04,0.801,0.8053,0.8003,0.8038
2017-04-03,0.7969,0.8022,0.7965,0.8009
2017-03-31,0.802,0.8042,0.7963,0.7969
2017-03-30,0.8043,0.8063,0.7984,0.8019
2017-03-29,0.8032,0.8079,0.8015,0.8042
2017-03-28,0.7964,0.8038,0.7939,0.8031
2017-03-27,0.8018,0.8018,0.7926,0.7963
2017-03-24,0.7989,0.802,0.7986,0.8018
2017-03-23,0.8018,0.8024,0.7983,0.799
2017-03-22,0.8013,0.8044,0.7996,0.8019
2017-03-21,0.8094,0.8103,0.8004,0.8012
2017-03-20,0.8074,0.8107,0.8041,0.8093
2017-03-17,0.8089,0.8115,0.8062,0.8074
2017-03-16,0.8135,0.8169,0.8079,0.809
2017-03-15,0.8228,0.8233,0.8125,0.8136
2017-03-14,0.8192,0.8257,0.818,0.8227
2017-03-13,0.822,0.8227,0.8162,0.8182
2017-03-10,0.8219,0.8238,0.8204,0.822
2017-03-09,0.8217,0.8238,0.82,0.822
2017-03-08,0.8196,0.8238,0.8186,0.8216
2017-03-07,0.8168,0.8217,0.8162,0.8195
2017-03-06,0.8123,0.8181,0.8123,0.8173
2017-03-03,0.8153,0.8187,0.8123,0.8123
2017-03-02,0.8135,0.8168,0.8126,0.8152
2017-03-01,0.8077,0.8144,0.8061,0.8134
2017-02-28,0.8038,0.8081,0.8018,0.8078
2017-02-27,0.8025,0.8075,0.8013,0.8036
2017-02-24,0.7964,0.8034,0.7955,0.8025
2017-02-23,0.8033,0.8047,0.7961,0.7965
2017-02-22,0.8017,0.8049,0.7994,0.8034
2017-02-21,0.8024,0.8064,0.8011,0.8018
2017-02-20,0.8057,0.8059,0.8011,0.8023
2017-02-17,0.8007,0.8072,0.7992,0.8057
2017-02-16,0.8029,0.8031,0.7985,0.8009
2017-02-15,0.802,0.8075,0.8012,0.8024
2017-02-14,0.799,0.8035,0.7969,0.8021
2017-02-13,0.8008,0.8012,0.7974,0.7983
2017-02-10,0.8002,0.8039,0.7986,0.8008
2017-02-09,0.7974,0.8006,0.7947,0.8003
2017-02-08,0.7998,0.8048,0.7968,0.7973
2017-02-07,0.8017,0.8099,0.797,0.7994
2017-02-06,0.8009,0.8047,0.8,0.8019
2017-02-03,0.7981,0.8026,0.7975,0.8009
2017-02-02,0.79,0.7989,0.787,0.7982
2017-02-01,0.795,0.7972,0.7886,0.7901
2017-01-31,0.8009,0.8057,0.7938,0.7949
2017-01-30,0.7969,0.8021,0.7936,0.801
2017-01-27,0.7938,0.7989,0.7932,0.7969
2017-01-26,0.7917,0.7964,0.789,0.794
2017-01-25,0.7987,0.8006,0.7912,0.7916
2017-01-24,0.7977,0.8052,0.7971,0.7986
2017-01-23,0.8081,0.8081,0.7975,0.7976
2017-01-20,0.8101,0.8156,0.8076,0.8081
2017-01-19,0.8156,0.8161,0.8102,0.8102
2017-01-18,0.8055,0.8161,0.8054,0.8157
2017-01-17,0.8301,0.8321,0.8054,0.8056
2017-01-16,0.821,0.8342,0.821,0.83
2017-01-13,0.8221,0.825,0.8174,0.821
2017-01-12,0.8189,0.8229,0.8119,0.8222
2017-01-11,0.8214,0.8305,0.8151,0.8188
2017-01-10,0.8223,0.8259,0.8205,0.8213
2017-01-09,0.814,0.8248,0.814,0.8222
2017-01-06,0.8053,0.8156,0.8044,0.814
2017-01-05,0.8115,0.815,0.8043,0.8052
2017-01-04,0.8171,0.8183,0.8095,0.8116
2017-01-03,0.8145,0.8197,0.8124,0.8172
2017-01-02,0.8099,0.8148,0.8093,0.8144
2016-12-30,0.8152,0.8166,0.8073,0.8099
2016-12-29,0.8179,0.819,0.8134,0.8154
2016-12-28,0.8149,0.8197,0.8132,0.818
2016-12-27,0.8141,0.8171,0.8137,0.815
2016-12-26,0.814,0.8155,0.8128,0.814
2016-12-23,0.8141,0.8178,0.8131,0.814
2016-12-22,0.8096,0.8145,0.8078,0.814
2016-12-21,0.8084,0.8114,0.807,0.8095
2016-12-20,0.8068,0.8121,0.8058,0.8085
2016-12-19,0.801,0.8094,0.7998,0.8069
2016-12-16,0.8054,0.8076,0.7994,0.801
2016-12-15,0.7959,0.808,0.7957,0.8052
2016-12-14,0.7899,0.798,0.7857,0.7961
2016-12-13,0.7889,0.7903,0.7856,0.79
2016-12-12,0.7952,0.7958,0.7873,0.7888
2016-12-09,0.7991,0.7991,0.7923,0.7952
2016-12-08,0.792,0.7969,0.787,0.7946
2016-12-07,0.7887,0.7956,0.7884,0.7919
2016-12-06,0.7854,0.79,0.7828,0.7888
2016-12-05,0.7856,0.7896,0.7846,0.7855
2016-12-02,0.7942,0.7956,0.785,0.7856
2016-12-01,0.7996,0.7997,0.7876,0.7943
2016-11-30,0.8004,0.8052,0.7986,0.7995
2016-11-29,0.8057,0.8072,0.7983,0.8005
2016-11-28,0.8014,0.8074,0.798,0.8054
2016-11-25,0.8031,0.8054,0.8008,0.8014
2016-11-24,0.8038,0.8063,0.8002,0.803
2016-11-23,0.8051,0.809,0.802,0.8037
2016-11-22,0.8004,0.8075,0.7992,0.805
2016-11-21,0.8072,0.8122,0.7993,0.8003
2016-11-18,0.8061,0.8128,0.804,0.8072
2016-11-17,0.8037,0.8059,0.7997,0.8054
2016-11-16,0.8014,0.8058,0.7999,0.8036
2016-11-15,0.8006,0.8077,0.7984,0.8031
2016-11-14,0.7936,0.8036,0.7936,0.8007
2016-11-11,0.7968,0.7984,0.789,0.7936
2016-11-10,0.8061,0.8079,0.7946,0.7967
2016-11-09,0.8072,0.8093,0.7969,0.806
2016-11-08,0.8066,0.809,0.8038,0.8077
2016-11-07,0.7988,0.8078,0.7988,0.8067
2016-11-04,0.8025,0.8033,0.7964,0.7988
2016-11-03,0.8128,0.8133,0.8004,0.8024
2016-11-02,0.8169,0.8183,0.8096,0.8127
2016-11-01,0.8167,0.8192,0.8143,0.8168
2016-10-31,0.8203,0.8233,0.8164,0.8168
2016-10-28,0.8215,0.8255,0.8188,0.8203
2016-10-27,0.8165,0.8231,0.8149,0.8222
2016-10-26,0.8204,0.8225,0.8163,0.8166
2016-10-25,0.817,0.8276,0.8168,0.8205
2016-10-24,0.8177,0.8207,0.8164,0.8172
2016-10-21,0.8159,0.8216,0.8156,0.8177
2016-10-20,0.8138,0.819,0.813,0.8161
2016-10-19,0.8132,0.816,0.8109,0.8139
2016-10-18,0.8209,0.8211,0.8114,0.8131
2016-10-17,0.8205,0.8239,0.8195,0.8208
2016-10-14,0.8161,0.8218,0.8155,0.8205
2016-10-13,0.8191,0.8242,0.8149,0.8162
2016-10-12,0.8249,0.826,0.8113,0.819
2016-10-11,0.809,0.8271,0.8081,0.8248
2016-10-10,0.8041,0.81,0.8036,0.8088
2016-10-07,0.7928,0.8542,0.7922,0.8041
2016-10-06,0.7843,0.7935,0.7839,0.7927
2016-10-05,0.7856,0.7883,0.783,0.7844
2016-10-04,0.7788,0.7862,0.7775,0.7857
2016-10-03,0.7707,0.7802,0.7707,0.7787
2016-09-30,0.7711,0.773,0.7679,0.7707
2016-09-29,0.768,0.772,0.7658,0.7712
2016-09-28,0.7679,0.7704,0.7674,0.7681
2016-09-27,0.7708,0.773,0.7676,0.7678
2016-09-26,0.7712,0.7742,0.7699,0.7707
2016-09-23,0.7649,0.7743,0.7639,0.7712
2016-09-22,0.7675,0.7678,0.7623,0.7646
2016-09-21,0.7699,0.7724,0.7665,0.7674
2016-09-20,0.7674,0.7724,0.7654,0.77
2016-09-19,0.7692,0.7692,0.7638,0.7675
2016-09-16,0.7553,0.7694,0.7548,0.7692
2016-09-15,0.7556,0.7587,0.7531,0.7554
2016-09-14,0.758,0.7612,0.7551,0.7555
2016-09-13,0.7498,0.7595,0.7495,0.7581
2016-09-12,0.7537,0.7556,0.7492,0.7499
2016-09-09,0.7521,0.7553,0.7498,0.7537
2016-09-08,0.7497,0.7528,0.7476,0.7522
2016-09-07,0.744,0.7508,0.7439,0.7496
2016-09-06,0.7517,0.7521,0.7438,0.7439
2016-09-05,0.7522,0.7525,0.7476,0.7516
2016-09-02,0.7536,0.7546,0.7489,0.7522
2016-09-01,0.7613,0.7618,0.7509,0.7538
2016-08-31,0.7644,0.7654,0.76,0.7612
2016-08-30,0.763,0.7657,0.7621,0.7645
2016-08-29,0.7612,0.7658,0.76,0.7631
2016-08-26,0.7582,0.762,0.753,0.7612
2016-08-25,0.7558,0.7594,0.7539,0.7581
2016-08-24,0.7577,0.7598,0.7534,0.7557
2016-08-23,0.7612,0.7617,0.7569,0.7578
2016-08-22,0.7648,0.7673,0.76,0.7611
2016-08-19,0.7598,0.7679,0.7584,0.7648
2016-08-18,0.7667,0.7671,0.7591,0.7597
2016-08-17,0.7664,0.7705,0.7642,0.7668
2016-08-16,0.7761,0.7766,0.7661,0.7666
2016-08-15,0.7741,0.7772,0.7725,0.7763
2016-08-12,0.7718,0.775,0.7672,0.7741
2016-08-11,0.7687,0.7731,0.7675,0.7719
2016-08-10,0.7691,0.7698,0.7636,0.7688
2016-08-09,0.7668,0.7719,0.7663,0.769
2016-08-08,0.7651,0.7677,0.7635,0.7667
2016-08-05,0.7629,0.7679,0.7589,0.7651
2016-08-04,0.7504,0.7633,0.7493,0.7628
2016-08-03,0.7487,0.7528,0.7478,0.7505
2016-08-02,0.7587,0.7592,0.7482,0.7486
2016-08-01,0.7559,0.7598,0.7534,0.7588
2016-07-29,0.7596,0.7604,0.7518,0.7559
2016-07-28,0.7562,0.7623,0.7548,0.7598
2016-07-27,0.7617,0.7649,0.7555,0.7561
2016-07-26,0.761,0.7658,0.7589,0.7615
2016-07-25,0.7628,0.7637,0.7596,0.7611
2016-07-22,0.7558,0.7646,0.7525,0.7628
2016-07-21,0.757,0.7601,0.7536,0.7561
2016-07-20,0.7629,0.7655,0.7561,0.7569
2016-07-19,0.7543,0.7648,0.7532,0.7628
2016-07-18,0.7584,0.7584,0.751,0.7544
2016-07-15,0.7495,0.7613,0.7418,0.7584
2016-07-14,0.7608,0.7631,0.7422,0.7494
2016-07-13,0.755,0.7614,0.75,0.7607
2016-07-12,0.7693,0.7707,0.7521,0.7549
2016-07-11,0.7721,0.7782,0.7682,0.7691
2016-07-08,0.7748,0.7765,0.7684,0.7721
2016-07-07,0.7731,0.7766,0.7664,0.7747
2016-07-06,0.7679,0.7813,0.7675,0.7734
2016-07-05,0.7524,0.7692,0.7523,0.7677
2016-07-04,0.7533,0.7552,0.7499,0.7526
2016-07-01,0.7511,0.7548,0.749,0.7533
2016-06-30,0.7441,0.7572,0.741,0.7512
2016-06-29,0.7493,0.7526,0.739,0.7444
2016-06-28,0.7563,0.7574,0.7452,0.7494
2016-06-27,0.7313,0.7616,0.7313,0.7562
2016-06-24,0.6723,0.7559,0.6658,0.7313
2016-06-23,0.6799,0.6799,0.6689,0.6724
2016-06-22,0.6828,0.6831,0.6769,0.68
2016-06-21,0.6809,0.6842,0.6765,0.683
2016-06-20,0.6964,0.6964,0.6794,0.6807
2016-06-17,0.7042,0.7045,0.695,0.6964
2016-06-16,0.7039,0.7137,0.7015,0.7041
2016-06-15,0.7084,0.7095,0.7033,0.704
2016-06-14,0.7009,0.7097,0.7008,0.7085
2016-06-13,0.7015,0.7084,0.6985,0.7008
2016-06-10,0.6916,0.7053,0.6909,0.7015
2016-06-09,0.6896,0.6922,0.6883,0.6917
2016-06-08,0.6874,0.6897,0.6849,0.6895
2016-06-07,0.6924,0.6926,0.6823,0.6875
2016-06-06,0.6889,0.6967,0.6889,0.6923
2016-06-03,0.6931,0.6946,0.6857,0.6889
2016-06-02,0.6938,0.6942,0.6909,0.6933
2016-06-01,0.6907,0.6951,0.6893,0.6936
2016-05-31,0.6831,0.6913,0.6791,0.6905
2016-05-30,0.6839,0.6856,0.6829,0.6832
2016-05-27,0.6817,0.6848,0.6807,0.6839
2016-05-26,0.6803,0.6831,0.6785,0.6818
2016-05-25,0.6831,0.6849,0.6788,0.6805
2016-05-24,0.6903,0.691,0.6829,0.6833
2016-05-23,0.6897,0.6925,0.6873,0.6904
2016-05-20,0.6845,0.6904,0.6843,0.6897
2016-05-19,0.685,0.6867,0.6819,0.6844
2016-05-18,0.6914,0.6944,0.6832,0.6851
2016-05-17,0.6944,0.6946,0.6885,0.6915
2016-05-16,0.6961,0.6978,0.6937,0.6943
2016-05-13,0.6919,0.6974,0.6917,0.6961
2016-05-12,0.692,0.6942,0.6882,0.692
2016-05-11,0.6925,0.6948,0.6902,0.6922
2016-05-10,0.6941,0.695,0.6908,0.6923
2016-05-09,0.6932,0.6957,0.6906,0.6942
2016-05-06,0.6904,0.6938,0.6877,0.6932
2016-05-05,0.69,0.6924,0.6882,0.6903
2016-05-04,0.6878,0.6915,0.6862,0.6898
2016-05-03,0.6814,0.6882,0.677,0.688
2016-05-02,0.6843,0.685,0.6804,0.6815
2016-04-29,0.6846,0.686,0.6816,0.6843
2016-04-28,0.6877,0.6886,0.6838,0.6844
2016-04-27,0.6859,0.6909,0.684,0.6875
2016-04-26,0.6906,0.6907,0.6831,0.6857
2016-04-25,0.6944,0.6944,0.6887,0.6905
2016-04-22,0.6981,0.6987,0.692,0.6944
2016-04-21,0.6978,0.6993,0.6925,0.6982
2016-04-20,0.6947,0.6979,0.6939,0.6976
2016-04-19,0.7004,0.7008,0.6935,0.6945
2016-04-18,0.704,0.7077,0.6999,0.7003
2016-04-15,0.7066,0.7076,0.7021,0.704
2016-04-14,0.7039,0.7098,0.7037,0.7063
2016-04-13,0.7006,0.7046,0.7002,0.704
2016-04-12,0.7023,0.7044,0.697,0.7005
2016-04-11,0.7081,0.7089,0.7,0.7024
2016-04-08,0.7113,0.7122,0.7072,0.7081
2016-04-07,0.7081,0.7119,0.7063,0.7114
2016-04-06,0.7061,0.714,0.7056,0.708
2016-04-05,0.7011,0.7081,0.7002,0.7062
2016-04-04,0.7027,0.7047,0.6982,0.7012
2016-04-01,0.6961,0.7057,0.6957,0.7027
2016-03-31,0.6955,0.6981,0.6933,0.6963
2016-03-30,0.6952,0.6964,0.6915,0.6954
2016-03-29,0.7013,0.7045,0.6942,0.6951
2016-03-28,0.7075,0.7083,0.7001,0.7015
2016-03-25,0.7065,0.7088,0.7062,0.7075
2016-03-24,0.7084,0.7114,0.705,0.7066
2016-03-23,0.7038,0.7101,0.7028,0.7083
2016-03-22,0.6959,0.7046,0.6945,0.7037
2016-03-21,0.6909,0.6962,0.6909,0.696
2016-03-18,0.6904,0.6939,0.6889,0.6909
2016-03-17,0.7013,0.7032,0.6894,0.6905
2016-03-16,0.7066,0.7116,0.7005,0.7011
2016-03-15,0.6992,0.7073,0.6989,0.7067
2016-03-14,0.6953,0.6997,0.6949,0.6991
2016-03-11,0.7004,0.7016,0.6926,0.6953
2016-03-10,0.7039,0.7083,0.6984,0.7002
2016-03-09,0.7036,0.7054,0.7021,0.7033
2016-03-08,0.7036,0.7037,0.7032,0.7034
2016-03-07,0.7026,0.7075,0.7001,0.701
2016-03-04,0.7054,0.7088,0.7019,0.7026
2016-03-03,0.7102,0.7126,0.7045,0.7054
2016-03-02,0.7167,0.7187,0.7095,0.7103
2016-03-01,0.7186,0.7192,0.7133,0.7168
2016-02-29,0.7208,0.7228,0.717,0.7185
2016-02-26,0.7161,0.7218,0.7121,0.7208
2016-02-25,0.718,0.9542,0.7144,0.7162
2016-02-24,0.7132,0.7205,0.7129,0.718
2016-02-23,0.7067,0.7139,0.7064,0.7132
2016-02-22,0.6942,0.7112,0.6942,0.7067
2016-02-19,0.6974,0.7019,0.6939,0.6942
2016-02-18,0.6995,0.7013,0.6947,0.6974
2016-02-17,0.6991,0.7025,0.6974,0.6996
2016-02-16,0.6929,0.7003,0.6888,0.699
2016-02-15,0.6895,0.6938,0.6879,0.6927
2016-02-12,0.6908,0.6924,0.6863,0.6895
2016-02-11,0.6887,0.6953,0.6866,0.6907
2016-02-10,0.691,0.6921,0.6859,0.6886
2016-02-09,0.693,0.6955,0.6889,0.691
2016-02-08,0.6896,0.6967,0.6874,0.6929
2016-02-05,0.6854,0.6919,0.6854,0.6896
2016-02-04,0.6848,0.6882,0.6818,0.6854
2016-02-03,0.6941,0.6952,0.6826,0.6848
2016-02-02,0.6929,0.698,0.6922,0.694
2016-02-01,0.702,0.7025,0.6923,0.693
2016-01-29,0.6963,0.7067,0.6938,0.702
2016-01-28,0.7025,0.7026,0.6941,0.6963
2016-01-27,0.6969,0.7027,0.6966,0.7026
2016-01-26,0.7019,0.7055,0.696,0.6968
2016-01-25,0.701,0.7031,0.6988,0.7018
2016-01-22,0.7031,0.704,0.6962,0.701
2016-01-21,0.7046,0.7102,0.7018,0.7031
2016-01-20,0.7063,0.7081,0.7033,0.7047
2016-01-19,0.702,0.7077,0.6974,0.7063
2016-01-18,0.7014,0.7024,0.6982,0.7021
2016-01-15,0.6938,0.7017,0.6931,0.7014
2016-01-14,0.6942,0.6964,0.6922,0.6939
2016-01-13,0.6921,0.6953,0.6908,0.6941
2016-01-12,0.6876,0.6968,0.687,0.6922
2016-01-11,0.6888,0.6891,0.6847,0.6876
2016-01-08,0.6841,0.6893,0.6828,0.6888
2016-01-07,0.6835,0.6881,0.683,0.6841
2016-01-06,0.6814,0.6848,0.6811,0.6835
2016-01-05,0.6796,0.6832,0.679,0.6814
2016-01-04,0.6768,0.6819,0.6749,0.6795
2016-01-01,0.6786,0.6786,0.6767,0.6768
2015-12-31,0.6749,0.6791,0.6736,0.6786
2015-12-30,0.6749,0.6759,0.6734,0.6749
2015-12-29,0.672,0.6763,0.6705,0.6749
2015-12-28,0.6743,0.6743,0.6697,0.6721
2015-12-25,0.6707,0.6743,0.6686,0.6743
2015-12-24,0.6724,0.6728,0.6691,0.6706
2015-12-23,0.6745,0.6749,0.6711,0.6725
2015-12-22,0.6718,0.6754,0.6708,0.6744
2015-12-21,0.6713,0.6721,0.6698,0.6719
2015-12-18,0.6711,0.6718,0.6689,0.6713
2015-12-17,0.6665,0.6727,0.6665,0.671
2015-12-16,0.665,0.6683,0.6623,0.6665
2015-12-15,0.6604,0.6654,0.6585,0.6649
2015-12-14,0.657,0.6619,0.657,0.6604
2015-12-11,0.6596,0.6612,0.6562,0.657
2015-12-10,0.6588,0.6617,0.6578,0.6596
2015-12-09,0.6662,0.6665,0.6583,0.6587
2015-12-08,0.6643,0.6686,0.6639,0.6663
2015-12-07,0.6618,0.6647,0.6615,0.6642
2015-12-04,0.6603,0.6632,0.6598,0.6618
2015-12-03,0.6688,0.6709,0.6596,0.6603
2015-12-02,0.663,0.6712,0.663,0.6689
2015-12-01,0.6641,0.6644,0.6611,0.663
2015-11-30,0.6652,0.6669,0.6636,0.6642
2015-11-27,0.6622,0.6653,0.6619,0.6652
2015-11-26,0.6611,0.6637,0.6609,0.6622
2015-11-25,0.663,0.6642,0.6607,0.661
2015-11-24,0.6612,0.6643,0.6598,0.6629
2015-11-23,0.6582,0.6619,0.6582,0.6612
2015-11-20,0.6539,0.6587,0.6531,0.6582
2015-11-19,0.6563,0.6567,0.652,0.654
2015-11-18,0.6573,0.6584,0.6558,0.6563
2015-11-17,0.6578,0.6598,0.6563,0.6573
2015-11-16,0.6563,0.6587,0.6563,0.6578
2015-11-13,0.6565,0.6584,0.6551,0.6563
2015-11-12,0.6573,0.659,0.6559,0.6564
2015-11-11,0.6614,0.6616,0.6569,0.6574
2015-11-10,0.6616,0.6626,0.6602,0.6614
2015-11-09,0.6645,0.6645,0.661,0.6616
2015-11-06,0.6576,0.6655,0.657,0.6645
2015-11-05,0.65,0.6577,0.6493,0.6575
2015-11-04,0.6485,0.651,0.6475,0.6499
2015-11-03,0.6486,0.651,0.6474,0.6484
2015-11-02,0.6482,0.6491,0.6453,0.6486
2015-10-30,0.6532,0.6533,0.6465,0.6482
2015-10-29,0.6552,0.656,0.6526,0.6531
2015-10-28,0.6536,0.6558,0.6516,0.6552
2015-10-27,0.6514,0.6544,0.651,0.6536
2015-10-26,0.653,0.6531,0.6501,0.6513
2015-10-23,0.6496,0.6534,0.6485,0.653
2015-10-22,0.6486,0.6507,0.6449,0.6496
2015-10-21,0.6475,0.6488,0.6461,0.6485
2015-10-20,0.6467,0.6478,0.6449,0.6475
2015-10-19,0.6477,0.6482,0.6453,0.6466
2015-10-16,0.6467,0.6481,0.6457,0.6477
2015-10-15,0.6461,0.6487,0.6448,0.6468
2015-10-14,0.6559,0.6559,0.6453,0.6461
2015-10-13,0.6516,0.6579,0.6499,0.6558
2015-10-12,0.6523,0.653,0.6504,0.6516
2015-10-09,0.6516,0.6536,0.65,0.6523
2015-10-08,0.6528,0.6552,0.6505,0.6516
2015-10-07,0.6567,0.6569,0.6519,0.6528
2015-10-06,0.6603,0.6605,0.656,0.6567
2015-10-05,0.6588,0.6606,0.656,0.6602
2015-10-02,0.6609,0.661,0.6562,0.6588
2015-10-01,0.661,0.6619,0.6588,0.6609
2015-09-30,0.66,0.6619,0.6573,0.661
2015-09-29,0.659,0.661,0.6577,0.6601
2015-09-28,0.6587,0.6598,0.6561,0.6591
2015-09-25,0.6561,0.6606,0.6553,0.6587
2015-09-24,0.6559,0.6579,0.6541,0.656
2015-09-23,0.6507,0.657,0.6507,0.656
2015-09-22,0.6448,0.6518,0.6439,0.6508
2015-09-21,0.6439,0.6459,0.6423,0.6449
2015-09-18,0.6414,0.6445,0.6386,0.6438
2015-09-17,0.6454,0.6457,0.6399,0.6415
2015-09-16,0.6517,0.6523,0.644,0.6455
2015-09-15,0.6482,0.6524,0.6469,0.6518
2015-09-14,0.6481,0.6505,0.6464,0.6482
2015-09-11,0.6474,0.6493,0.6467,0.6481
2015-09-10,0.6507,0.6519,0.6462,0.6475
2015-09-09,0.6495,0.6515,0.6491,0.6507
2015-09-08,0.6547,0.6549,0.6488,0.6496
2015-09-07,0.6592,0.6592,0.6541,0.6547
2015-09-04,0.6555,0.6594,0.6546,0.6592
2015-09-03,0.6536,0.6571,0.653,0.6554
2015-09-02,0.6534,0.6551,0.6524,0.6536
2015-09-01,0.6517,0.6536,0.649,0.6534
2015-08-31,0.6497,0.6519,0.6478,0.6517
2015-08-28,0.6492,0.6521,0.6475,0.6497
2015-08-27,0.6466,0.6506,0.6447,0.6493
2015-08-26,0.6374,0.6471,0.6361,0.6467
2015-08-25,0.6339,0.6377,0.6322,0.6375
2015-08-24,0.6373,0.6398,0.6335,0.6338
2015-08-21,0.6374,0.6387,0.636,0.6373
2015-08-20,0.6378,0.6407,0.6369,0.6373
2015-08-19,0.6385,0.6396,0.6369,0.6378
2015-08-18,0.6415,0.6425,0.6362,0.6386
2015-08-17,0.6393,0.6419,0.6374,0.6416
2015-08-14,0.6405,0.6415,0.6385,0.6393
2015-08-13,0.6405,0.6421,0.6395,0.6406
2015-08-12,0.6421,0.6437,0.6385,0.6405
2015-08-11,0.6413,0.6429,0.6403,0.6422
2015-08-10,0.6454,0.647,0.6407,0.6414
2015-08-07,0.6447,0.6483,0.6432,0.6454
2015-08-06,0.6409,0.6465,0.6395,0.6447
2015-08-05,0.6425,0.6441,0.639,0.6409
2015-08-04,0.6416,0.6428,0.6396,0.6425
2015-08-03,0.6401,0.6425,0.6391,0.6416
2015-07-31,0.6409,0.6431,0.6378,0.6401
2015-07-30,0.6409,0.6426,0.6393,0.641
2015-07-29,0.6405,0.6415,0.6373,0.6409
2015-07-28,0.6427,0.644,0.6399,0.6406
2015-07-27,0.6447,0.6455,0.6412,0.6427
2015-07-24,0.6445,0.6465,0.644,0.6447
2015-07-23,0.6406,0.6451,0.6381,0.6446
2015-07-22,0.6428,0.643,0.6392,0.6405
2015-07-21,0.6425,0.644,0.6414,0.6428
2015-07-20,0.6408,0.6436,0.6399,0.6425
2015-07-17,0.6406,0.6428,0.6381,0.6408
2015-07-16,0.6395,0.6427,0.6389,0.6406
2015-07-15,0.6395,0.642,0.6379,0.6394
2015-07-14,0.6457,0.6472,0.6394,0.6396
2015-07-13,0.6445,0.646,0.6414,0.6457
2015-07-10,0.6502,0.6509,0.6431,0.6445
2015-07-09,0.651,0.6517,0.6485,0.6502
2015-07-08,0.6467,0.6523,0.6465,0.651
2015-07-07,0.6408,0.6488,0.6407,0.6467
2015-07-06,0.6422,0.6438,0.6399,0.6409
2015-07-03,0.6406,0.6426,0.6392,0.6422
2015-07-02,0.6403,0.6425,0.6395,0.6407
2015-07-01,0.6365,0.6413,0.6355,0.6403
2015-06-30,0.6354,0.6373,0.6339,0.6366
2015-06-29,0.635,0.6376,0.6334,0.6354
2015-06-26,0.635,0.6366,0.6343,0.635
2015-06-25,0.6367,0.6379,0.6341,0.6351
2015-06-24,0.6357,0.6383,0.6328,0.6367
2015-06-23,0.632,0.6366,0.6317,0.6358
2015-06-22,0.6296,0.6327,0.6285,0.6319
2015-06-19,0.6297,0.6315,0.629,0.6296
2015-06-18,0.6317,0.6326,0.6277,0.6297
2015-06-17,0.639,0.64,0.631,0.6316
2015-06-16,0.641,0.6434,0.6388,0.6391
2015-06-15,0.6426,0.6457,0.6405,0.6409
2015-06-12,0.6444,0.6465,0.6411,0.6426
2015-06-11,0.6439,0.6484,0.6437,0.6445
2015-06-10,0.65,0.6507,0.643,0.6439
2015-06-09,0.6515,0.6554,0.6498,0.6499
2015-06-08,0.6549,0.657,0.6509,0.6515
2015-06-05,0.651,0.6583,0.6506,0.6549
2015-06-04,0.6519,0.6534,0.6476,0.6508
2015-06-03,0.6517,0.6556,0.6504,0.6519
2015-06-02,0.6579,0.6588,0.6507,0.6518
2015-06-01,0.654,0.6592,0.6534,0.6579
2015-05-29,0.653,0.6563,0.6518,0.654
2015-05-28,0.6512,0.6553,0.65,0.653
2015-05-27,0.65,0.6535,0.6478,0.6513
2015-05-26,0.6465,0.6513,0.6462,0.6501
2015-05-25,0.6456,0.647,0.6448,0.6464
2015-05-22,0.6385,0.6468,0.6373,0.6456
2015-05-21,0.6437,0.6441,0.6369,0.6385
2015-05-20,0.6446,0.6463,0.6415,0.6436
2015-05-19,0.6389,0.6474,0.6381,0.6448
2015-05-18,0.6359,0.6395,0.6354,0.6389
2015-05-15,0.6339,0.6369,0.6326,0.6359
2015-05-14,0.6352,0.6358,0.6324,0.6339
2015-05-13,0.6382,0.6397,0.6342,0.6351
2015-05-12,0.6416,0.6428,0.6366,0.6381
2015-05-11,0.6474,0.6496,0.6404,0.6415
2015-05-08,0.656,0.656,0.6442,0.6504
2015-05-07,0.6558,0.6594,0.6546,0.6557
2015-05-06,0.6587,0.66,0.6541,0.6559
2015-05-05,0.6613,0.6627,0.6571,0.6586
2015-05-04,0.6604,0.6627,0.6589,0.6614
2015-05-01,0.6514,0.6615,0.6495,0.6604
2015-04-30,0.6477,0.6534,0.6454,0.6514
2015-04-29,0.6519,0.6524,0.6452,0.6477
2015-04-28,0.6562,0.6589,0.6517,0.6519
2015-04-27,0.6584,0.6619,0.6552,0.6562
2015-04-24,0.6641,0.6654,0.6583,0.6584
2015-04-23,0.665,0.6684,0.6635,0.6642
2015-04-22,0.6699,0.6705,0.6631,0.665
2015-04-21,0.6708,0.6731,0.6678,0.6699
2015-04-20,0.6683,0.6716,0.6673,0.6708
2015-04-17,0.6696,0.6704,0.6643,0.6683
2015-04-16,0.6737,0.6751,0.6679,0.6695
2015-04-15,0.6765,0.6802,0.6732,0.6737
2015-04-14,0.6814,0.6847,0.6756,0.6765
2015-04-13,0.6834,0.6865,0.681,0.6814
2015-04-10,0.6796,0.6855,0.6791,0.6834
2015-04-09,0.6726,0.681,0.6717,0.6797
2015-04-08,0.6753,0.6753,0.6678,0.6726
2015-04-07,0.6721,0.6755,0.6702,0.6753
2015-04-06,0.6703,0.6724,0.6674,0.672
2015-04-03,0.6743,0.6752,0.6691,0.6703
2015-04-02,0.6746,0.6767,0.6726,0.6744
2015-04-01,0.6749,0.6784,0.6724,0.6746
2015-03-31,0.6752,0.6777,0.6724,0.6748
2015-03-30,0.672,0.6778,0.6718,0.6751
2015-03-27,0.6733,0.6758,0.6702,0.672
2015-03-26,0.672,0.6753,0.6669,0.6734
2015-03-25,0.6733,0.6742,0.6687,0.6719
2015-03-24,0.6687,0.6737,0.6673,0.6733
2015-03-23,0.6687,0.6739,0.6678,0.6687
2015-03-20,0.6779,0.6792,0.6671,0.6687
2015-03-19,0.6676,0.6807,0.6666,0.6778
2015-03-18,0.678,0.6833,0.6603,0.6676
2015-03-17,0.6742,0.6791,0.6736,0.678
2015-03-16,0.6783,0.6783,0.6732,0.6743
2015-03-13,0.6718,0.6802,0.6712,0.6783
2015-03-12,0.6698,0.6733,0.6655,0.6719
2015-03-11,0.6635,0.6713,0.6623,0.6697
2015-03-10,0.661,0.6653,0.6609,0.6636
2015-03-09,0.665,0.665,0.6606,0.661
2015-03-06,0.6561,0.6653,0.6555,0.665
2015-03-05,0.655,0.6572,0.6549,0.6561
2015-03-04,0.6509,0.6556,0.6505,0.6551
2015-03-03,0.6508,0.6517,0.6494,0.651
2015-03-02,0.6479,0.6514,0.6479,0.6509
2015-02-27,0.649,0.65,0.6469,0.6479
2015-02-26,0.644,0.6496,0.6429,0.6491
2015-02-25,0.647,0.6474,0.6435,0.6439
2015-02-24,0.6469,0.6492,0.6462,0.6471
2015-02-23,0.6494,0.6522,0.6462,0.647
2015-02-20,0.6487,0.6517,0.6479,0.6494
2015-02-19,0.6478,0.6491,0.6465,0.6487
2015-02-18,0.6514,0.6518,0.646,0.6478
2015-02-17,0.6509,0.6529,0.6492,0.6513
2015-02-16,0.6495,0.6519,0.6476,0.6509
2015-02-13,0.65,0.6506,0.6484,0.6495
2015-02-12,0.6562,0.6574,0.6487,0.65
2015-02-11,0.6555,0.6571,0.6535,0.6562
2015-02-10,0.6573,0.658,0.6547,0.6555
2015-02-09,0.656,0.6578,0.6549,0.6572
2015-02-06,0.6523,0.6574,0.6513,0.656
2015-02-05,0.6587,0.6593,0.6517,0.6524
2015-02-04,0.6594,0.6605,0.6557,0.6586
2015-02-03,0.6649,0.6671,0.658,0.6593
2015-02-02,0.6639,0.6664,0.6627,0.665
2015-01-30,0.6636,0.6671,0.6624,0.6639
2015-01-29,0.6606,0.6657,0.6595,0.6637
2015-01-28,0.658,0.6608,0.6571,0.6605
2015-01-27,0.6633,0.664,0.6568,0.658
2015-01-26,0.667,0.667,0.6621,0.6632
2015-01-23,0.6662,0.6688,0.6651,0.667
2015-01-22,0.6604,0.6678,0.6574,0.6661
2015-01-21,0.6603,0.663,0.6587,0.6604
2015-01-20,0.6616,0.664,0.6579,0.6603
2015-01-19,0.66,0.6619,0.6588,0.6616
2015-01-16,0.6587,0.6633,0.6564,0.66
2015-01-15,0.6564,0.66,0.6551,0.6586
2015-01-14,0.6596,0.6603,0.6549,0.6564
2015-01-13,0.6591,0.6632,0.6582,0.6596
2015-01-12,0.6597,0.6623,0.6584,0.6591
2015-01-09,0.6628,0.6632,0.6589,0.6597
2015-01-08,0.6617,0.6651,0.6614,0.6627
2015-01-07,0.66,0.6641,0.6598,0.6617
2015-01-06,0.6558,0.6604,0.6546,0.66
2015-01-05,0.6524,0.6577,0.6524,0.6558
2015-01-02,0.6419,0.6524,0.6419,0.6524
2015-01-01,0.6419,0.642,0.6414,0.6419
2014-12-31,0.6425,0.6431,0.6401,0.6419
2014-12-30,0.6445,0.6451,0.6421,0.6426
2014-12-29,0.6427,0.6448,0.6415,0.6444
2014-12-26,0.6428,0.6436,0.6422,0.6427
2014-12-25,0.6427,0.6437,0.642,0.6427
2014-12-24,0.6443,0.645,0.6424,0.6427
2014-12-23,0.6414,0.6457,0.6406,0.6443
2014-12-22,0.64,0.6421,0.6383,0.6414
2014-12-19,0.6381,0.6408,0.6376,0.64
2014-12-18,0.642,0.6431,0.6379,0.6381
2014-12-17,0.6349,0.6432,0.6348,0.642
2014-12-16,0.6395,0.6404,0.6335,0.6349
2014-12-15,0.6363,0.6409,0.635,0.6395
2014-12-12,0.6356,0.6371,0.635,0.6363
2014-12-11,0.6363,0.6388,0.6346,0.6357
2014-12-10,0.6383,0.6391,0.6361,0.6364
2014-12-09,0.6388,0.6399,0.6362,0.6382
2014-12-08,0.6417,0.6434,0.6377,0.6389
2014-12-05,0.6379,0.6423,0.6371,0.6417
2014-12-04,0.6375,0.6392,0.6359,0.638
2014-12-03,0.6395,0.6402,0.6362,0.6375
2014-12-02,0.6357,0.6397,0.6353,0.6395
2014-12-01,0.6392,0.6411,0.6344,0.6357
2014-11-28,0.6355,0.6404,0.6353,0.6392
2014-11-27,0.6332,0.6363,0.6319,0.6355
2014-11-26,0.6366,0.6378,0.6327,0.6332
2014-11-25,0.6367,0.639,0.6355,0.6366
2014-11-24,0.6387,0.6399,0.6363,0.6367
2014-11-21,0.6372,0.6399,0.6363,0.6387
2014-11-20,0.6377,0.6397,0.6355,0.6372
2014-11-19,0.6397,0.6414,0.6361,0.6377
2014-11-18,0.6393,0.6398,0.6378,0.6397
2014-11-17,0.6382,0.6402,0.6355,0.6393
2014-11-14,0.6152,0.6413,0.6152,0.6382
2014-11-13,0.6152,0.6371,0.6152,0.6152
2014-11-12,0.6152,0.6338,0.6152,0.6152
2014-11-11,0.6152,0.6314,0.6152,0.6152
2014-11-10,0.63,0.6312,0.6152,0.6152
2014-11-07,0.6152,0.6331,0.6152,0.63
2014-11-06,0.6152,0.6319,0.6152,0.6152
2014-11-05,0.6152,0.6299,0.6152,0.6152
2014-11-04,0.6152,0.6262,0.6152,0.6152
2014-11-03,0.6251,0.6277,0.6152,0.6152
2014-10-31,0.6271,0.6272,0.6246,0.6251
2014-10-30,0.6152,0.6271,0.614,0.6271
2014-10-29,0.6152,0.6248,0.6152,0.6152
2014-10-28,0.6227,0.6227,0.6152,0.6152
2014-10-27,0.6215,0.6227,0.614,0.6227
2014-10-24,0.6152,0.6242,0.6152,0.6215
2014-10-23,0.6152,0.6251,0.6152,0.6152
2014-10-22,0.6152,0.6244,0.6152,0.6152
2014-10-21,0.6152,0.6207,0.6152,0.6152
2014-10-20,0.6214,0.6218,0.6152,0.6152
2014-10-17,0.6242,0.6242,0.6202,0.6214
2014-10-16,0.6152,0.6242,0.614,0.6242
2014-10-15,0.6152,0.6297,0.6152,0.6152
2014-10-14,0.6152,0.6289,0.6152,0.6152
2014-10-13,0.622,0.6229,0.6152,0.6152
2014-10-10,0.6152,0.6245,0.6152,0.622
2014-10-09,0.6152,0.6208,0.6152,0.6152
2014-10-08,0.6152,0.6236,0.6152,0.6152
2014-10-07,0.6152,0.6239,0.6152,0.6152
2014-10-06,0.6263,0.6264,0.6152,0.6152
2014-10-03,0.6152,0.6267,0.6152,0.6263
2014-10-02,0.6152,0.6205,0.6152,0.6152
2014-10-01,0.6152,0.6186,0.6152,0.6152
2014-09-30,0.6152,0.6184,0.6141,0.6152
2014-09-29,0.6155,0.6166,0.6145,0.6152
2014-09-26,0.6152,0.6157,0.6123,0.6155
2014-09-25,0.6152,0.6152,0.612,0.6152
2014-09-24,0.6152,0.6152,0.6093,0.6152
2014-09-23,0.6152,0.6152,0.6092,0.6152
2014-09-22,0.614,0.6152,0.611,0.6152
2014-09-19,0.6152,0.6152,0.6052,0.614
2014-09-18,0.6152,0.6154,0.6095,0.6152
2014-09-17,0.6152,0.6153,0.6114,0.6152
2014-09-16,0.6152,0.6186,0.6132,0.6152
2014-09-15,0.6148,0.6164,0.6147,0.6152
2014-09-12,0.6152,0.6152,0.6148,0.6148
2014-09-11,0.617,0.617,0.6151,0.6152
2014-09-10,0.6209,0.6209,0.617,0.617
2014-09-09,0.6209,0.6209,0.6209,0.6209
2014-09-08,0.6125,0.6209,0.6125,0.6209
2014-09-05,0.6123,0.6125,0.6123,0.6125
2014-09-04,0.6075,0.6123,0.6075,0.6123
2014-09-03,0.6072,0.6075,0.6072,0.6075
2014-09-02,0.6021,0.6072,0.6021,0.6072
2014-09-01,0.6025,0.6025,0.6021,0.6021
2014-08-29,0.6029,0.6029,0.6025,0.6025
2014-08-28,0.6032,0.6032,0.6029,0.6029
2014-08-27,0.6045,0.6045,0.6032,0.6032
2014-08-26,0.6032,0.6045,0.6032,0.6045
2014-08-25,0.6034,0.6034,0.6032,0.6032
2014-08-22,0.6031,0.6034,0.6031,0.6034
2014-08-21,0.6026,0.6031,0.6026,0.6031
2014-08-20,0.6017,0.6026,0.6017,0.6026
2014-08-19,0.5977,0.6017,0.5977,0.6017
2014-08-18,0.5991,0.5991,0.5977,0.5977
2014-08-15,0.5993,0.5993,0.5991,0.5991
2014-08-14,0.5992,0.5993,0.5992,0.5993
2014-08-13,0.5948,0.5992,0.5948,0.5992
2014-08-12,0.5957,0.5957,0.5948,0.5948
2014-08-11,0.5961,0.5961,0.5957,0.5957
2014-08-08,0.5941,0.5961,0.5941,0.5961
2014-08-07,0.5934,0.5941,0.5934,0.5941
2014-08-06,0.5922,0.5934,0.5922,0.5934
2014-08-05,0.593,0.593,0.5922,0.5922
2014-08-04,0.5944,0.5944,0.593,0.593
2014-08-01,0.5923,0.5944,0.5923,0.5944
2014-07-31,0.5912,0.5923,0.5912,0.5923
2014-07-30,0.5902,0.5912,0.5902,0.5912
2014-07-29,0.5888,0.5902,0.5888,0.5902
2014-07-28,0.589,0.589,0.5888,0.5888
2014-07-25,0.5887,0.589,0.5887,0.589
2014-07-24,0.5867,0.5887,0.5867,0.5887
2014-07-23,0.586,0.5867,0.586,0.5867
2014-07-22,0.5856,0.586,0.5856,0.586
2014-07-21,0.5853,0.5856,0.5853,0.5856
2014-07-18,0.5847,0.5853,0.5847,0.5853
2014-07-17,0.5835,0.5847,0.5835,0.5847
2014-07-16,0.5833,0.5835,0.5833,0.5835
2014-07-15,0.5853,0.5853,0.5833,0.5833
2014-07-14,0.5843,0.5853,0.5843,0.5853
2014-07-11,0.5837,0.5843,0.5837,0.5843
2014-07-10,0.5828,0.5837,0.5828,0.5837
2014-07-09,0.5837,0.5837,0.5828,0.5828
2014-07-08,0.5838,0.5838,0.5837,0.5837
2014-07-07,0.5827,0.5838,0.5827,0.5838
2014-07-04,0.5829,0.5829,0.5827,0.5827
2014-07-03,0.5826,0.5829,0.5826,0.5829
2014-07-02,0.583,0.583,0.5826,0.5826
2014-07-01,0.5846,0.5846,0.583,0.583
2014-06-30,0.587,0.587,0.5846,0.5846
2014-06-27,0.5873,0.5873,0.587,0.587
2014-06-26,0.5888,0.5888,0.5873,0.5873
2014-06-25,0.5887,0.5888,0.5887,0.5888
2014-06-24,0.5873,0.5887,0.5873,0.5887
2014-06-23,0.5878,0.5878,0.5873,0.5873
2014-06-20,0.5869,0.5878,0.5869,0.5878
2014-06-19,0.5884,0.5884,0.5869,0.5869
2014-06-18,0.5895,0.5895,0.5884,0.5884
2014-06-17,0.5888,0.5895,0.5888,0.5895
2014-06-16,0.5894,0.5894,0.5888,0.5888
2014-06-13,0.5908,0.5908,0.5894,0.5894
2014-06-12,0.5957,0.5957,0.5908,0.5908
2014-06-11,0.5967,0.5967,0.5957,0.5957
2014-06-10,0.5951,0.5967,0.5951,0.5967
2014-06-09,0.5951,0.5951,0.5951,0.5951
2014-06-06,0.5945,0.5951,0.5945,0.5951
2014-06-05,0.5974,0.5974,0.5945,0.5945
2014-06-04,0.597,0.5974,0.597,0.5974
2014-06-03,0.5971,0.5971,0.597,0.597
2014-06-02,0.5968,0.5971,0.5968,0.5971
2014-05-30,0.5982,0.5982,0.5968,0.5968
2014-05-29,0.5984,0.5984,0.5982,0.5982
2014-05-28,0.5949,0.5984,0.5949,0.5984
2014-05-27,0.5937,0.5949,0.5937,0.5949
2014-05-26,0.5941,0.5941,0.5937,0.5937
2014-05-23,0.5927,0.5941,0.5927,0.5941
2014-05-22,0.5917,0.5927,0.5917,0.5927
2014-05-21,0.5938,0.5938,0.5917,0.5917
2014-05-20,0.5948,0.5948,0.5938,0.5938
2014-05-19,0.5948,0.5948,0.5948,0.5948
2014-05-16,0.5955,0.5955,0.5948,0.5948
2014-05-15,0.5964,0.5964,0.5955,0.5955
2014-05-14,0.5943,0.5964,0.5943,0.5964
2014-05-13,0.5928,0.5943,0.5928,0.5943
2014-05-12,0.5934,0.5934,0.5928,0.5928
2014-05-09,0.5905,0.5934,0.5905,0.5934
2014-05-08,0.5898,0.5905,0.5898,0.5905
2014-05-07,0.5891,0.5898,0.5891,0.5898
2014-05-06,0.5929,0.5929,0.5891,0.5891
2014-05-05,0.5926,0.5929,0.5926,0.5929
2014-05-02,0.5919,0.5926,0.5919,0.5926
2014-05-01,0.5926,0.5926,0.5919,0.5919
