Date,Inflation,M1SL,SharePrice,Ccc
2014-05-01,2.1,2785.3,19976.539063,0.5919
2014-05-02,2.1,2785.3,19965.980469,0.5926
2014-05-05,2.1,2785.3,19996.660156,0.5929
2014-05-06,2.1,2785.3,19796.970703,0.5891
2014-05-07,2.1,2785.3,19884.230469,0.5898
2014-05-08,2.1,2785.3,19823.810547,0.5905
2014-05-09,2.1,2785.3,19867.210938,0.5934
2014-05-12,2.1,2785.3,20097.800781,0.5928
2014-05-13,2.1,2785.3,20079.529297,0.5943
2014-05-14,2.1,2785.3,19966.910156,0.5964
2014-05-15,2.1,2785.3,19789.380859,0.5955
2014-05-16,2.1,2785.3,19863.960938,0.5948
2014-05-19,2.1,2785.3,19954.380859,0.5948
2014-05-20,2.1,2785.3,19805.740234,0.5938
2014-05-21,2.1,2785.3,19957.349609,0.5917
2014-05-22,2.1,2785.3,20024.769531,0.5927
2014-05-23,2.1,2785.3,20123.5,0.5941
2014-05-27,2.1,2785.3,20258.820313,0.5949
2014-05-28,2.1,2785.3,20229.910156,0.5984
2014-05-29,2.1,2785.3,20332.990234,0.5982
2014-05-30,2.1,2785.3,20348.349609,0.5968
2014-06-02,2.1,2817.2,20361.029297,0.5971
2014-06-03,2.1,2817.2,20347.550781,0.597
2014-06-04,2.1,2817.2,20399.689453,0.5974
2014-06-05,2.1,2817.2,20557.519531,0.5945
2014-06-06,2.1,2817.2,20661.859375,0.5951
2014-06-09,2.1,2817.2,20697.599609,0.5951
2014-06-10,2.1,2817.2,20686.140625,0.5967
2014-06-11,2.1,2817.2,20612.230469,0.5957
2014-06-12,2.1,2817.2,20469.859375,0.5908
2014-06-13,2.1,2817.2,20532.980469,0.5894
2014-06-16,2.1,2817.2,20555.810547,0.5888
2014-06-17,2.1,2817.2,20621.470703,0.5895
2014-06-18,2.1,2817.2,20767.839844,0.5884
2014-06-19,2.1,2817.2,20796.490234,0.5869
2014-06-20,2.1,2817.2,20834.759766,0.5878
2014-06-23,2.1,2817.2,20837.519531,0.5873
2014-06-24,2.1,2817.2,20743.929688,0.5887
2014-06-25,2.1,2817.2,20810.019531,0.5888
2014-06-26,2.1,2817.2,20789.380859,0.5873
2014-06-27,2.1,2817.2,20846.0,0.587
2014-06-30,2.1,2817.2,20862.740234,0.5846
2014-07-01,2.0,2837.3,21008.859375,0.583
2014-07-02,2.0,2837.3,20997.109375,0.5826
2014-07-03,2.0,2837.3,21107.539063,0.5829
2014-07-04,2.0,2837.3,,0.5827
2014-07-07,2.0,2837.3,20979.359375,0.5838
2014-07-08,2.0,2837.3,20808.689453,0.5837
2014-07-09,2.0,2837.3,20903.699219,0.5828
2014-07-10,2.0,2837.3,20805.669922,0.5837
2014-07-11,2.0,2837.3,20828.859375,0.5843
2014-07-14,2.0,2837.3,20927.259766,0.5853
2014-07-15,2.0,2837.3,20865.849609,0.5833
2014-07-16,2.0,2837.3,20934.199219,0.5835
2014-07-17,2.0,2837.3,20687.689453,0.5847
2014-07-18,2.0,2837.3,20912.560547,0.5853
2014-07-21,2.0,2837.3,20861.570313,0.5856
2014-07-22,2.0,2837.3,20972.800781,0.586
2014-07-23,2.0,2837.3,21010.599609,0.5867
2014-07-24,2.0,2837.3,21021.060547,0.5887
2014-07-25,2.0,2837.3,20907.169922,0.589
2014-07-28,2.0,2837.3,20895.050781,0.5888
2014-07-29,2.0,2837.3,20816.359375,0.5902
2014-07-30,2.0,2837.3,20830.539063,0.5912
2014-07-31,2.0,2837.3,20410.810547,0.5923
2014-08-01,1.7,2787.0,20346.009766,0.5944
2014-08-04,1.7,2787.0,20501.199219,0.593
2014-08-05,1.7,2787.0,20320.470703,0.5922
2014-08-06,1.7,2787.0,20319.410156,0.5934
2014-08-07,1.7,2787.0,20216.380859,0.5941
2014-08-08,1.7,2787.0,20436.160156,0.5961
2014-08-11,1.7,2787.0,20527.130859,0.5957
2014-08-12,1.7,2787.0,20476.169922,0.5948
2014-08-13,1.7,2787.0,20617.509766,0.5992
2014-08-14,1.7,2787.0,20704.330078,0.5993
2014-08-15,1.7,2787.0,20704.880859,0.5991
2014-08-18,1.7,2787.0,20892.619141,0.5977
2014-08-19,1.7,2787.0,20989.230469,0.6017
2014-08-20,1.7,2787.0,21031.550781,0.6026
2014-08-21,1.7,2787.0,21084.509766,0.6031
2014-08-22,1.7,2787.0,21054.859375,0.6034
2014-08-25,1.7,2787.0,21153.169922,0.6032
2014-08-26,1.7,2787.0,21193.539063,0.6045
2014-08-27,1.7,2787.0,21192.480469,0.6032
2014-08-28,1.7,2787.0,21150.550781,0.6029
2014-08-29,1.7,2787.0,21233.830078,0.6025
2014-09-01,1.7,2861.2,,0.6021
2014-09-02,1.7,2861.2,21244.429688,0.6072
2014-09-03,1.7,2861.2,21213.179688,0.6075
2014-09-04,1.7,2861.2,21169.980469,0.6123
2014-09-05,1.7,2861.2,21270.320313,0.6125
2014-09-08,1.7,2861.2,21221.960938,0.6209
2014-09-09,1.7,2861.2,21075.320313,0.6209
2014-09-10,1.7,2861.2,21151.839844,0.617
2014-09-11,1.7,2861.2,21182.539063,0.6152
2014-09-12,1.7,2861.2,21041.429688,0.6148
2014-09-15,1.7,2861.2,20978.919922,0.6152
2014-09-16,1.7,2861.2,21128.769531,0.6152
2014-09-17,1.7,2861.2,21160.720703,0.6152
2014-09-18,1.7,2861.2,21254.009766,0.6152
2014-09-19,1.7,2861.2,21219.880859,0.614
2014-09-22,1.7,2861.2,21008.369141,0.6152
2014-09-23,1.7,2861.2,20877.0,0.6152
2014-09-24,1.7,2861.2,21038.169922,0.6152
2014-09-25,1.7,2861.2,20707.320313,0.6152
2014-09-26,1.7,2861.2,20885.669922,0.6155
2014-09-29,1.7,2861.2,20842.009766,0.6152
2014-09-30,1.7,2861.2,20760.460938,0.6152
2014-10-01,1.7,2880.4,20476.539063,0.6152
2014-10-02,1.7,2880.4,20500.460938,0.6152
2014-10-03,1.7,2880.4,20715.529297,0.6263
2014-10-06,1.7,2880.4,20665.039063,0.6152
2014-10-07,1.7,2880.4,20350.960938,0.6152
2014-10-08,1.7,2880.4,20677.580078,0.6152
2014-10-09,1.7,2880.4,20234.900391,0.6152
2014-10-10,1.7,2880.4,19975.650391,0.622
2014-10-13,1.7,2880.4,19652.019531,0.6152
2014-10-14,1.7,2880.4,19707.630859,0.6152
2014-10-15,1.7,2880.4,19617.560547,0.6152
2014-10-16,1.7,2880.4,19682.830078,0.6242
2014-10-17,1.7,2880.4,19900.419922,0.6214
2014-10-20,1.7,2880.4,20089.390625,0.6152
2014-10-21,1.7,2880.4,20483.439453,0.6152
2014-10-22,1.7,2880.4,20307.949219,0.6152
2014-10-23,1.7,2880.4,20563.990234,0.6152
2014-10-24,1.7,2880.4,20690.130859,0.6215
2014-10-27,1.7,2880.4,20654.160156,0.6227
2014-10-28,1.7,2880.4,20928.810547,0.6152
2014-10-29,1.7,2880.4,20885.019531,0.6152
2014-10-30,1.7,2880.4,21005.5,0.6271
2014-10-31,1.7,2880.4,21256.740234,0.6251
2014-11-03,1.3,2888.2,21260.259766,0.6152
2014-11-04,1.3,2888.2,21176.349609,0.6152
2014-11-05,1.3,2888.2,21269.720703,0.6152
2014-11-06,1.3,2888.2,21359.810547,0.6152
2014-11-07,1.3,2888.2,21381.830078,0.63
2014-11-10,1.3,2888.2,21447.210938,0.6152
2014-11-11,1.3,2888.2,21462.669922,0.6152
2014-11-12,1.3,2888.2,21468.119141,0.6152
2014-11-13,1.3,2888.2,21456.019531,0.6152
2014-11-14,1.3,2888.2,21467.769531,0.6382
2014-11-17,1.3,2888.2,21461.910156,0.6393
2014-11-18,1.3,2888.2,21572.589844,0.6397
2014-11-19,1.3,2888.2,21526.380859,0.6377
2014-11-20,1.3,2888.2,21592.830078,0.6372
2014-11-21,1.3,2888.2,21696.140625,0.6387
2014-11-24,1.3,2888.2,21778.990234,0.6367
2014-11-25,1.3,2888.2,21761.119141,0.6366
2014-11-26,1.3,2888.2,21826.240234,0.6332
2014-11-28,1.3,2888.2,21731.179688,0.6392
2014-12-01,0.8,2955.8,21522.970703,0.6357
2014-12-02,0.8,2955.8,21665.189453,0.6395
2014-12-03,0.8,2955.8,21765.080078,0.6375
2014-12-04,0.8,2955.8,21733.199219,0.638
2014-12-05,0.8,2955.8,21775.240234,0.6417
2014-12-08,0.8,2955.8,21581.910156,0.6389
2014-12-09,0.8,2955.8,21536.179688,0.6382
2014-12-10,0.8,2955.8,21244.730469,0.6364
2014-12-11,0.8,2955.8,21338.890625,0.6357
2014-12-12,0.8,2955.8,21009.830078,0.6363
2014-12-15,0.8,2955.8,20858.439453,0.6395
2014-12-16,0.8,2955.8,20703.089844,0.6349
2014-12-17,0.8,2955.8,21158.580078,0.642
2014-12-18,0.8,2955.8,21633.300781,0.6381
2014-12-19,0.8,2955.8,21727.5,0.64
2014-12-22,0.8,2955.8,21811.189453,0.6414
2014-12-23,0.8,2955.8,21857.5,0.6443
2014-12-24,0.8,2955.8,21867.830078,0.6427
2014-12-26,0.8,2955.8,21949.029297,0.6427
2014-12-29,0.8,2955.8,21977.519531,0.6444
2014-12-30,0.8,2955.8,21876.169922,0.6426
2014-12-31,0.8,2955.8,21669.859375,0.6419
2015-01-02,-0.1,2952.9,21665.320313,0.6524
2015-01-05,-0.1,2952.9,21269.060547,0.6558
2015-01-06,-0.1,2952.9,21060.25,0.66
2015-01-07,-0.1,2952.9,21301.669922,0.6617
2015-01-08,-0.1,2952.9,21672.390625,0.6627
2015-01-09,-0.1,2952.9,21497.119141,0.6597
2015-01-12,-0.1,2952.9,21330.630859,0.6591
2015-01-13,-0.1,2952.9,21280.560547,0.6596
2015-01-14,-0.1,2952.9,21164.949219,0.6564
2015-01-15,-0.1,2952.9,20953.339844,0.6586
2015-01-16,-0.1,2952.9,21244.679688,0.66
2015-01-19,-0.1,2952.9,,0.6616
2015-01-20,-0.1,2952.9,21258.140625,0.6603
2015-01-21,-0.1,2952.9,21352.669922,0.6604
2015-01-22,-0.1,2952.9,21685.029297,0.6661
2015-01-23,-0.1,2952.9,21588.009766,0.667
2015-01-26,-0.1,2952.9,21685.830078,0.6632
2015-01-27,-0.1,2952.9,21435.560547,0.658
2015-01-28,-0.1,2952.9,21135.570313,0.6605
2015-01-29,-0.1,2952.9,21329.589844,0.6637
2015-01-30,-0.1,2952.9,21060.439453,0.6639
2015-02-02,0.0,3009.9,21310.470703,0.665
2015-02-03,0.0,3009.9,21624.779297,0.6593
2015-02-04,0.0,3009.9,21536.439453,0.6586
2015-02-05,0.0,3009.9,21774.5,0.6524
2015-02-06,0.0,3009.9,21705.75,0.656
2015-02-09,0.0,3009.9,21602.519531,0.6572
2015-02-10,0.0,3009.9,21813.970703,0.6555
2015-02-11,0.0,3009.9,21807.210938,0.6562
2015-02-12,0.0,3009.9,22022.240234,0.65
2015-02-13,0.0,3009.9,22120.810547,0.6495
2015-02-16,0.0,3009.9,,0.6509
2015-02-17,0.0,3009.9,22152.310547,0.6513
2015-02-18,0.0,3009.9,22161.029297,0.6478
2015-02-19,0.0,3009.9,22141.179688,0.6487
2015-02-20,0.0,3009.9,22278.550781,0.6494
2015-02-23,0.0,3009.9,22260.0,0.647
2015-02-24,0.0,3009.9,22308.640625,0.6471
2015-02-25,0.0,3009.9,22314.560547,0.6439
2015-02-26,0.0,3009.9,22278.230469,0.6491
2015-02-27,0.0,3009.9,22212.339844,0.6479
2015-03-02,-0.1,2996.8,22346.240234,0.6509
2015-03-03,-0.1,2996.8,22255.789063,0.651
2015-03-04,-0.1,2996.8,22158.519531,0.6551
2015-03-05,-0.1,2996.8,22192.839844,0.6561
2015-03-06,-0.1,2996.8,21886.429688,0.665
2015-03-09,-0.1,2996.8,21960.689453,0.661
2015-03-10,-0.1,2996.8,21616.910156,0.6636
2015-03-11,-0.1,2996.8,21600.880859,0.6697
2015-03-12,-0.1,2996.8,21869.630859,0.6719
2015-03-13,-0.1,2996.8,21746.759766,0.6783
2015-03-16,-0.1,2996.8,22006.560547,0.6743
2015-03-17,-0.1,2996.8,21963.929688,0.678
2015-03-18,-0.1,2996.8,22216.599609,0.6676
2015-03-19,-0.1,2996.8,22135.810547,0.6778
2015-03-20,-0.1,2996.8,22330.890625,0.6687
2015-03-23,-0.1,2996.8,22293.019531,0.6687
2015-03-24,-0.1,2996.8,22172.199219,0.6733
2015-03-25,-0.1,2996.8,21832.169922,0.6719
2015-03-26,-0.1,2996.8,21782.910156,0.6734
2015-03-27,-0.1,2996.8,21846.789063,0.672
2015-03-30,-0.1,2996.8,22114.560547,0.6751
2015-03-31,-0.1,2996.8,21947.910156,0.6748
2015-04-01,-0.2,2999.1,21869.060547,0.6746
2015-04-02,-0.2,2999.1,21946.619141,0.6744
2015-04-06,-0.2,2999.1,22083.169922,0.672
2015-04-07,-0.2,2999.1,22026.570313,0.6753
2015-04-08,-0.2,2999.1,22100.560547,0.6726
2015-04-09,-0.2,2999.1,22171.279297,0.6797
2015-04-10,-0.2,2999.1,22274.800781,0.6834
2015-04-13,-0.2,2999.1,22187.130859,0.6814
2015-04-14,-0.2,2999.1,22218.830078,0.6765
2015-04-15,-0.2,2999.1,22339.080078,0.6737
2015-04-16,-0.2,2999.1,22324.910156,0.6695
2015-04-17,-0.2,2999.1,22060.789063,0.6683
2015-04-20,-0.2,2999.1,22255.619141,0.6708
2015-04-21,-0.2,2999.1,22232.140625,0.6699
2015-04-22,-0.2,2999.1,22333.689453,0.665
2015-04-23,-0.2,2999.1,22396.189453,0.6642
2015-04-24,-0.2,2999.1,22431.179688,0.6584
2015-04-27,-0.2,2999.1,22316.0,0.6562
2015-04-28,-0.2,2999.1,22367.189453,0.6519
2015-04-29,-0.2,2999.1,22277.019531,0.6477
2015-04-30,-0.2,2999.1,22034.289063,0.6514
2015-05-01,0.0,2978.6,22247.990234,0.6604
2015-05-04,0.0,2978.6,22313.900391,0.6614
2015-05-05,0.0,2978.6,22045.890625,0.6586
2015-05-06,0.0,2978.6,21967.099609,0.6559
2015-05-07,0.0,2978.6,22048.109375,0.6557
2015-05-08,0.0,2978.6,22319.279297,0.6504
2015-05-11,0.0,2978.6,22224.810547,0.6415
2015-05-12,0.0,2978.6,22169.359375,0.6381
2015-05-13,0.0,2978.6,22159.939453,0.6351
2015-05-14,0.0,2978.6,22387.050781,0.6339
2015-05-15,0.0,2978.6,22402.169922,0.6359
2015-05-18,0.0,2978.6,22492.019531,0.6389
2015-05-19,0.0,2978.6,22466.960938,0.6448
2015-05-20,0.0,2978.6,22451.189453,0.6436
2015-05-21,0.0,2978.6,22495.550781,0.6385
2015-05-22,0.0,2978.6,22449.830078,0.6456
2015-05-26,0.0,2978.6,22224.390625,0.6501
2015-05-27,0.0,2978.6,22422.939453,0.6513
2015-05-28,0.0,2978.6,22391.289063,0.653
2015-05-29,0.0,2978.6,22259.699219,0.654
2015-06-01,0.1,3013.4,22300.339844,0.6579
2015-06-02,0.1,3013.4,22292.720703,0.6518
2015-06-03,0.1,3013.4,22357.419922,0.6519
2015-06-04,0.1,3013.4,22161.75,0.6508
2015-06-05,0.1,3013.4,22167.660156,0.6549
2015-06-08,0.1,3013.4,22018.080078,0.6515
2015-06-09,0.1,3013.4,22014.599609,0.6499
2015-06-10,0.1,3013.4,22267.240234,0.6439
2015-06-11,0.1,3013.4,22310.029297,0.6445
2015-06-12,0.1,3013.4,22173.669922,0.6426
2015-06-15,0.1,3013.4,22079.349609,0.6409
2015-06-16,0.1,3013.4,22200.179688,0.6391
2015-06-17,0.1,3013.4,22238.880859,0.6316
2015-06-18,0.1,3013.4,22453.400391,0.6297
2015-06-19,0.1,3013.4,22347.650391,0.6296
2015-06-22,0.1,3013.4,22473.25,0.6319
2015-06-23,0.1,3013.4,22498.580078,0.6358
2015-06-24,0.1,3013.4,22324.820313,0.6367
2015-06-25,0.1,3013.4,22258.179688,0.6351
2015-06-26,0.1,3013.4,22245.419922,0.635
2015-06-29,0.1,3013.4,21774.320313,0.6354
2015-06-30,0.1,3013.4,21841.75,0.6366
2015-07-01,0.2,3034.4,21968.089844,0.6403
2015-07-02,0.2,3034.4,21950.589844,0.6407
2015-07-06,0.2,3034.4,21869.980469,0.6409
2015-07-07,0.2,3034.4,21994.390625,0.6467
2015-07-08,0.2,3034.4,21628.939453,0.651
2015-07-09,0.2,3034.4,21686.660156,0.6502
2015-07-10,0.2,3034.4,21954.359375,0.6445
2015-07-13,0.2,3034.4,22194.619141,0.6457
2015-07-14,0.2,3034.4,22300.630859,0.6396
2015-07-15,0.2,3034.4,22252.580078,0.6394
2015-07-16,0.2,3034.4,22416.650391,0.6406
2015-07-17,0.2,3034.4,22420.660156,0.6408
2015-07-20,0.2,3034.4,22413.109375,0.6425
2015-07-21,0.2,3034.4,22310.369141,0.6428
2015-07-22,0.2,3034.4,22265.720703,0.6405
2015-07-23,0.2,3034.4,22131.980469,0.6446
2015-07-24,0.2,3034.4,21906.75,0.6447
2015-07-27,0.2,3034.4,21761.669922,0.6427
2015-07-28,0.2,3034.4,22027.650391,0.6406
2015-07-29,0.2,3034.4,22192.390625,0.6409
2015-07-30,0.2,3034.4,22205.859375,0.641
2015-07-31,0.2,3034.4,22180.080078,0.6401
2015-08-03,0.2,3017.6,22106.880859,0.6416
2015-08-04,0.2,3017.6,22066.929688,0.6425
2015-08-05,0.2,3017.6,22116.820313,0.6409
2015-08-06,0.2,3017.6,21923.300781,0.6447
2015-08-07,0.2,3017.6,21852.580078,0.6454
2015-08-10,0.2,3017.6,22132.240234,0.6414
2015-08-11,0.2,3017.6,21928.5,0.6422
2015-08-12,0.2,3017.6,21946.150391,0.6405
2015-08-13,0.2,3017.6,21914.070313,0.6406
2015-08-14,0.2,3017.6,22009.759766,0.6393
2015-08-17,0.2,3017.6,22141.650391,0.6416
2015-08-18,0.2,3017.6,22063.710938,0.6386
2015-08-19,0.2,3017.6,21874.910156,0.6378
2015-08-20,0.2,3017.6,21395.240234,0.6373
2015-08-21,0.2,3017.6,20770.279297,0.6373
2015-08-24,0.2,3017.6,19956.480469,0.6338
2015-08-25,0.2,3017.6,19722.009766,0.6375
2015-08-26,0.2,3017.6,20427.869141,0.6467
2015-08-27,0.2,3017.6,20921.5,0.6493
2015-08-28,0.2,3017.6,20968.310547,0.6497
2015-08-31,0.2,3017.6,20802.960938,0.6517
2015-09-01,0.0,3044.8,20206.060547,0.6534
2015-09-02,0.0,3044.8,20558.410156,0.6536
2015-09-03,0.0,3044.8,20590.630859,0.6554
2015-09-04,0.0,3044.8,20304.160156,0.6592
2015-09-08,0.0,3044.8,20795.279297,0.6496
2015-09-09,0.0,3044.8,20516.789063,0.6507
2015-09-10,0.0,3044.8,20610.160156,0.6475
2015-09-11,0.0,3044.8,20691.660156,0.6481
2015-09-14,0.0,3044.8,20606.199219,0.6482
2015-09-15,0.0,3044.8,20851.740234,0.6518
2015-09-16,0.0,3044.8,21033.25,0.6455
2015-09-17,0.0,3044.8,21007.720703,0.6415
2015-09-18,0.0,3044.8,20678.740234,0.6438
2015-09-21,0.0,3044.8,20757.980469,0.6449
2015-09-22,0.0,3044.8,20487.300781,0.6508
2015-09-23,0.0,3044.8,20430.390625,0.656
2015-09-24,0.0,3044.8,20355.109375,0.656
2015-09-25,0.0,3044.8,20313.519531,0.6587
2015-09-28,0.0,3044.8,19760.179688,0.6591
2015-09-29,0.0,3044.8,19737.25,0.6601
2015-09-30,0.0,3044.8,20119.279297,0.661
2015-10-01,0.2,3026.1,20157.359375,0.6609
2015-10-02,0.2,3026.1,20453.859375,0.6588
2015-10-05,0.2,3026.1,20847.210938,0.6602
2015-10-06,0.2,3026.1,20763.140625,0.6567
2015-10-07,0.2,3026.1,20954.710938,0.6528
2015-10-08,0.2,3026.1,21133.339844,0.6516
2015-10-09,0.2,3026.1,21157.550781,0.6523
2015-10-12,0.2,3026.1,21165.169922,0.6516
2015-10-13,0.2,3026.1,21001.570313,0.6558
2015-10-14,0.2,3026.1,20880.099609,0.6461
2015-10-15,0.2,3026.1,21201.419922,0.6468
2015-10-16,0.2,3026.1,21280.380859,0.6477
2015-10-19,0.2,3026.1,21285.830078,0.6466
2015-10-20,0.2,3026.1,21256.210938,0.6475
2015-10-21,0.2,3026.1,21093.240234,0.6485
2015-10-22,0.2,3026.1,21394.529297,0.6496
2015-10-23,0.2,3026.1,21614.060547,0.653
2015-10-26,0.2,3026.1,21566.960938,0.6513
2015-10-27,0.2,3026.1,21475.369141,0.6536
2015-10-28,0.2,3026.1,21771.949219,0.6552
2015-10-29,0.2,3026.1,21735.259766,0.6531
2015-10-30,0.2,3026.1,21648.509766,0.6482
2015-11-02,0.5,3083.4,21897.789063,0.6486
2015-11-03,0.5,3083.4,21961.259766,0.6484
2015-11-04,0.5,3083.4,21885.960938,0.6499
2015-11-05,0.5,3083.4,21866.460938,0.6575
2015-11-06,0.5,3083.4,21865.240234,0.6645
2015-11-09,0.5,3083.4,21645.039063,0.6616
2015-11-10,0.5,3083.4,21678.630859,0.6614
2015-11-11,0.5,3083.4,21586.679688,0.6574
2015-11-12,0.5,3083.4,21268.380859,0.6564
2015-11-13,0.5,3083.4,21043.660156,0.6563
2015-11-16,0.5,3083.4,21334.839844,0.6578
2015-11-17,0.5,3083.4,21300.740234,0.6573
2015-11-18,0.5,3083.4,21638.0,0.6563
2015-11-19,0.5,3083.4,21606.419922,0.654
2015-11-20,0.5,3083.4,21681.310547,0.6582
2015-11-23,0.5,3083.4,21673.949219,0.6612
2015-11-24,0.5,3083.4,21719.710938,0.6629
2015-11-25,0.5,3083.4,21741.869141,0.661
2015-11-27,0.5,3083.4,21761.339844,0.6652
2015-11-30,0.5,3083.4,21658.550781,0.6642
2015-12-01,0.7,3104.1,21866.660156,0.663
2015-12-02,0.7,3104.1,21627.380859,0.6689
2015-12-03,0.7,3104.1,21298.130859,0.6603
2015-12-04,0.7,3104.1,21678.169922,0.6618
2015-12-07,0.7,3104.1,21489.199219,0.6642
2015-12-08,0.7,3104.1,21365.019531,0.6663
2015-12-09,0.7,3104.1,21208.779297,0.6587
2015-12-10,0.7,3104.1,21254.919922,0.6596
2015-12-11,0.7,3104.1,20823.359375,0.657
2015-12-14,0.7,3104.1,20871.029297,0.6604
2015-12-15,0.7,3104.1,21099.580078,0.6649
2015-12-16,0.7,3104.1,21412.890625,0.6665
2015-12-17,0.7,3104.1,21100.339844,0.671
2015-12-18,0.7,3104.1,20754.910156,0.6713
2015-12-21,0.7,3104.1,20911.75,0.6719
2015-12-22,0.7,3104.1,21100.220703,0.6744
2015-12-23,0.7,3104.1,21379.390625,0.6725
2015-12-24,0.7,3104.1,21354.560547,0.6706
2015-12-28,0.7,3104.1,21296.179688,0.6721
2015-12-29,0.7,3104.1,21509.859375,0.6749
2015-12-30,0.7,3104.1,21350.220703,0.6749
2015-12-31,0.7,3104.1,21167.859375,0.6786
2016-01-04,1.4,3103.4,20841.359375,0.6795
2016-01-05,1.4,3103.4,20879.929688,0.6814
2016-01-06,1.4,3103.4,20593.400391,0.6835
2016-01-07,1.4,3103.4,20089.529297,0.6841
2016-01-08,1.4,3103.4,19867.099609,0.6888
2016-01-11,1.4,3103.4,19848.269531,0.6876
2016-01-12,1.4,3103.4,19972.189453,0.6922
2016-01-13,1.4,3103.4,19440.929688,0.6941
2016-01-14,1.4,3103.4,19755.740234,0.6939
2016-01-15,1.4,3103.4,19335.230469,0.7014
2016-01-18,1.4,3103.4,,0.7021
2016-01-19,1.4,3103.4,19286.300781,0.7063
2016-01-20,1.4,3103.4,19077.689453,0.7047
2016-01-21,1.4,3103.4,19172.589844,0.7031
2016-01-22,1.4,3103.4,19592.339844,0.701
2016-01-25,1.4,3103.4,19261.480469,0.7018
2016-01-26,1.4,3103.4,19563.099609,0.6968
2016-01-27,1.4,3103.4,19335.660156,0.7026
2016-01-28,1.4,3103.4,19434.320313,0.6963
2016-01-29,1.4,3103.4,19926.099609,0.702
2016-02-01,1.0,3131.6,19917.839844,0.693
2016-02-02,1.0,3131.6,19524.150391,0.694
2016-02-03,1.0,3131.6,19606.929688,0.6848
2016-02-04,1.0,3131.6,19655.419922,0.6854
2016-02-05,1.0,3131.6,19244.939453,0.6896
2016-02-08,1.0,3131.6,18921.929688,0.6929
2016-02-09,1.0,3131.6,18883.75,0.691
2016-02-10,1.0,3131.6,18890.669922,0.6886
2016-02-11,1.0,3131.6,18656.050781,0.6907
2016-02-12,1.0,3131.6,19026.839844,0.6895
2016-02-16,1.0,3131.6,19370.550781,0.699
2016-02-17,1.0,3131.6,19707.689453,0.6996
2016-02-18,1.0,3131.6,19618.25,0.6974
2016-02-19,1.0,3131.6,19624.179688,0.6942
2016-02-22,1.0,3131.6,19913.160156,0.7067
2016-02-23,1.0,3131.6,19676.830078,0.7132
2016-02-24,1.0,3131.6,19779.390625,0.718
2016-02-25,1.0,3131.6,19998.519531,0.7162
2016-02-26,1.0,3131.6,19996.519531,0.7208
2016-02-29,1.0,3131.6,19864.019531,0.7185
2016-03-01,0.9,3152.8,20325.199219,0.7168
2016-03-02,0.9,3152.8,20435.939453,0.7103
2016-03-03,0.9,3152.8,20538.839844,0.7054
2016-03-04,0.9,3152.8,20609.470703,0.7026
2016-03-07,0.9,3152.8,20659.089844,0.701
2016-03-08,0.9,3152.8,20379.580078,0.7034
2016-03-09,0.9,3152.8,20479.580078,0.7033
2016-03-10,0.9,3152.8,20452.400391,0.7002
2016-03-11,0.9,3152.8,20802.970703,0.6953
2016-03-14,0.9,3152.8,20772.480469,0.6991
2016-03-15,0.9,3152.8,20694.419922,0.7067
2016-03-16,0.9,3152.8,20836.220703,0.7011
2016-03-17,0.9,3152.8,20998.029297,0.6905
2016-03-18,0.9,3152.8,21096.800781,0.6909
2016-03-21,0.9,3152.8,21109.919922,0.696
2016-03-22,0.9,3152.8,21100.109375,0.7037
2016-03-23,0.9,3152.8,20914.939453,0.7083
2016-03-24,0.9,3152.8,20914.769531,0.7066
2016-03-28,0.9,3152.8,20927.320313,0.7015
2016-03-29,0.9,3152.8,21152.070313,0.6951
2016-03-30,0.9,3152.8,21238.050781,0.6954
2016-03-31,0.9,3152.8,21224.320313,0.6963
2016-04-04,1.1,3197.7,21238.929688,0.7012
2016-04-05,1.1,3197.7,21036.730469,0.7062
2016-04-06,1.1,3197.7,21264.279297,0.708
2016-04-07,1.1,3197.7,21014.609375,0.7114
2016-04-08,1.1,3197.7,21071.240234,0.7081
2016-04-11,1.1,3197.7,21021.240234,0.7024
2016-04-12,1.1,3197.7,21228.869141,0.7005
2016-04-13,1.1,3197.7,21469.589844,0.704
2016-04-14,1.1,3197.7,21464.419922,0.7063
2016-04-15,1.1,3197.7,21463.539063,0.704
2016-04-18,1.1,3197.7,21587.050781,0.7003
2016-04-19,1.1,3197.7,21681.640625,0.6945
2016-04-20,1.1,3197.7,21698.669922,0.6976
2016-04-21,1.1,3197.7,21587.630859,0.6982
2016-04-22,1.1,3197.7,21622.039063,0.6944
2016-04-25,1.1,3197.7,21572.080078,0.6905
2016-04-26,1.1,3197.7,21632.990234,0.6857
2016-04-27,1.1,3197.7,21686.160156,0.6875
2016-04-28,1.1,3197.7,21485.710938,0.6844
2016-04-29,1.1,3197.7,21377.589844,0.6843
2016-05-02,1.1,3236.5,21539.890625,0.6815
2016-05-04,1.1,3236.5,21197.269531,0.6898
2016-05-05,1.1,3236.5,21179.650391,0.6903
2016-05-06,1.1,3236.5,21258.080078,0.6932
2016-05-09,1.1,3236.5,21276.419922,0.6942
2016-05-10,1.1,3236.5,21530.119141,0.6923
2016-05-11,1.1,3236.5,21324.539063,0.6922
2016-05-12,1.1,3236.5,21309.25,0.692
2016-05-13,1.1,3236.5,21117.210938,0.6961
2016-05-16,1.1,3236.5,21341.470703,0.6943
2016-05-17,1.1,3236.5,21132.339844,0.6915
2016-05-18,1.1,3236.5,21130.320313,0.6851
2016-05-19,1.1,3236.5,21003.820313,0.6844
2016-05-20,1.1,3236.5,21218.339844,0.6897
2016-05-23,1.1,3236.5,21225.199219,0.6904
2016-05-24,1.1,3236.5,21460.570313,0.6833
2016-05-25,1.1,3236.5,21613.630859,0.6805
2016-05-26,1.1,3236.5,21602.679688,0.6818
2016-05-27,1.1,3236.5,21701.470703,0.6839
2016-06-01,1.0,3242.4,21708.019531,0.6936
2016-06-02,1.0,3242.4,21808.880859,0.6933
2016-06-03,1.0,3242.4,21742.320313,0.6889
2016-06-06,1.0,3242.4,21865.880859,0.6923
2016-06-07,1.0,3242.4,21900.740234,0.6875
2016-06-08,1.0,3242.4,21985.119141,0.6895
2016-06-09,1.0,3242.4,21920.769531,0.6917
2016-06-10,1.0,3242.4,21688.789063,0.7015
2016-06-13,1.0,3242.4,21507.179688,0.7008
2016-06-14,1.0,3242.4,21457.779297,0.7085
2016-06-15,1.0,3242.4,21445.939453,0.704
2016-06-16,1.0,3242.4,21490.810547,0.7041
2016-06-17,1.0,3242.4,21431.140625,0.6964
2016-06-20,1.0,3242.4,21522.419922,0.6807
2016-06-21,1.0,3242.4,21616.300781,0.683
2016-06-22,1.0,3242.4,21574.949219,0.68
2016-06-23,1.0,3242.4,21884.310547,0.6724
2016-06-24,1.0,3242.4,21102.320313,0.7313
2016-06-27,1.0,3242.4,20671.369141,0.7562
2016-06-28,1.0,3242.4,21045.109375,0.7494
2016-06-29,1.0,3242.4,21417.529297,0.7444
2016-06-30,1.0,3242.4,21711.380859,0.7512
2016-07-01,0.8,3241.7,21739.070313,0.7533
2016-07-05,0.8,3241.7,21572.570313,0.7677
2016-07-06,0.8,3241.7,21723.580078,0.7734
2016-07-07,0.8,3241.7,21698.890625,0.7747
2016-07-08,0.8,3241.7,22040.710938,0.7721
2016-07-11,0.8,3241.7,22136.820313,0.7691
2016-07-12,0.8,3241.7,22309.289063,0.7549
2016-07-13,0.8,3241.7,22295.070313,0.7607
2016-07-14,0.8,3241.7,22385.830078,0.7494
2016-07-15,0.8,3241.7,22388.880859,0.7584
2016-07-18,0.8,3241.7,22441.189453,0.7544
2016-07-19,0.8,3241.7,22402.400391,0.7628
2016-07-20,0.8,3241.7,22516.080078,0.7569
2016-07-21,0.8,3241.7,22424.880859,0.7561
2016-07-25,0.8,3241.7,22476.470703,0.7611
2016-07-26,0.8,3241.7,22498.109375,0.7615
2016-07-27,0.8,3241.7,22464.390625,0.7561
2016-07-28,0.8,3241.7,22497.419922,0.7598
2016-07-29,0.8,3241.7,22547.919922,0.7559
2016-08-01,1.1,3312.7,22501.740234,0.7588
2016-08-02,1.1,3312.7,22339.779297,0.7486
2016-08-03,1.1,3312.7,22430.369141,0.7505
2016-08-04,1.1,3312.7,22439.660156,0.7628
2016-08-05,1.1,3312.7,22634.550781,0.7651
2016-08-08,1.1,3312.7,22627.910156,0.7667
2016-08-09,1.1,3312.7,22639.259766,0.769
2016-08-10,1.1,3312.7,22566.710938,0.7688
2016-08-11,1.1,3312.7,22670.5,0.7719
2016-08-12,1.1,3312.7,22659.359375,0.7741
2016-08-15,1.1,3312.7,22748.740234,0.7763
2016-08-16,1.1,3312.7,22611.189453,0.7666
2016-08-17,1.1,3312.7,22626.400391,0.7668
2016-08-18,1.1,3312.7,22699.800781,0.7597
2016-08-19,1.1,3312.7,22665.279297,0.7648
2016-08-22,1.1,3312.7,22668.210938,0.7611
2016-08-24,1.1,3312.7,22592.210938,0.7557
2016-08-26,1.1,3312.7,22538.140625,0.7612
2016-08-29,1.1,3312.7,22657.019531,0.7631
2016-08-30,1.1,3312.7,22619.679688,0.7645
2016-08-31,1.1,3312.7,22561.220703,0.7612
2016-09-01,1.5,3326.7,22563.470703,0.7538
2016-09-02,1.5,3326.7,22686.699219,0.7522
2016-09-06,1.5,3326.7,22723.980469,0.7439
2016-09-07,1.5,3326.7,22778.25,0.7496
2016-09-08,1.5,3326.7,22671.519531,0.7522
2016-09-09,1.5,3326.7,22157.519531,0.7537
2016-09-12,1.5,3326.7,22463.5,0.7499
2016-09-13,1.5,3326.7,22114.099609,0.7581
2016-09-14,1.5,3326.7,22101.490234,0.7555
2016-09-15,1.5,3326.7,22321.130859,0.7554
2016-09-16,1.5,3326.7,22240.519531,0.7692
2016-09-19,1.5,3326.7,22212.640625,0.7675
2016-09-20,1.5,3326.7,22253.380859,0.77
2016-09-21,1.5,3326.7,22505.25,0.7674
2016-09-22,1.5,3326.7,22679.75,0.7646
2016-09-23,1.5,3326.7,22557.109375,0.7712
2016-09-26,1.5,3326.7,22367.519531,0.7707
2016-09-27,1.5,3326.7,22492.019531,0.7678
2016-09-28,1.5,3326.7,22615.439453,0.7681
2016-09-29,1.5,3326.7,22385.929688,0.7712
2016-09-30,1.5,3326.7,22576.669922,0.7707
2016-10-03,1.6,3338.5,22503.480469,0.7787
2016-10-04,1.6,3338.5,22392.410156,0.7857
2016-10-05,1.6,3338.5,22494.169922,0.7844
2016-10-06,1.6,3338.5,22505.509766,0.7927
2016-10-07,1.6,3338.5,22397.429688,0.8041
2016-10-10,1.6,3338.5,22520.609375,0.8088
2016-10-11,1.6,3338.5,22237.710938,0.8248
2016-10-12,1.6,3338.5,22257.480469,0.819
2016-10-13,1.6,3338.5,22167.789063,0.8162
2016-10-14,1.6,3338.5,22168.820313,0.8205
2016-10-17,1.6,3338.5,22099.890625,0.8208
2016-10-18,1.6,3338.5,22242.949219,0.8131
2016-10-19,1.6,3338.5,22304.199219,0.8139
2016-10-20,1.6,3338.5,22263.419922,0.8161
2016-10-21,1.6,3338.5,22264.259766,0.8177
2016-10-24,1.6,3338.5,22391.019531,0.8172
2016-10-25,1.6,3338.5,22281.289063,0.8205
2016-10-26,1.6,3338.5,22216.5,0.8166
2016-10-27,1.6,3338.5,22122.689453,0.8222
2016-10-28,1.6,3338.5,22059.650391,0.8203
2016-10-31,1.6,3338.5,22072.490234,0.8168
2016-11-01,1.7,3354.4,21913.480469,0.8168
2016-11-02,1.7,3354.4,21719.109375,0.8127
2016-11-03,1.7,3354.4,21615.029297,0.8024
2016-11-04,1.7,3354.4,21594.279297,0.7988
2016-11-07,1.7,3354.4,22060.089844,0.8067
2016-11-08,1.7,3354.4,22133.570313,0.8077
2016-11-09,1.7,3354.4,22445.119141,0.806
2016-11-10,1.7,3354.4,22498.099609,0.7967
2016-11-11,1.7,3354.4,22533.480469,0.7936
2016-11-14,1.7,3354.4,22596.519531,0.8007
2016-11-15,1.7,3354.4,22759.25,0.8031
2016-11-16,1.7,3354.4,22723.359375,0.8036
2016-11-17,1.7,3354.4,22840.269531,0.8054
2016-11-18,1.7,3354.4,22805.929688,0.8072
2016-11-21,1.7,3354.4,22989.660156,0.8003
2016-11-22,1.7,3354.4,23047.480469,0.805
2016-11-23,1.7,3354.4,23079.5,0.8037
2016-11-25,1.7,3354.4,23168.220703,0.8014
2016-11-28,1.7,3354.4,23029.279297,0.8054
2016-11-29,1.7,3354.4,23046.990234,0.8005
2016-11-30,1.7,3354.4,22991.070313,0.7995
2016-12-01,2.1,3345.1,22914.550781,0.7943
2016-12-02,2.1,3345.1,22928.720703,0.7856
2016-12-05,2.1,3345.1,23095.480469,0.7855
2016-12-06,2.1,3345.1,23195.679688,0.7888
2016-12-07,2.1,3345.1,23486.300781,0.7919
2016-12-08,2.1,3345.1,23553.710938,0.7946
2016-12-09,2.1,3345.1,23678.759766,0.7952
2016-12-12,2.1,3345.1,23619.339844,0.7888
2016-12-13,2.1,3345.1,23745.189453,0.79
2016-12-14,2.1,3345.1,23544.169922,0.7961
2016-12-15,2.1,3345.1,23636.410156,0.8052
2016-12-16,2.1,3345.1,23600.089844,0.801
2016-12-19,2.1,3345.1,23600.330078,0.8069
2016-12-20,2.1,3345.1,23756.339844,0.8085
2016-12-21,2.1,3345.1,23700.75,0.8095
2016-12-22,2.1,3345.1,23628.300781,0.814
2016-12-23,2.1,3345.1,23671.859375,0.814
2016-12-27,2.1,3345.1,23733.300781,0.815
2016-12-28,2.1,3345.1,23525.650391,0.818
2016-12-29,2.1,3345.1,23524.429688,0.8154
2016-12-30,2.1,3345.1,23425.859375,0.8099
2017-01-03,2.5,3393.2,23614.730469,0.8172
2017-01-04,2.5,3393.2,23800.919922,0.8116
2017-01-05,2.5,3393.2,23748.630859,0.8052
2017-01-06,2.5,3393.2,23816.560547,0.814
2017-01-09,2.5,3393.2,23723.339844,0.8222
2017-01-10,2.5,3393.2,23743.509766,0.8213
2017-01-11,2.5,3393.2,23808.279297,0.8188
2017-01-12,2.5,3393.2,23738.880859,0.8222
2017-01-13,2.5,3393.2,23807.980469,0.821
2017-01-17,2.5,3393.2,23711.339844,0.8056
2017-01-18,2.5,3393.2,23753.650391,0.8157
2017-01-19,2.5,3393.2,23663.720703,0.8102
2017-01-20,2.5,3393.2,23743.679688,0.8081
2017-01-23,2.5,3393.2,23693.0,0.7976
2017-01-24,2.5,3393.2,23879.289063,0.7986
2017-01-25,2.5,3393.2,24070.279297,0.7916
2017-01-26,2.5,3393.2,24052.539063,0.794
2017-01-27,2.5,3393.2,24009.089844,0.7969
2017-01-30,2.5,3393.2,23858.820313,0.801
2017-01-31,2.5,3393.2,23847.210938,0.7949
2017-02-01,2.7,3403.1,23849.429688,0.7901
2017-02-02,2.7,3403.1,23851.080078,0.7982
2017-02-03,2.7,3403.1,24052.789063,0.8009
2017-02-06,2.7,3403.1,23989.490234,0.8019
2017-02-07,2.7,3403.1,23972.470703,0.7994
2017-02-08,2.7,3403.1,23994.039063,0.7973
2017-02-09,2.7,3403.1,24156.210938,0.8003
2017-02-10,2.7,3403.1,24248.910156,0.8008
2017-02-13,2.7,3403.1,24362.330078,0.7983
2017-02-14,2.7,3403.1,24458.929688,0.8021
2017-02-15,2.7,3403.1,24565.529297,0.8024
2017-02-16,2.7,3403.1,24535.429688,0.8009
2017-02-17,2.7,3403.1,24571.560547,0.8057
2017-02-21,2.7,3403.1,24720.289063,0.8018
2017-02-22,2.7,3403.1,24681.310547,0.8034
2017-02-23,2.7,3403.1,24659.169922,0.7965
2017-02-24,2.7,3403.1,24689.929688,0.8025
2017-02-27,2.7,3403.1,24734.830078,0.8036
2017-02-28,2.7,3403.1,24609.789063,0.8078
2017-03-01,2.4,3451.3,24960.779297,0.8134
2017-03-02,2.4,3451.3,24790.130859,0.8152
2017-03-03,2.4,3451.3,24819.009766,0.8123
2017-03-06,2.4,3451.3,24727.570313,0.8173
2017-03-07,2.4,3451.3,24638.0,0.8195
2017-03-08,2.4,3451.3,24563.519531,0.8216
2017-03-09,2.4,3451.3,24559.470703,0.822
2017-03-10,2.4,3451.3,24642.279297,0.822
2017-03-13,2.4,3451.3,24650.179688,0.8182
2017-03-14,2.4,3451.3,24564.779297,0.8227
2017-03-15,2.4,3451.3,24790.880859,0.8136
2017-03-16,2.4,3451.3,24778.390625,0.809
2017-03-17,2.4,3451.3,24761.640625,0.8074
2017-03-20,2.4,3451.3,24583.880859,0.8093
2017-03-21,2.4,3451.3,24429.970703,0.8012
2017-03-22,2.4,3451.3,24382.449219,0.8019
2017-03-23,2.4,3451.3,24383.089844,0.799
2017-03-24,2.4,3451.3,24377.289063,0.8018
2017-03-27,2.4,3451.3,24353.199219,0.7963
2017-03-28,2.4,3451.3,24531.029297,0.8031
2017-03-29,2.4,3451.3,24567.990234,0.8042
2017-03-30,2.4,3451.3,24657.189453,0.8019
2017-03-31,2.4,3451.3,24624.720703,0.7969
2017-04-03,2.2,3450.4,24562.490234,0.8009
2017-04-04,2.2,3450.4,24577.890625,0.8038
2017-04-05,2.2,3450.4,24476.060547,0.801
2017-04-06,2.2,3450.4,24549.490234,0.8019
2017-04-07,2.2,3450.4,24535.230469,0.8082
2017-04-10,2.2,3450.4,24560.589844,0.8055
2017-04-11,2.2,3450.4,24559.689453,0.8005
2017-04-12,2.2,3450.4,24425.490234,0.7975
2017-04-13,2.2,3450.4,24262.589844,0.7998
2017-04-17,2.2,3450.4,24472.400391,0.7959
2017-04-18,2.2,3450.4,24421.720703,0.7787
2017-04-19,2.2,3450.4,24397.240234,0.7826
2017-04-20,2.2,3450.4,24590.289063,0.7804
2017-04-21,2.2,3450.4,24519.949219,0.7806
2017-04-24,2.2,3450.4,24782.330078,0.7814
2017-04-25,2.2,3450.4,24943.400391,0.7788
2017-04-26,2.2,3450.4,24949.210938,0.7783
2017-04-27,2.2,3450.4,24955.800781,0.775
2017-04-28,2.2,3450.4,24878.480469,0.7722
2017-05-01,1.9,3516.2,24929.759766,0.776
2017-05-02,1.9,3516.2,24953.970703,0.773
2017-05-03,1.9,3516.2,24864.259766,0.7772
2017-05-04,1.9,3516.2,24853.779297,0.7737
2017-05-05,1.9,3516.2,24975.869141,0.7704
2017-05-08,1.9,3516.2,24954.789063,0.7728
2017-05-09,1.9,3516.2,24932.900391,0.7731
2017-05-10,1.9,3516.2,24977.560547,0.773
2017-05-11,1.9,3516.2,24905.720703,0.776
2017-05-12,1.9,3516.2,24855.890625,0.7758
2017-05-15,1.9,3516.2,24981.519531,0.7754
2017-05-16,1.9,3516.2,24965.490234,0.7741
2017-05-17,1.9,3516.2,24498.220703,0.771
2017-05-18,1.9,3516.2,24589.189453,0.7727
2017-05-19,1.9,3516.2,24762.349609,0.7671
2017-05-22,1.9,3516.2,24919.199219,0.7693
2017-05-23,1.9,3516.2,24948.109375,0.7716
2017-05-24,1.9,3516.2,25009.919922,0.7707
2017-05-25,1.9,3516.2,25105.220703,0.7726
2017-05-26,1.9,3516.2,25107.109375,0.781
2017-05-30,1.9,3516.2,25053.410156,0.7777
2017-05-31,1.9,3516.2,25041.339844,0.7758
2017-06-01,1.6,3525.3,25276.199219,0.7763
2017-06-02,1.6,3525.3,25345.269531,0.776
2017-06-05,1.6,3525.3,25322.050781,0.7744
2017-06-06,1.6,3525.3,25250.429688,0.7745
2017-06-07,1.6,3525.3,25273.160156,0.7716
2017-06-08,1.6,3525.3,25312.699219,0.7718
2017-06-09,1.6,3525.3,25295.449219,0.7848
2017-06-12,1.6,3525.3,25270.990234,0.79
2017-06-13,1.6,3525.3,25401.150391,0.784
2017-06-14,1.6,3525.3,25354.740234,0.7843
2017-06-15,1.6,3525.3,25281.519531,0.7839
2017-06-16,1.6,3525.3,25266.609375,0.7824
2017-06-19,1.6,3525.3,25436.5,0.7851
2017-06-20,1.6,3525.3,25294.880859,0.7919
2017-06-21,1.6,3525.3,25271.320313,0.7891
2017-06-22,1.6,3525.3,25280.480469,0.7884
2017-06-23,1.6,3525.3,25349.119141,0.7863
2017-06-26,1.6,3525.3,25367.619141,0.786
2017-06-27,1.6,3525.3,25165.849609,0.7804
2017-06-28,1.6,3525.3,25398.390625,0.7736
2017-06-29,1.6,3525.3,25193.900391,0.7688
2017-06-30,1.6,3525.3,25230.410156,0.7681
2017-07-03,1.7,3547.3,25285.080078,0.7727
2017-07-05,1.7,3547.3,25305.330078,0.7731
2017-07-06,1.7,3547.3,25059.75,0.7709
2017-07-07,1.7,3547.3,25219.160156,0.7759
2017-07-10,1.7,3547.3,25227.300781,0.7764
2017-07-11,1.7,3547.3,25229.449219,0.7783
2017-07-12,1.7,3547.3,25411.009766,0.7761
2017-07-13,1.7,3547.3,25456.980469,0.7728
2017-07-14,1.7,3547.3,25569.929688,0.7634
2017-07-17,1.7,3547.3,25577.5,0.7659
2017-07-18,1.7,3547.3,25587.720703,0.7668
2017-07-19,1.7,3547.3,25728.679688,0.7678
2017-07-20,1.7,3547.3,25728.630859,0.7708
2017-07-21,1.7,3547.3,25711.949219,0.7693
2017-07-24,1.7,3547.3,25766.199219,0.7676
2017-07-25,1.7,3547.3,25806.189453,0.7678
2017-07-26,1.7,3547.3,25705.859375,0.7621
2017-07-27,1.7,3547.3,25748.800781,0.7654
2017-07-28,1.7,3547.3,25711.990234,0.7613
2017-07-31,1.7,3547.3,25685.189453,0.7566
2017-08-01,1.9,3586.5,25755.580078,0.7573
2017-08-02,1.9,3586.5,25731.929688,0.7562
2017-08-03,1.9,3586.5,25652.830078,0.7612
2017-08-04,1.9,3586.5,25710.109375,0.767
2017-08-07,1.9,3586.5,25745.390625,0.7672
2017-08-08,1.9,3586.5,25670.039063,0.7696
2017-08-09,1.9,3586.5,25634.289063,0.769
2017-08-10,1.9,3586.5,25251.880859,0.7706
2017-08-11,1.9,3586.5,25291.140625,0.7687
2017-08-14,1.9,3586.5,25547.519531,0.7714
2017-08-15,1.9,3586.5,25510.710938,0.777
2017-08-16,1.9,3586.5,25546.699219,0.7757
2017-08-17,1.9,3586.5,25154.269531,0.7771
2017-08-18,1.9,3586.5,25107.810547,0.7769
2017-08-21,1.9,3586.5,25137.400391,0.7752
2017-08-22,1.9,3586.5,25386.439453,0.7798
2017-08-23,1.9,3586.5,25319.630859,0.7812
2017-08-24,1.9,3586.5,25283.880859,0.7812
2017-08-25,1.9,3586.5,25334.830078,0.7763
2017-08-28,1.9,3586.5,25346.060547,0.7732
2017-08-29,1.9,3586.5,25352.050781,0.774
2017-08-30,1.9,3586.5,25496.810547,0.7737
2017-08-31,1.9,3586.5,25657.960938,0.7733
2017-09-01,2.2,3570.5,25717.289063,0.7721
2017-09-05,2.2,3570.5,25524.660156,0.7673
2017-09-06,2.2,3570.5,25595.699219,0.7668
2017-09-07,2.2,3570.5,25576.25,0.7633
2017-09-08,2.2,3570.5,25536.410156,0.7577
2017-09-11,2.2,3570.5,25810.109375,0.7598
2017-09-12,2.2,3570.5,25910.160156,0.7527
2017-09-13,2.2,3570.5,25920.800781,0.757
2017-09-14,2.2,3570.5,25896.910156,0.7464
2017-09-15,2.2,3570.5,25939.460938,0.7357
2017-09-18,2.2,3570.5,25962.279297,0.7411
2017-09-19,2.2,3570.5,26023.230469,0.7401
2017-09-20,2.2,3570.5,26050.029297,0.7411
2017-09-21,2.2,3570.5,25982.109375,0.7364
2017-09-22,2.2,3570.5,26001.279297,0.7408
2017-09-25,2.2,3570.5,25956.869141,0.7425
2017-09-26,2.2,3570.5,25967.050781,0.743
2017-09-27,2.2,3570.5,26114.740234,0.747
2017-09-28,2.2,3570.5,26143.869141,0.744
2017-09-29,2.2,3570.5,26233.339844,0.7465
2017-10-02,2.0,3607.8,26356.259766,0.7532
2017-10-03,2.0,3607.8,26425.210938,0.7554
2017-10-04,2.0,3607.8,26429.839844,0.7549
2017-10-05,2.0,3607.8,26587.289063,0.7624
2017-10-06,2.0,3607.8,26548.890625,0.7651
2017-10-09,2.0,3607.8,26496.820313,0.7609
2017-10-10,2.0,3607.8,26561.349609,0.7573
2017-10-11,2.0,3607.8,26602.119141,0.7561
2017-10-12,2.0,3607.8,26559.349609,0.7539
2017-10-13,2.0,3607.8,26577.929688,0.7527
2017-10-16,2.0,3607.8,26610.210938,0.7545
2017-10-17,2.0,3607.8,26611.220703,0.7582
2017-10-18,2.0,3607.8,26635.380859,0.7572
2017-10-19,2.0,3607.8,26639.890625,0.7598
2017-10-20,2.0,3607.8,26769.730469,0.7583
2017-10-23,2.0,3607.8,26667.189453,0.7577
2017-10-24,2.0,3607.8,26691.820313,0.7614
2017-10-25,2.0,3607.8,26553.880859,0.7539
2017-10-26,2.0,3607.8,26598.630859,0.7599
2017-10-27,2.0,3607.8,26817.339844,0.7617
2017-10-30,2.0,3607.8,26702.970703,0.7572
2017-10-31,2.0,3607.8,26760.189453,0.7528
2017-11-01,2.2,3629.4,26797.259766,0.7549
2017-11-02,2.2,3629.4,26776.519531,0.7658
2017-11-03,2.2,3629.4,26875.0,0.7648
2017-11-06,2.2,3629.4,26900.449219,0.7593
2017-11-07,2.2,3629.4,26855.160156,0.7595
2017-11-08,2.2,3629.4,26892.529297,0.7624
2017-11-09,2.2,3629.4,26781.029297,0.7612
2017-11-10,2.2,3629.4,26774.359375,0.7612
2017-11-13,2.2,3629.4,26789.880859,0.7623
2017-11-14,2.2,3629.4,26719.189453,0.7596
2017-11-15,2.2,3629.4,26582.460938,0.7593
2017-11-16,2.2,3629.4,26850.880859,0.758
2017-11-17,2.2,3629.4,26790.380859,0.7565
2017-11-20,2.2,3629.4,26862.419922,0.7556
2017-11-21,2.2,3629.4,27019.990234,0.7554
2017-11-22,2.2,3629.4,27008.300781,0.7505
2017-11-24,2.2,3629.4,27058.830078,0.75
2017-11-27,2.2,3629.4,27032.689453,0.7508
2017-11-28,2.2,3629.4,27296.220703,0.7495
2017-11-29,2.2,3629.4,27290.130859,0.7458
2017-11-30,2.2,3629.4,27493.380859,0.7392
2017-12-01,2.1,3613.3,27448.009766,0.7425
2017-12-04,2.1,3613.3,27407.099609,0.7418
2017-12-05,2.1,3613.3,27292.550781,0.7438
2017-12-06,2.1,3613.3,27267.419922,0.7468
2017-12-07,2.1,3613.3,27381.289063,0.7421
2017-12-08,2.1,3613.3,27516.669922,0.747
2017-12-11,2.1,3613.3,27594.289063,0.7498
2017-12-12,2.1,3613.3,27619.839844,0.7509
2017-12-13,2.1,3613.3,27626.810547,0.7452
2017-12-14,2.1,3613.3,27503.089844,0.7446
2017-12-15,2.1,3613.3,27734.320313,0.7504
2017-12-18,2.1,3613.3,27871.810547,0.7472
2017-12-19,2.1,3613.3,27821.939453,0.747
2017-12-20,2.1,3613.3,27808.429688,0.7476
2017-12-21,2.1,3613.3,27876.699219,0.7471
2017-12-22,2.1,3613.3,27864.839844,0.7482
2017-12-26,2.1,3613.3,27850.169922,0.7478
2017-12-27,2.1,3613.3,27864.589844,0.7462
2017-12-28,2.1,3613.3,27920.949219,0.744
2017-12-29,2.1,3613.3,27794.169922,0.74
2018-01-02,2.1,3651.1,27991.179688,0.7359
2018-01-03,2.1,3651.1,28181.099609,0.7398
2018-01-04,2.1,3651.1,28273.220703,0.738
2018-01-05,2.1,3651.1,28440.550781,0.7371
2018-01-08,2.1,3651.1,28503.519531,0.737
2018-01-09,2.1,3651.1,28543.949219,0.7386
2018-01-10,2.1,3651.1,28507.080078,0.7404
2018-01-11,2.1,3651.1,28749.099609,0.7386
2018-01-12,2.1,3651.1,28917.669922,0.7284
2018-01-16,2.1,3651.1,28782.320313,0.7252
2018-01-17,2.1,3651.1,29047.160156,0.7229
2018-01-18,2.1,3651.1,28984.769531,0.7198
2018-01-19,2.1,3651.1,29152.189453,0.722
2018-01-22,2.1,3651.1,29392.669922,0.7149
2018-01-23,2.1,3651.1,29472.980469,0.7143
2018-01-24,2.1,3651.1,29434.660156,0.7022
2018-01-25,2.1,3651.1,29450.830078,0.7072
2018-01-26,2.1,3651.1,29760.589844,0.7061
2018-01-29,2.1,3651.1,29551.089844,0.7106
2018-01-30,2.1,3651.1,29254.839844,0.7067
2018-01-31,2.1,3651.1,29237.480469,0.7046
2018-02-01,2.2,3614.4,29228.470703,0.7011
2018-02-02,2.2,3614.4,28616.359375,0.7083
2018-02-05,2.2,3614.4,27490.810547,0.7163
2018-02-06,2.2,3614.4,27930.839844,0.7168
2018-02-07,2.2,3614.4,27824.859375,0.7204
2018-02-08,2.2,3614.4,26822.109375,0.7187
2018-02-09,2.2,3614.4,27159.390625,0.723
2018-02-12,2.2,3614.4,27526.609375,0.7226
2018-02-13,2.2,3614.4,27607.759766,0.7198
2018-02-14,2.2,3614.4,28004.589844,0.7142
2018-02-15,2.2,3614.4,28331.169922,0.7093
2018-02-16,2.2,3614.4,28337.619141,0.713
2018-02-20,2.2,3614.4,28187.630859,0.7145
2018-02-21,2.2,3614.4,27972.970703,0.7185
2018-02-22,2.2,3614.4,27980.300781,0.7165
2018-02-23,2.2,3614.4,28410.099609,0.7158
2018-02-26,2.2,3614.4,28709.439453,0.7159
2018-02-27,2.2,3614.4,28339.839844,0.7189
2018-02-28,2.2,3614.4,28117.019531,0.7266
2018-03-01,2.4,3664.5,27696.470703,0.726
2018-03-02,2.4,3664.5,27879.390625,0.7246
2018-03-05,2.4,3664.5,28183.689453,0.7221
2018-03-06,2.4,3664.5,28284.609375,0.7202
2018-03-07,2.4,3664.5,28285.720703,0.7191
2018-03-08,2.4,3664.5,28404.199219,0.7241
2018-03-09,2.4,3664.5,28859.550781,0.7221
2018-03-12,2.4,3664.5,28863.880859,0.7191
2018-03-13,2.4,3664.5,28680.119141,0.7162
2018-03-14,2.4,3664.5,28528.519531,0.7162
2018-03-15,2.4,3664.5,28466.25,0.7176
2018-03-16,2.4,3664.5,28545.179688,0.7171
2018-03-19,2.4,3664.5,28098.289063,0.713
2018-03-20,2.4,3664.5,28189.800781,0.7144
2018-03-21,2.4,3664.5,28165.650391,0.7072
2018-03-22,2.4,3664.5,27476.910156,0.7094
2018-03-23,2.4,3664.5,26912.640625,0.7076
2018-03-26,2.4,3664.5,27605.570313,0.7028
2018-03-27,2.4,3664.5,27108.480469,0.7062
2018-03-28,2.4,3664.5,27037.060547,0.7104
2018-03-29,2.4,3664.5,27410.720703,0.7132
2018-04-02,2.5,3656.6,26794.310547,0.712
2018-04-03,2.5,3656.6,27117.039063,0.7114
2018-04-04,2.5,3656.6,27420.689453,0.7102
2018-04-05,2.5,3656.6,27618.660156,0.7142
2018-04-06,2.5,3656.6,27049.449219,0.7096
2018-04-09,2.5,3656.6,27108.929688,0.7076
2018-04-10,2.5,3656.6,27570.759766,0.7055
2018-04-11,2.5,3656.6,27467.679688,0.7053
2018-04-12,2.5,3656.6,27658.820313,0.7029
2018-04-13,2.5,3656.6,27559.949219,0.7025
2018-04-16,2.5,3656.6,27797.109375,0.6974
2018-04-17,2.5,3656.6,28099.650391,0.6998
2018-04-18,2.5,3656.6,28141.519531,0.7041
2018-04-19,2.5,3656.6,27995.009766,0.71
2018-04-20,2.5,3656.6,27775.400391,0.7143
2018-04-23,2.5,3656.6,27787.210938,0.7173
2018-04-24,2.5,3656.6,27421.160156,0.7153
2018-04-25,2.5,3656.6,27446.060547,0.7178
2018-04-26,2.5,3656.6,27721.929688,0.7187
2018-04-27,2.5,3656.6,27734.710938,0.7255
2018-04-30,2.5,3656.6,27520.949219,0.7265
2018-05-01,2.8,3654.0,27592.560547,0.7346
2018-05-02,2.8,3654.0,27422.880859,0.7368
2018-05-03,2.8,3654.0,27347.5,0.7366
2018-05-04,2.8,3654.0,27699.070313,0.739
2018-05-07,2.8,3654.0,27815.669922,0.7377
2018-05-08,2.8,3654.0,27828.599609,0.7381
2018-05-09,2.8,3654.0,28078.619141,0.7382
2018-05-10,2.8,3654.0,28309.830078,0.7398
2018-05-11,2.8,3654.0,28353.380859,0.7385
2018-05-14,2.8,3654.0,28362.029297,0.7376
2018-05-15,2.8,3654.0,28197.869141,0.7405
2018-05-16,2.8,3654.0,28322.990234,0.7414
2018-05-17,2.8,3654.0,28328.839844,0.7398
2018-05-18,2.8,3654.0,28266.589844,0.7426
2018-05-21,2.8,3654.0,28498.679688,0.745
2018-05-22,2.8,3654.0,28360.039063,0.7445
2018-05-23,2.8,3654.0,28444.169922,0.7491
2018-05-24,2.8,3654.0,28391.119141,0.7474
2018-05-25,2.8,3654.0,28335.519531,0.7518
2018-05-29,2.8,3654.0,28057.789063,0.7549
2018-05-30,2.8,3654.0,28414.769531,0.7529
2018-05-31,2.8,3654.0,28218.460938,0.7521
2018-06-01,2.9,3655.6,28498.619141,0.749
2018-06-04,2.9,3655.6,28654.259766,0.7512
2018-06-05,2.9,3655.6,28700.720703,0.7466
2018-06-06,2.9,3655.6,28935.169922,0.7455
2018-06-07,2.9,3655.6,28896.839844,0.745
2018-06-08,2.9,3655.6,28987.279297,0.7455
2018-06-11,2.9,3655.6,29026.630859,0.7474
2018-06-12,2.9,3655.6,29098.019531,0.7479
2018-06-13,2.9,3655.6,28983.390625,0.7477
2018-06-14,2.9,3655.6,29065.849609,0.7541
2018-06-15,2.9,3655.6,29036.089844,0.7529
2018-06-18,2.9,3655.6,29021.330078,0.755
2018-06-19,2.9,3655.6,28946.490234,0.759
2018-06-20,2.9,3655.6,29024.900391,0.7591
2018-06-21,2.9,3655.6,28784.179688,0.7552
2018-06-22,2.9,3655.6,28827.679688,0.7539
2018-06-25,2.9,3655.6,28406.419922,0.753
2018-06-26,2.9,3655.6,28494.210938,0.7563
2018-06-27,2.9,3655.6,28212.980469,0.7626
2018-06-28,2.9,3655.6,28370.080078,0.7646
2018-06-29,2.9,3655.6,28394.130859,0.7573
2018-07-02,2.9,3681.5,28481.949219,0.7609
2018-07-03,2.9,3681.5,28376.980469,0.7579
2018-07-05,2.9,3681.5,28621.509766,0.7562
2018-07-06,2.9,3681.5,28869.279297,0.7527
2018-07-09,2.9,3681.5,29111.710938,0.7541
2018-07-10,2.9,3681.5,29159.720703,0.7534
2018-07-11,2.9,3681.5,28983.660156,0.7572
2018-07-12,2.9,3681.5,29234.449219,0.7572
2018-07-13,2.9,3681.5,29261.380859,0.7556
2018-07-16,2.9,3681.5,29223.599609,0.7556
2018-07-17,2.9,3681.5,29340.410156,0.7624
2018-07-18,2.9,3681.5,29438.660156,0.7651
2018-07-19,2.9,3681.5,29326.269531,0.7684
2018-07-20,2.9,3681.5,29287.109375,0.7616
2018-07-23,2.9,3681.5,29363.210938,0.7633
2018-07-24,2.9,3681.5,29391.419922,0.7607
2018-07-25,2.9,3681.5,29635.699219,0.7583
2018-07-26,2.9,3681.5,29570.720703,0.7628
2018-07-27,2.9,3681.5,29321.740234,0.7631
2018-07-30,2.9,3681.5,29130.650391,0.7615
2018-07-31,2.9,3681.5,29295.75,0.7619
2018-08-01,2.7,3695.0,29262.919922,0.7618
2018-08-02,2.7,3695.0,29454.939453,0.7682
2018-08-03,2.7,3695.0,29554.140625,0.7692
2018-08-06,2.7,3695.0,29689.150391,0.7726
2018-08-07,2.7,3695.0,29764.560547,0.7728
2018-08-08,2.7,3695.0,29759.25,0.7762
2018-08-09,2.7,3695.0,29747.470703,0.7797
2018-08-10,2.7,3695.0,29566.849609,0.7829
2018-08-13,2.7,3695.0,29428.859375,0.7835
2018-08-14,2.7,3695.0,29639.890625,0.7862
2018-08-15,2.7,3695.0,29369.509766,0.7876
2018-08-16,2.7,3695.0,29610.050781,0.7866
2018-08-17,2.7,3695.0,29709.699219,0.7844
2018-08-20,2.7,3695.0,29807.230469,0.7815
2018-08-21,2.7,3695.0,29877.109375,0.775
2018-08-22,2.7,3695.0,29889.960938,0.7744
2018-08-23,2.7,3695.0,29830.980469,0.7803
2018-08-24,2.7,3695.0,30014.720703,0.7781
2018-08-27,2.7,3695.0,30222.429688,0.7756
2018-08-28,2.7,3695.0,30201.929688,0.7767
2018-08-29,2.7,3695.0,30384.509766,0.7677
2018-08-30,2.7,3695.0,30257.050781,0.7686
2018-08-31,2.7,3695.0,30274.529297,0.7717
2018-09-04,2.3,3702.2,30226.710938,0.7779
2018-09-05,2.3,3702.2,30119.070313,0.7748
2018-09-06,2.3,3702.2,29990.089844,0.7734
2018-09-07,2.3,3702.2,29919.289063,0.7739
2018-09-10,2.3,3702.2,29991.330078,0.7677
2018-09-11,2.3,3702.2,30103.550781,0.7673
2018-09-12,2.3,3702.2,30117.060547,0.7665
2018-09-13,2.3,3702.2,30245.400391,0.7629
2018-09-14,2.3,3702.2,30275.519531,0.7653
2018-09-17,2.3,3702.2,30068.730469,0.7599
2018-09-18,2.3,3702.2,30226.390625,0.7606
2018-09-19,2.3,3702.2,30232.349609,0.7608
2018-09-20,2.3,3702.2,30462.289063,0.7537
2018-09-24,2.3,3702.2,30313.359375,0.7622
2018-09-25,2.3,3702.2,30302.599609,0.7584
2018-09-26,2.3,3702.2,30171.919922,0.7595
2018-09-27,2.3,3702.2,30250.869141,0.7647
2018-09-28,2.3,3702.2,30259.820313,0.7675
2018-10-01,2.5,3726.1,30279.310547,0.7667
2018-10-02,2.5,3726.1,30255.009766,0.7704
2018-10-03,2.5,3726.1,30294.910156,0.7728
2018-10-04,2.5,3726.1,30005.699219,0.768
2018-10-05,2.5,3726.1,29823.029297,0.7622
2018-10-08,2.5,3726.1,29788.140625,0.7637
2018-10-09,2.5,3726.1,29734.900391,0.7607
2018-10-10,2.5,3726.1,28767.480469,0.758
2018-10-11,2.5,3726.1,28198.470703,0.7555
2018-10-12,2.5,3726.1,28568.929688,0.7602
2018-10-15,2.5,3726.1,28445.419922,0.7604
2018-10-16,2.5,3726.1,29082.400391,0.7584
2018-10-17,2.5,3726.1,29056.220703,0.7624
2018-10-18,2.5,3726.1,28622.130859,0.7681
2018-10-22,2.5,3726.1,28447.550781,0.7712
2018-10-23,2.5,3726.1,28279.619141,0.7702
2018-10-24,2.5,3726.1,27378.970703,0.7763
2018-10-25,2.5,3726.1,27897.460938,0.7802
2018-10-26,2.5,3726.1,27427.140625,0.7793
2018-10-29,2.5,3726.1,27228.070313,0.7818
2018-10-30,2.5,3726.1,27669.640625,0.7869
2018-10-31,2.5,3726.1,27980.900391,0.7835
2018-11-01,2.2,3704.2,28333.060547,0.7689
2018-11-02,2.2,3704.2,28177.009766,0.771
2018-11-05,2.2,3704.2,28302.140625,0.7667
2018-11-06,2.2,3704.2,28467.25,0.7632
2018-11-07,2.2,3704.2,29051.699219,0.7617
2018-11-08,2.2,3704.2,28962.560547,0.7655
2018-11-09,2.2,3704.2,28668.119141,0.7708
2018-11-12,2.2,3704.2,28104.130859,0.7782
2018-11-13,2.2,3704.2,28061.179688,0.7709
2018-11-14,2.2,3704.2,27853.779297,0.7697
2018-11-15,2.2,3704.2,28158.859375,0.7828
2018-11-16,2.2,3704.2,28206.179688,0.7791
2018-11-19,2.2,3704.2,27702.310547,0.7781
2018-11-20,2.2,3704.2,27202.929688,0.782
2018-11-21,2.2,3704.2,27345.480469,0.7826
2018-11-23,2.2,3704.2,27196.570313,0.7803
2018-11-26,2.2,3704.2,27618.789063,0.7807
2018-11-27,2.2,3704.2,27644.919922,0.7847
2018-11-28,2.2,3704.2,28293.099609,0.7798
2018-11-29,2.2,3704.2,28234.279297,0.7819
2018-11-30,2.2,3704.2,28448.869141,0.7842
2018-12-03,1.9,3764.3,28768.570313,0.7859
2018-12-04,1.9,3764.3,27796.929688,0.7856
2018-12-06,1.9,3764.3,27775.789063,0.7823
2018-12-07,1.9,3764.3,27143.859375,0.7854
2018-12-10,1.9,3764.3,27160.109375,0.7961
2018-12-11,1.9,3764.3,27140.359375,0.8008
2018-12-12,1.9,3764.3,27302.519531,0.792
2018-12-13,1.9,3764.3,27240.019531,0.7901
2018-12-14,1.9,3764.3,26749.339844,0.7945
2018-12-17,1.9,3764.3,26160.160156,0.7924
2018-12-18,1.9,3764.3,26158.230469,0.791
2018-12-19,1.9,3764.3,25752.599609,0.7931
2018-12-20,1.9,3764.3,25333.390625,0.7899
2018-12-21,1.9,3764.3,24792.949219,0.7915
2018-12-24,1.9,3764.3,24151.429688,0.786
2018-12-26,1.9,3764.3,25366.849609,0.7916
2018-12-27,1.9,3764.3,25551.630859,0.7909
2018-12-28,1.9,3764.3,25541.169922,0.7873
2018-12-31,1.9,3764.3,25749.720703,0.7838
2019-01-02,1.6,3744.4,25794.720703,0.7931
2019-01-03,1.6,3744.4,25200.509766,0.7915
2019-01-04,1.6,3744.4,26080.800781,0.7859
2019-01-07,1.6,3744.4,26331.380859,0.7827
2019-01-08,1.6,3744.4,26613.789063,0.7865
2019-01-09,1.6,3744.4,26741.410156,0.7819
2019-01-10,1.6,3744.4,26853.720703,0.7843
2019-01-11,1.6,3744.4,26855.230469,0.7786
2019-01-14,1.6,3744.4,26697.689453,0.7772
2019-01-15,1.6,3744.4,26979.599609,0.7776
2019-01-16,1.6,3744.4,27059.560547,0.7764
2019-01-17,1.6,3744.4,27266.449219,0.77
2019-01-18,1.6,3744.4,27617.279297,0.7767
2019-01-22,1.6,3744.4,27214.480469,0.7719
2019-01-23,1.6,3744.4,27256.949219,0.7652
2019-01-24,1.6,3744.4,27323.830078,0.7654
2019-01-25,1.6,3744.4,27580.240234,0.7575
2019-01-28,1.6,3744.4,27384.119141,0.76
2019-01-29,1.6,3744.4,27336.810547,0.7653
2019-01-30,1.6,3744.4,27741.539063,0.7624
2019-01-31,1.6,3744.4,27992.410156,0.7627
2019-02-01,1.5,3751.2,28026.699219,0.7643
2019-02-04,1.5,3751.2,28232.810547,0.7671
2019-02-05,1.5,3751.2,28362.589844,0.7722
2019-02-06,1.5,3751.2,28292.560547,0.7733
2019-02-07,1.5,3751.2,28038.619141,0.7721
2019-02-08,1.5,3751.2,28056.580078,0.7725
2019-02-11,1.5,3751.2,28103.919922,0.7776
2019-02-12,1.5,3751.2,28462.490234,0.7757
2019-02-13,1.5,3751.2,28548.529297,0.7786
2019-02-14,1.5,3751.2,28493.259766,0.7812
2019-02-15,1.5,3751.2,28804.289063,0.7758
2019-02-19,1.5,3751.2,28862.429688,0.7655
2019-02-20,1.5,3751.2,28905.490234,0.7664
2019-02-21,1.5,3751.2,28799.300781,0.7666
2019-02-22,1.5,3751.2,28986.289063,0.7659
2019-02-25,1.5,3751.2,29021.310547,0.7635
2019-02-26,1.5,3751.2,28970.369141,0.7546
2019-02-27,1.5,3751.2,28990.720703,0.7514
2019-02-28,1.5,3751.2,28903.300781,0.754
2019-03-01,1.9,3735.0,29102.589844,0.757
2019-03-04,1.9,3735.0,28963.169922,0.7587
2019-03-05,1.9,3735.0,28923.109375,0.7588
2019-03-06,1.9,3735.0,28686.550781,0.7593
2019-03-07,1.9,3735.0,28463.0,0.764
2019-03-08,1.9,3735.0,28402.189453,0.7684
2019-03-11,1.9,3735.0,28828.740234,0.7603
2019-03-12,1.9,3735.0,28905.089844,0.7648
2019-03-13,1.9,3735.0,29095.580078,0.7498
2019-03-14,1.9,3735.0,29064.429688,0.7552
2019-03-15,1.9,3735.0,29193.75,0.7524
2019-03-18,1.9,3735.0,29322.710938,0.7544
2019-03-19,1.9,3735.0,29297.550781,0.7536
2019-03-20,1.9,3735.0,29200.550781,0.7577
2019-03-21,1.9,3735.0,29530.240234,0.7628
2019-03-22,1.9,3735.0,28909.550781,0.7569
2019-03-25,1.9,3735.0,28891.560547,0.7577
2019-03-26,1.9,3735.0,29110.699219,0.7573
2019-03-27,1.9,3735.0,28967.789063,0.7582
2019-03-28,1.9,3735.0,29083.830078,0.7666
2019-03-29,1.9,3735.0,29266.910156,0.7671
2019-04-01,2.0,3779.3,29607.429688,0.7632
2019-04-02,2.0,3779.3,29565.169922,0.7614
2019-04-03,2.0,3779.3,29680.519531,0.7599
2019-04-04,2.0,3779.3,29727.230469,0.7648
2019-04-05,2.0,3779.3,29887.039063,0.767
2019-04-08,2.0,3779.3,29908.900391,0.7655
2019-04-09,2.0,3779.3,29710.980469,0.766
2019-04-10,2.0,3779.3,29860.769531,0.7639
2019-04-11,2.0,3779.3,29866.009766,0.766
2019-04-12,2.0,3779.3,30059.939453,0.7643
2019-04-15,2.0,3779.3,30030.550781,0.7634
2019-04-16,2.0,3779.3,30047.660156,0.7663
2019-04-17,2.0,3779.3,29943.640625,0.7663
2019-04-18,2.0,3779.3,29981.130859,0.7698
2019-04-22,2.0,3779.3,30010.029297,0.7703
2019-04-23,2.0,3779.3,30300.710938,0.7729
2019-04-24,2.0,3779.3,30247.300781,0.7751
2019-04-25,2.0,3779.3,30208.630859,0.7751
2019-04-26,2.0,3779.3,30371.119141,0.7741
2019-04-29,2.0,3779.3,30415.550781,0.7729
2019-04-30,2.0,3779.3,30410.019531,0.7673
2019-05-01,1.8,3788.0,30181.0,0.7662
2019-05-02,1.8,3788.0,30127.5,0.7673
2019-05-03,1.8,3788.0,30460.589844,0.7591
2019-05-06,1.8,3788.0,30343.699219,0.7635
2019-05-07,1.8,3788.0,29837.119141,0.7648
2019-05-08,1.8,3788.0,29779.390625,0.7688
2019-05-09,1.8,3788.0,29694.400391,0.7686
2019-05-10,1.8,3788.0,29801.599609,0.7692
2019-05-13,1.8,3788.0,29041.400391,0.7717
2019-05-14,1.8,3788.0,29299.990234,0.7748
2019-05-15,1.8,3788.0,29471.339844,0.7785
2019-05-16,1.8,3788.0,29729.880859,0.7815
2019-05-17,1.8,3788.0,29521.599609,0.7867
2019-05-20,1.8,3788.0,29318.080078,0.7858
2019-05-21,1.8,3788.0,29586.849609,0.787
2019-05-22,1.8,3788.0,29476.820313,0.7898
2019-05-23,1.8,3788.0,29081.570313,0.7901
2019-05-24,1.8,3788.0,29147.589844,0.7867
2019-05-28,1.8,3788.0,28918.919922,0.7902
2019-05-29,1.8,3788.0,28710.150391,0.7919
2019-05-30,1.8,3788.0,28748.310547,0.7931
2019-05-31,1.8,3788.0,28369.390625,0.7915
2019-06-03,1.6,3832.1,28258.679688,0.7896
2019-06-04,1.6,3832.1,28904.919922,0.7874
2019-06-05,1.6,3832.1,29101.189453,0.7882
2019-06-06,1.6,3832.1,29249.820313,0.7877
2019-06-07,1.6,3832.1,29545.539063,0.7851
2019-06-10,1.6,3832.1,29698.699219,0.7883
2019-06-11,1.6,3832.1,29674.550781,0.7857
2019-06-12,1.6,3832.1,29622.089844,0.788
2019-06-13,1.6,3832.1,29763.599609,0.789
2019-06-14,1.6,3832.1,29684.75,0.7943
2019-06-17,1.6,3832.1,29735.380859,0.7978
2019-06-18,1.6,3832.1,30028.669922,0.7962
2019-06-19,1.6,3832.1,30128.960938,0.791
2019-06-20,1.6,3832.1,30394.599609,0.7873
2019-06-21,1.6,3832.1,30321.869141,0.7847
2019-06-24,1.6,3832.1,30216.279297,0.7848
2019-06-25,1.6,3832.1,29927.080078,0.7881
2019-06-26,1.6,3832.1,29892.220703,0.7881
2019-06-27,1.6,3832.1,30069.410156,0.7891
2019-06-28,1.6,3832.1,30268.050781,0.7877
2019-07-01,1.8,3865.0,30485.460938,0.7913
2019-07-02,1.8,3865.0,30551.830078,0.794
2019-07-03,1.8,3865.0,30794.650391,0.7955
2019-07-05,1.8,3865.0,30763.720703,0.7984
2019-07-08,1.8,3865.0,30598.140625,0.7988
2019-07-09,1.8,3865.0,30654.929688,0.8024
2019-07-10,1.8,3865.0,30785.650391,0.7998
2019-07-11,1.8,3865.0,30829.570313,0.7986
2019-07-12,1.8,3865.0,30984.929688,0.7955
2019-07-15,1.8,3865.0,30978.349609,0.7989
2019-07-16,1.8,3865.0,30884.210938,0.8059
2019-07-17,1.8,3865.0,30691.699219,0.8043
2019-07-18,1.8,3865.0,30788.509766,0.7969
2019-07-19,1.8,3865.0,30607.580078,0.7999
2019-07-22,1.8,3865.0,30687.689453,0.8015
2019-07-23,1.8,3865.0,30888.560547,0.8039
2019-07-24,1.8,3865.0,31086.140625,0.8011
2019-07-25,1.8,3865.0,30895.400391,0.803
2019-07-26,1.8,3865.0,31146.519531,0.8076
2019-07-29,1.8,3865.0,31046.630859,0.8185
2019-07-30,1.8,3865.0,31005.359375,0.823
2019-07-31,1.8,3865.0,30684.820313,0.8225
2019-08-01,1.7,3862.0,30376.890625,0.8282
2019-08-02,1.7,3862.0,30120.890625,0.8222
2019-08-05,1.7,3862.0,29213.539063,0.8237
2019-08-06,1.7,3862.0,29578.640625,0.8218
2019-08-07,1.7,3862.0,29605.839844,0.8236
2019-08-08,1.7,3862.0,30177.570313,0.8241
2019-08-09,1.7,3862.0,29945.650391,0.8314
2019-08-12,1.7,3862.0,29561.099609,0.8282
2019-08-13,1.7,3862.0,29979.519531,0.8292
2019-08-14,1.7,3862.0,29107.050781,0.8293
2019-08-15,1.7,3862.0,29156.380859,0.8275
2019-08-16,1.7,3862.0,29597.939453,0.8232
2019-08-19,1.7,3862.0,29938.939453,0.8245
2019-08-20,1.7,3862.0,29715.75,0.8216
2019-08-21,1.7,3862.0,29961.009766,0.8247
2019-08-22,1.7,3862.0,29936.820313,0.8161
2019-08-23,1.7,3862.0,29154.109375,0.8142
2019-08-26,1.7,3862.0,29461.439453,0.8184
2019-08-27,1.7,3862.0,29326.109375,0.8137
2019-08-28,1.7,3862.0,29523.630859,0.8189
2019-08-29,1.7,3862.0,29911.060547,0.8209
2019-08-30,1.7,3862.0,29925.349609,0.8223
2019-09-03,1.7,3901.2,29691.580078,0.8276
2019-09-04,1.7,3901.2,30014.289063,0.8159
2019-09-05,1.7,3901.2,30407.210938,0.811
2019-09-06,1.7,3901.2,30398.679688,0.814
2019-09-09,1.7,3901.2,30426.150391,0.81
2019-09-10,1.7,3901.2,30467.949219,0.8094
2019-09-11,1.7,3901.2,30722.720703,0.8111
2019-09-12,1.7,3901.2,30785.630859,0.8107
2019-09-13,1.7,3901.2,30764.5,0.7998
2019-09-16,1.7,3901.2,30717.919922,0.8046
2019-09-17,1.7,3901.2,30780.630859,0.8
2019-09-18,1.7,3901.2,30762.580078,0.8018
2019-09-19,1.7,3901.2,30750.099609,0.7986
2019-09-20,1.7,3901.2,30609.519531,0.8013
2019-09-23,1.7,3901.2,30606.5,0.8043
2019-09-24,1.7,3901.2,30302.320313,0.8004
2019-09-25,1.7,3901.2,30506.5,0.8097
2019-09-26,1.7,3901.2,30394.449219,0.8111
2019-09-27,1.7,3901.2,30204.050781,0.8137
2019-09-30,1.7,3901.2,30351.919922,0.8133
2019-10-01,1.8,3931.6,29815.980469,0.8125
2019-10-02,1.8,3931.6,29461.189453,0.8131
2019-10-03,1.8,3931.6,29698.589844,0.8111
2019-10-04,1.8,3931.6,30092.890625,0.8108
2019-10-07,1.8,3931.6,29976.5,0.8135
2019-10-08,1.8,3931.6,29504.890625,0.8184
2019-10-09,1.8,3931.6,29755.060547,0.8193
2019-10-10,1.8,3931.6,29924.419922,0.8036
2019-10-11,1.8,3931.6,30278.029297,0.7906
2019-10-14,1.8,3931.6,30225.699219,0.7932
2019-10-15,1.8,3931.6,30524.240234,0.7822
2019-10-16,1.8,3931.6,30450.929688,0.7795
2019-10-17,1.8,3931.6,30561.640625,0.7758
2019-10-18,1.8,3931.6,30432.730469,0.7708
2019-10-21,1.8,3931.6,30650.019531,0.7716
2019-10-22,1.8,3931.6,30544.800781,0.7768
2019-10-23,1.8,3931.6,30622.650391,0.7744
2019-10-24,1.8,3931.6,30699.539063,0.7781
2019-10-25,1.8,3931.6,30836.220703,0.7795
2019-10-28,1.8,3931.6,31009.269531,0.7776
2019-10-29,1.8,3931.6,30978.759766,0.7771
2019-10-30,1.8,3931.6,31062.980469,0.7752
2019-10-31,1.8,3931.6,30945.630859,0.7727
2019-11-01,2.1,3952.8,31267.179688,0.7729
2019-11-04,2.1,3952.8,31384.199219,0.7762
2019-11-05,2.1,3952.8,31351.539063,0.7762
2019-11-06,2.1,3952.8,31332.410156,0.7779
2019-11-07,2.1,3952.8,31417.259766,0.7803
2019-11-08,2.1,3952.8,31505.019531,0.7828
2019-11-11,2.1,3952.8,31447.589844,0.778
2019-11-12,2.1,3952.8,31488.119141,0.7786
2019-11-13,2.1,3952.8,31497.259766,0.7781
2019-11-14,2.1,3952.8,31520.75,0.7764
2019-11-15,2.1,3952.8,31751.880859,0.775
2019-11-18,2.1,3952.8,31760.490234,0.772
2019-11-19,2.1,3952.8,31769.099609,0.7736
2019-11-20,2.1,3952.8,31665.880859,0.7738
2019-11-21,2.1,3952.8,31607.119141,0.7746
2019-11-22,2.1,3952.8,31679.220703,0.7793
2019-11-25,2.1,3952.8,31960.199219,0.7753
2019-11-26,2.1,3952.8,32028.640625,0.7772
2019-11-27,2.1,3952.8,32167.240234,0.7737
2019-11-29,2.1,3952.8,32025.859375,0.7732
2019-12-02,2.3,4008.4,31735.419922,0.7728
2019-12-03,2.3,4008.4,31540.689453,0.7695
2019-12-04,2.3,4008.4,31727.960938,0.763
2019-12-05,2.3,4008.4,31757.929688,0.7599
2019-12-06,2.3,4008.4,32038.980469,0.7612
2019-12-09,2.3,4008.4,31949.199219,0.761
2019-12-10,2.3,4008.4,31921.949219,0.7602
2019-12-11,2.3,4008.4,32001.439453,0.7579
2019-12-12,2.3,4008.4,32258.869141,0.7596
2019-12-13,2.3,4008.4,32241.160156,0.7504
2019-12-16,2.3,4008.4,32479.240234,0.7499
2019-12-17,2.3,4008.4,32503.679688,0.7615
2019-12-18,2.3,4008.4,32508.330078,0.7646
2019-12-19,2.3,4008.4,32654.289063,0.7687
2019-12-20,2.3,4008.4,32811.230469,0.7692
2019-12-23,2.3,4008.4,32840.609375,0.7731
2019-12-24,2.3,4008.4,32844.539063,0.7724
2019-12-26,2.3,4008.4,33006.660156,0.7695
2019-12-27,2.3,4008.4,32976.820313,0.7645
2019-12-30,2.3,4008.4,32788.761719,0.7627
2019-12-31,2.3,4008.4,32886.738281,0.7541
2020-01-02,2.5,3977.6,33142.199219,0.7612
2020-01-03,2.5,3977.6,32943.328125,0.7645
2020-01-06,2.5,3977.6,33065.140625,0.7594
2020-01-07,2.5,3977.6,32988.519531,0.7621
2020-01-08,2.5,3977.6,33134.988281,0.7635
2020-01-09,2.5,3977.6,33333.210938,0.7652
2020-01-10,2.5,3977.6,33237.148438,0.7655
2020-01-13,2.5,3977.6,33487.089844,0.7699
2020-01-14,2.5,3977.6,33469.839844,0.7682
2020-01-15,2.5,3977.6,33534.148438,0.767
2020-01-16,2.5,3977.6,33827.738281,0.7646
2020-01-17,2.5,3977.6,33917.378906,0.7695
2020-01-21,2.5,3977.6,33817.589844,0.7663
2020-01-22,2.5,3977.6,33828.628906,0.7609
2020-01-23,2.5,3977.6,33862.46875,0.7618
2020-01-24,2.5,3977.6,33539.558594,0.7649
2020-01-27,2.5,3977.6,33028.761719,0.7659
2020-01-28,2.5,3977.6,33357.519531,0.7676
2020-01-29,2.5,3977.6,33322.078125,0.768
2020-01-30,2.5,3977.6,33418.148438,0.7638
2020-01-31,2.5,3977.6,32838.191406,0.7572
2020-02-03,2.3,3979.6,33099.019531,0.7693
2020-02-04,2.3,3979.6,33609.679688,0.7674
2020-02-05,2.3,3979.6,33923.800781,0.7691
2020-02-06,2.3,3979.6,34012.210938,0.7735
2020-02-07,2.3,3979.6,33827.980469,0.7761
2020-02-10,2.3,3979.6,34070.179688,0.7743
2020-02-11,2.3,3979.6,34170.949219,0.7721
2020-02-12,2.3,3979.6,34403.238281,0.7717
2020-02-13,2.3,3979.6,34369.851563,0.7666
2020-02-14,2.3,3979.6,34428.339844,0.7666
2020-02-18,2.3,3979.6,34363.171875,0.7694
2020-02-19,2.3,3979.6,34533.941406,0.7739
2020-02-20,2.3,3979.6,34434.660156,0.7763
2020-02-21,2.3,3979.6,34066.28125,0.7716
2020-02-24,2.3,3979.6,32937.519531,0.7734
2020-02-25,2.3,3979.6,31921.689453,0.769
2020-02-26,2.3,3979.6,31741.789063,0.7752
2020-02-27,2.3,3979.6,30385.630859,0.776
2020-02-28,2.3,3979.6,30125.070313,0.7803
2020-03-02,1.5,4260.9,31416.390625,0.7841
2020-03-03,1.5,4260.9,30571.009766,0.7806
2020-03-04,1.5,4260.9,31783.779297,0.7768
2020-03-05,1.5,4260.9,30719.900391,0.772
2020-03-06,1.5,4260.9,30157.910156,0.7665
2020-03-09,1.5,4260.9,27774.990234,0.7621
2020-03-10,1.5,4260.9,29088.029297,0.7747
2020-03-11,1.5,4260.9,27598.910156,0.78
2020-03-12,1.5,4260.9,24909.109375,0.7956
2020-03-13,1.5,4260.9,27142.669922,0.8146
2020-03-16,1.5,4260.9,23818.449219,0.815
2020-03-17,1.5,4260.9,25182.900391,0.8295
2020-03-18,1.5,4260.9,23731.699219,0.861
2020-03-19,1.5,4260.9,24064.359375,0.8707
2020-03-20,1.5,4260.9,23082.449219,0.8592
2020-03-23,1.5,4260.9,22465.140625,0.8663
2020-03-24,1.5,4260.9,24542.519531,0.8506
2020-03-25,1.5,4260.9,24878.580078,0.8415
2020-03-26,1.5,4260.9,26385.400391,0.8194
2020-03-27,1.5,4260.9,25500.570313,0.8034
2020-03-30,1.5,4260.9,26275.339844,0.8055
2020-03-31,1.5,4260.9,25899.929688,0.8056
2020-04-01,0.3,4788.8,24711.150391,0.8087
2020-04-02,0.3,4788.8,25199.640625,0.8068
2020-04-03,0.3,4788.8,24736.259766,0.8153
2020-04-06,0.3,4788.8,26532.080078,0.8176
2020-04-07,0.3,4788.8,26522.189453,0.8107
2020-04-08,0.3,4788.8,27457.050781,0.8074
2020-04-09,0.3,4788.8,27938.929688,0.8026
2020-04-13,0.3,4788.8,27647.759766,0.7998
2020-04-14,0.3,4788.8,28477.369141,0.7922
2020-04-15,0.3,4788.8,27837.820313,0.7987
2020-04-16,0.3,4788.8,27984.949219,0.8029
2020-04-17,0.3,4788.8,28760.230469,0.8
2020-04-20,0.3,4788.8,28286.050781,0.8042
2020-04-21,0.3,4788.8,27433.699219,0.8134
2020-04-22,0.3,4788.8,28061.359375,0.8108
2020-04-23,0.3,4788.8,28096.789063,0.81
2020-04-24,0.3,4788.8,28483.890625,0.8087
2020-04-27,0.3,4788.8,28990.130859,0.8046
2020-04-28,0.3,4788.8,28876.230469,0.8049
2020-04-29,0.3,4788.8,29719.019531,0.8021
2020-04-30,0.3,4788.8,29365.490234,0.794
2020-05-01,0.1,16245.5,28500.609375,0.8004
2020-05-04,0.1,16245.5,28643.630859,0.8036
2020-05-05,0.1,16245.5,28909.880859,0.8042
2020-05-06,0.1,16245.5,28736.480469,0.81
2020-05-07,0.1,16245.5,29113.759766,0.8089
2020-05-08,0.1,16245.5,29670.679688,0.8062
2020-05-11,0.1,16245.5,29667.720703,0.8108
2020-05-12,0.1,16245.5,29027.839844,0.8157
2020-05-13,0.1,16245.5,28467.410156,0.8173
2020-05-14,0.1,16245.5,28779.609375,0.8175
2020-05-15,0.1,16245.5,28934.880859,0.826
2020-05-18,0.1,16245.5,29900.070313,0.82
2020-05-19,0.1,16245.5,29599.650391,0.8162
2020-05-20,0.1,16245.5,30125.380859,0.8172
2020-05-21,0.1,16245.5,29925.890625,0.8183
2020-05-22,0.1,16245.5,30016.300781,0.8223
2020-05-26,0.1,16245.5,30417.480469,0.8108
2020-05-27,0.1,16245.5,30887.279297,0.8158
2020-05-28,0.1,16245.5,30764.050781,0.8116
2020-05-29,0.1,16245.5,30927.039063,0.8098
2020-06-01,0.6,16574.1,31108.109375,0.8005
2020-06-02,0.6,16574.1,31365.939453,0.7968
2020-06-03,0.6,16574.1,31830.140625,0.7952
2020-06-04,0.6,16574.1,31714.769531,0.794
2020-06-05,0.6,16574.1,32525.310547,0.7894
2020-06-08,0.6,16574.1,32991.738281,0.7859
2020-06-09,0.6,16574.1,32685.529297,0.7856
2020-06-10,0.6,16574.1,32465.990234,0.7846
2020-06-11,0.6,16574.1,30532.189453,0.7935
2020-06-12,0.6,16574.1,30947.189453,0.7975
2020-06-15,0.6,16574.1,31288.839844,0.7933
2020-06-16,0.6,16574.1,31871.970703,0.7955
2020-06-17,0.6,16574.1,31728.730469,0.7965
2020-06-18,0.6,16574.1,31772.509766,0.805
2020-06-19,0.6,16574.1,31612.050781,0.8098
2020-06-22,0.6,16574.1,31821.410156,0.8019
2020-06-23,0.6,16574.1,31946.179688,0.7987
2020-06-24,0.6,16574.1,31105.619141,0.8051
2020-06-25,0.6,16574.1,31454.320313,0.8052
2020-06-26,0.6,16574.1,30683.800781,0.8107
2020-06-29,0.6,16574.1,31144.910156,0.8132
2020-06-30,0.6,16574.1,31630.509766,0.8064
2020-07-01,1.0,16774.5,31739.099609,0.8016
2020-07-02,1.0,16774.5,31876.75,0.8021
2020-07-06,1.0,16774.5,32379.099609,0.8005
2020-07-07,1.0,16774.5,32083.880859,0.7972
2020-07-08,1.0,16774.5,32360.410156,0.7931
2020-07-09,1.0,16774.5,32170.339844,0.7933
2020-07-10,1.0,16774.5,32525.949219,0.7923
2020-07-13,1.0,16774.5,32131.820313,0.7966
2020-07-14,1.0,16774.5,32556.599609,0.7967
2020-07-15,1.0,16774.5,32935.410156,0.7944
2020-07-16,1.0,16774.5,32805.871094,0.7966
2020-07-17,1.0,16774.5,32906.96875,0.7957
2020-07-20,1.0,16774.5,33218.878906,0.7899
2020-07-21,1.0,16774.5,33272.851563,0.7855
2020-07-22,1.0,16774.5,33444.898438,0.7853
2020-07-23,1.0,16774.5,33049.351563,0.7849
2020-07-24,1.0,16774.5,32803.269531,0.7816
2020-07-27,1.0,16774.5,33086.328125,0.7764
2020-07-28,1.0,16774.5,32849.730469,0.7734
2020-07-29,1.0,16774.5,33304.699219,0.7694
2020-07-30,1.0,16774.5,33194.398438,0.7637
2020-07-31,1.0,16774.5,33393.390625,0.7643
2020-08-03,1.3,16898.8,33690.570313,0.7649
2020-08-04,1.3,16898.8,33824.078125,0.7651
2020-08-05,1.3,16898.8,34076.878906,0.7626
2020-08-06,1.3,16898.8,34255.550781,0.761
2020-08-07,1.3,16898.8,34267.351563,0.7662
2020-08-10,1.3,16898.8,34354.089844,0.765
2020-08-11,1.3,16898.8,34063.949219,0.7663
2020-08-12,1.3,16898.8,34525.769531,0.7674
2020-08-13,1.3,16898.8,34492.578125,0.7652
2020-08-14,1.3,16898.8,34478.011719,0.7641
2020-08-17,1.3,16898.8,34632.25,0.7631
2020-08-18,1.3,16898.8,34694.058594,0.7554
2020-08-19,1.3,16898.8,34543.878906,0.7633
2020-08-20,1.3,16898.8,34658.730469,0.7568
2020-08-21,1.3,16898.8,34741.230469,0.764
2020-08-24,1.3,16898.8,35061.460938,0.7655
2020-08-25,1.3,16898.8,35178.390625,0.7604
2020-08-26,1.3,16898.8,35512.949219,0.757
2020-08-27,1.3,16898.8,35585.460938,0.7575
2020-08-28,1.3,16898.8,35841.570313,0.749
2020-08-31,1.3,16898.8,35807.660156,0.748
2020-09-01,1.4,17170.5,36134.039063,0.7471
2020-09-02,1.4,17170.5,36598.03125,0.749
2020-09-03,1.4,17170.5,35275.671875,0.753
2020-09-04,1.4,17170.5,34970.269531,0.753
2020-09-08,1.4,17170.5,33969.179688,0.7703
2020-09-09,1.4,17170.5,34659.039063,0.7692
2020-09-10,1.4,17170.5,34096.058594,0.7807
2020-09-11,1.4,17170.5,34072.71875,0.7815
2020-09-14,1.4,17170.5,34609.359375,0.7785
2020-09-15,1.4,17170.5,34806.410156,0.7758
2020-09-16,1.4,17170.5,34682.460938,0.7711
2020-09-17,1.4,17170.5,34375.550781,0.7708
2020-09-18,1.4,17170.5,34055.179688,0.7741
2020-09-21,1.4,17170.5,33659.308594,0.7802
2020-09-22,1.4,17170.5,34009.800781,0.7852
2020-09-23,1.4,17170.5,33167.148438,0.7859
2020-09-24,1.4,17170.5,33245.121094,0.7846
2020-09-25,1.4,17170.5,33816.191406,0.7846
2020-09-28,1.4,17170.5,34379.808594,0.7793
2020-09-29,1.4,17170.5,34224.941406,0.7776
2020-09-30,1.4,17170.5,34480.269531,0.7738
2020-10-01,1.2,17365.7,34767.660156,0.776
2020-10-02,1.2,17365.7,34470.871094,0.7732
2020-10-05,1.2,17365.7,35117.449219,0.7703
2020-10-06,1.2,17365.7,34673.558594,0.7768
2020-10-07,1.2,17365.7,35280.089844,0.7741
2020-10-08,1.2,17365.7,35575.269531,0.7729
2020-10-09,1.2,17365.7,35881.25,0.7665
2020-10-12,1.2,17365.7,36421.820313,0.7654
2020-10-13,1.2,17365.7,36259.03125,0.7731
2020-10-14,1.2,17365.7,36014.890625,0.7685
2020-10-15,1.2,17365.7,35993.578125,0.7749
2020-10-16,1.2,17365.7,35960.351563,0.7742
2020-10-19,1.2,17365.7,35413.390625,0.7724
2020-10-20,1.2,17365.7,35539.058594,0.7723
2020-10-21,1.2,17365.7,35423.808594,0.7607
2020-10-22,1.2,17365.7,35660.558594,0.7643
2020-10-23,1.2,17365.7,35793.371094,0.7665
2020-10-26,1.2,17365.7,35123.570313,0.7678
2020-10-27,1.2,17365.7,35033.058594,0.7665
2020-10-28,1.2,17365.7,33838.789063,0.7702
2020-10-29,1.2,17365.7,34216.46875,0.7735
2020-10-30,1.2,17365.7,33724.808594,0.7722
2020-11-02,1.2,17612.9,34128.449219,0.7741
2020-11-03,1.2,17612.9,34788.761719,0.7655
2020-11-04,1.2,17612.9,35544.160156,0.7699
2020-11-05,1.2,17612.9,36268.859375,0.7607
2020-11-06,1.2,17612.9,36256.929688,0.7603
2020-11-09,1.2,17612.9,36594.011719,0.7596
2020-11-10,1.2,17612.9,36554.550781,0.7534
2020-11-11,1.2,17612.9,36865.980469,0.7562
2020-11-12,1.2,17612.9,36509.230469,0.7622
2020-11-13,1.2,17612.9,36994.941406,0.7579
2020-11-16,1.2,17612.9,37456.898438,0.7575
2020-11-17,1.2,17612.9,37372.378906,0.7548
2020-11-18,1.2,17612.9,37004.921875,0.7537
2020-11-19,1.2,17612.9,37219.050781,0.7539
2020-11-20,1.2,17612.9,37023.179688,0.7528
2020-11-23,1.2,17612.9,37319.800781,0.7506
2020-11-24,1.2,17612.9,37899.789063,0.7483
2020-11-25,1.2,17612.9,37910.78125,0.747
2020-11-27,1.2,17612.9,38057.371094,0.7511
2020-11-30,1.2,17612.9,37839.648438,0.7505
2020-12-01,1.4,17803.0,38194.289063,0.7446
2020-12-02,1.4,17803.0,38224.539063,0.748
2020-12-03,1.4,17803.0,38305.511719,0.7435
2020-12-04,1.4,17803.0,38704.21875,0.7441
2020-12-07,1.4,17803.0,38692.929688,0.7471
2020-12-08,1.4,17803.0,38864.230469,0.7486
2020-12-09,1.4,17803.0,38473.761719,0.7459
2020-12-10,1.4,17803.0,38552.339844,0.7521
2020-12-11,1.4,17803.0,38481.0,0.756
2020-12-14,1.4,17803.0,38364.648438,0.7501
2020-12-15,1.4,17803.0,38866.921875,0.7428
2020-12-16,1.4,17803.0,38913.0,0.7401
2020-12-17,1.4,17803.0,39220.578125,0.7362
2020-12-18,1.4,17803.0,39130.648438,0.7399
2020-12-21,1.4,17803.0,39033.96875,0.7428
2020-12-22,1.4,17803.0,39053.011719,0.7482
2020-12-23,1.4,17803.0,39091.019531,0.741
2020-12-24,1.4,17803.0,39175.589844,0.7378
2020-12-28,1.4,17803.0,39358.070313,0.7435
2020-12-29,1.4,17803.0,39200.601563,0.7406
2020-12-30,1.4,17803.0,39301.238281,0.7339
2020-12-31,1.4,17803.0,39456.660156,0.7318
2021-01-04,1.4,18063.0,38892.089844,0.7367
2021-01-05,1.4,18063.0,39217.96875,0.7339
2021-01-06,1.4,18063.0,39522.078125,0.7349
2021-01-07,1.4,18063.0,40190.109375,0.7372
2021-01-08,1.4,18063.0,40386.078125,0.7371
2021-01-11,1.4,18063.0,40161.078125,0.74
2021-01-12,1.4,18063.0,40305.0,0.7317
2021-01-13,1.4,18063.0,40338.039063,0.7332
2021-01-14,1.4,18063.0,40297.308594,0.7306
2021-01-15,1.4,18063.0,39981.96875,0.7362
2021-01-19,1.4,18063.0,40328.828125,0.7335
2021-01-20,1.4,18063.0,40829.128906,0.7324
2021-01-21,1.4,18063.0,40809.519531,0.7283
2021-01-22,1.4,18063.0,40783.628906,0.7307
2021-01-25,1.4,18063.0,40913.039063,0.7312
2021-01-26,1.4,18063.0,40802.109375,0.7281
2021-01-27,1.4,18063.0,39790.191406,0.7305
2021-01-28,1.4,18063.0,40127.058594,0.7288
2021-01-29,1.4,18063.0,39396.171875,0.7294
2021-02-01,1.7,18322.3,40074.460938,0.732
2021-02-02,1.7,18322.3,40649.109375,0.7316
2021-02-03,1.7,18322.3,40728.539063,0.7328
2021-02-04,1.7,18322.3,41214.941406,0.7315
2021-02-05,1.7,18322.3,41448.871094,0.7281
2021-02-08,1.7,18322.3,41828.21875,0.7276
2021-02-09,1.7,18322.3,41847.050781,0.7238
2021-02-10,1.7,18322.3,41833.269531,0.7228
2021-02-11,1.7,18322.3,41899.28125,0.7238
2021-02-12,1.7,18322.3,42099.851563,0.7217
2021-02-16,1.7,18322.3,42030.011719,0.7193
2021-02-17,1.7,18322.3,41932.28125,0.7216
2021-02-18,1.7,18322.3,41674.300781,0.7156
2021-02-19,1.7,18322.3,41747.25,0.7137
2021-02-22,1.7,18322.3,41316.558594,0.711
2021-02-23,1.7,18322.3,41284.109375,0.7085
2021-02-24,1.7,18322.3,41763.011719,0.7071
2021-02-25,1.7,18322.3,40629.398438,0.7137
2021-02-26,1.7,18322.3,40508.679688,0.7182
2021-03-01,2.6,18595.7,41538.328125,0.7181
2021-03-02,2.6,18595.7,41140.898438,0.7166
2021-03-03,2.6,18595.7,40496.929688,0.7169
2021-03-04,2.6,18595.7,39842.429688,0.7198
2021-03-05,2.6,18595.7,40564.859375,0.7228
2021-03-08,2.6,18595.7,40314.0,0.7235
2021-03-09,2.6,18595.7,40996.25,0.7198
2021-03-10,2.6,18595.7,41275.398438,0.7177
2021-03-11,2.6,18595.7,41844.988281,0.7147
2021-03-12,2.6,18595.7,41900.339844,0.7184
2021-03-15,2.6,18595.7,42198.011719,0.7192
2021-03-16,2.6,18595.7,42013.828125,0.7198
2021-03-17,2.6,18595.7,42154.699219,0.7162
2021-03-18,2.6,18595.7,41373.339844,0.718
2021-03-19,2.6,18595.7,41443.121094,0.721
2021-03-22,2.6,18595.7,41670.691406,0.7214
2021-03-23,2.6,18595.7,41192.851563,0.7272
2021-03-24,2.6,18595.7,40794.171875,0.7308
2021-03-25,2.6,18595.7,41067.191406,0.7282
2021-03-26,2.6,18595.7,41720.148438,0.7249
2021-03-29,2.6,18595.7,41521.441406,0.7266
2021-03-30,2.6,18595.7,41500.550781,0.7277
2021-03-31,2.6,18595.7,41741.871094,0.7255
2021-04-01,4.2,18946.2,42280.96875,0.7229
2021-04-05,4.2,18946.2,42805.800781,0.7195
2021-04-06,4.2,18946.2,42815.628906,0.7234
2021-04-07,4.2,18946.2,42778.859375,0.7279
2021-04-08,4.2,18946.2,43019.710938,0.728
2021-04-09,4.2,18946.2,43288.238281,0.7297
2021-04-12,4.2,18946.2,43273.25,0.7276
2021-04-13,4.2,18946.2,43448.300781,0.7273
2021-04-14,4.2,18946.2,43297.550781,0.7258
2021-04-15,4.2,18946.2,43769.21875,0.7256
2021-04-16,4.2,18946.2,43887.910156,0.7225
2021-04-19,4.2,18946.2,43588.460938,0.7151
2021-04-20,4.2,18946.2,43208.25,0.7174
2021-04-21,4.2,18946.2,43673.609375,0.7178
2021-04-22,4.2,18946.2,43342.230469,0.7225
2021-04-23,4.2,18946.2,43875.28125,0.7228
2021-04-26,4.2,18946.2,44050.03125,0.7196
2021-04-27,4.2,18946.2,44049.378906,0.7188
2021-04-28,4.2,18946.2,44027.671875,0.7176
2021-04-29,4.2,18946.2,44220.949219,0.7174
2021-04-30,4.2,18946.2,43870.089844,0.7237
2021-05-03,5.0,19266.3,43933.859375,0.7189
2021-05-04,5.0,19266.3,43559.601563,0.72
2021-05-05,5.0,19266.3,43513.761719,0.7191
2021-05-06,5.0,19266.3,43723.921875,0.7198
2021-05-07,5.0,19266.3,44085.070313,0.7153
2021-05-10,5.0,19266.3,43515.148438,0.7084
2021-05-11,5.0,19266.3,43219.050781,0.7072
2021-05-12,5.0,19266.3,42208.539063,0.7116
2021-05-13,5.0,19266.3,42656.269531,0.7117
2021-05-14,5.0,19266.3,43415.800781,0.7094
2021-05-17,5.0,19266.3,43318.570313,0.7075
2021-05-18,5.0,19266.3,43016.019531,0.7048
2021-05-19,5.0,19266.3,42865.519531,0.7085
2021-05-20,5.0,19266.3,43344.191406,0.7048
2021-05-21,5.0,19266.3,43322.738281,0.7067
2021-05-24,5.0,19266.3,43751.28125,0.7065
2021-05-25,5.0,19266.3,43619.738281,0.7068
2021-05-26,5.0,19266.3,43828.550781,0.7084
2021-05-27,5.0,19266.3,43943.269531,0.7039
2021-05-28,5.0,19266.3,43966.359375,0.7046
2021-06-01,5.4,19327.2,44015.46875,0.7067
2021-06-02,5.4,19327.2,44088.5,0.7057
2021-06-03,5.4,19327.2,43845.960938,0.7089
2021-06-04,5.4,19327.2,44239.75,0.7063
2021-06-07,5.4,19327.2,44316.871094,0.7054
2021-06-08,5.4,19327.2,44410.171875,0.7066
2021-06-09,5.4,19327.2,44283.761719,0.7084
2021-06-10,5.4,19327.2,44468.519531,0.7054
2021-06-11,5.4,19327.2,44618.148438,0.7089
2021-06-14,5.4,19327.2,44675.171875,0.7088
2021-06-15,5.4,19327.2,44535.800781,0.7099
2021-06-16,5.4,19327.2,44328.96875,0.7149
2021-06-17,5.4,19327.2,44313.058594,0.7181
2021-06-18,5.4,19327.2,43762.78125,0.7245
2021-06-21,5.4,19327.2,44359.210938,0.7176
2021-06-22,5.4,19327.2,44595.441406,0.7168
2021-06-23,5.4,19327.2,44592.429688,0.7163
2021-06-24,5.4,19327.2,44886.570313,0.7181
2021-06-25,5.4,19327.2,45037.960938,0.7202
2021-06-28,5.4,19327.2,45109.941406,0.7203
2021-06-29,5.4,19327.2,45094.898438,0.7226
2021-06-30,5.4,19327.2,45113.859375,0.723
2021-07-01,5.4,19494.0,45313.761719,0.7266
2021-07-02,5.4,19494.0,45563.390625,0.7231
2021-07-06,5.4,19494.0,45453.089844,0.7246
2021-07-07,5.4,19494.0,45502.78125,0.7245
2021-07-08,5.4,19494.0,45112.808594,0.7254
2021-07-09,5.4,19494.0,45684.890625,0.7192
2021-07-12,5.4,19494.0,45789.390625,0.7204
2021-07-13,5.4,19494.0,45513.601563,0.7238
2021-07-14,5.4,19494.0,45410.738281,0.7214
2021-07-15,5.4,19494.0,45247.488281,0.7231
2021-07-16,5.4,19494.0,44920.28125,0.7263
2021-07-19,5.4,19494.0,44271.941406,0.7312
2021-07-20,5.4,19494.0,45045.0,0.7337
2021-07-21,5.4,19494.0,45463.691406,0.7291
2021-07-22,5.4,19494.0,45491.539063,0.7263
2021-07-23,5.4,19494.0,45940.78125,0.7274
2021-07-26,5.4,19494.0,46039.640625,0.7237
2021-07-27,5.4,19494.0,45744.25,0.7207
2021-07-28,5.4,19494.0,45830.738281,0.7192
2021-07-29,5.4,19494.0,46003.0,0.7163
2021-07-30,5.4,19494.0,45708.0,0.7192
2021-08-02,5.3,19720.9,45648.339844,0.7201
2021-08-03,5.3,19720.9,45957.96875,0.7185
2021-08-04,5.3,19720.9,45762.511719,0.7199
2021-08-05,5.3,19720.9,46105.679688,0.718
2021-08-06,5.3,19720.9,46143.351563,0.7208
2021-08-09,5.3,19720.9,46125.269531,0.7222
2021-08-10,5.3,19720.9,46145.011719,0.7225
2021-08-11,5.3,19720.9,46248.910156,0.721
2021-08-12,5.3,19720.9,46366.230469,0.7243
2021-08-13,5.3,19720.9,46378.570313,0.7212
2021-08-16,5.3,19720.9,46360.03125,0.7224
2021-08-17,5.3,19720.9,45999.980469,0.7278
2021-08-18,5.3,19720.9,45556.488281,0.7271
2021-08-19,5.3,19720.9,45498.261719,0.7331
2021-08-20,5.3,19720.9,45908.660156,0.7339
2021-08-23,5.3,19720.9,46381.828125,0.7288
2021-08-24,5.3,19720.9,46563.460938,0.7284
2021-08-25,5.3,19720.9,46685.300781,0.7266
2021-08-26,5.3,19720.9,46380.71875,0.73
2021-08-27,5.3,19720.9,46877.898438,0.7265
2021-08-30,5.3,19720.9,47046.570313,0.7268
2021-08-31,5.3,19720.9,46979.628906,0.7269
2021-09-01,5.4,19863.2,47044.691406,0.7264
2021-09-02,5.4,19863.2,47208.421875,0.7229
2021-09-03,5.4,19863.2,47198.269531,0.7216
2021-09-07,5.4,19863.2,47011.308594,0.7254
2021-09-08,5.4,19863.2,46859.148438,0.7262
2021-09-09,5.4,19863.2,46705.429688,0.7228
2021-09-10,5.4,19863.2,46344.480469,0.7229
2021-09-13,5.4,19863.2,46420.761719,0.7226
2021-09-14,5.4,19863.2,46108.269531,0.7241
2021-09-15,5.4,19863.2,46504.550781,0.7226
2021-09-16,5.4,19863.2,46491.269531,0.7249
2021-09-17,5.4,19863.2,46143.710938,0.7279
2021-09-20,5.4,19863.2,45304.039063,0.7321
2021-09-21,5.4,19863.2,45326.449219,0.7321
2021-09-22,5.4,19863.2,45769.730469,0.7345
2021-09-23,5.4,19863.2,46339.339844,0.7289
2021-09-24,5.4,19863.2,46361.230469,0.7312
2021-09-27,5.4,19863.2,46299.730469,0.7299
2021-09-28,5.4,19863.2,45313.820313,0.7387
2021-09-29,5.4,19863.2,45332.089844,0.7447
2021-09-30,5.4,19863.2,44850.03125,0.742
2021-10-01,6.2,20057.2,45362.75,0.7382
2021-10-04,6.2,20057.2,44737.199219,0.7349
2021-10-05,6.2,20057.2,45178.851563,0.7339
2021-10-06,6.2,20057.2,45346.261719,0.7363
2021-10-07,6.2,20057.2,45785.421875,0.7343
2021-10-08,6.2,20057.2,45654.558594,0.7344
2021-10-11,6.2,20057.2,45339.179688,0.7356
2021-10-12,6.2,20057.2,45332.550781,0.7359
2021-10-13,6.2,20057.2,45531.0,0.7321
2021-10-14,6.2,20057.2,46270.78125,0.7313
2021-10-15,6.2,20057.2,46547.78125,0.7274
2021-10-18,6.2,20057.2,46736.859375,0.7284
2021-10-19,6.2,20057.2,47059.960938,0.7249
2021-10-20,6.2,20057.2,47235.519531,0.7233
2021-10-21,6.2,20057.2,47398.160156,0.7249
2021-10-22,6.2,20057.2,47281.859375,0.7269
2021-10-25,6.2,20057.2,47548.058594,0.7264
2021-10-26,6.2,20057.2,47560.621094,0.7264
2021-10-27,6.2,20057.2,47186.421875,0.7278
2021-10-28,6.2,20057.2,47717.640625,0.7251
2021-10-29,6.2,20057.2,47795.089844,0.7305
2021-11-01,6.8,20246.8,48040.140625,0.7318
2021-11-02,6.8,20246.8,48111.808594,0.7346
2021-11-03,6.8,20246.8,48521.871094,0.7308
2021-11-04,6.8,20246.8,48671.359375,0.7408
2021-11-05,6.8,20246.8,48868.230469,0.7409
2021-11-08,6.8,20246.8,48951.71875,0.7371
2021-11-09,6.8,20246.8,48787.730469,0.7377
2021-11-10,6.8,20246.8,48268.070313,0.7459
2021-11-11,6.8,20246.8,48359.070313,0.7481
2021-11-12,6.8,20246.8,48712.269531,0.7456
2021-11-15,6.8,20246.8,48682.980469,0.7453
2021-11-16,6.8,20246.8,48886.589844,0.7447
2021-11-17,6.8,20246.8,48677.660156,0.7413
2021-11-18,6.8,20246.8,48717.449219,0.7409
2021-11-19,6.8,20246.8,48593.601563,0.7437
2021-11-22,6.8,20246.8,48302.441406,0.7464
2021-11-23,6.8,20246.8,48300.058594,0.7476
2021-11-24,6.8,20246.8,48467.628906,0.7503
2021-11-26,6.8,20246.8,47377.648438,0.7497
2021-11-29,6.8,20246.8,47884.890625,0.7511
2021-11-30,6.8,20246.8,46936.078125,0.7518
2021-12-01,7.0,20436.2,46175.570313,0.7531
2021-12-02,7.0,20436.2,46902.699219,0.7515
2021-12-03,7.0,20436.2,46360.949219,0.7555
2021-12-06,7.0,20436.2,46912.929688,0.7539
2021-12-07,7.0,20436.2,47933.390625,0.7551
2021-12-08,7.0,20436.2,48151.558594,0.7573
2021-12-09,7.0,20436.2,47636.121094,0.7565
2021-12-10,7.0,20436.2,47962.050781,0.7535
2021-12-13,7.0,20436.2,47487.980469,0.7566
2021-12-14,7.0,20436.2,47115.808594,0.7558
2021-12-15,7.0,20436.2,47866.828125,0.754
2021-12-16,7.0,20436.2,47325.828125,0.7507
2021-12-17,7.0,20436.2,47028.320313,0.7555
2021-12-20,7.0,20436.2,46439.519531,0.7572
2021-12-21,7.0,20436.2,47392.101563,0.7536
2021-12-22,7.0,20436.2,47844.53125,0.749
2021-12-23,7.0,20436.2,48171.101563,0.7457
2021-12-27,7.0,20436.2,48767.390625,0.7439
2021-12-28,7.0,20436.2,48642.839844,0.7445
2021-12-29,7.0,20436.2,48677.210938,0.7413
2021-12-30,7.0,20436.2,48607.949219,0.7407
2021-12-31,7.0,20436.2,48461.160156,0.7392
2022-01-03,7.5,20500.2,48789.359375,0.7417
2022-01-04,7.5,20500.2,48660.75,0.7392
2022-01-05,7.5,20500.2,47534.621094,0.7377
2022-01-06,7.5,20500.2,47542.789063,0.739
2022-01-07,7.5,20500.2,47321.140625,0.7357
2022-01-10,7.5,20500.2,47243.800781,0.7366
2022-01-11,7.5,20500.2,47750.800781,0.7335
2022-01-12,7.5,20500.2,47807.050781,0.7299
2022-01-13,7.5,20500.2,47079.628906,0.7297
2022-01-14,7.5,20500.2,47103.441406,0.7312
2022-01-18,7.5,20500.2,46141.101563,0.7358
2022-01-19,7.5,20500.2,45673.160156,0.7346
2022-01-20,7.5,20500.2,45142.140625,0.7354
2022-01-21,7.5,20500.2,44219.808594,0.7378
2022-01-24,7.5,20500.2,44455.171875,0.7414
2022-01-25,7.5,20500.2,43843.050781,0.7407
2022-01-26,7.5,20500.2,43695.960938,0.7427
2022-01-27,7.5,20500.2,43340.601563,0.7472
2022-01-28,7.5,20500.2,44400.429688,0.7461
2022-01-31,7.5,20500.2,45416.46875,0.7437
2022-02-01,7.9,20577.9,45807.648438,0.7395
2022-02-02,7.9,20577.9,46045.019531,0.7367
2022-02-03,7.9,20577.9,44884.839844,0.7354
2022-02-04,7.9,20577.9,45244.28125,0.7392
2022-02-07,7.9,20577.9,45135.761719,0.7387
2022-02-08,7.9,20577.9,45572.011719,0.7383
2022-02-09,7.9,20577.9,46317.410156,0.7388
2022-02-10,7.9,20577.9,45518.210938,0.7377
2022-02-11,7.9,20577.9,44660.300781,0.7374
2022-02-14,7.9,20577.9,44490.089844,0.7392
2022-02-15,7.9,20577.9,45297.910156,0.7387
2022-02-16,7.9,20577.9,45285.230469,0.7361
2022-02-17,7.9,20577.9,44251.660156,0.7345
2022-02-18,7.9,20577.9,43866.558594,0.7359
2022-02-22,7.9,20577.9,43354.480469,0.7361
2022-02-23,7.9,20577.9,42509.429688,0.7382
2022-02-24,7.9,20577.9,43300.800781,0.7473
2022-02-25,7.9,20577.9,44260.121094,0.7454
2022-02-28,7.9,20577.9,44259.210938,0.7453
2022-03-01,8.5,20691.0,43573.359375,0.7504
2022-03-02,8.5,20691.0,44365.921875,0.7458
2022-03-03,8.5,20691.0,43996.140625,0.7491
2022-03-04,8.5,20691.0,43535.761719,0.7558
2022-03-07,8.5,20691.0,42188.21875,0.7631
2022-03-08,8.5,20691.0,41989.429688,0.7632
2022-03-09,8.5,20691.0,43128.351563,0.7587
2022-03-10,8.5,20691.0,42943.890625,0.764
2022-03-11,8.5,20691.0,42305.628906,0.767
2022-03-14,8.5,20691.0,41850.269531,0.7692
2022-03-15,8.5,20691.0,42718.710938,0.7668
2022-03-16,8.5,20691.0,43805.578125,0.7605
2022-03-17,8.5,20691.0,44427.398438,0.7606
2022-03-18,8.5,20691.0,45009.601563,0.7589
2022-03-21,8.5,20691.0,44923.039063,0.7594
2022-03-22,8.5,20691.0,45491.238281,0.754
2022-03-23,8.5,20691.0,44925.078125,0.7572
2022-03-24,8.5,20691.0,45551.308594,0.7583
2022-03-25,8.5,20691.0,45692.828125,0.7588
2022-03-28,8.5,20691.0,46022.339844,0.7638
2022-03-29,8.5,20691.0,46717.148438,0.7637
2022-03-30,8.5,20691.0,46320.429688,0.7613
2022-03-31,8.5,20691.0,45606.671875,0.7611
2022-04-01,8.3,20708.4,45803.710938,0.7626
2022-04-04,8.3,20708.4,46209.710938,0.7625
2022-04-05,8.3,20708.4,45507.019531,0.7648
2022-04-06,8.3,20708.4,44968.359375,0.7653
2022-04-07,8.3,20708.4,45090.539063,0.7649
2022-04-08,8.3,20708.4,44927.398438,0.767
2022-04-11,8.3,20708.4,44211.699219,0.7675
2022-04-12,8.3,20708.4,44124.789063,0.7691
2022-04-13,8.3,20708.4,44732.46875,0.7624
2022-04-14,8.3,20708.4,44180.851563,0.7655
2022-04-18,8.3,20708.4,44086.601563,0.7686
2022-04-19,8.3,20708.4,44967.039063,0.7693
2022-04-20,8.3,20708.4,44774.980469,0.7653
2022-04-21,8.3,20708.4,44002.148438,0.7675
2022-04-22,8.3,20708.4,42808.71875,0.7789
2022-04-25,8.3,20708.4,43089.589844,0.785
2022-04-26,8.3,20708.4,41817.359375,0.7954
2022-04-27,8.3,20708.4,41857.339844,0.7972
2022-04-28,8.3,20708.4,42878.28125,0.8027
2022-04-29,8.3,20708.4,41343.96875,0.7954
2022-05-02,8.6,20676.3,41635.191406,0.8004
2022-05-03,8.6,20676.3,41820.71875,0.8
2022-05-04,8.6,20676.3,43050.558594,0.7914
2022-05-05,8.6,20676.3,41423.519531,0.8091
2022-05-06,8.6,20676.3,41057.460938,0.8104
2022-05-09,8.6,20676.3,39586.539063,0.8109
2022-05-10,8.6,20676.3,39634.160156,0.8121
2022-05-11,8.6,20676.3,38889.929688,0.8163
2022-05-12,8.6,20676.3,38954.160156,0.8196
2022-05-13,8.6,20676.3,40022.269531,0.8154
2022-05-16,8.6,20676.3,39786.148438,0.8116
2022-05-17,8.6,20676.3,40617.601563,0.8004
2022-05-18,8.6,20676.3,38983.378906,0.8101
2022-05-19,8.6,20676.3,38840.730469,0.8018
2022-05-20,8.6,20676.3,38831.648438,0.8005
2022-05-23,8.6,20676.3,39496.398438,0.7944
2022-05-24,8.6,20676.3,39035.210938,0.7979
2022-05-25,8.6,20676.3,39515.28125,0.7952
2022-05-26,8.6,20676.3,40347.96875,0.7932
2022-05-27,8.6,20676.3,41391.269531,0.7917
2022-05-31,8.6,20676.3,41084.898438,0.7934
2022-06-01,9.1,20606.7,40780.25,0.8008
2022-06-02,9.1,20606.7,41617.898438,0.795
2022-06-03,9.1,20606.7,40945.390625,0.8007
2022-06-06,9.1,20606.7,41073.320313,0.7979
2022-06-07,9.1,20606.7,41490.488281,0.7943
2022-06-08,9.1,20606.7,41049.679688,0.7977
2022-06-09,9.1,20606.7,40051.871094,0.8003
2022-06-10,9.1,20606.7,38860.539063,0.812
2022-06-13,9.1,20606.7,37236.648438,0.8241
2022-06-14,9.1,20606.7,37116.660156,0.8337
2022-06-15,9.1,20606.7,37692.238281,0.8212
2022-06-16,9.1,20606.7,36357.761719,0.8095
2022-06-17,9.1,20606.7,36527.660156,0.8181
2022-06-21,9.1,20606.7,37387.191406,0.8144
2022-06-22,9.1,20606.7,37327.839844,0.8155
2022-06-23,9.1,20606.7,37752.878906,0.8156
2022-06-24,9.1,20606.7,38930.578125,0.8148
2022-06-27,9.1,20606.7,38822.078125,0.8152
2022-06-28,9.1,20606.7,38025.96875,0.8205
2022-06-29,9.1,20606.7,37929.46875,0.825
2022-06-30,9.1,20606.7,37564.230469,0.8212
2022-07-01,8.5,20540.8,37997.761719,0.8266
2022-07-05,8.5,20540.8,38167.730469,0.8363
2022-07-06,8.5,20540.8,38220.589844,0.8385
2022-07-07,8.5,20540.8,38884.578125,0.8317
2022-07-08,8.5,20540.8,38850.460938,0.8309
2022-07-11,8.5,20540.8,38325.460938,0.8409
2022-07-12,8.5,20540.8,37994.78125,0.8412
2022-07-13,8.5,20540.8,37848.03125,0.8412
2022-07-14,8.5,20540.8,37673.46875,0.8456
2022-07-15,8.5,20540.8,38411.308594,0.8426
2022-07-18,8.5,20540.8,38146.359375,0.8366
2022-07-19,8.5,20540.8,39216.609375,0.8336
2022-07-20,8.5,20540.8,39556.238281,0.8349
2022-07-21,8.5,20540.8,39927.640625,0.833
2022-07-22,8.5,20540.8,39472.441406,0.8329
2022-07-25,8.5,20540.8,39524.769531,0.8302
2022-07-26,8.5,20540.8,39021.71875,0.8312
2022-07-27,8.5,20540.8,40058.5,0.8226
2022-07-28,8.5,20540.8,40557.761719,0.8212
2022-07-29,8.5,20540.8,41119.578125,0.821
2022-08-01,8.3,20456.5,41034.070313,0.8163
2022-08-02,8.3,20456.5,40826.878906,0.8219
2022-08-03,8.3,20456.5,41491.300781,0.8233
2022-08-04,8.3,20456.5,41451.679688,0.8224
2022-08-05,8.3,20456.5,41439.910156,0.8286
2022-08-08,8.3,20456.5,41462.789063,0.828
2022-08-09,8.3,20456.5,41195.609375,0.8281
2022-08-10,8.3,20456.5,42155.078125,0.8179
2022-08-11,8.3,20456.5,42126.421875,0.8197
2022-08-12,8.3,20456.5,42867.308594,0.8239
2022-08-15,8.3,20456.5,43026.808594,0.8297
2022-08-16,8.3,20456.5,43108.648438,0.8266
2022-08-17,8.3,20456.5,42704.820313,0.8299
2022-08-18,8.3,20456.5,42814.710938,0.8382
2022-08-19,8.3,20456.5,42177.289063,0.8452
2022-08-22,8.3,20456.5,41273.171875,0.8498
2022-08-23,8.3,20456.5,41224.390625,0.8449
2022-08-24,8.3,20456.5,41395.699219,0.8478
2022-08-25,8.3,20456.5,42005.289063,0.845
2022-08-26,8.3,20456.5,40598.789063,0.8519
2022-08-29,8.3,20456.5,40313.238281,0.8542
2022-08-30,8.3,20456.5,39856.0,0.858
2022-08-31,8.3,20456.5,39560.859375,0.8605
2022-09-01,8.2,20304.2,39571.890625,0.8661
2022-09-02,8.2,20304.2,39180.410156,0.8687
2022-09-06,8.2,20304.2,38999.140625,0.8681
2022-09-07,8.2,20304.2,39743.921875,0.867
2022-09-08,8.2,20304.2,40044.679688,0.8693
2022-09-09,8.2,20304.2,40711.199219,0.863
2022-09-12,8.2,20304.2,41146.421875,0.8559
2022-09-13,8.2,20304.2,39392.160156,0.87
2022-09-14,8.2,20304.2,39545.25,0.8665
2022-09-15,8.2,20304.2,39122.859375,0.872
2022-09-16,8.2,20304.2,38750.460938,0.8754
2022-09-19,8.2,20304.2,39022.230469,0.8745
2022-09-20,8.2,20304.2,38558.480469,0.8786
2022-09-21,8.2,20304.2,37914.988281,0.8872
2022-09-22,8.2,20304.2,37483.148438,0.8886
2022-09-23,8.2,20304.2,36787.199219,0.9242
2022-09-26,8.2,20304.2,36408.339844,0.9356
2022-09-27,8.2,20304.2,36354.789063,0.9316
2022-09-28,8.2,20304.2,37138.398438,0.9182
2022-09-29,8.2,20304.2,36323.910156,0.899
2022-09-30,8.2,20304.2,35836.921875,0.8954
2022-10-03,7.7,20142.1,36744.589844,0.883
2022-10-04,7.7,20142.1,37944.730469,0.8714
2022-10-05,7.7,20142.1,37845.128906,0.8829
2022-10-06,7.7,20142.1,37492.230469,0.8959
2022-10-07,7.7,20142.1,36419.871094,0.9015
2022-10-10,7.7,20142.1,36126.320313,0.9045
2022-10-11,7.7,20142.1,35911.761719,0.9117
2022-10-12,7.7,20142.1,35809.679688,0.9007
2022-10-13,7.7,20142.1,36672.738281,0.8825
2022-10-14,7.7,20142.1,35778.628906,0.8942
2022-10-17,7.7,20142.1,36766.960938,0.8804
2022-10-18,7.7,20142.1,37213.648438,0.8832
2022-10-19,7.7,20142.1,36882.570313,0.8914
2022-10-20,7.7,20142.1,36589.851563,0.8898
2022-10-21,7.7,20142.1,37419.429688,0.8846
2022-10-24,7.7,20142.1,37805.511719,0.8866
2022-10-25,7.7,20142.1,38502.589844,0.8717
2022-10-26,7.7,20142.1,38261.621094,0.86
2022-10-27,7.7,20142.1,38071.339844,0.8647
2022-10-28,7.7,20142.1,38952.710938,0.8611
2022-10-31,7.7,20142.1,38702.5,0.8723
2022-11-01,7.1,19972.8,38575.71875,0.8709
2022-11-02,7.1,19972.8,37563.921875,0.8778
2022-11-03,7.1,19972.8,37195.03125,0.8961
2022-11-04,7.1,19972.8,37635.449219,0.879
2022-11-07,7.1,19972.8,37959.371094,0.8685
2022-11-08,7.1,19972.8,38151.441406,0.8662
2022-11-09,7.1,19972.8,37306.441406,0.8805
2022-11-10,7.1,19972.8,39420.308594,0.8536
2022-11-11,7.1,19972.8,39835.621094,0.8448
2022-11-14,7.1,19972.8,39438.761719,0.8503
2022-11-15,7.1,19972.8,39844.300781,0.8427
2022-11-16,7.1,19972.8,39433.570313,0.8393
2022-11-17,7.1,19972.8,39263.789063,0.8427
2022-11-18,7.1,19972.8,39439.890625,0.8412
2022-11-21,7.1,19972.8,39247.660156,0.8457
2022-11-22,7.1,19972.8,39779.730469,0.8413
2022-11-23,7.1,19972.8,40013.558594,0.8295
2022-11-25,7.1,19972.8,40018.878906,0.8268
2022-11-28,7.1,19972.8,39387.609375,0.8361
2022-11-29,7.1,19972.8,39348.53125,0.8368
2022-11-30,7.1,19972.8,40552.421875,0.8293
2022-12-01,6.5,19765.0,40534.410156,0.8163
2022-12-02,6.5,19765.0,40504.140625,0.8136
2022-12-05,6.5,19765.0,39695.101563,0.8202
2022-12-06,6.5,19765.0,39109.660156,0.8244
2022-12-07,6.5,19765.0,39020.671875,0.8192
2022-12-08,6.5,19765.0,39313.429688,0.8173
2022-12-09,6.5,19765.0,39011.960938,0.8155
2022-12-12,6.5,19765.0,39568.921875,0.8148
2022-12-13,6.5,19765.0,39851.871094,0.8087
2022-12-14,6.5,19765.0,39619.019531,0.8049
2022-12-15,6.5,19765.0,38627.550781,0.8211
2022-12-16,6.5,19765.0,38217.0,0.8237
2022-12-19,6.5,19765.0,37834.230469,0.8233
2022-12-20,6.5,19765.0,37891.238281,0.8207
2022-12-21,6.5,19765.0,38462.921875,0.8276
2022-12-22,6.5,19765.0,37899.75,0.8306
2022-12-23,6.5,19765.0,38110.421875,0.8297
2022-12-27,6.5,19765.0,37931.738281,0.8312
2022-12-28,6.5,19765.0,37460.910156,0.8321
2022-12-29,6.5,19765.0,38159.328125,0.8295
2022-12-30,6.5,19765.0,38073.941406,0.8266
2023-01-03,6.4,19554.0,37900.25,0.8356
2023-01-04,6.4,19554.0,38209.488281,0.8296
2023-01-05,6.4,19554.0,37782.898438,0.8396
2023-01-06,6.4,19554.0,38630.691406,0.8269
2023-01-09,6.4,19554.0,38648.300781,0.8207
2023-01-10,6.4,19554.0,38950.46875,0.823
2023-01-11,6.4,19554.0,39470.429688,0.8232
2023-01-12,6.4,19554.0,39663.089844,0.8189
2023-01-13,6.4,19554.0,39834.101563,0.8175
2023-01-17,6.4,19554.0,39774.148438,0.8139
2023-01-18,6.4,19554.0,39167.359375,0.8098
2023-01-19,6.4,19554.0,38840.679688,0.807
2023-01-20,6.4,19554.0,39585.929688,0.8068
2023-01-23,6.4,19554.0,40088.378906,0.808
2023-01-24,6.4,19554.0,40039.539063,0.8111
2023-01-25,6.4,19554.0,40046.191406,0.8063
2023-01-26,6.4,19554.0,40483.710938,0.8058
2023-01-27,6.4,19554.0,40638.238281,0.8067
2023-01-30,6.4,19554.0,40084.660156,0.8096
2023-01-31,6.4,19554.0,40724.960938,0.8119
2023-02-01,6.0,19362.9,41198.339844,0.8083
2023-02-02,6.0,19362.9,41832.320313,0.8182
2023-02-03,6.0,19362.9,41385.359375,0.8296
2023-02-06,6.0,19362.9,41087.859375,0.832
2023-02-07,6.0,19362.9,41584.429688,0.8301
2023-02-08,6.0,19362.9,41117.988281,0.8285
2023-02-09,6.0,19362.9,40730.171875,0.825
2023-02-10,6.0,19362.9,40790.398438,0.8293
2023-02-13,6.0,19362.9,41255.160156,0.8238
2023-02-14,6.0,19362.9,41292.578125,0.8214
2023-02-15,6.0,19362.9,41490.019531,0.831
2023-02-16,6.0,19362.9,40938.761719,0.8339
2023-02-17,6.0,19362.9,40819.558594,0.8306
2023-02-21,6.0,19362.9,39949.46875,0.8257
2023-02-22,6.0,19362.9,39926.148438,0.8301
2023-02-23,6.0,19362.9,40120.140625,0.8324
2023-02-24,6.0,19362.9,39690.738281,0.8371
2023-02-27,6.0,19362.9,39809.089844,0.8288
2023-02-28,6.0,19362.9,39704.378906,0.8318
2023-03-01,5.0,18968.9,39537.910156,0.8315
2023-03-02,5.0,18968.9,39812.238281,0.8371
2023-03-03,5.0,18968.9,40450.949219,0.8304
2023-03-06,5.0,18968.9,40399.859375,0.8314
2023-03-07,5.0,18968.9,39806.488281,0.8457
2023-03-08,5.0,18968.9,39855.039063,0.8443
2023-03-09,5.0,18968.9,39050.058594,0.8385
2023-03-10,5.0,18968.9,38379.179688,0.8312
2023-03-13,5.0,18968.9,38264.730469,0.8207
2023-03-14,5.0,18968.9,38897.789063,0.8224
2023-03-15,5.0,18968.9,38592.371094,0.8294
2023-03-16,5.0,18968.9,39252.121094,0.8257
2023-03-17,5.0,18968.9,38762.851563,0.8211
2023-03-20,5.0,18968.9,39109.851563,0.8145
2023-03-21,5.0,18968.9,39674.710938,0.8184
2023-03-22,5.0,18968.9,38969.050781,0.8152
2023-03-23,5.0,18968.9,39049.851563,0.8139
2023-03-24,5.0,18968.9,39259.359375,0.8176
2023-03-27,5.0,18968.9,39374.941406,0.8139
2023-03-28,5.0,18968.9,39318.140625,0.8103
2023-03-29,5.0,18968.9,39880.558594,0.8121
2023-03-30,5.0,18968.9,40086.949219,0.8074
2023-03-31,5.0,18968.9,40708.410156,0.8106
2023-04-03,4.9,18647.2,40817.398438,0.8054
2023-04-04,4.9,18647.2,40522.929688,0.8
2023-04-05,4.9,18647.2,40363.429688,0.8024
2023-04-06,4.9,18647.2,40506.71875,0.804
2023-04-10,4.9,18647.2,40595.960938,0.8076
2023-04-11,4.9,18647.2,40640.03125,0.8048
2023-04-12,4.9,18647.2,40445.828125,0.801
2023-04-13,4.9,18647.2,40977.859375,0.7985
2023-04-14,4.9,18647.2,40870.25,0.8054
2023-04-17,4.9,18647.2,41036.410156,0.8081
2023-04-18,4.9,18647.2,41059.039063,0.8047
2023-04-19,4.9,18647.2,41064.578125,0.8039
2023-04-20,4.9,18647.2,40808.878906,0.8037
2023-04-21,4.9,18647.2,40845.910156,0.804
2023-04-24,4.9,18647.2,40855.570313,0.801
2023-04-25,4.9,18647.2,40157.171875,0.8059
2023-04-26,4.9,18647.2,39993.128906,0.802
2023-04-27,4.9,18647.2,40739.578125,0.8002
2023-04-28,4.9,18647.2,41064.050781,0.7959
2023-05-01,4.1,18596.4,41052.390625,0.8002
2023-05-02,4.1,18596.4,40533.898438,0.8022
2023-05-03,4.1,18596.4,40306.730469,0.7958
2023-05-04,4.1,18596.4,40006.21875,0.7953
2023-05-05,4.1,18596.4,40768.03125,0.7915
2023-05-08,4.1,18596.4,40800.289063,0.7925
2023-05-09,4.1,18596.4,40627.949219,0.7923
2023-05-10,4.1,18596.4,40810.558594,0.792
2023-05-11,4.1,18596.4,40719.421875,0.7994
2023-05-12,4.1,18596.4,40637.53125,0.8032
2023-05-15,4.1,18596.4,40818.140625,0.7981
2023-05-16,4.1,18596.4,40503.148438,0.8008
2023-05-17,4.1,18596.4,41030.378906,0.8008
2023-05-18,4.1,18596.4,41418.949219,0.8058
2023-05-19,4.1,18596.4,41325.070313,0.8035
2023-05-22,4.1,18596.4,41397.511719,0.804
2023-05-23,4.1,18596.4,40949.851563,0.8054
2023-05-24,4.1,18596.4,40643.808594,0.8088
2023-05-25,4.1,18596.4,40899.828125,0.8115
2023-05-26,4.1,18596.4,41437.261719,0.8101
2023-05-30,4.1,18596.4,41446.589844,0.8056
2023-05-31,4.1,18596.4,42053.179688,0.8038
2023-06-02,3.0,18485.8,43181.539063,0.8032
2023-06-05,3.0,18485.8,43059.03125,0.8041
2023-06-06,3.0,18485.8,43264.210938,0.8049
2023-06-07,3.0,18485.8,43166.460938,0.804
2023-06-08,3.0,18485.8,43392.25,0.7961
2023-06-09,3.0,18485.8,43402.261719,0.7953
2023-06-12,3.0,18485.8,43800.269531,0.7992
2023-06-13,3.0,18485.8,44134.46875,0.7929
2023-06-14,3.0,18485.8,44122.050781,0.7896
2023-06-15,3.0,18485.8,44656.488281,0.7823
2023-06-16,3.0,18485.8,44473.359375,0.7802
2023-06-20,3.0,18485.8,44253.050781,0.7834
2023-06-21,3.0,18485.8,44021.191406,0.7832
2023-06-22,3.0,18485.8,44130.699219,0.7845
2023-06-23,3.0,18485.8,43765.808594,0.7864
2023-06-26,3.0,18485.8,43611.609375,0.7866
2023-06-27,3.0,18485.8,44144.441406,0.7843
2023-06-28,3.0,18485.8,44164.25,0.7914
2023-06-29,3.0,18485.8,44379.351563,0.7929
2023-06-30,3.0,18485.8,44883.609375,0.7874
2023-07-03,3.2,18381.7,44955.839844,0.7879
2023-07-05,3.2,18381.7,44826.429688,0.7872
2023-07-06,3.2,18381.7,44424.128906,0.7848
2023-07-07,3.2,18381.7,44374.710938,0.779
2023-07-10,3.2,18381.7,44555.058594,0.7776
2023-07-11,3.2,18381.7,44901.789063,0.7733
2023-07-12,3.2,18381.7,45233.601563,0.7699
2023-07-13,3.2,18381.7,45634.238281,0.7612
2023-07-14,3.2,18381.7,45530.320313,0.7638
2023-07-17,3.2,18381.7,45742.980469,0.7649
2023-07-18,3.2,18381.7,46088.109375,0.7671
2023-07-19,3.2,18381.7,46214.988281,0.7727
2023-07-20,3.2,18381.7,45875.640625,0.7771
2023-07-21,3.2,18381.7,45873.441406,0.7779
2023-07-24,3.2,18381.7,46032.230469,0.7797
2023-07-25,3.2,18381.7,46151.808594,0.7751
2023-07-26,3.2,18381.7,46178.609375,0.7727
2023-07-27,3.2,18381.7,45835.511719,0.7815
2023-07-28,3.2,18381.7,46323.699219,0.7783
2023-07-31,3.2,18381.7,46450.21875,0.7791
2023-08-01,3.7,18271.6,46313.488281,0.7827
2023-08-02,3.7,18271.6,45654.710938,0.7868
2023-08-03,3.7,18271.6,45538.359375,0.7869
2023-08-04,3.7,18271.6,45305.351563,0.7844
2023-08-07,3.7,18271.6,45677.109375,0.7823
2023-08-08,3.7,18271.6,45462.269531,0.7843
2023-08-09,3.7,18271.6,45135.25,0.7863
2023-08-10,3.7,18271.6,45131.71875,0.789
2023-08-11,3.7,18271.6,45089.769531,0.7876
2023-08-14,3.7,18271.6,45313.96875,0.7883
2023-08-15,3.7,18271.6,44780.511719,0.787
2023-08-16,3.7,18271.6,44424.21875,0.7854
2023-08-17,3.7,18271.6,44050.960938,0.7846
2023-08-18,3.7,18271.6,44074.859375,0.7853
2023-08-21,3.7,18271.6,44338.910156,0.7839
2023-08-22,3.7,18271.6,44217.191406,0.7853
2023-08-23,3.7,18271.6,44709.300781,0.7859
2023-08-24,3.7,18271.6,44104.96875,0.7936
2023-08-25,3.7,18271.6,44390.648438,0.795
2023-08-28,3.7,18271.6,44678.078125,0.7935
2023-08-29,3.7,18271.6,45335.941406,0.7909
2023-08-30,3.7,18271.6,45521.269531,0.7861
2023-08-31,3.7,18271.6,45468.429688,0.7891
2023-09-01,3.7,18151.7,45606.109375,0.7942
2023-09-05,3.7,18151.7,45346.539063,0.7959
2023-09-06,3.7,18151.7,45056.878906,0.7996
2023-09-07,3.7,18151.7,44888.609375,0.8019
2023-09-08,3.7,18151.7,44941.449219,0.8021
2023-09-11,3.7,18151.7,45229.300781,0.7995
2023-09-12,3.7,18151.7,44996.199219,0.8004
2023-09-13,3.7,18151.7,44995.550781,0.8007
2023-09-14,3.7,18151.7,45382.71875,0.8059
2023-09-15,3.7,18151.7,44849.601563,0.8076
2023-09-18,3.7,18151.7,44847.390625,0.8075
2023-09-19,3.7,18151.7,44742.101563,0.8069
2023-09-20,3.7,18151.7,44335.539063,0.8101
2023-09-21,3.7,18151.7,43587.039063,0.8133
2023-09-22,3.7,18151.7,43490.140625,0.8169
2023-09-25,3.7,18151.7,43662.410156,0.819
2023-09-26,3.7,18151.7,43026.289063,0.8224
2023-09-27,3.7,18151.7,43086.378906,0.8241
2023-09-28,3.7,18151.7,43357.589844,0.8193
2023-09-29,3.7,18151.7,43249.300781,0.8196
2023-10-02,3.2,18070.1,43174.011719,0.8274
2023-10-03,3.2,18070.1,42549.429688,0.828
2023-10-04,3.2,18070.1,42876.210938,0.8241
2023-10-05,3.2,18070.1,42823.191406,0.8203
2023-10-06,3.2,18070.1,43332.121094,0.8174
2023-10-09,3.2,18070.1,43609.511719,0.8171
2023-10-10,3.2,18070.1,43871.261719,0.8139
2023-10-11,3.2,18070.1,44040.230469,0.8121
2023-10-12,3.2,18070.1,43685.480469,0.8214
2023-10-13,3.2,18070.1,43443.480469,0.8234
2023-10-16,3.2,18070.1,43938.210938,0.8185
2023-10-17,3.2,18070.1,43987.308594,0.8207
2023-10-18,3.2,18070.1,43348.148438,0.8236
2023-10-19,3.2,18070.1,42950.519531,0.8235
2023-10-20,3.2,18070.1,42406.601563,0.822
2023-10-23,3.2,18070.1,42297.488281,0.8165
2023-10-24,3.2,18070.1,42612.128906,0.8224
2023-10-25,3.2,18070.1,41962.53125,0.8257
2023-10-26,3.2,18070.1,41533.03125,0.8245
2023-10-27,3.2,18070.1,41300.789063,0.825
2023-10-30,3.2,18070.1,41773.511719,0.8218
2023-10-31,3.2,18070.1,42059.949219,0.8229
2023-11-01,3.1,18009.0,42463.75,0.823
2023-11-02,3.1,18009.0,43301.679688,0.8193
2023-11-03,3.1,18009.0,43792.109375,0.8077
2023-11-06,3.1,18009.0,43792.738281,0.8102
2023-11-07,3.1,18009.0,43925.78125,0.8131
2023-11-08,3.1,18009.0,43927.78125,0.8139
2023-11-09,3.1,18009.0,43538.191406,0.818
2023-11-10,3.1,18009.0,44188.988281,0.8179
2023-11-13,3.1,18009.0,44158.609375,0.8143
2023-11-14,3.1,18009.0,45142.589844,0.8
2023-11-15,3.1,18009.0,45224.910156,0.8054
2023-11-16,3.1,18009.0,45200.058594,0.8056
2023-11-17,3.1,18009.0,45312.960938,0.8024
2023-11-20,3.1,18009.0,45642.96875,0.7996
2023-11-21,3.1,18009.0,45510.179688,0.7976
2023-11-22,3.1,18009.0,45709.660156,0.8003
2023-11-24,3.1,18009.0,45766.878906,0.7934
2023-11-27,3.1,18009.0,45676.78125,0.792
2023-11-28,3.1,18009.0,45708.441406,0.7878
2023-11-29,3.1,18009.0,45725.558594,0.7877
2023-11-30,3.1,18009.0,45900.898438,0.7922
2023-12-01,3.4,18012.3,46295.421875,0.7867
2023-12-04,3.4,18012.3,46118.671875,0.7915
2023-12-05,3.4,18012.3,46022.699219,0.7938
2023-12-06,3.4,18012.3,45854.871094,0.7962
2023-12-07,3.4,18012.3,46213.898438,0.794
2023-12-08,3.4,18012.3,46421.699219,0.7969
2023-12-11,3.4,18012.3,46601.699219,0.7965
2023-12-12,3.4,18012.3,46788.640625,0.796
2023-12-13,3.4,18012.3,47522.339844,0.7925
2023-12-14,3.4,18012.3,47790.609375,0.7832
2023-12-15,3.4,18012.3,47743.359375,0.7889
2023-12-18,3.4,18012.3,47932.421875,0.7907
2023-12-19,3.4,18012.3,48276.25,0.7853
2023-12-20,3.4,18012.3,47540.398438,0.7912
2023-12-21,3.4,18012.3,48063.789063,0.7881
2023-12-22,3.4,18012.3,48171.761719,0.7875
2023-12-26,3.4,18012.3,48409.109375,0.7859
2023-12-27,3.4,18012.3,48490.140625,0.7814
2023-12-28,3.4,18012.3,48497.640625,0.7854
2023-12-29,3.4,18012.3,48295.378906,0.7854
2024-01-02,3.1,17977.0,47986.050781,0.7925
2024-01-03,3.1,17977.0,47497.839844,0.7896
2024-01-04,3.1,17977.0,47358.070313,0.7885
2024-01-05,3.1,17977.0,47439.628906,0.7863
2024-01-08,3.1,17977.0,48138.941406,0.7844
2024-01-09,3.1,17977.0,48036.421875,0.7867
2024-01-10,3.1,17977.0,48281.800781,0.7847
2024-01-11,3.1,17977.0,48222.421875,0.7834
2024-01-12,3.1,17977.0,48240.148438,0.7842
2024-01-16,3.1,17977.0,48019.371094,0.7913
2024-01-17,3.1,17977.0,47737.089844,0.7889
2024-01-18,3.1,17977.0,48142.21875,0.7871
2024-01-19,3.1,17977.0,48725.621094,0.7871
2024-01-22,3.1,17977.0,48918.769531,0.7867
2024-01-23,3.1,17977.0,49024.230469,0.7882
2024-01-24,3.1,17977.0,49007.058594,0.7858
2024-01-25,3.1,17977.0,49261.320313,0.7868
2024-01-26,3.1,17977.0,49249.171875,0.7872
2024-01-29,3.1,17977.0,49670.328125,0.7867
2024-01-30,3.1,17977.0,49603.601563,0.7873
2024-01-31,3.1,17977.0,48769.871094,0.7881
2024-02-01,3.2,17935.2,49379.730469,0.7846
2024-02-02,3.2,17935.2,49837.070313,0.7916
2024-02-05,3.2,17935.2,49614.570313,0.7978
2024-02-06,3.2,17935.2,49771.460938,0.7937
2024-02-07,3.2,17935.2,50149.160156,0.7921
2024-02-08,3.2,17935.2,50257.050781,0.7926
2024-02-09,3.2,17935.2,50577.921875,0.7918
2024-02-12,3.2,17935.2,50600.058594,0.792
2024-02-13,3.2,17935.2,49805.621094,0.7941
2024-02-14,3.2,17935.2,50358.039063,0.7958
2024-02-15,3.2,17935.2,50721.570313,0.7937
2024-02-16,3.2,17935.2,50672.539063,0.7936
2024-02-20,3.2,17935.2,50112.300781,0.7923
2024-02-21,3.2,17935.2,50129.941406,0.7913
2024-02-22,3.2,17935.2,51123.21875,0.7898
2024-02-23,3.2,17935.2,51154.378906,0.7891
2024-02-26,3.2,17935.2,51010.328125,0.7883
2024-02-27,3.2,17935.2,51151.058594,0.7884
2024-02-28,3.2,17935.2,51052.851563,0.7898
2024-02-29,3.2,17935.2,51321.230469,0.792
2024-03-01,3.5,17998.2,51725.800781,0.7903
2024-03-04,3.5,17998.2,51669.128906,0.7879
2024-03-05,3.5,17998.2,51132.511719,0.7871
2024-03-06,3.5,17998.2,51413.140625,0.7854
2024-03-07,3.5,17998.2,51926.410156,0.7807
2024-03-08,3.5,17998.2,51615.398438,0.7777
2024-03-11,3.5,17998.2,51524.039063,0.7805
2024-03-12,3.5,17998.2,52034.800781,0.7817
2024-03-13,3.5,17998.2,51964.800781,0.7814
2024-03-14,3.5,17998.2,51735.308594,0.7842
2024-03-15,3.5,17998.2,51445.53125,0.7853
2024-03-18,3.5,17998.2,51719.308594,0.7856
2024-03-19,3.5,17998.2,52013.859375,0.786
2024-03-20,3.5,17998.2,52539.210938,0.7822
2024-03-21,3.5,17998.2,52745.558594,0.7901
2024-03-22,3.5,17998.2,52617.769531,0.7935
2024-03-25,3.5,17998.2,52483.070313,0.7914
2024-03-26,3.5,17998.2,52355.941406,0.7918
2024-03-27,3.5,17998.2,52845.21875,0.7912
2024-03-28,3.5,17998.2,52915.820313,0.7922
2024-04-01,3.4,17990.0,52764.328125,0.7967
2024-04-02,3.4,17990.0,52323.429688,0.7951
2024-04-03,3.4,17990.0,52413.609375,0.7904
2024-04-04,3.4,17990.0,51781.261719,0.791
2024-04-05,3.4,17990.0,52338.148438,0.7913
2024-04-08,3.4,17990.0,52353.910156,0.7901
2024-04-09,3.4,17990.0,52433.210938,0.7887
2024-04-10,3.4,17990.0,51869.828125,0.7973
2024-04-11,3.4,17990.0,52243.671875,0.7967
2024-04-12,3.4,17990.0,51459.671875,0.8026
2024-04-15,3.4,17990.0,50810.25,0.8034
2024-04-16,3.4,17990.0,50685.839844,0.8048
2024-04-17,3.4,17990.0,50377.671875,0.803
2024-04-18,3.4,17990.0,50267.398438,0.8042
2024-04-19,3.4,17990.0,50451.308594,0.8083
2024-04-22,3.4,17990.0,50331.53125,0.8098
2024-04-23,3.4,17990.0,50972.941406,0.8032
2024-04-24,3.4,17990.0,50973.839844,0.8022
2024-04-25,3.4,17990.0,50735.398438,0.799
2024-04-26,3.4,17990.0,51238.089844,0.8003
2024-04-29,3.4,17990.0,51412.410156,0.796
2024-04-30,3.4,17990.0,50572.378906,0.8005
2024-05-01,3.3,18036.4,50438.761719,0.7982
2024-05-02,3.3,18036.4,50941.519531,0.7978
2024-05-03,3.3,18036.4,51555.359375,0.797
2024-05-06,3.3,18036.4,52111.519531,0.7961
2024-05-07,3.3,18036.4,52160.269531,0.7994
2024-05-08,3.3,18036.4,52125.96875,0.8002
2024-05-09,3.3,18036.4,52416.140625,0.7985
2024-05-10,3.3,18036.4,52468.289063,0.7984
2024-05-13,3.3,18036.4,52458.109375,0.7963
2024-05-14,3.3,18036.4,52750.75,0.7942
2024-05-15,3.3,18036.4,53365.300781,0.7883
2024-05-16,3.3,18036.4,53216.519531,0.7892
2024-05-17,3.3,18036.4,53273.210938,0.7873
2024-05-20,3.3,18036.4,53340.53125,0.787
2024-05-21,3.3,18036.4,53434.648438,0.7868
2024-05-22,3.3,18036.4,53258.429688,0.7864
2024-05-23,3.3,18036.4,52806.308594,0.7875
2024-05-24,3.3,18036.4,53188.109375,0.7852
2024-05-28,3.3,18036.4,53152.878906,0.7835
2024-05-29,3.3,18036.4,52733.621094,0.7874
2024-05-30,3.3,18036.4,52492.261719,0.7853
2024-05-31,3.3,18036.4,52875.519531,0.7849