Date, Open, High, Low, Close
07/22/24, 0.000623, 0.000630, 0.000600, 0.000622
07/19/24, 0.000614, 0.000623, 0.000612, 0.000623
07/18/24, 0.000619, 0.000623, 0.000602, 0.000614
07/17/24, 0.000618, 0.000627, 0.000614, 0.000619
07/16/24, 0.000617, 0.000629, 0.000609, 0.000618
07/15/24, 0.000625, 0.000626, 0.000610, 0.000617
07/12/24, 0.000630, 0.000641, 0.000617, 0.000617
07/11/24, 0.000642, 0.000647, 0.000620, 0.000630
07/10/24, 0.000645, 0.000656, 0.000629, 0.000634
07/09/24, 0.000645, 0.000651, 0.000645, 0.000645
07/08/24, 0.000655, 0.000659, 0.000645, 0.000645
07/05/24, 0.000655, 0.000664, 0.000655, 0.000655
07/04/24, 0.000660, 0.000665, 0.000655, 0.000655
07/03/24, 0.000665, 0.000678, 0.000655, 0.000655
07/02/24, 0.000652, 0.000680, 0.000652, 0.000665
07/01/24, 0.000651, 0.000664, 0.000648, 0.000652
06/28/24, 0.000649, 0.000658, 0.000649, 0.000651
06/27/24, 0.000649, 0.000658, 0.000647, 0.000649
06/26/24, 0.000659, 0.000660, 0.000643, 0.000649
06/25/24, 0.000653, 0.000662, 0.000651, 0.000651
06/24/24, 0.000673, 0.000673, 0.000653, 0.000653
06/21/24, 0.000672, 0.000680, 0.000660, 0.000667
06/20/24, 0.000671, 0.000676, 0.000671, 0.000672
06/19/24, 0.000671, 0.000680, 0.000655, 0.000671
06/18/24, 0.000674, 0.000674, 0.000664, 0.000671
06/17/24, 0.000674, 0.000674, 0.000674, 0.000674
06/14/24, 0.000664, 0.000679, 0.000664, 0.000669
06/13/24, 0.000664, 0.000678, 0.000664, 0.000664
06/12/24, 0.000674, 0.000675, 0.000664, 0.000664
06/11/24, 0.000666, 0.000682, 0.000656, 0.000664
06/10/24, 0.000672, 0.000679, 0.000658, 0.000666
06/07/24, 0.000668, 0.000680, 0.000668, 0.000680
06/06/24, 0.000668, 0.000679, 0.000668, 0.000668
06/05/24, 0.000670, 0.000681, 0.000667, 0.000668
06/04/24, 0.000673, 0.000681, 0.000667, 0.000670
06/03/24, 0.000672, 0.000683, 0.000664, 0.000672
05/31/24, 0.000749, 0.000749, 0.000671, 0.000672
05/30/24, 0.000714, 0.000813, 0.000692, 0.000749
05/29/24, 0.000719, 0.000719, 0.000687, 0.000714
05/28/24, 0.000677, 0.000719, 0.000673, 0.000719
05/27/24, 0.000681, 0.000681, 0.000664, 0.000677
05/24/24, 0.000693, 0.000693, 0.000676, 0.000681
05/23/24, 0.000698, 0.000705, 0.000678, 0.000693
05/22/24, 0.000704, 0.000706, 0.000683, 0.000698
05/21/24, 0.000653, 0.000705, 0.000653, 0.000704
05/20/24, 0.000680, 0.000687, 0.000652, 0.000653
05/17/24, 0.000657, 0.000680, 0.000656, 0.000680
05/16/24, 0.000657, 0.000661, 0.000647, 0.000657
05/15/24, 0.000666, 0.000678, 0.000647, 0.000657
05/14/24, 0.000692, 0.000692, 0.000656, 0.000666
05/13/24, 0.000702, 0.000702, 0.000674, 0.000692
05/10/24, 0.000704, 0.000704, 0.000696, 0.000702
05/09/24, 0.000711, 0.000711, 0.000687, 0.000704
05/08/24, 0.000720, 0.000723, 0.000699, 0.000711
05/07/24, 0.000722, 0.000724, 0.000720, 0.000720
05/06/24, 0.000723, 0.000727, 0.000710, 0.000722
05/03/24, 0.000728, 0.000728, 0.000710, 0.000723
05/02/24, 0.000717, 0.000740, 0.000713, 0.000728
05/01/24, 0.000719, 0.000719, 0.000709, 0.000717
04/30/24, 0.000737, 0.000737, 0.000719, 0.000719
04/29/24, 0.000766, 0.000766, 0.000719, 0.000737
04/26/24, 0.000781, 0.000781, 0.000750, 0.000766
04/25/24, 0.000797, 0.000797, 0.000775, 0.000781
04/24/24, 0.000811, 0.000811, 0.000775, 0.000797
04/23/24, 0.000811, 0.000811, 0.000786, 0.000811
04/22/24, 0.000929, 0.000930, 0.000809, 0.000811
04/19/24, 0.000869, 0.000960, 0.000859, 0.000929
04/18/24, 0.000869, 0.000877, 0.000855, 0.000869
04/17/24, 0.000876, 0.000897, 0.000861, 0.000869
04/16/24, 0.000867, 0.000878, 0.000852, 0.000871
04/15/24, 0.000833, 0.000897, 0.000833, 0.000867
04/12/24, 0.000805, 0.000850, 0.000797, 0.000833
04/11/24, 0.000807, 0.000807, 0.000802, 0.000805
04/10/24, 0.000801, 0.000810, 0.000801, 0.000807
04/09/24, 0.000805, 0.000808, 0.000801, 0.000801
04/08/24, 0.000801, 0.000805, 0.000772, 0.000805
04/05/24, 0.000758, 0.000805, 0.000758, 0.000801
04/04/24, 0.000758, 0.000758, 0.000758, 0.000758
04/03/24, 0.000772, 0.000794, 0.000758, 0.000758
04/02/24, 0.000765, 0.000772, 0.000753, 0.000772
04/01/24, 0.000718, 0.000767, 0.000718, 0.000765
03/29/24, 0.000718, 0.000718, 0.000718, 0.000718
03/28/24, 0.000705, 0.000750, 0.000705, 0.000718
03/27/24, 0.000716, 0.000717, 0.000705, 0.000705
03/26/24, 0.000702, 0.000740, 0.000694, 0.000716
03/25/24, 0.000683, 0.000714, 0.000683, 0.000702
03/22/24, 0.000709, 0.000734, 0.000675, 0.000683
03/21/24, 0.000704, 0.000730, 0.000704, 0.000709
03/20/24, 0.000677, 0.000704, 0.000662, 0.000704
03/19/24, 0.000639, 0.000677, 0.000636, 0.000677
03/18/24, 0.000621, 0.000649, 0.000621, 0.000639
03/15/24, 0.000627, 0.000632, 0.000621, 0.000621
03/14/24, 0.000622, 0.000631, 0.000622, 0.000627
03/13/24, 0.000620, 0.000633, 0.000620, 0.000622
03/12/24, 0.000615, 0.000635, 0.000615, 0.000620
03/11/24, 0.000627, 0.000631, 0.000615, 0.000615
03/08/24, 0.000628, 0.000631, 0.000627, 0.000627
03/07/24, 0.000628, 0.000633, 0.000627, 0.000628
03/06/24, 0.000641, 0.000641, 0.000628, 0.000628
03/05/24, 0.000647, 0.000666, 0.000641, 0.000641
03/04/24, 0.000634, 0.000662, 0.000634, 0.000647
03/01/24, 0.000618, 0.000639, 0.000618, 0.000633
02/29/24, 0.000613, 0.000633, 0.000613, 0.000618
02/28/24, 0.000633, 0.000642, 0.000613, 0.000613
02/27/24, 0.000639, 0.000640, 0.000633, 0.000633
02/26/24, 0.000622, 0.000655, 0.000622, 0.000639
02/23/24, 0.000622, 0.000623, 0.000622, 0.000622
02/22/24, 0.000622, 0.000625, 0.000622, 0.000622
02/21/24, 0.000622, 0.000629, 0.000622, 0.000622
02/20/24, 0.000669, 0.000671, 0.000622, 0.000622
02/19/24, 0.000669, 0.000669, 0.000653, 0.000669
02/16/24, 0.000659, 0.000670, 0.000653, 0.000669
02/15/24, 0.000659, 0.000660, 0.000659, 0.000659
02/14/24, 0.000660, 0.000671, 0.000659, 0.000659
02/13/24, 0.000665, 0.000690, 0.000659, 0.000660
02/12/24, 0.000678, 0.000678, 0.000664, 0.000665
02/09/24, 0.000692, 0.000692, 0.000678, 0.000678
02/08/24, 0.000705, 0.000712, 0.000692, 0.000692
02/07/24, 0.000710, 0.000710, 0.000705, 0.000705
02/06/24, 0.000714, 0.000714, 0.000707, 0.000710
02/05/24, 0.000837, 0.000837, 0.000714, 0.000714
02/02/24, 0.000837, 0.000837, 0.000837, 0.000837
02/01/24, 0.000837, 0.000837, 0.000837, 0.000837
01/31/24, 0.001115, 0.001124, 0.000837, 0.000837
01/30/24, 0.001119, 0.001119, 0.001050, 0.001115
01/29/24, 0.001112, 0.001121, 0.001098, 0.001119
01/26/24, 0.001125, 0.001125, 0.001110, 0.001112
01/25/24, 0.001111, 0.001127, 0.001109, 0.001125
01/24/24, 0.001092, 0.001149, 0.001092, 0.001111
01/23/24, 0.001122, 0.001149, 0.001092, 0.001092
01/22/24, 0.001122, 0.001122, 0.001098, 0.001122
01/19/24, 0.001117, 0.001162, 0.001115, 0.001122
01/18/24, 0.001162, 0.001164, 0.001117, 0.001117
01/17/24, 0.001117, 0.001162, 0.001098, 0.001162
01/16/24, 0.001044, 0.001171, 0.001041, 0.001117
01/15/24, 0.001044, 0.001044, 0.001043, 0.001044
01/12/24, 0.001044, 0.001044, 0.001043, 0.001044
01/11/24, 0.001051, 0.001051, 0.001043, 0.001044
01/10/24, 0.001093, 0.001094, 0.001050, 0.001051
01/09/24, 0.001130, 0.001133, 0.001093, 0.001093
01/08/24, 0.001099, 0.001131, 0.001098, 0.001130
01/05/24, 0.001096, 0.001096, 0.001093, 0.001093
01/04/24, 0.001121, 0.001121, 0.001096, 0.001096
01/03/24, 0.001130, 0.001131, 0.001121, 0.001121
01/02/24, 0.001112, 0.001131, 0.001112, 0.001131
01/01/24, 0.001115, 0.001115, 0.001112, 0.001112
12/29/23, 0.001115, 0.001115, 0.001114, 0.001115
12/28/23, 0.001117, 0.001129, 0.001104, 0.001115
12/27/23, 0.001105, 0.001130, 0.001104, 0.001117
12/26/23, 0.001106, 0.001106, 0.001104, 0.001105
12/25/23, 0.001106, 0.001106, 0.001105, 0.001105
12/22/23, 0.001212, 0.001212, 0.001103, 0.001106
12/21/23, 0.001212, 0.001214, 0.001212, 0.001212
12/20/23, 0.001212, 0.001212, 0.001212, 0.001212
12/19/23, 0.001266, 0.001267, 0.001212, 0.001212
12/18/23, 0.001266, 0.001266, 0.001258, 0.001266
12/15/23, 0.001264, 0.001267, 0.001245, 0.001266
12/14/23, 0.001246, 0.001267, 0.001245, 0.001264
12/13/23, 0.001246, 0.001267, 0.001245, 0.001246
12/12/23, 0.001260, 0.001267, 0.001246, 0.001246
12/11/23, 0.001245, 0.001267, 0.001245, 0.001260
12/08/23, 0.001246, 0.001267, 0.001245, 0.001245
12/07/23, 0.001245, 0.001267, 0.001245, 0.001246
12/06/23, 0.001246, 0.001246, 0.001245, 0.001245
12/05/23, 0.001252, 0.001252, 0.001220, 0.001246
12/04/23, 0.001267, 0.001267, 0.001252, 0.001252
12/01/23, 0.001265, 0.001268, 0.001265, 0.001267
11/30/23, 0.001259, 0.001267, 0.001259, 0.001265
11/29/23, 0.001267, 0.001273, 0.001259, 0.001259
11/28/23, 0.001251, 0.001268, 0.001241, 0.001267
11/27/23, 0.001220, 0.001267, 0.001220, 0.001251
11/24/23, 0.001242, 0.001244, 0.001220, 0.001220
11/23/23, 0.001243, 0.001243, 0.001242, 0.001242
11/22/23, 0.001225, 0.001243, 0.001225, 0.001243
11/21/23, 0.001219, 0.001225, 0.001217, 0.001225
11/20/23, 0.001190, 0.001219, 0.001190, 0.001219
11/17/23, 0.001183, 0.001190, 0.001183, 0.001190
11/16/23, 0.001185, 0.001209, 0.001180, 0.001183
11/15/23, 0.001183, 0.001185, 0.001182, 0.001185
11/14/23, 0.001244, 0.001247, 0.001183, 0.001183
11/13/23, 0.001242, 0.001246, 0.001242, 0.001244
11/10/23, 0.001245, 0.001246, 0.001242, 0.001242
11/09/23, 0.001245, 0.001245, 0.001245, 0.001245
11/08/23, 0.001271, 0.001271, 0.001240, 0.001245
11/07/23, 0.001250, 0.001271, 0.001245, 0.001271
11/06/23, 0.001240, 0.001280, 0.001239, 0.001250
11/03/23, 0.001272, 0.001272, 0.001240, 0.001240
11/02/23, 0.001268, 0.001272, 0.001268, 0.001272
11/01/23, 0.001271, 0.001272, 0.001267, 0.001268
10/31/23, 0.001271, 0.001272, 0.001268, 0.001271
10/30/23, 0.001265, 0.001271, 0.001265, 0.001271
10/27/23, 0.001246, 0.001267, 0.001246, 0.001265
10/26/23, 0.001223, 0.001268, 0.001223, 0.001246
10/25/23, 0.001257, 0.001257, 0.001191, 0.001223
10/24/23, 0.001132, 0.001162, 0.001132, 0.001162
10/23/23, 0.001309, 0.001309, 0.001131, 0.001132
10/20/23, 0.001309, 0.001309, 0.001306, 0.001309
10/19/23, 0.001290, 0.001309, 0.001290, 0.001309
10/18/23, 0.001308, 0.001308, 0.001290, 0.001290
10/17/23, 0.001306, 0.001308, 0.001304, 0.001308
10/16/23, 0.001299, 0.001306, 0.001289, 0.001306
10/13/23, 0.001301, 0.001306, 0.001289, 0.001299
10/12/23, 0.001282, 0.001308, 0.001282, 0.001300
10/11/23, 0.001310, 0.001316, 0.001282, 0.001282
10/10/23, 0.001317, 0.001317, 0.001289, 0.001310
10/09/23, 0.001304, 0.001317, 0.001295, 0.001317
10/06/23, 0.001304, 0.001342, 0.001295, 0.001304
10/05/23, 0.001338, 0.001338, 0.001298, 0.001304
10/04/23, 0.001305, 0.001339, 0.001298, 0.001338
10/03/23, 0.001304, 0.001305, 0.001252, 0.001305
10/02/23, 0.001298, 0.001304, 0.001298, 0.001304
09/29/23, 0.001285, 0.001300, 0.001279, 0.001298
09/28/23, 0.001285, 0.001285, 0.001252, 0.001285
09/27/23, 0.001283, 0.001285, 0.001278, 0.001285
09/26/23, 0.001283, 0.001283, 0.001275, 0.001281
09/25/23, 0.001298, 0.001321, 0.001275, 0.001283
09/22/23, 0.001302, 0.001302, 0.001298, 0.001298
09/21/23, 0.001297, 0.001302, 0.001280, 0.001302
09/20/23, 0.001288, 0.001297, 0.001281, 0.001297
09/19/23, 0.001315, 0.001315, 0.001267, 0.001288
09/18/23, 0.001302, 0.001315, 0.001267, 0.001315
09/15/23, 0.001301, 0.001302, 0.001267, 0.001302
09/14/23, 0.001339, 0.001344, 0.001274, 0.001275
09/13/23, 0.001297, 0.001343, 0.001297, 0.001339
09/12/23, 0.001355, 0.001355, 0.001286, 0.001297
09/11/23, 0.001267, 0.001355, 0.001267, 0.001355
09/08/23, 0.001273, 0.001273, 0.001267, 0.001273
09/07/23, 0.001325, 0.001326, 0.001273, 0.001273
09/06/23, 0.001319, 0.001326, 0.001314, 0.001325
09/05/23, 0.001320, 0.001343, 0.001313, 0.001319
09/04/23, 0.001321, 0.001321, 0.001320, 0.001320
09/01/23, 0.001293, 0.001321, 0.001287, 0.001321
08/31/23, 0.001293, 0.001300, 0.001291, 0.001293
08/30/23, 0.001295, 0.001350, 0.001284, 0.001293
08/29/23, 0.001291, 0.001315, 0.001291, 0.001295
08/28/23, 0.001295, 0.001296, 0.001291, 0.001291
08/25/23, 0.001323, 0.001343, 0.001291, 0.001295
08/24/23, 0.001315, 0.001323, 0.001293, 0.001323
08/23/23, 0.001312, 0.001321, 0.001310, 0.001315
08/22/23, 0.001307, 0.001315, 0.001303, 0.001312
08/21/23, 0.001340, 0.001342, 0.001300, 0.001307
08/18/23, 0.001302, 0.001340, 0.001300, 0.001340
08/17/23, 0.001272, 0.001313, 0.001272, 0.001302
08/16/23, 0.001310, 0.001315, 0.001272, 0.001272
08/15/23, 0.001304, 0.001315, 0.001301, 0.001310
08/14/23, 0.001300, 0.001305, 0.001293, 0.001304
08/11/23, 0.001300, 0.001300, 0.001295, 0.001300
08/10/23, 0.001300, 0.001310, 0.001300, 0.001300
08/09/23, 0.001311, 0.001311, 0.001300, 0.001300
08/08/23, 0.001331, 0.001332, 0.001272, 0.001311
08/07/23, 0.001303, 0.001331, 0.001270, 0.001331
08/04/23, 0.001286, 0.001303, 0.001285, 0.001303
08/03/23, 0.001285, 0.001308, 0.001265, 0.001286
08/02/23, 0.001318, 0.001323, 0.001285, 0.001285
08/01/23, 0.001315, 0.001341, 0.001296, 0.001318
07/31/23, 0.001289, 0.001315, 0.001262, 0.001315
07/28/23, 0.001289, 0.001291, 0.001266, 0.001289
07/27/23, 0.001268, 0.001308, 0.001261, 0.001289
07/26/23, 0.001261, 0.001274, 0.001260, 0.001268
07/25/23, 0.001261, 0.001281, 0.001259, 0.001261
07/24/23, 0.001288, 0.001288, 0.001256, 0.001261
07/21/23, 0.001264, 0.001289, 0.001262, 0.001288
07/20/23, 0.001277, 0.001289, 0.001263, 0.001264
07/19/23, 0.001267, 0.001293, 0.001251, 0.001277
07/18/23, 0.001286, 0.001293, 0.001264, 0.001267
07/17/23, 0.001288, 0.001289, 0.001286, 0.001287
07/14/23, 0.001286, 0.001288, 0.001286, 0.001288
07/13/23, 0.001288, 0.001288, 0.001251, 0.001286
07/12/23, 0.001281, 0.001316, 0.001266, 0.001288
07/11/23, 0.001266, 0.001290, 0.001265, 0.001281
07/10/23, 0.001300, 0.001311, 0.001266, 0.001266
07/07/23, 0.001291, 0.001301, 0.001289, 0.001300
07/06/23, 0.001293, 0.001299, 0.001286, 0.001291
07/05/23, 0.001306, 0.001306, 0.001288, 0.001293
07/04/23, 0.001298, 0.001306, 0.001289, 0.001306
07/03/23, 0.001315, 0.001323, 0.001289, 0.001298
06/30/23, 0.001325, 0.001325, 0.001289, 0.001315
06/29/23, 0.001325, 0.001326, 0.001325, 0.001325
06/28/23, 0.001308, 0.001326, 0.001307, 0.001325
06/27/23, 0.001345, 0.001345, 0.001306, 0.001308
06/26/23, 0.001215, 0.001345, 0.001215, 0.001345
06/23/23, 0.001225, 0.001225, 0.001215, 0.001215
06/22/23, 0.001277, 0.001277, 0.001220, 0.001225
06/21/23, 0.001449, 0.001449, 0.001277, 0.001277
06/20/23, 0.001488, 0.001488, 0.001448, 0.001449
06/19/23, 0.001523, 0.001538, 0.001488, 0.001488
06/16/23, 0.001612, 0.001665, 0.001515, 0.001523
06/15/23, 0.002148, 0.002148, 0.001520, 0.001612
06/14/23, 0.002160, 0.002160, 0.002148, 0.002148
06/13/23, 0.002163, 0.002163, 0.002107, 0.002160
06/12/23, 0.002163, 0.002163, 0.002162, 0.002163
06/09/23, 0.002164, 0.002164, 0.002146, 0.002163
06/08/23, 0.002166, 0.002166, 0.002146, 0.002164
06/07/23, 0.002166, 0.002166, 0.002107, 0.002166
06/06/23, 0.002167, 0.002167, 0.002146, 0.002166
06/05/23, 0.002167, 0.002172, 0.002153, 0.002167
06/02/23, 0.002168, 0.002168, 0.002167, 0.002167
06/01/23, 0.002169, 0.002169, 0.002148, 0.002168
05/31/23, 0.002169, 0.002169, 0.002169, 0.002169
05/30/23, 0.002170, 0.002171, 0.002153, 0.002169
05/29/23, 0.002170, 0.002170, 0.002170, 0.002170
05/26/23, 0.002170, 0.002170, 0.002170, 0.002170
05/25/23, 0.002170, 0.002170, 0.002153, 0.002170
05/24/23, 0.002170, 0.002172, 0.002148, 0.002170
05/23/23, 0.002170, 0.002170, 0.002170, 0.002170
05/22/23, 0.002170, 0.002170, 0.002157, 0.002170
05/19/23, 0.002170, 0.002170, 0.002157, 0.002170
05/18/23, 0.002171, 0.002171, 0.002170, 0.002170
05/17/23, 0.002171, 0.002171, 0.002171, 0.002171
05/16/23, 0.002171, 0.002172, 0.002171, 0.002171
05/15/23, 0.002171, 0.002172, 0.002162, 0.002171
05/12/23, 0.002171, 0.002171, 0.002171, 0.002171
05/11/23, 0.002171, 0.002171, 0.002162, 0.002171
05/10/23, 0.002172, 0.002172, 0.002171, 0.002171
05/09/23, 0.002172, 0.002172, 0.002171, 0.002172
05/08/23, 0.002172, 0.002172, 0.002167, 0.002172
05/05/23, 0.002172, 0.002172, 0.002172, 0.002172
05/04/23, 0.002172, 0.002172, 0.002172, 0.002172
05/03/23, 0.002172, 0.002172, 0.002172, 0.002172
05/02/23, 0.002172, 0.002172, 0.002172, 0.002172
05/01/23, 0.002172, 0.002172, 0.002172, 0.002172
04/28/23, 0.002172, 0.002172, 0.002172, 0.002172
04/27/23, 0.002172, 0.002172, 0.002172, 0.002172
04/26/23, 0.002171, 0.002172, 0.002171, 0.002172
04/25/23, 0.002171, 0.002172, 0.002171, 0.002171
04/24/23, 0.002171, 0.002174, 0.002171, 0.002171
04/21/23, 0.002171, 0.002171, 0.002171, 0.002171
04/20/23, 0.002171, 0.002172, 0.002171, 0.002171
04/19/23, 0.002172, 0.002172, 0.002171, 0.002171
04/18/23, 0.002172, 0.002172, 0.002172, 0.002172
04/17/23, 0.002172, 0.002172, 0.002172, 0.002172
04/14/23, 0.002172, 0.002172, 0.002172, 0.002172
04/13/23, 0.002172, 0.002172, 0.002172, 0.002172
04/12/23, 0.002172, 0.002172, 0.002172, 0.002172
04/11/23, 0.002172, 0.002172, 0.002172, 0.002172
04/10/23, 0.002172, 0.002172, 0.002172, 0.002172
04/07/23, 0.002172, 0.002172, 0.002172, 0.002172
04/06/23, 0.002172, 0.002172, 0.002172, 0.002172
04/05/23, 0.002172, 0.002172, 0.002172, 0.002172
04/04/23, 0.002172, 0.002172, 0.002172, 0.002172
04/03/23, 0.002172, 0.002172, 0.002172, 0.002172
03/31/23, 0.002172, 0.002172, 0.002172, 0.002172
03/30/23, 0.002172, 0.002173, 0.002172, 0.002172
03/29/23, 0.002172, 0.002172, 0.002172, 0.002172
03/28/23, 0.002172, 0.002172, 0.002172, 0.002172
03/27/23, 0.002172, 0.002172, 0.002172, 0.002172
03/24/23, 0.002172, 0.002172, 0.002172, 0.002172
03/23/23, 0.002172, 0.002172, 0.002172, 0.002172
03/22/23, 0.002172, 0.002172, 0.002172, 0.002172
03/21/23, 0.002172, 0.002172, 0.002172, 0.002172
03/20/23, 0.002172, 0.002172, 0.002172, 0.002172
03/17/23, 0.002172, 0.002172, 0.002172, 0.002172
03/16/23, 0.002171, 0.002172, 0.002171, 0.002172
03/15/23, 0.002171, 0.002171, 0.002171, 0.002171
03/14/23, 0.002171, 0.002171, 0.002171, 0.002171
03/13/23, 0.002171, 0.002171, 0.002171, 0.002171
03/10/23, 0.002171, 0.002171, 0.002171, 0.002171
03/09/23, 0.002172, 0.002172, 0.002171, 0.002171
03/08/23, 0.002172, 0.002172, 0.002172, 0.002172
03/07/23, 0.002172, 0.002172, 0.002172, 0.002172
03/06/23, 0.002172, 0.002172, 0.002172, 0.002172
03/03/23, 0.002172, 0.002172, 0.002172, 0.002172
03/02/23, 0.002172, 0.002172, 0.002172, 0.002172
03/01/23, 0.002172, 0.002172, 0.002172, 0.002172
02/28/23, 0.002172, 0.002172, 0.002172, 0.002172
02/27/23, 0.002172, 0.002172, 0.002172, 0.002172
02/24/23, 0.002172, 0.002172, 0.002172, 0.002172
02/23/23, 0.002172, 0.002172, 0.002172, 0.002172
02/22/23, 0.002172, 0.002172, 0.002172, 0.002172
02/21/23, 0.002171, 0.002172, 0.002171, 0.002172
02/20/23, 0.002171, 0.002172, 0.002171, 0.002171
02/17/23, 0.002171, 0.002172, 0.002171, 0.002171
02/16/23, 0.002171, 0.002172, 0.002171, 0.002171
02/15/23, 0.002171, 0.002172, 0.002171, 0.002171
02/14/23, 0.002171, 0.002171, 0.002171, 0.002171
02/13/23, 0.002176, 0.002176, 0.002171, 0.002171
02/10/23, 0.002172, 0.002176, 0.002172, 0.002176
02/09/23, 0.002172, 0.002172, 0.002172, 0.002172
02/08/23, 0.002172, 0.002172, 0.002172, 0.002172
02/07/23, 0.002175, 0.002175, 0.002172, 0.002172
02/06/23, 0.002171, 0.002175, 0.002171, 0.002175
02/03/23, 0.002171, 0.002171, 0.002171, 0.002171
02/02/23, 0.002171, 0.002171, 0.002171, 0.002171
02/01/23, 0.002171, 0.002172, 0.002171, 0.002171
01/31/23, 0.002172, 0.002172, 0.002171, 0.002171
01/30/23, 0.002173, 0.002173, 0.002172, 0.002172
01/27/23, 0.002173, 0.002173, 0.002172, 0.002173
01/26/23, 0.002174, 0.002174, 0.002173, 0.002173
01/25/23, 0.002175, 0.002175, 0.002174, 0.002174
01/24/23, 0.002198, 0.002198, 0.002175, 0.002175
01/23/23, 0.002198, 0.002198, 0.002172, 0.002198
01/20/23, 0.002205, 0.002205, 0.002198, 0.002198
01/19/23, 0.002205, 0.002205, 0.002172, 0.002205
01/18/23, 0.002205, 0.002205, 0.002172, 0.002205
01/17/23, 0.002209, 0.002209, 0.002172, 0.002205
01/16/23, 0.002210, 0.002210, 0.002172, 0.002209
01/13/23, 0.002212, 0.002212, 0.002210, 0.002210
01/12/23, 0.002214, 0.002214, 0.002212, 0.002212
01/11/23, 0.002222, 0.002222, 0.002214, 0.002214
01/10/23, 0.002222, 0.002222, 0.002222, 0.002222
01/09/23, 0.002222, 0.002222, 0.002222, 0.002222
01/06/23, 0.002225, 0.002225, 0.002222, 0.002222
01/05/23, 0.002227, 0.002227, 0.002225, 0.002225
01/04/23, 0.002229, 0.002229, 0.002227, 0.002227
01/03/23, 0.002232, 0.002245, 0.002229, 0.002229
01/02/23, 0.002232, 0.002232, 0.002232, 0.002232
12/30/22, 0.002234, 0.002234, 0.002232, 0.002232
12/29/22, 0.002239, 0.002239, 0.002234, 0.002234
12/28/22, 0.002239, 0.002239, 0.002239, 0.002239
12/27/22, 0.002239, 0.002239, 0.002195, 0.002239
12/26/22, 0.002239, 0.002239, 0.002239, 0.002239
12/23/22, 0.002239, 0.002245, 0.002239, 0.002239
12/22/22, 0.002242, 0.002245, 0.002239, 0.002239
12/21/22, 0.002242, 0.002242, 0.002195, 0.002242
12/20/22, 0.002242, 0.002245, 0.002242, 0.002242
12/19/22, 0.002245, 0.002245, 0.002220, 0.002242
12/16/22, 0.002245, 0.002253, 0.002245, 0.002245
12/15/22, 0.002245, 0.002245, 0.002245, 0.002245
12/14/22, 0.002246, 0.002255, 0.002220, 0.002245
12/13/22, 0.002246, 0.002246, 0.002246, 0.002246
12/12/22, 0.002247, 0.002255, 0.002246, 0.002246
12/09/22, 0.002247, 0.002247, 0.002245, 0.002247
12/08/22, 0.002248, 0.002255, 0.002245, 0.002247
12/07/22, 0.002248, 0.002255, 0.002248, 0.002248
12/06/22, 0.002250, 0.002250, 0.002248, 0.002248
12/05/22, 0.002251, 0.002255, 0.002250, 0.002250
12/02/22, 0.002253, 0.002253, 0.002251, 0.002251
12/01/22, 0.002253, 0.002253, 0.002253, 0.002253
11/30/22, 0.002253, 0.002253, 0.002253, 0.002253
11/29/22, 0.002253, 0.002253, 0.002253, 0.002253
11/28/22, 0.002256, 0.002256, 0.002253, 0.002253
11/25/22, 0.002255, 0.002256, 0.002255, 0.002256
11/24/22, 0.002256, 0.002256, 0.002255, 0.002255
11/23/22, 0.002257, 0.002257, 0.002256, 0.002256
11/22/22, 0.002257, 0.002260, 0.002255, 0.002257
11/21/22, 0.002259, 0.002260, 0.002257, 0.002257
11/18/22, 0.002261, 0.002261, 0.002259, 0.002259
11/17/22, 0.002264, 0.002264, 0.002261, 0.002261
11/16/22, 0.002264, 0.002264, 0.002260, 0.002264
11/15/22, 0.002266, 0.002266, 0.002264, 0.002264
11/14/22, 0.002268, 0.002268, 0.002255, 0.002266
11/11/22, 0.002269, 0.002269, 0.002255, 0.002268
11/10/22, 0.002271, 0.002271, 0.002260, 0.002269
11/09/22, 0.002273, 0.002276, 0.002271, 0.002271
11/08/22, 0.002274, 0.002274, 0.002260, 0.002273
11/07/22, 0.002276, 0.002276, 0.002260, 0.002274
11/04/22, 0.002277, 0.002277, 0.002276, 0.002276
11/03/22, 0.002279, 0.002279, 0.002277, 0.002277
11/02/22, 0.002280, 0.002280, 0.002279, 0.002279
11/01/22, 0.002281, 0.002281, 0.002260, 0.002280
10/31/22, 0.002283, 0.002328, 0.002270, 0.002281
10/28/22, 0.002285, 0.002285, 0.002283, 0.002283
10/27/22, 0.002288, 0.002288, 0.002285, 0.002285
10/26/22, 0.002287, 0.002288, 0.002287, 0.002288
10/25/22, 0.002288, 0.002288, 0.002287, 0.002287
10/24/22, 0.002290, 0.002290, 0.002270, 0.002288
10/21/22, 0.002290, 0.002290, 0.002289, 0.002290
10/20/22, 0.002291, 0.002291, 0.002290, 0.002290
10/19/22, 0.002292, 0.002292, 0.002291, 0.002291
10/18/22, 0.002296, 0.002296, 0.002292, 0.002292
10/17/22, 0.002298, 0.002298, 0.002270, 0.002296
10/14/22, 0.002298, 0.002298, 0.002298, 0.002298
10/13/22, 0.002300, 0.002300, 0.002270, 0.002298
10/12/22, 0.002303, 0.002303, 0.002265, 0.002300
10/11/22, 0.002303, 0.002303, 0.002265, 0.002303
10/10/22, 0.002306, 0.002306, 0.002303, 0.002303
10/07/22, 0.002307, 0.002307, 0.002306, 0.002306
10/06/22, 0.002313, 0.002313, 0.002307, 0.002307
10/05/22, 0.002313, 0.002413, 0.002313, 0.002313
10/04/22, 0.002313, 0.002313, 0.002296, 0.002313
10/03/22, 0.002313, 0.002313, 0.002313, 0.002313
09/30/22, 0.002315, 0.002315, 0.002313, 0.002313
09/29/22, 0.002318, 0.002318, 0.002296, 0.002315
09/28/22, 0.002318, 0.002319, 0.002318, 0.002318
09/27/22, 0.002320, 0.002320, 0.002318, 0.002318
09/26/22, 0.002323, 0.002323, 0.002296, 0.002320
09/23/22, 0.002324, 0.002324, 0.002322, 0.002323
09/22/22, 0.002326, 0.002326, 0.002324, 0.002324
09/21/22, 0.002328, 0.002328, 0.002326, 0.002326
09/20/22, 0.002330, 0.002330, 0.002328, 0.002328
09/19/22, 0.002332, 0.002332, 0.002296, 0.002330
09/16/22, 0.002333, 0.002333, 0.002296, 0.002332
09/15/22, 0.002335, 0.002335, 0.002333, 0.002333
09/14/22, 0.002336, 0.002336, 0.002296, 0.002335
09/13/22, 0.002339, 0.002339, 0.002336, 0.002336
09/12/22, 0.002340, 0.002384, 0.002296, 0.002339
09/09/22, 0.002342, 0.002342, 0.002340, 0.002340
09/08/22, 0.002347, 0.002347, 0.002342, 0.002342
09/07/22, 0.002349, 0.002349, 0.002347, 0.002347
09/06/22, 0.002362, 0.002362, 0.002349, 0.002349
09/05/22, 0.002362, 0.002362, 0.002296, 0.002362
09/02/22, 0.002364, 0.002364, 0.002362, 0.002362
09/01/22, 0.002370, 0.002371, 0.002364, 0.002364
08/31/22, 0.002365, 0.002370, 0.002365, 0.002370
08/30/22, 0.002369, 0.002384, 0.002365, 0.002365
08/29/22, 0.002369, 0.002369, 0.002334, 0.002369
08/26/22, 0.002370, 0.002371, 0.002369, 0.002369
08/25/22, 0.002372, 0.002372, 0.002370, 0.002370
08/24/22, 0.002374, 0.002374, 0.002372, 0.002372
08/23/22, 0.002376, 0.002376, 0.002350, 0.002374
08/22/22, 0.002379, 0.002379, 0.002376, 0.002376
08/19/22, 0.002379, 0.002379, 0.002379, 0.002379
08/18/22, 0.002378, 0.002384, 0.002378, 0.002379
08/17/22, 0.002384, 0.002384, 0.002378, 0.002378
08/16/22, 0.002384, 0.002384, 0.002384, 0.002384
08/15/22, 0.002385, 0.002385, 0.002350, 0.002384
08/12/22, 0.002387, 0.002387, 0.002385, 0.002385
08/11/22, 0.002388, 0.002388, 0.002387, 0.002387
08/10/22, 0.002393, 0.002393, 0.002388, 0.002388
08/09/22, 0.002393, 0.002393, 0.002393, 0.002393
08/08/22, 0.002395, 0.002395, 0.002350, 0.002393
08/05/22, 0.002397, 0.002397, 0.002395, 0.002395
08/04/22, 0.002400, 0.002400, 0.002397, 0.002397
08/03/22, 0.002402, 0.002402, 0.002400, 0.002400
08/02/22, 0.002403, 0.002403, 0.002402, 0.002402
08/01/22, 0.002405, 0.002405, 0.002403, 0.002403
07/29/22, 0.002407, 0.002407, 0.002405, 0.002405
07/28/22, 0.002406, 0.002407, 0.002406, 0.002407
07/27/22, 0.002408, 0.002408, 0.002406, 0.002406
07/26/22, 0.002408, 0.002408, 0.002408, 0.002408
07/25/22, 0.002411, 0.002411, 0.002350, 0.002408
07/22/22, 0.002407, 0.002411, 0.002407, 0.002411
07/21/22, 0.002407, 0.002407, 0.002407, 0.002407
07/20/22, 0.002407, 0.002407, 0.002407, 0.002407
07/19/22, 0.002407, 0.002407, 0.002407, 0.002407
07/18/22, 0.002407, 0.002407, 0.002350, 0.002407
07/15/22, 0.002408, 0.002408, 0.002407, 0.002407
07/14/22, 0.002408, 0.002408, 0.002408, 0.002408
07/13/22, 0.002408, 0.002408, 0.002350, 0.002408
07/12/22, 0.002408, 0.002408, 0.002408, 0.002408
07/11/22, 0.002408, 0.002408, 0.002408, 0.002408
07/08/22, 0.002408, 0.002408, 0.002408, 0.002408
07/07/22, 0.002408, 0.002408, 0.002350, 0.002408
07/06/22, 0.002408, 0.002408, 0.002350, 0.002408
07/05/22, 0.002408, 0.002408, 0.002408, 0.002408
07/04/22, 0.002408, 0.002408, 0.002384, 0.002408
07/01/22, 0.002408, 0.002408, 0.002408, 0.002408
06/30/22, 0.002409, 0.002409, 0.002408, 0.002408
06/29/22, 0.002409, 0.002409, 0.002409, 0.002409
06/28/22, 0.002410, 0.002410, 0.002409, 0.002409
06/27/22, 0.002410, 0.002410, 0.002384, 0.002410
06/24/22, 0.002409, 0.002410, 0.002384, 0.002410
06/23/22, 0.002409, 0.002409, 0.002409, 0.002409
06/22/22, 0.002408, 0.002409, 0.002408, 0.002409
06/21/22, 0.002407, 0.002408, 0.002407, 0.002408
06/20/22, 0.002407, 0.002407, 0.002384, 0.002407
06/17/22, 0.002408, 0.002408, 0.002407, 0.002407
06/16/22, 0.002408, 0.002414, 0.002408, 0.002408
06/15/22, 0.002409, 0.002409, 0.002408, 0.002408
06/14/22, 0.002409, 0.002409, 0.002384, 0.002409
06/13/22, 0.002409, 0.002409, 0.002409, 0.002409
06/10/22, 0.002409, 0.002409, 0.002409, 0.002409
06/09/22, 0.002409, 0.002409, 0.002389, 0.002409
06/08/22, 0.002409, 0.002409, 0.002409, 0.002409
06/07/22, 0.002409, 0.002409, 0.002409, 0.002409
06/06/22, 0.002409, 0.002409, 0.002409, 0.002409
06/03/22, 0.002409, 0.002409, 0.002409, 0.002409
06/02/22, 0.002409, 0.002409, 0.002409, 0.002409
06/01/22, 0.002408, 0.002409, 0.002408, 0.002409
05/31/22, 0.002408, 0.002408, 0.002408, 0.002408
05/30/22, 0.002408, 0.002408, 0.002408, 0.002408
05/27/22, 0.002408, 0.002408, 0.002408, 0.002408
05/26/22, 0.002409, 0.002409, 0.002408, 0.002408
05/25/22, 0.002409, 0.002409, 0.002409, 0.002409
05/24/22, 0.002409, 0.002409, 0.002409, 0.002409
05/23/22, 0.002409, 0.002409, 0.002407, 0.002409
05/20/22, 0.002409, 0.002409, 0.002409, 0.002409
05/19/22, 0.002409, 0.002409, 0.002409, 0.002409
05/18/22, 0.002408, 0.002409, 0.002408, 0.002409
05/17/22, 0.002408, 0.002408, 0.002408, 0.002408
05/16/22, 0.002408, 0.002408, 0.002408, 0.002408
05/13/22, 0.002408, 0.002408, 0.002408, 0.002408
05/12/22, 0.002414, 0.002414, 0.002407, 0.002408
05/11/22, 0.002414, 0.002414, 0.002414, 0.002414
05/10/22, 0.002408, 0.002414, 0.002408, 0.002414
05/09/22, 0.002409, 0.002409, 0.002407, 0.002408
05/06/22, 0.002409, 0.002409, 0.002409, 0.002409
05/05/22, 0.002409, 0.002409, 0.002409, 0.002409
05/04/22, 0.002409, 0.002409, 0.002407, 0.002409
05/03/22, 0.002409, 0.002409, 0.002409, 0.002409
05/02/22, 0.002408, 0.002409, 0.002408, 0.002409
04/29/22, 0.002408, 0.002408, 0.002408, 0.002408
04/28/22, 0.002407, 0.002408, 0.002407, 0.002408
04/27/22, 0.002407, 0.002407, 0.002407, 0.002407
04/26/22, 0.002412, 0.002412, 0.002407, 0.002407
04/25/22, 0.002406, 0.002412, 0.002406, 0.002412
04/22/22, 0.002406, 0.002406, 0.002406, 0.002406
04/21/22, 0.002407, 0.002407, 0.002406, 0.002406
04/20/22, 0.002413, 0.002413, 0.002407, 0.002407
04/19/22, 0.002413, 0.002413, 0.002412, 0.002413
04/18/22, 0.002412, 0.002413, 0.002412, 0.002413
04/15/22, 0.002412, 0.002412, 0.002412, 0.002412
04/14/22, 0.002412, 0.002412, 0.002412, 0.002412
04/13/22, 0.002412, 0.002412, 0.002412, 0.002412
04/12/22, 0.002406, 0.002412, 0.002406, 0.002412
04/11/22, 0.002406, 0.002406, 0.002406, 0.002406
04/08/22, 0.002406, 0.002407, 0.002406, 0.002406
04/07/22, 0.002405, 0.002406, 0.002405, 0.002406
04/06/22, 0.002405, 0.002406, 0.002405, 0.002405
04/05/22, 0.002405, 0.002405, 0.002405, 0.002405
04/04/22, 0.002405, 0.002407, 0.002405, 0.002405
04/01/22, 0.002405, 0.002405, 0.002405, 0.002405
03/31/22, 0.002405, 0.002406, 0.002405, 0.002405
03/30/22, 0.002405, 0.002405, 0.002405, 0.002405
03/29/22, 0.002405, 0.002405, 0.002405, 0.002405
03/28/22, 0.002405, 0.002407, 0.002405, 0.002405
03/25/22, 0.002405, 0.002407, 0.002405, 0.002405
03/24/22, 0.002405, 0.002433, 0.002402, 0.002405
03/23/22, 0.002407, 0.002407, 0.002404, 0.002405
03/22/22, 0.002404, 0.002408, 0.002398, 0.002407
03/21/22, 0.002404, 0.002410, 0.002404, 0.002404
03/18/22, 0.002402, 0.002412, 0.002402, 0.002404
03/17/22, 0.002404, 0.002412, 0.002402, 0.002402
03/16/22, 0.002404, 0.002407, 0.002400, 0.002404
03/15/22, 0.002405, 0.002408, 0.002404, 0.002404
03/14/22, 0.002405, 0.002407, 0.002405, 0.002405
03/11/22, 0.002405, 0.002408, 0.002405, 0.002405
03/10/22, 0.002405, 0.002405, 0.002405, 0.002405
03/09/22, 0.002405, 0.002409, 0.002403, 0.002405
03/08/22, 0.002405, 0.002409, 0.002405, 0.002405
03/07/22, 0.002390, 0.002408, 0.002390, 0.002405
03/04/22, 0.002404, 0.002404, 0.002390, 0.002390
03/03/22, 0.002404, 0.002405, 0.002404, 0.002404
03/02/22, 0.002403, 0.002405, 0.002398, 0.002404
03/01/22, 0.002404, 0.002407, 0.002403, 0.002403
02/28/22, 0.002406, 0.002407, 0.002398, 0.002404
02/25/22, 0.002403, 0.002410, 0.002403, 0.002406
02/24/22, 0.002404, 0.002404, 0.002403, 0.002403
02/23/22, 0.002404, 0.002404, 0.002402, 0.002404
02/22/22, 0.002404, 0.002404, 0.002404, 0.002404
02/21/22, 0.002405, 0.002405, 0.002399, 0.002404
02/18/22, 0.002405, 0.002405, 0.002401, 0.002405
02/17/22, 0.002405, 0.002405, 0.002403, 0.002405
02/16/22, 0.002405, 0.002405, 0.002403, 0.002405
02/15/22, 0.002405, 0.002405, 0.002401, 0.002405
02/14/22, 0.002398, 0.002407, 0.002389, 0.002405
02/11/22, 0.002399, 0.002399, 0.002392, 0.002398
02/10/22, 0.002400, 0.002400, 0.002398, 0.002399
02/09/22, 0.002401, 0.002405, 0.002400, 0.002400
02/08/22, 0.002402, 0.002407, 0.002401, 0.002401
02/07/22, 0.002403, 0.002407, 0.002396, 0.002402
02/04/22, 0.002404, 0.002404, 0.002403, 0.002403
02/03/22, 0.002405, 0.002406, 0.002402, 0.002404
02/02/22, 0.002411, 0.002411, 0.002405, 0.002405
02/01/22, 0.002405, 0.002411, 0.002404, 0.002411
01/31/22, 0.002406, 0.002407, 0.002405, 0.002405
01/28/22, 0.002407, 0.002407, 0.002406, 0.002406
01/27/22, 0.002408, 0.002408, 0.002407, 0.002407
01/26/22, 0.002409, 0.002409, 0.002408, 0.002408
01/25/22, 0.002405, 0.002413, 0.002405, 0.002409
01/24/22, 0.002410, 0.002410, 0.002405, 0.002405
01/21/22, 0.002410, 0.002432, 0.002410, 0.002410
01/20/22, 0.002412, 0.002430, 0.002410, 0.002410
01/19/22, 0.002413, 0.002433, 0.002412, 0.002412
01/18/22, 0.002414, 0.002414, 0.002405, 0.002413
01/17/22, 0.002414, 0.002431, 0.002406, 0.002414
01/14/22, 0.002415, 0.002431, 0.002414, 0.002414
01/13/22, 0.002416, 0.002432, 0.002415, 0.002415
01/12/22, 0.002418, 0.002418, 0.002413, 0.002416
01/11/22, 0.002418, 0.002434, 0.002418, 0.002418
01/10/22, 0.002442, 0.002442, 0.002414, 0.002418
01/07/22, 0.002421, 0.002430, 0.002420, 0.002420
01/06/22, 0.002422, 0.002430, 0.002421, 0.002421
01/05/22, 0.002423, 0.002432, 0.002419, 0.002422
01/04/22, 0.002423, 0.002423, 0.002418, 0.002423
01/03/22, 0.002427, 0.002441, 0.002423, 0.002423
12/31/21, 0.002432, 0.002433, 0.002427, 0.002427
12/30/21, 0.002432, 0.002432, 0.002423, 0.002432
12/29/21, 0.002432, 0.002432, 0.002416, 0.002432
12/28/21, 0.002432, 0.002434, 0.002432, 0.002432
12/27/21, 0.002433, 0.002433, 0.002431, 0.002432
12/24/21, 0.002432, 0.002433, 0.002432, 0.002433
12/23/21, 0.002432, 0.002432, 0.002432, 0.002432
12/22/21, 0.002432, 0.002433, 0.002432, 0.002432
12/21/21, 0.002438, 0.002438, 0.002432, 0.002432
12/20/21, 0.002438, 0.002438, 0.002416, 0.002438
12/17/21, 0.002439, 0.002439, 0.002433, 0.002438
12/16/21, 0.002439, 0.002439, 0.002421, 0.002439
12/15/21, 0.002439, 0.002439, 0.002417, 0.002439
12/14/21, 0.002438, 0.002439, 0.002416, 0.002439
12/13/21, 0.002439, 0.002443, 0.002417, 0.002438
12/10/21, 0.002428, 0.002439, 0.002428, 0.002439
12/09/21, 0.002439, 0.002446, 0.002428, 0.002428
12/08/21, 0.002433, 0.002439, 0.002432, 0.002439
12/07/21, 0.002439, 0.002439, 0.002415, 0.002433
12/06/21, 0.002439, 0.002439, 0.002417, 0.002439
12/03/21, 0.002439, 0.002439, 0.002434, 0.002439
12/02/21, 0.002440, 0.002440, 0.002432, 0.002439
12/01/21, 0.002440, 0.002440, 0.002434, 0.002440
11/30/21, 0.002440, 0.002440, 0.002433, 0.002440
11/29/21, 0.002440, 0.002440, 0.002417, 0.002440
11/26/21, 0.002431, 0.002440, 0.002430, 0.002440
11/25/21, 0.002440, 0.002440, 0.002431, 0.002431
11/24/21, 0.002440, 0.002440, 0.002432, 0.002440
11/23/21, 0.002434, 0.002440, 0.002434, 0.002440
11/22/21, 0.002434, 0.002434, 0.002417, 0.002434
11/19/21, 0.002434, 0.002436, 0.002434, 0.002434
11/18/21, 0.002428, 0.002434, 0.002428, 0.002434
11/17/21, 0.002435, 0.002435, 0.002428, 0.002428
11/16/21, 0.002435, 0.002435, 0.002433, 0.002435
11/15/21, 0.002436, 0.002438, 0.002416, 0.002435
11/12/21, 0.002435, 0.002436, 0.002429, 0.002436
11/11/21, 0.002436, 0.002437, 0.002435, 0.002435
11/10/21, 0.002436, 0.002436, 0.002436, 0.002436
11/09/21, 0.002436, 0.002436, 0.002433, 0.002436
11/08/21, 0.002436, 0.002442, 0.002418, 0.002436
11/05/21, 0.002436, 0.002436, 0.002432, 0.002436
11/04/21, 0.002436, 0.002437, 0.002416, 0.002436
11/03/21, 0.002437, 0.002437, 0.002414, 0.002436
11/02/21, 0.002437, 0.002437, 0.002422, 0.002437
11/01/21, 0.002437, 0.002442, 0.002418, 0.002437
10/29/21, 0.002438, 0.002438, 0.002433, 0.002437
10/28/21, 0.002437, 0.002438, 0.002433, 0.002438
10/27/21, 0.002438, 0.002438, 0.002429, 0.002437
10/26/21, 0.002438, 0.002438, 0.002433, 0.002438
10/25/21, 0.002434, 0.002438, 0.002417, 0.002438
10/22/21, 0.002434, 0.002434, 0.002430, 0.002434
10/21/21, 0.002434, 0.002438, 0.002433, 0.002434
10/20/21, 0.002434, 0.002434, 0.002428, 0.002434
10/19/21, 0.002434, 0.002434, 0.002424, 0.002434
10/18/21, 0.002434, 0.002434, 0.002417, 0.002434
10/15/21, 0.002434, 0.002434, 0.002430, 0.002434
10/14/21, 0.002434, 0.002441, 0.002434, 0.002434
10/13/21, 0.002434, 0.002434, 0.002423, 0.002434
10/12/21, 0.002434, 0.002435, 0.002417, 0.002434
10/11/21, 0.002434, 0.002436, 0.002417, 0.002434
10/08/21, 0.002434, 0.002434, 0.002432, 0.002434
10/07/21, 0.002437, 0.002438, 0.002426, 0.002434
10/06/21, 0.002431, 0.002434, 0.002430, 0.002434
10/05/21, 0.002434, 0.002434, 0.002431, 0.002431
10/04/21, 0.002434, 0.002434, 0.002417, 0.002434
10/01/21, 0.002434, 0.002434, 0.002429, 0.002434
09/30/21, 0.002440, 0.002440, 0.002430, 0.002434
09/29/21, 0.002440, 0.002440, 0.002418, 0.002440
09/28/21, 0.002430, 0.002443, 0.002430, 0.002440
09/27/21, 0.002430, 0.002431, 0.002418, 0.002430
09/24/21, 0.002430, 0.002436, 0.002425, 0.002430
09/23/21, 0.002430, 0.002430, 0.002413, 0.002430
09/22/21, 0.002430, 0.002430, 0.002422, 0.002430
09/21/21, 0.002428, 0.002433, 0.002428, 0.002430
09/20/21, 0.002429, 0.002430, 0.002428, 0.002428
09/17/21, 0.002428, 0.002429, 0.002426, 0.002429
09/16/21, 0.002430, 0.002430, 0.002427, 0.002428
09/15/21, 0.002430, 0.002430, 0.002430, 0.002430
09/14/21, 0.002430, 0.002443, 0.002430, 0.002430
09/13/21, 0.002431, 0.002431, 0.002423, 0.002430
09/10/21, 0.002431, 0.002432, 0.002429, 0.002431
09/09/21, 0.002431, 0.002435, 0.002428, 0.002431
09/08/21, 0.002430, 0.002433, 0.002430, 0.002431
09/07/21, 0.002430, 0.002435, 0.002428, 0.002430
09/06/21, 0.002430, 0.002430, 0.002429, 0.002430
09/03/21, 0.002430, 0.002435, 0.002428, 0.002430
09/02/21, 0.002430, 0.002436, 0.002427, 0.002430
09/01/21, 0.002430, 0.002436, 0.002427, 0.002430
08/31/21, 0.002430, 0.002442, 0.002427, 0.002430
08/30/21, 0.002430, 0.002438, 0.002427, 0.002430
08/27/21, 0.002430, 0.002436, 0.002424, 0.002430
08/26/21, 0.002430, 0.002433, 0.002430, 0.002430
08/25/21, 0.002430, 0.002430, 0.002428, 0.002430
08/24/21, 0.002430, 0.002442, 0.002430, 0.002430
08/23/21, 0.002429, 0.002430, 0.002428, 0.002430
08/20/21, 0.002428, 0.002430, 0.002428, 0.002429
08/19/21, 0.002428, 0.002431, 0.002428, 0.002428
08/18/21, 0.002429, 0.002429, 0.002427, 0.002428
08/17/21, 0.002429, 0.002429, 0.002425, 0.002429
08/16/21, 0.002430, 0.002440, 0.002429, 0.002429
08/13/21, 0.002430, 0.002436, 0.002430, 0.002430
08/12/21, 0.002430, 0.002442, 0.002430, 0.002430
08/11/21, 0.002430, 0.002430, 0.002427, 0.002430
08/10/21, 0.002431, 0.002431, 0.002427, 0.002430
08/09/21, 0.002430, 0.002431, 0.002430, 0.002431
08/06/21, 0.002430, 0.002430, 0.002426, 0.002430
08/05/21, 0.002433, 0.002433, 0.002425, 0.002430
08/04/21, 0.002430, 0.002433, 0.002425, 0.002433
08/03/21, 0.002430, 0.002430, 0.002425, 0.002430
08/02/21, 0.002430, 0.002432, 0.002424, 0.002430
07/30/21, 0.002430, 0.002432, 0.002430, 0.002430
07/29/21, 0.002430, 0.002438, 0.002430, 0.002430
07/28/21, 0.002430, 0.002430, 0.002430, 0.002430
07/27/21, 0.002430, 0.002436, 0.002430, 0.002430
07/26/21, 0.002430, 0.002433, 0.002428, 0.002430
07/23/21, 0.002433, 0.002433, 0.002427, 0.002430
07/22/21, 0.002433, 0.002434, 0.002429, 0.002433
07/21/21, 0.002433, 0.002433, 0.002427, 0.002433
07/20/21, 0.002434, 0.002436, 0.002430, 0.002433
07/19/21, 0.002430, 0.002436, 0.002429, 0.002434
07/16/21, 0.002433, 0.002433, 0.002428, 0.002430
07/15/21, 0.002433, 0.002443, 0.002430, 0.002430
07/14/21, 0.002433, 0.002437, 0.002430, 0.002433
07/13/21, 0.002436, 0.002436, 0.002428, 0.002433
07/12/21, 0.002439, 0.002439, 0.002429, 0.002436
07/09/21, 0.002436, 0.002439, 0.002430, 0.002439
07/08/21, 0.002430, 0.002436, 0.002423, 0.002436
07/07/21, 0.002430, 0.002432, 0.002426, 0.002430
07/06/21, 0.002430, 0.002430, 0.002427, 0.002430
07/05/21, 0.002430, 0.002435, 0.002430, 0.002430
07/02/21, 0.002433, 0.002433, 0.002429, 0.002430
07/01/21, 0.002430, 0.002433, 0.002430, 0.002433
06/30/21, 0.002430, 0.002438, 0.002430, 0.002430
06/29/21, 0.002436, 0.002438, 0.002430, 0.002430
06/28/21, 0.002430, 0.002439, 0.002427, 0.002436
06/25/21, 0.002436, 0.002439, 0.002430, 0.002430
06/24/21, 0.002430, 0.002439, 0.002426, 0.002436
06/23/21, 0.002431, 0.002441, 0.002430, 0.002430
06/22/21, 0.002433, 0.002448, 0.002430, 0.002431
06/21/21, 0.002439, 0.002439, 0.002429, 0.002433
06/18/21, 0.002439, 0.002439, 0.002430, 0.002439
06/17/21, 0.002436, 0.002448, 0.002424, 0.002439
06/16/21, 0.002424, 0.002448, 0.002424, 0.002436
06/15/21, 0.002424, 0.002448, 0.002418, 0.002424
06/14/21, 0.002424, 0.002427, 0.002421, 0.002424
06/11/21, 0.002427, 0.002438, 0.002421, 0.002424
06/10/21, 0.002424, 0.002448, 0.002421, 0.002427
06/09/21, 0.002427, 0.002438, 0.002421, 0.002424
06/08/21, 0.002424, 0.002448, 0.002421, 0.002427
06/07/21, 0.002430, 0.002448, 0.002424, 0.002424
06/04/21, 0.002424, 0.002437, 0.002424, 0.002430
06/03/21, 0.002421, 0.002444, 0.002421, 0.002421
06/02/21, 0.002424, 0.002436, 0.002421, 0.002421
06/01/21, 0.002421, 0.002440, 0.002421, 0.002421
05/31/21, 0.002421, 0.002438, 0.002421, 0.002421
05/28/21, 0.002424, 0.002454, 0.002420, 0.002421
05/27/21, 0.002424, 0.002424, 0.002423, 0.002424
05/26/21, 0.002424, 0.002446, 0.002424, 0.002424
05/25/21, 0.002424, 0.002438, 0.002424, 0.002424
05/24/21, 0.002424, 0.002438, 0.002417, 0.002424
05/21/21, 0.002424, 0.002427, 0.002423, 0.002424
05/20/21, 0.002424, 0.002443, 0.002422, 0.002424
05/19/21, 0.002424, 0.002434, 0.002422, 0.002424
05/18/21, 0.002424, 0.002454, 0.002421, 0.002424
05/17/21, 0.002421, 0.002446, 0.002419, 0.002424
05/14/21, 0.002632, 0.002632, 0.002421, 0.002421
05/13/21, 0.002447, 0.002447, 0.002438, 0.002447
05/12/21, 0.002628, 0.002628, 0.002439, 0.002447
05/11/21, 0.002628, 0.002632, 0.002447, 0.002632
05/10/21, 0.002628, 0.002632, 0.002435, 0.002632
05/07/21, 0.002625, 0.002628, 0.002447, 0.002628
05/06/21, 0.002628, 0.002632, 0.002446, 0.002625
05/05/21, 0.002628, 0.002632, 0.002628, 0.002628
05/04/21, 0.002628, 0.002632, 0.002447, 0.002628
05/03/21, 0.002434, 0.002635, 0.002434, 0.002635
04/30/21, 0.002625, 0.002632, 0.002447, 0.002632
04/29/21, 0.002632, 0.002632, 0.002447, 0.002625
04/28/21, 0.002635, 0.002635, 0.002447, 0.002632
04/27/21, 0.002625, 0.002635, 0.002623, 0.002635
04/26/21, 0.002625, 0.002626, 0.002621, 0.002625
04/23/21, 0.002625, 0.002628, 0.002623, 0.002625
04/22/21, 0.002628, 0.002628, 0.002448, 0.002625
04/21/21, 0.002625, 0.002628, 0.002446, 0.002628
04/20/21, 0.002632, 0.002632, 0.002623, 0.002628
04/19/21, 0.002628, 0.002632, 0.002427, 0.002632
04/16/21, 0.002625, 0.002628, 0.002435, 0.002628
04/15/21, 0.002628, 0.002628, 0.002447, 0.002625
04/14/21, 0.002618, 0.002628, 0.002618, 0.002628
04/13/21, 0.002628, 0.002628, 0.002621, 0.002625
04/12/21, 0.002624, 0.002628, 0.002623, 0.002628
04/09/21, 0.002624, 0.002624, 0.002448, 0.002624
04/08/21, 0.002624, 0.002624, 0.002447, 0.002624
04/07/21, 0.002624, 0.002624, 0.002445, 0.002624
04/06/21, 0.002443, 0.002624, 0.002439, 0.002624
04/05/21, 0.002625, 0.002625, 0.002441, 0.002443
04/02/21, 0.002625, 0.002628, 0.002625, 0.002625
04/01/21, 0.002621, 0.002626, 0.002621, 0.002625
03/31/21, 0.002628, 0.002632, 0.002443, 0.002621
03/30/21, 0.002632, 0.002632, 0.002624, 0.002628
03/29/21, 0.002632, 0.002635, 0.002440, 0.002632
03/26/21, 0.002625, 0.002632, 0.002441, 0.002632
03/25/21, 0.002628, 0.002632, 0.002624, 0.002625
03/24/21, 0.002628, 0.002635, 0.002624, 0.002628
03/23/21, 0.002632, 0.002632, 0.002429, 0.002628
03/22/21, 0.002628, 0.002635, 0.002428, 0.002632
03/19/21, 0.002628, 0.002628, 0.002437, 0.002628
03/18/21, 0.002624, 0.002624, 0.002438, 0.002624
03/17/21, 0.002632, 0.002632, 0.002438, 0.002624
03/16/21, 0.002625, 0.002626, 0.002621, 0.002625
03/15/21, 0.002625, 0.002628, 0.002440, 0.002628
03/12/21, 0.002625, 0.002628, 0.002623, 0.002625
03/11/21, 0.002628, 0.002628, 0.002428, 0.002625
03/10/21, 0.002632, 0.002632, 0.002429, 0.002628
03/09/21, 0.002624, 0.002632, 0.002426, 0.002632
03/08/21, 0.002625, 0.002632, 0.002425, 0.002632
03/05/21, 0.002632, 0.002632, 0.002430, 0.002625
03/04/21, 0.002632, 0.002632, 0.002429, 0.002632
03/03/21, 0.002625, 0.002632, 0.002623, 0.002632
03/02/21, 0.002625, 0.002625, 0.002428, 0.002625
03/01/21, 0.002624, 0.002632, 0.002521, 0.002632
02/26/21, 0.002624, 0.002624, 0.002623, 0.002624
02/25/21, 0.002624, 0.002624, 0.002623, 0.002624
02/24/21, 0.002624, 0.002626, 0.002623, 0.002624
02/23/21, 0.002624, 0.002624, 0.002623, 0.002624
02/22/21, 0.002624, 0.002624, 0.002623, 0.002624
02/19/21, 0.002624, 0.002624, 0.002623, 0.002624
02/18/21, 0.002624, 0.002624, 0.002624, 0.002624
02/17/21, 0.002624, 0.002624, 0.002623, 0.002624
02/16/21, 0.002624, 0.002624, 0.002623, 0.002624
02/15/21, 0.002624, 0.002624, 0.002623, 0.002624
02/12/21, 0.002623, 0.002624, 0.002623, 0.002624
02/11/21, 0.002623, 0.002623, 0.002623, 0.002623
02/10/21, 0.002623, 0.002626, 0.002623, 0.002623
02/09/21, 0.002623, 0.002623, 0.002623, 0.002623
02/08/21, 0.002623, 0.002623, 0.002623, 0.002623
02/05/21, 0.002623, 0.002623, 0.002623, 0.002623
02/04/21, 0.002623, 0.002623, 0.002623, 0.002623
02/03/21, 0.002623, 0.002623, 0.002623, 0.002623
02/02/21, 0.002623, 0.002626, 0.002623, 0.002623
02/01/21, 0.002623, 0.002623, 0.002623, 0.002623
01/29/21, 0.002623, 0.002623, 0.002623, 0.002623
01/28/21, 0.002623, 0.002623, 0.002623, 0.002623
01/27/21, 0.002623, 0.002626, 0.002623, 0.002623
01/26/21, 0.002623, 0.002623, 0.002623, 0.002623
01/25/21, 0.002623, 0.002623, 0.002623, 0.002623
01/22/21, 0.002623, 0.002623, 0.002623, 0.002623
01/21/21, 0.002623, 0.002623, 0.002623, 0.002623
01/20/21, 0.002623, 0.002623, 0.002623, 0.002623
01/19/21, 0.002623, 0.002630, 0.002623, 0.002623
01/18/21, 0.002623, 0.002623, 0.002623, 0.002623
01/15/21, 0.002623, 0.002623, 0.002623, 0.002623
01/14/21, 0.002623, 0.002623, 0.002623, 0.002623
01/13/21, 0.002623, 0.002630, 0.002623, 0.002623
01/12/21, 0.002623, 0.002630, 0.002623, 0.002623
01/11/21, 0.002623, 0.002623, 0.002623, 0.002623
01/08/21, 0.002623, 0.002630, 0.002623, 0.002623
01/07/21, 0.002623, 0.002623, 0.002623, 0.002623
01/06/21, 0.002623, 0.002630, 0.002623, 0.002623
01/05/21, 0.002623, 0.002623, 0.002623, 0.002623
01/04/21, 0.002623, 0.002623, 0.002623, 0.002623
01/01/21, 0.002623, 0.002623, 0.002623, 0.002623
12/31/20, 0.002623, 0.002623, 0.002623, 0.002623
12/30/20, 0.002623, 0.002623, 0.002623, 0.002623
12/29/20, 0.002623, 0.002630, 0.002623, 0.002623
12/28/20, 0.002623, 0.002623, 0.002623, 0.002623
12/25/20, 0.002623, 0.002623, 0.002623, 0.002623
12/24/20, 0.002623, 0.002623, 0.002623, 0.002623
12/23/20, 0.002623, 0.002623, 0.002623, 0.002623
12/22/20, 0.002623, 0.002623, 0.002623, 0.002623
12/21/20, 0.002623, 0.002623, 0.002623, 0.002623
12/18/20, 0.002623, 0.002630, 0.002623, 0.002623
12/17/20, 0.002623, 0.002630, 0.002623, 0.002623
12/16/20, 0.002623, 0.002626, 0.002623, 0.002623
12/15/20, 0.002623, 0.002626, 0.002623, 0.002623
12/14/20, 0.002623, 0.002630, 0.002623, 0.002623
12/11/20, 0.002623, 0.002626, 0.002623, 0.002623
12/10/20, 0.002623, 0.002626, 0.002623, 0.002623
12/09/20, 0.002623, 0.002623, 0.002623, 0.002623
12/08/20, 0.002623, 0.002626, 0.002623, 0.002623
12/07/20, 0.002623, 0.002626, 0.002623, 0.002623
12/04/20, 0.002623, 0.002626, 0.002623, 0.002623
12/03/20, 0.002623, 0.002623, 0.002623, 0.002623
12/02/20, 0.002623, 0.002623, 0.002623, 0.002623
12/01/20, 0.002623, 0.002623, 0.002623, 0.002623
11/30/20, 0.002623, 0.002623, 0.002623, 0.002623
11/27/20, 0.002623, 0.002623, 0.002623, 0.002623
11/26/20, 0.002623, 0.002623, 0.002623, 0.002623
11/25/20, 0.002623, 0.002623, 0.002623, 0.002623
11/24/20, 0.002623, 0.002623, 0.002623, 0.002623
11/23/20, 0.002623, 0.002630, 0.002623, 0.002623
11/20/20, 0.002623, 0.002630, 0.002623, 0.002623
11/19/20, 0.002623, 0.002626, 0.002623, 0.002623
11/17/20, 0.002623, 0.002630, 0.002623, 0.002623
11/16/20, 0.002623, 0.002623, 0.002615, 0.002623
11/13/20, 0.002635, 0.002635, 0.002593, 0.002623
11/12/20, 0.002623, 0.002635, 0.002623, 0.002635
11/11/20, 0.002632, 0.002632, 0.002587, 0.002623
11/10/20, 0.002632, 0.002635, 0.002623, 0.002635
11/09/20, 0.002618, 0.002632, 0.002592, 0.002632
11/06/20, 0.002611, 0.002618, 0.002604, 0.002618
11/05/20, 0.002611, 0.002614, 0.002596, 0.002611
11/04/20, 0.002611, 0.002614, 0.002594, 0.002611
11/03/20, 0.002621, 0.002621, 0.002592, 0.002611
11/02/20, 0.002628, 0.002632, 0.002592, 0.002621
10/30/20, 0.002625, 0.002629, 0.002581, 0.002625
10/29/20, 0.002628, 0.002633, 0.002589, 0.002625
10/28/20, 0.002625, 0.002628, 0.002618, 0.002628
10/27/20, 0.002625, 0.002635, 0.002617, 0.002625
10/26/20, 0.002625, 0.002625, 0.002618, 0.002625
10/23/20, 0.002625, 0.002625, 0.002614, 0.002625
10/22/20, 0.002621, 0.002625, 0.002621, 0.002625
10/21/20, 0.002628, 0.002628, 0.002612, 0.002621
10/20/20, 0.002628, 0.002632, 0.002608, 0.002628
10/19/20, 0.002625, 0.002633, 0.002608, 0.002628
10/16/20, 0.002632, 0.002632, 0.002606, 0.002625
10/15/20, 0.002625, 0.002632, 0.002607, 0.002632
10/14/20, 0.002625, 0.002628, 0.002625, 0.002625
10/13/20, 0.002607, 0.002625, 0.002607, 0.002625
10/12/20, 0.002611, 0.002611, 0.002607, 0.002607
10/09/20, 0.002611, 0.002611, 0.002607, 0.002611
10/08/20, 0.002598, 0.002611, 0.002591, 0.002611
10/07/20, 0.002611, 0.002611, 0.002588, 0.002598
10/06/20, 0.002611, 0.002611, 0.002598, 0.002611
10/05/20, 0.002614, 0.002614, 0.002585, 0.002608
10/02/20, 0.002614, 0.002623, 0.002604, 0.002611
10/01/20, 0.002625, 0.002627, 0.002614, 0.002614
09/30/20, 0.002611, 0.002632, 0.002593, 0.002625
09/29/20, 0.002611, 0.002614, 0.002596, 0.002611
09/28/20, 0.002628, 0.002632, 0.002594, 0.002632
09/25/20, 0.002625, 0.002628, 0.002584, 0.002628
09/24/20, 0.002581, 0.002625, 0.002573, 0.002625
09/23/20, 0.002621, 0.002621, 0.002581, 0.002581
09/22/20, 0.002625, 0.002625, 0.002593, 0.002621
09/21/20, 0.002611, 0.002611, 0.002593, 0.002601
09/18/20, 0.002601, 0.002606, 0.002595, 0.002604
09/17/20, 0.002601, 0.002601, 0.002574, 0.002601
09/16/20, 0.002608, 0.002611, 0.002580, 0.002608
09/15/20, 0.002608, 0.002614, 0.002593, 0.002608
09/14/20, 0.002625, 0.002625, 0.002594, 0.002608
09/11/20, 0.002625, 0.002625, 0.002607, 0.002625
09/10/20, 0.002628, 0.002628, 0.002607, 0.002625
09/09/20, 0.002608, 0.002628, 0.002602, 0.002628
09/08/20, 0.002586, 0.002621, 0.002583, 0.002608
09/07/20, 0.002621, 0.002621, 0.002586, 0.002586
09/04/20, 0.002625, 0.002625, 0.002593, 0.002621
09/03/20, 0.002589, 0.002625, 0.002582, 0.002625
09/02/20, 0.002588, 0.002589, 0.002570, 0.002589
09/01/20, 0.002596, 0.002599, 0.002588, 0.002588
08/31/20, 0.002581, 0.002596, 0.002581, 0.002596
08/28/20, 0.002586, 0.002589, 0.002581, 0.002581
08/27/20, 0.002591, 0.002595, 0.002584, 0.002586
08/26/20, 0.002590, 0.002591, 0.002590, 0.002591
08/25/20, 0.002592, 0.002592, 0.002585, 0.002590
08/24/20, 0.002587, 0.002592, 0.002587, 0.002592
08/21/20, 0.002587, 0.002596, 0.002587, 0.002587
08/20/20, 0.002595, 0.002595, 0.002574, 0.002587
08/19/20, 0.002614, 0.002618, 0.002595, 0.002595
08/18/20, 0.002625, 0.002628, 0.002603, 0.002628
08/17/20, 0.002589, 0.002628, 0.002589, 0.002628
08/14/20, 0.002628, 0.002628, 0.002589, 0.002589
08/13/20, 0.002621, 0.002628, 0.002589, 0.002628
08/12/20, 0.002628, 0.002628, 0.002593, 0.002621
08/11/20, 0.002642, 0.002642, 0.002586, 0.002628
08/10/20, 0.002642, 0.002642, 0.002585, 0.002642
08/07/20, 0.002639, 0.002642, 0.002592, 0.002642
08/06/20, 0.002588, 0.002632, 0.002574, 0.002628
08/05/20, 0.002635, 0.002635, 0.002588, 0.002588
08/04/20, 0.002635, 0.002635, 0.002587, 0.002635
08/03/20, 0.002604, 0.002649, 0.002574, 0.002635
07/31/20, 0.002618, 0.002618, 0.002576, 0.002576
07/30/20, 0.002581, 0.002625, 0.002577, 0.002618
07/29/20, 0.002577, 0.002585, 0.002569, 0.002581
07/28/20, 0.002577, 0.002581, 0.002573, 0.002577
07/27/20, 0.002581, 0.002581, 0.002564, 0.002577
07/24/20, 0.002577, 0.002589, 0.002577, 0.002581
07/23/20, 0.002577, 0.002588, 0.002576, 0.002577
07/22/20, 0.002581, 0.002609, 0.002577, 0.002577
07/21/20, 0.002577, 0.002589, 0.002572, 0.002581
07/20/20, 0.002581, 0.002581, 0.002574, 0.002577
07/17/20, 0.002577, 0.002586, 0.002572, 0.002581
07/16/20, 0.002581, 0.002589, 0.002577, 0.002577
07/15/20, 0.002584, 0.002590, 0.002576, 0.002581
07/14/20, 0.002581, 0.002585, 0.002581, 0.002584
07/13/20, 0.002581, 0.002584, 0.002581, 0.002581
07/10/20, 0.002577, 0.002584, 0.002577, 0.002584
07/09/20, 0.002581, 0.002590, 0.002577, 0.002577
07/08/20, 0.002581, 0.002581, 0.002577, 0.002581
07/07/20, 0.002581, 0.002596, 0.002580, 0.002581
07/06/20, 0.002577, 0.002589, 0.002577, 0.002581
07/03/20, 0.002577, 0.002581, 0.002572, 0.002577
07/02/20, 0.002581, 0.002588, 0.002577, 0.002577
07/01/20, 0.002577, 0.002595, 0.002575, 0.002581
06/30/20, 0.002581, 0.002588, 0.002577, 0.002577
06/29/20, 0.002581, 0.002586, 0.002577, 0.002577
06/26/20, 0.002581, 0.002582, 0.002581, 0.002581
06/25/20, 0.002577, 0.002581, 0.002572, 0.002581
06/24/20, 0.002577, 0.002594, 0.002577, 0.002581
06/23/20, 0.002577, 0.002587, 0.002577, 0.002577
06/22/20, 0.002581, 0.002594, 0.002577, 0.002577
06/19/20, 0.002581, 0.002588, 0.002577, 0.002581
06/18/20, 0.002581, 0.002766, 0.002577, 0.002581
06/17/20, 0.002581, 0.002587, 0.002577, 0.002581
06/16/20, 0.002581, 0.002597, 0.002577, 0.002581
06/15/20, 0.002581, 0.002581, 0.002576, 0.002577
06/12/20, 0.002569, 0.002581, 0.002569, 0.002581
06/11/20, 0.002581, 0.002586, 0.002569, 0.002569
06/10/20, 0.002581, 0.002599, 0.002577, 0.002577
06/09/20, 0.002577, 0.002585, 0.002577, 0.002581
06/08/20, 0.002581, 0.002581, 0.002577, 0.002581
06/05/20, 0.002581, 0.002581, 0.002576, 0.002581
06/04/20, 0.002581, 0.002588, 0.002577, 0.002581
06/03/20, 0.002581, 0.002581, 0.002576, 0.002581
06/02/20, 0.002581, 0.002768, 0.002577, 0.002581
06/01/20, 0.002774, 0.002774, 0.002581, 0.002581
05/29/20, 0.002581, 0.002587, 0.002581, 0.002581
05/28/20, 0.002561, 0.002612, 0.002561, 0.002584
05/27/20, 0.002564, 0.002614, 0.002561, 0.002561
05/26/20, 0.002560, 0.002564, 0.002560, 0.002564
05/25/20, 0.002561, 0.002561, 0.002560, 0.002560
05/22/20, 0.002564, 0.002578, 0.002561, 0.002561
05/21/20, 0.002564, 0.002579, 0.002561, 0.002561
05/20/20, 0.002562, 0.002574, 0.002557, 0.002564
05/19/20, 0.002564, 0.002564, 0.002561, 0.002564
05/18/20, 0.002584, 0.002590, 0.002564, 0.002564
05/15/20, 0.002564, 0.002589, 0.002564, 0.002584
05/14/20, 0.002566, 0.002566, 0.002562, 0.002564
05/13/20, 0.002558, 0.002567, 0.002558, 0.002567
05/12/20, 0.002564, 0.002776, 0.002558, 0.002558
05/11/20, 0.002774, 0.002774, 0.002564, 0.002564
05/08/20, 0.002567, 0.002567, 0.002564, 0.002564
05/07/20, 0.002564, 0.002726, 0.002564, 0.002564
05/06/20, 0.002567, 0.002643, 0.002564, 0.002564
05/05/20, 0.002564, 0.002566, 0.002560, 0.002564
05/04/20, 0.002567, 0.002567, 0.002564, 0.002564
05/01/20, 0.002564, 0.002567, 0.002564, 0.002567
04/30/20, 0.002567, 0.002569, 0.002564, 0.002564
04/29/20, 0.002567, 0.002567, 0.002554, 0.002567
04/28/20, 0.002564, 0.002774, 0.002564, 0.002567
04/27/20, 0.002774, 0.002774, 0.002563, 0.002774
04/24/20, 0.002564, 0.002776, 0.002562, 0.002774
04/23/20, 0.002564, 0.002567, 0.002557, 0.002564
04/22/20, 0.002774, 0.002774, 0.002567, 0.002567
04/21/20, 0.002567, 0.002774, 0.002567, 0.002774
04/20/20, 0.002597, 0.002616, 0.002567, 0.002567
04/17/20, 0.002587, 0.002588, 0.002587, 0.002588
04/16/20, 0.002591, 0.002591, 0.002584, 0.002584
04/15/20, 0.002591, 0.002597, 0.002587, 0.002587
04/14/20, 0.002584, 0.002587, 0.002577, 0.002587
04/13/20, 0.002725, 0.002725, 0.002584, 0.002584
04/09/20, 0.002725, 0.002725, 0.002725, 0.002725
04/08/20, 0.002725, 0.002725, 0.002725, 0.002725
04/07/20, 0.002725, 0.002725, 0.002725, 0.002725
04/06/20, 0.002725, 0.002725, 0.002725, 0.002725
04/02/20, 0.002725, 0.002725, 0.002725, 0.002725
04/01/20, 0.002725, 0.002725, 0.002725, 0.002725
03/31/20, 0.002725, 0.002725, 0.002725, 0.002725
03/30/20, 0.002725, 0.002725, 0.002725, 0.002725
03/29/20, 0.002725, 0.002725, 0.002725, 0.002725
03/26/20, 0.002646, 0.002646, 0.002646, 0.002646
03/25/20, 0.002646, 0.002646, 0.002646, 0.002646
03/24/20, 0.002646, 0.002646, 0.002646, 0.002646
03/23/20, 0.002646, 0.002646, 0.002646, 0.002646
03/20/20, 0.002728, 0.002728, 0.002706, 0.002706
03/19/20, 0.002725, 0.002728, 0.002700, 0.002728
03/18/20, 0.002729, 0.002729, 0.002709, 0.002725
03/17/20, 0.002732, 0.002732, 0.002710, 0.002729
03/16/20, 0.002736, 0.002736, 0.002703, 0.002732
03/13/20, 0.002729, 0.002740, 0.002703, 0.002736
03/12/20, 0.002736, 0.002736, 0.002703, 0.002729
03/11/20, 0.002729, 0.002736, 0.002714, 0.002736
03/10/20, 0.002732, 0.002732, 0.002719, 0.002729
03/09/20, 0.002740, 0.002749, 0.002721, 0.002729
03/06/20, 0.002736, 0.002743, 0.002725, 0.002740
03/05/20, 0.002740, 0.002756, 0.002730, 0.002736
03/04/20, 0.002736, 0.002757, 0.002736, 0.002736
03/03/20, 0.002743, 0.002744, 0.002734, 0.002736
03/02/20, 0.002736, 0.002771, 0.002729, 0.002736
02/28/20, 0.002732, 0.002757, 0.002732, 0.002736
02/27/20, 0.002736, 0.002760, 0.002732, 0.002732
02/26/20, 0.002732, 0.002768, 0.002732, 0.002736
02/25/20, 0.002751, 0.002758, 0.002736, 0.002736
02/24/20, 0.002751, 0.002761, 0.002734, 0.002751
02/21/20, 0.002751, 0.002755, 0.002737, 0.002751
02/20/20, 0.002751, 0.002751, 0.002737, 0.002751
02/19/20, 0.002751, 0.002751, 0.002730, 0.002751
02/18/20, 0.002755, 0.002755, 0.002735, 0.002751
02/17/20, 0.002755, 0.002755, 0.002738, 0.002755
02/14/20, 0.002751, 0.002755, 0.002732, 0.002755
02/13/20, 0.002755, 0.002755, 0.002726, 0.002751
02/12/20, 0.002751, 0.002755, 0.002736, 0.002755
02/11/20, 0.002751, 0.002755, 0.002731, 0.002751
02/10/20, 0.002751, 0.002755, 0.002737, 0.002751
02/07/20, 0.002755, 0.002755, 0.002737, 0.002751
02/06/20, 0.002751, 0.002755, 0.002738, 0.002755
02/05/20, 0.002751, 0.002759, 0.002740, 0.002751
02/04/20, 0.002750, 0.002766, 0.002743, 0.002751
02/03/20, 0.002766, 0.002766, 0.002750, 0.002750
01/31/20, 0.002766, 0.002766, 0.002749, 0.002766
01/30/20, 0.002759, 0.002766, 0.002753, 0.002766
01/29/20, 0.002759, 0.002766, 0.002751, 0.002759
01/28/20, 0.002759, 0.002766, 0.002753, 0.002766
01/27/20, 0.002759, 0.002766, 0.002756, 0.002759
01/24/20, 0.002766, 0.002766, 0.002756, 0.002759
01/23/20, 0.002762, 0.002767, 0.002762, 0.002766
01/22/20, 0.002762, 0.002765, 0.002755, 0.002762
01/21/20, 0.002759, 0.002764, 0.002757, 0.002762
01/20/20, 0.002764, 0.002766, 0.002755, 0.002759
01/17/20, 0.002766, 0.002766, 0.002763, 0.002764
01/16/20, 0.002759, 0.002769, 0.002759, 0.002766
01/15/20, 0.002762, 0.002766, 0.002759, 0.002759
01/14/20, 0.002759, 0.002764, 0.002759, 0.002759
01/13/20, 0.002762, 0.002766, 0.002755, 0.002759
01/10/20, 0.002759, 0.002766, 0.002756, 0.002759
01/09/20, 0.002766, 0.002766, 0.002757, 0.002759
01/08/20, 0.002759, 0.002766, 0.002744, 0.002766
01/07/20, 0.002759, 0.002762, 0.002742, 0.002759
01/06/20, 0.002766, 0.002766, 0.002744, 0.002759
01/03/20, 0.002759, 0.002766, 0.002743, 0.002766
01/02/20, 0.002731, 0.002759, 0.002731, 0.002759
12/31/19, 0.002759, 0.002759, 0.002731, 0.002731
12/30/19, 0.002759, 0.002766, 0.002745, 0.002766
12/27/19, 0.002766, 0.002766, 0.002746, 0.002759
12/26/19, 0.002758, 0.002766, 0.002758, 0.002766
12/24/19, 0.002759, 0.002759, 0.002758, 0.002758
12/23/19, 0.002759, 0.002766, 0.002744, 0.002766
12/20/19, 0.002766, 0.002766, 0.002748, 0.002759
12/19/19, 0.002766, 0.002766, 0.002746, 0.002766
12/18/19, 0.002747, 0.002766, 0.002746, 0.002766
12/17/19, 0.002759, 0.002759, 0.002747, 0.002747
12/16/19, 0.002759, 0.002762, 0.002737, 0.002759
12/13/19, 0.002766, 0.002768, 0.002750, 0.002759
12/12/19, 0.002766, 0.002767, 0.002759, 0.002766
12/11/19, 0.002759, 0.002766, 0.002752, 0.002766
12/10/19, 0.002766, 0.002766, 0.002755, 0.002759
12/09/19, 0.002759, 0.002766, 0.002748, 0.002766
12/06/19, 0.002761, 0.002766, 0.002757, 0.002759
12/05/19, 0.002759, 0.002766, 0.002757, 0.002766
12/04/19, 0.002759, 0.002759, 0.002758, 0.002759
12/03/19, 0.002762, 0.002773, 0.002757, 0.002759
12/02/19, 0.002759, 0.002763, 0.002756, 0.002762
11/29/19, 0.002755, 0.002762, 0.002755, 0.002759
11/28/19, 0.002759, 0.002759, 0.002755, 0.002755
11/27/19, 0.002762, 0.002762, 0.002755, 0.002759
11/26/19, 0.002759, 0.002760, 0.002757, 0.002759
11/25/19, 0.002766, 0.002766, 0.002750, 0.002759
11/22/19, 0.002759, 0.002766, 0.002750, 0.002766
11/21/19, 0.002759, 0.002766, 0.002755, 0.002759
11/20/19, 0.002766, 0.002766, 0.002756, 0.002759
11/19/19, 0.002759, 0.002766, 0.002756, 0.002766
11/18/19, 0.002766, 0.002766, 0.002759, 0.002759
11/15/19, 0.002770, 0.002770, 0.002756, 0.002766
11/14/19, 0.002766, 0.002770, 0.002756, 0.002770
11/13/19, 0.002770, 0.002770, 0.002756, 0.002766
11/12/19, 0.002766, 0.002770, 0.002758, 0.002770
11/11/19, 0.002762, 0.002766, 0.002756, 0.002766
11/08/19, 0.002762, 0.002766, 0.002751, 0.002762
11/07/19, 0.002766, 0.002766, 0.002757, 0.002762
11/06/19, 0.002759, 0.002766, 0.002750, 0.002766
11/05/19, 0.002762, 0.002762, 0.002754, 0.002759
11/04/19, 0.002762, 0.002764, 0.002755, 0.002762
11/01/19, 0.002755, 0.002762, 0.002755, 0.002762
10/31/19, 0.002774, 0.002774, 0.002755, 0.002755
10/30/19, 0.002774, 0.002774, 0.002760, 0.002766
10/29/19, 0.002766, 0.002774, 0.002765, 0.002774
10/28/19, 0.002766, 0.002766, 0.002757, 0.002766
10/25/19, 0.002759, 0.002770, 0.002759, 0.002766
10/24/19, 0.002766, 0.002772, 0.002759, 0.002759
10/23/19, 0.002762, 0.002762, 0.002756, 0.002762
10/22/19, 0.002766, 0.002766, 0.002762, 0.002762
10/21/19, 0.002766, 0.002770, 0.002759, 0.002759
10/18/19, 0.002762, 0.002764, 0.002759, 0.002759
10/17/19, 0.002766, 0.002773, 0.002762, 0.002762
10/16/19, 0.002766, 0.002766, 0.002760, 0.002762
10/15/19, 0.002760, 0.002770, 0.002755, 0.002766
10/14/19, 0.002770, 0.002770, 0.002759, 0.002760
10/11/19, 0.002762, 0.002770, 0.002757, 0.002770
10/10/19, 0.002774, 0.002774, 0.002757, 0.002762
10/09/19, 0.002774, 0.002774, 0.002750, 0.002774
10/08/19, 0.002762, 0.002774, 0.002755, 0.002774
10/07/19, 0.002766, 0.002766, 0.002754, 0.002762
10/04/19, 0.002770, 0.002770, 0.002754, 0.002766
10/03/19, 0.002767, 0.002770, 0.002758, 0.002770
10/02/19, 0.002763, 0.002770, 0.002756, 0.002767
10/01/19, 0.002760, 0.002770, 0.002754, 0.002762
09/30/19, 0.002762, 0.002766, 0.002754, 0.002761
09/27/19, 0.002770, 0.002770, 0.002754, 0.002762
09/26/19, 0.002774, 0.002774, 0.002750, 0.002770
09/25/19, 0.002770, 0.002774, 0.002760, 0.002774
09/24/19, 0.002766, 0.002770, 0.002766, 0.002770
09/23/19, 0.002774, 0.002774, 0.002760, 0.002766
09/20/19, 0.002778, 0.002782, 0.002755, 0.002774
09/19/19, 0.002774, 0.002778, 0.002757, 0.002778
09/18/19, 0.002778, 0.002782, 0.002760, 0.002774
09/17/19, 0.002774, 0.002778, 0.002757, 0.002778
09/16/19, 0.002766, 0.002778, 0.002764, 0.002770
09/13/19, 0.002759, 0.002767, 0.002755, 0.002766
09/12/19, 0.002759, 0.002759, 0.002759, 0.002759
09/11/19, 0.002759, 0.002769, 0.002755, 0.002755
09/10/19, 0.002770, 0.002770, 0.002759, 0.002759
09/09/19, 0.002755, 0.002786, 0.002755, 0.002770
09/06/19, 0.002759, 0.002759, 0.002755, 0.002755
09/05/19, 0.002762, 0.002765, 0.002759, 0.002759
09/04/19, 0.002759, 0.002767, 0.002759, 0.002762
09/03/19, 0.002758, 0.002759, 0.002755, 0.002759
09/02/19, 0.002755, 0.002758, 0.002744, 0.002758
08/30/19, 0.002755, 0.002762, 0.002755, 0.002762
08/29/19, 0.002755, 0.002762, 0.002754, 0.002755
08/28/19, 0.003261, 0.003263, 0.002755, 0.002755
08/27/19, 0.003261, 0.003264, 0.003255, 0.003263
08/26/19, 0.003261, 0.003264, 0.002911, 0.003263
08/23/19, 0.002760, 0.002765, 0.002760, 0.002761
08/22/19, 0.002758, 0.002760, 0.002755, 0.002760
08/21/19, 0.002758, 0.002762, 0.002758, 0.002759
08/20/19, 0.002749, 0.002758, 0.002749, 0.002758
08/19/19, 0.002750, 0.002753, 0.002749, 0.002749
08/16/19, 0.002750, 0.002750, 0.002739, 0.002750
08/15/19, 0.002754, 0.002754, 0.002744, 0.002750
08/14/19, 0.002749, 0.002754, 0.002739, 0.002754
08/13/19, 0.002749, 0.002754, 0.002749, 0.002749
08/12/19, 0.002759, 0.002759, 0.002748, 0.002749
08/09/19, 0.002762, 0.002762, 0.002748, 0.002755
08/08/19, 0.002755, 0.002762, 0.002755, 0.002755
08/07/19, 0.002751, 0.002759, 0.002751, 0.002755
08/06/19, 0.002759, 0.002759, 0.002751, 0.002751
08/05/19, 0.002766, 0.002766, 0.002759, 0.002759
08/02/19, 0.002778, 0.002782, 0.002763, 0.002766
08/01/19, 0.002778, 0.002778, 0.002742, 0.002778
07/31/19, 0.002776, 0.002778, 0.002760, 0.002778
07/30/19, 0.002778, 0.002778, 0.002761, 0.002778
07/29/19, 0.002778, 0.002778, 0.002778, 0.002778
07/26/19, 0.002778, 0.002778, 0.002762, 0.002778
07/25/19, 0.002778, 0.002778, 0.002761, 0.002778
07/24/19, 0.002778, 0.002782, 0.002764, 0.002778
07/23/19, 0.002778, 0.002778, 0.002770, 0.002778
07/22/19, 0.002778, 0.002778, 0.002759, 0.002778
07/19/19, 0.002778, 0.002780, 0.002764, 0.002778
07/18/19, 0.002778, 0.002778, 0.002774, 0.002778
07/17/19, 0.002764, 0.002782, 0.002762, 0.002778
07/16/19, 0.002782, 0.002782, 0.002764, 0.002764
07/15/19, 0.002778, 0.002778, 0.002776, 0.002778
07/12/19, 0.002778, 0.002782, 0.002772, 0.002778
07/11/19, 0.002778, 0.002788, 0.002778, 0.002778
07/10/19, 0.002782, 0.002782, 0.002776, 0.002778
07/09/19, 0.002774, 0.002778, 0.002774, 0.002778
07/08/19, 0.002778, 0.002778, 0.002765, 0.002774
07/05/19, 0.002776, 0.002778, 0.002774, 0.002778
07/04/19, 0.002778, 0.002778, 0.002769, 0.002776
07/03/19, 0.002772, 0.002778, 0.002772, 0.002778
07/02/19, 0.002761, 0.002778, 0.002760, 0.002771
07/01/19, 0.002778, 0.002778, 0.002761, 0.002761
06/28/19, 0.002778, 0.002778, 0.002772, 0.002778
06/27/19, 0.002778, 0.002782, 0.002773, 0.002778
06/26/19, 0.002773, 0.002778, 0.002770, 0.002774
06/25/19, 0.002778, 0.002778, 0.002773, 0.002773
06/24/19, 0.002778, 0.002793, 0.002775, 0.002778
06/21/19, 0.002778, 0.002781, 0.002772, 0.002778
06/20/19, 0.002778, 0.002781, 0.002774, 0.002778
06/19/19, 0.002778, 0.002780, 0.002773, 0.002778
06/18/19, 0.002770, 0.005427, 0.002770, 0.002778
06/17/19, 0.002778, 0.002778, 0.002760, 0.002770
06/14/19, 0.002778, 0.002778, 0.002778, 0.002778
06/13/19, 0.002774, 0.002782, 0.002774, 0.002778
06/12/19, 0.002778, 0.002778, 0.002778, 0.002778
06/11/19, 0.003261, 0.005427, 0.002775, 0.005427
06/10/19, 0.003263, 0.003264, 0.003255, 0.003264
06/07/19, 0.003262, 0.003264, 0.003255, 0.003263
06/06/19, 0.003263, 0.003264, 0.003255, 0.003264
06/04/19, 0.003262, 0.003263, 0.003260, 0.003263
06/03/19, 0.002778, 0.003263, 0.002778, 0.003263
05/31/19, 0.002778, 0.002778, 0.002770, 0.002778
05/30/19, 0.002774, 0.002782, 0.002772, 0.002778
05/29/19, 0.002776, 0.002780, 0.002776, 0.002778
05/28/19, 0.002776, 0.002782, 0.002776, 0.002778
05/27/19, 0.002778, 0.002781, 0.002776, 0.002776
05/24/19, 0.002778, 0.002788, 0.002774, 0.002778
05/23/19, 0.002770, 0.002778, 0.002770, 0.002778
05/22/19, 0.002778, 0.002778, 0.002770, 0.002770
05/21/19, 0.002778, 0.002779, 0.002774, 0.002778
05/20/19, 0.002774, 0.002778, 0.002773, 0.002778
05/17/19, 0.002774, 0.002774, 0.002768, 0.002774
05/16/19, 0.002774, 0.002779, 0.002774, 0.002774
05/15/19, 0.002778, 0.002778, 0.002766, 0.002778
05/14/19, 0.002778, 0.002782, 0.002778, 0.002778
05/10/19, 0.002778, 0.002778, 0.002778, 0.002778
05/09/19, 0.002778, 0.002778, 0.002767, 0.002778
05/08/19, 0.002778, 0.002782, 0.002768, 0.002778
05/07/19, 0.002778, 0.002782, 0.002765, 0.002778
05/06/19, 0.002778, 0.002780, 0.002764, 0.002778
05/03/19, 0.002765, 0.002778, 0.002757, 0.002778
05/02/19, 0.002783, 0.002783, 0.002765, 0.002765
05/01/19, 0.002781, 0.002783, 0.002781, 0.002783
04/30/19, 0.002774, 0.002789, 0.002774, 0.002781
04/29/19, 0.002774, 0.002785, 0.002774, 0.002774
04/26/19, 0.002774, 0.002781, 0.002774, 0.002774
04/25/19, 0.002778, 0.002778, 0.002762, 0.002774
04/24/19, 0.002778, 0.002778, 0.002774, 0.002778
04/23/19, 0.002778, 0.002783, 0.002778, 0.002778
04/22/19, 0.002778, 0.002779, 0.002778, 0.002778
04/19/19, 0.002778, 0.002780, 0.002777, 0.002778
04/18/19, 0.002778, 0.002782, 0.002773, 0.002778
04/17/19, 0.002778, 0.002778, 0.002772, 0.002778
04/16/19, 0.002778, 0.002782, 0.002774, 0.002778
04/15/19, 0.002778, 0.002778, 0.002773, 0.002778
04/12/19, 0.002778, 0.002778, 0.002775, 0.002778
04/11/19, 0.002778, 0.002782, 0.002776, 0.002778
04/10/19, 0.002778, 0.002782, 0.002776, 0.002778
04/09/19, 0.002778, 0.002785, 0.002778, 0.002778
04/08/19, 0.002774, 0.002782, 0.002770, 0.002778
04/05/19, 0.002778, 0.002782, 0.002774, 0.002774
04/04/19, 0.002778, 0.002781, 0.002776, 0.002778
04/03/19, 0.002782, 0.002782, 0.002774, 0.002774
04/02/19, 0.002778, 0.002782, 0.002765, 0.002782
04/01/19, 0.002778, 0.002778, 0.002768, 0.002778
03/29/19, 0.002772, 0.002778, 0.002770, 0.002778
03/28/19, 0.002778, 0.002778, 0.002772, 0.002772
03/27/19, 0.002778, 0.002778, 0.002766, 0.002778
03/26/19, 0.002784, 0.002784, 0.002762, 0.002778
03/25/19, 0.002786, 0.002786, 0.002765, 0.002782
03/22/19, 0.002782, 0.002786, 0.002764, 0.002786
03/21/19, 0.002774, 0.002794, 0.002770, 0.002782
03/20/19, 0.002778, 0.002778, 0.002768, 0.002774
03/19/19, 0.002778, 0.002778, 0.002759, 0.002774
03/18/19, 0.002774, 0.002778, 0.002764, 0.002778
03/15/19, 0.002782, 0.002782, 0.002765, 0.002774
03/14/19, 0.002782, 0.002786, 0.002763, 0.002782
03/13/19, 0.002782, 0.002786, 0.002763, 0.002782
03/12/19, 0.002782, 0.002786, 0.002766, 0.002782
03/11/19, 0.002786, 0.002786, 0.002762, 0.002782
03/08/19, 0.002778, 0.002786, 0.002764, 0.002786
03/07/19, 0.002782, 0.002782, 0.002765, 0.002778
03/06/19, 0.002778, 0.002782, 0.002763, 0.002782
03/05/19, 0.002774, 0.002778, 0.002763, 0.002778
03/04/19, 0.002766, 0.002774, 0.002759, 0.002774
03/01/19, 0.002770, 0.002770, 0.002761, 0.002766
02/28/19, 0.002766, 0.002772, 0.002757, 0.002770
02/27/19, 0.002766, 0.002775, 0.002761, 0.002766
02/26/19, 0.002762, 0.002768, 0.002762, 0.002766
02/25/19, 0.002764, 0.002764, 0.002762, 0.002762
02/22/19, 0.002766, 0.002766, 0.002755, 0.002764
02/21/19, 0.002770, 0.002770, 0.002762, 0.002766
02/20/19, 0.002770, 0.002771, 0.002762, 0.002770
02/19/19, 0.002764, 0.002770, 0.002754, 0.002770
02/18/19, 0.002766, 0.002776, 0.002764, 0.002764
02/15/19, 0.002766, 0.002774, 0.002766, 0.002766
02/14/19, 0.002766, 0.002768, 0.002766, 0.002766
02/13/19, 0.002766, 0.002770, 0.002753, 0.002766
02/12/19, 0.002770, 0.002770, 0.002765, 0.002766
02/11/19, 0.002770, 0.002770, 0.002766, 0.002770
02/08/19, 0.002766, 0.002772, 0.002766, 0.002770
02/07/19, 0.002770, 0.002770, 0.002754, 0.002766
02/06/19, 0.002757, 0.002770, 0.002751, 0.002770
02/05/19, 0.002766, 0.002770, 0.002762, 0.002762
02/04/19, 0.002762, 0.002768, 0.002762, 0.002766
02/01/19, 0.002759, 0.002762, 0.002752, 0.002762
01/31/19, 0.002762, 0.002770, 0.002759, 0.002759
01/30/19, 0.002766, 0.002766, 0.002757, 0.002762
01/29/19, 0.002762, 0.002767, 0.002759, 0.002766
01/28/19, 0.002764, 0.002766, 0.002759, 0.002762
01/25/19, 0.002759, 0.002766, 0.002758, 0.002764
01/24/19, 0.002759, 0.002767, 0.002755, 0.002759
01/23/19, 0.002751, 0.002762, 0.002751, 0.002759
01/22/19, 0.002759, 0.002760, 0.002751, 0.002751
01/21/19, 0.002755, 0.002759, 0.002749, 0.002759
01/18/19, 0.002759, 0.002759, 0.002751, 0.002755
01/17/19, 0.002747, 0.002760, 0.002747, 0.002759
01/16/19, 0.002743, 0.002755, 0.002743, 0.002747
01/15/19, 0.002747, 0.002756, 0.002743, 0.002743
01/14/19, 0.002740, 0.002749, 0.002732, 0.002747
01/11/19, 0.002740, 0.002746, 0.002737, 0.002740
01/10/19, 0.002737, 0.002743, 0.002737, 0.002740
01/09/19, 0.002751, 0.002751, 0.002732, 0.002737
01/08/19, 0.002743, 0.002751, 0.002734, 0.002751
01/07/19, 0.002743, 0.002753, 0.002738, 0.002743
01/04/19, 0.002743, 0.002751, 0.002743, 0.002743
01/03/19, 0.002743, 0.002759, 0.002743, 0.002743
01/02/19, 0.002758, 0.002780, 0.002740, 0.002743
01/01/19, 0.002740, 0.002758, 0.002740, 0.002758
12/31/18, 0.002747, 0.002750, 0.002740, 0.002740
12/28/18, 0.002747, 0.002750, 0.002743, 0.002747
12/27/18, 0.002743, 0.002752, 0.002739, 0.002747
12/26/18, 0.002749, 0.002755, 0.002743, 0.002743
12/25/18, 0.002751, 0.002751, 0.002749, 0.002749
12/24/18, 0.002755, 0.002755, 0.002744, 0.002751
12/21/18, 0.002750, 0.002755, 0.002741, 0.002755
12/20/18, 0.002747, 0.002750, 0.002743, 0.002749
12/19/18, 0.002740, 0.002754, 0.002736, 0.002747
12/18/18, 0.002743, 0.002755, 0.002740, 0.002740
12/17/18, 0.002751, 0.002760, 0.002743, 0.002743
12/14/18, 0.002747, 0.002756, 0.002739, 0.002751
12/13/18, 0.002743, 0.002752, 0.002743, 0.002747
12/12/18, 0.002740, 0.002743, 0.002740, 0.002743
12/11/18, 0.002747, 0.002755, 0.002740, 0.002740
12/10/18, 0.002743, 0.002747, 0.002743, 0.002747
12/07/18, 0.002747, 0.002756, 0.002743, 0.002743
12/06/18, 0.002751, 0.002753, 0.002743, 0.002747
12/05/18, 0.002751, 0.002754, 0.002742, 0.002751
12/04/18, 0.002747, 0.002760, 0.002747, 0.002751
12/03/18, 0.002747, 0.002754, 0.002739, 0.002747
11/30/18, 0.002747, 0.002747, 0.002747, 0.002747
11/29/18, 0.002745, 0.002756, 0.002743, 0.002747
11/28/18, 0.002747, 0.002751, 0.002743, 0.002743
11/27/18, 0.002751, 0.002755, 0.002743, 0.002747
11/26/18, 0.002747, 0.002785, 0.002746, 0.002751
11/23/18, 0.002781, 0.002783, 0.002747, 0.002747
11/22/18, 0.002751, 0.002781, 0.002747, 0.002781
11/21/18, 0.002755, 0.002755, 0.002747, 0.002751
11/20/18, 0.002755, 0.002759, 0.002751, 0.002755
11/19/18, 0.002743, 0.002755, 0.002743, 0.002755
11/16/18, 0.002751, 0.002754, 0.002743, 0.002743
11/15/18, 0.002740, 0.002766, 0.002740, 0.002751
11/14/18, 0.002755, 0.002755, 0.002740, 0.002740
11/13/18, 0.002752, 0.002755, 0.002747, 0.002755
11/12/18, 0.002743, 0.002752, 0.002743, 0.002752
11/09/18, 0.002743, 0.002781, 0.002743, 0.002743
11/08/18, 0.002751, 0.002755, 0.002737, 0.002743
11/07/18, 0.002755, 0.002755, 0.002749, 0.002751
11/06/18, 0.002755, 0.002761, 0.002751, 0.002755
11/05/18, 0.002755, 0.002755, 0.002750, 0.002755
11/02/18, 0.002751, 0.002756, 0.002751, 0.002755
11/01/18, 0.002751, 0.002755, 0.002751, 0.002751
10/31/18, 0.002755, 0.002755, 0.002749, 0.002751
10/30/18, 0.002751, 0.002756, 0.002751, 0.002755
10/29/18, 0.002755, 0.002770, 0.002751, 0.002751
10/26/18, 0.002755, 0.002755, 0.002742, 0.002755
10/25/18, 0.002755, 0.002763, 0.002749, 0.002755
10/24/18, 0.002751, 0.002765, 0.002750, 0.002755
10/23/18, 0.002751, 0.002755, 0.002741, 0.002755
10/22/18, 0.002751, 0.002774, 0.002750, 0.002751
10/19/18, 0.002751, 0.002763, 0.002751, 0.002751
10/18/18, 0.002747, 0.002751, 0.002744, 0.002751
10/17/18, 0.002751, 0.002754, 0.002747, 0.002747
10/16/18, 0.002747, 0.002751, 0.002747, 0.002751
10/15/18, 0.002755, 0.002755, 0.002738, 0.002747
10/12/18, 0.002755, 0.002755, 0.002746, 0.002755
10/11/18, 0.002751, 0.002762, 0.002745, 0.002755
10/10/18, 0.002755, 0.002760, 0.002751, 0.002751
10/09/18, 0.002754, 0.002760, 0.002747, 0.002755
10/08/18, 0.002759, 0.002759, 0.002754, 0.002754
10/05/18, 0.002751, 0.002759, 0.002750, 0.002759
10/04/18, 0.002755, 0.002755, 0.002737, 0.002751
10/03/18, 0.002751, 0.002755, 0.002751, 0.002755
10/02/18, 0.002755, 0.002755, 0.002735, 0.002751
10/01/18, 0.002759, 0.002759, 0.002743, 0.002755
09/28/18, 0.002755, 0.002759, 0.002742, 0.002759
09/27/18, 0.002751, 0.002774, 0.002746, 0.002755
09/26/18, 0.002755, 0.002767, 0.002747, 0.002751
09/25/18, 0.002751, 0.002766, 0.002747, 0.002755
09/24/18, 0.002759, 0.002759, 0.002751, 0.002751
09/21/18, 0.002754, 0.002768, 0.002754, 0.002759
09/20/18, 0.002762, 0.002762, 0.002754, 0.002754
09/19/18, 0.002759, 0.002762, 0.002759, 0.002762
09/18/18, 0.002766, 0.002783, 0.002759, 0.002759
09/17/18, 0.002759, 0.002766, 0.002759, 0.002766
09/14/18, 0.002755, 0.002781, 0.002755, 0.002759
09/13/18, 0.002770, 0.002770, 0.002750, 0.002755
09/12/18, 0.002753, 0.002778, 0.002752, 0.002770
09/11/18, 0.002762, 0.002762, 0.002752, 0.002753
09/10/18, 0.002779, 0.002779, 0.002751, 0.002762
09/07/18, 0.002782, 0.002782, 0.002779, 0.002779
09/06/18, 0.002766, 0.002782, 0.002766, 0.002782
09/05/18, 0.002780, 0.002788, 0.002766, 0.002766
09/04/18, 0.002781, 0.002781, 0.002761, 0.002780
09/03/18, 0.002761, 0.002781, 0.002746, 0.002781
08/31/18, 0.002762, 0.002762, 0.002755, 0.002761
08/30/18, 0.002764, 0.002777, 0.002762, 0.002762
08/29/18, 0.002762, 0.002764, 0.002761, 0.002764
08/28/18, 0.002767, 0.002784, 0.002762, 0.002762
08/27/18, 0.002773, 0.002778, 0.002767, 0.002767
08/24/18, 0.002759, 0.002774, 0.002748, 0.002773
08/23/18, 0.002766, 0.002766, 0.002756, 0.002759
08/22/18, 0.002770, 0.002774, 0.002758, 0.002766
08/21/18, 0.002774, 0.002777, 0.002757, 0.002770
08/20/18, 0.002770, 0.002778, 0.002757, 0.002774
08/17/18, 0.002774, 0.002774, 0.002758, 0.002770
08/16/18, 0.002774, 0.002778, 0.002764, 0.002774
08/15/18, 0.002774, 0.002778, 0.002766, 0.002774
08/14/18, 0.002770, 0.002774, 0.002757, 0.002774
08/13/18, 0.002774, 0.002774, 0.002765, 0.002770
08/10/18, 0.002774, 0.002782, 0.002746, 0.002774
08/09/18, 0.002776, 0.002778, 0.002762, 0.002774
08/08/18, 0.002778, 0.002778, 0.002759, 0.002776
08/07/18, 0.002774, 0.002779, 0.002766, 0.002778
08/06/18, 0.002770, 0.002775, 0.002769, 0.002770
08/03/18, 0.002778, 0.002778, 0.002754, 0.002770
08/02/18, 0.002770, 0.002778, 0.002761, 0.002778
08/01/18, 0.002778, 0.002778, 0.002752, 0.002770
07/31/18, 0.002770, 0.002780, 0.002764, 0.002778
07/30/18, 0.002766, 0.002775, 0.002766, 0.002770
07/27/18, 0.002762, 0.002766, 0.002746, 0.002766
07/26/18, 0.002767, 0.002777, 0.002762, 0.002762
07/25/18, 0.002766, 0.002767, 0.002760, 0.002767
07/24/18, 0.002782, 0.002782, 0.002766, 0.002766
07/23/18, 0.002770, 0.002788, 0.002770, 0.002782
07/20/18, 0.002774, 0.002778, 0.002768, 0.002770
07/19/18, 0.002770, 0.002774, 0.002763, 0.002774
07/18/18, 0.002770, 0.002774, 0.002770, 0.002770
07/17/18, 0.002766, 0.002774, 0.002766, 0.002770
07/16/18, 0.002774, 0.002774, 0.002766, 0.002766
07/13/18, 0.002774, 0.002774, 0.002770, 0.002774
07/12/18, 0.002774, 0.002774, 0.002769, 0.002770
07/11/18, 0.002778, 0.002778, 0.002770, 0.002774
07/10/18, 0.002778, 0.002778, 0.002766, 0.002778
07/09/18, 0.002774, 0.002788, 0.002774, 0.002778
07/06/18, 0.002774, 0.002779, 0.002774, 0.002774
07/05/18, 0.002777, 0.002782, 0.002774, 0.002774
07/04/18, 0.002809, 0.002809, 0.002777, 0.002777
07/03/18, 0.002809, 0.002805, 0.002813, 0.002809
07/02/18, 0.002809, 0.002805, 0.002813, 0.002809
06/28/18, 0.002809, 0.002805, 0.002813, 0.002809
06/27/18, 0.002809, 0.002805, 0.002813, 0.002809
06/26/18, 0.002809, 0.002805, 0.002813, 0.002809
06/25/18, 0.002809, 0.002805, 0.002813, 0.002809
06/21/18, 0.002809, 0.002805, 0.002813, 0.002809
06/20/18, 0.002809, 0.002805, 0.002813, 0.002809
06/19/18, 0.002809, 0.002805, 0.002813, 0.002809
06/18/18, 0.002809, 0.002805, 0.002813, 0.002809
06/14/18, 0.002809, 0.002805, 0.002813, 0.002809
06/13/18, 0.002809, 0.002805, 0.002813, 0.002809
06/12/18, 0.002809, 0.002805, 0.002813, 0.002809
06/11/18, 0.002809, 0.002805, 0.002813, 0.002809
06/07/18, 0.002809, 0.002805, 0.002813, 0.002809
06/06/18, 0.002809, 0.002805, 0.002813, 0.002809
06/05/18, 0.002809, 0.002805, 0.002813, 0.002809
06/04/18, 0.002809, 0.002805, 0.002813, 0.002809
05/31/18, 0.002809, 0.002805, 0.002813, 0.002809
05/30/18, 0.002809, 0.002805, 0.002813, 0.002809
05/29/18, 0.002809, 0.002805, 0.002813, 0.002809
05/28/18, 0.002809, 0.002805, 0.002813, 0.002809
05/24/18, 0.002809, 0.002805, 0.002813, 0.002809
05/23/18, 0.002809, 0.002805, 0.002813, 0.002809
05/22/18, 0.002809, 0.002805, 0.002813, 0.002809
05/21/18, 0.002809, 0.002805, 0.002813, 0.002809
05/17/18, 0.002809, 0.002805, 0.002813, 0.002809
05/16/18, 0.002809, 0.002805, 0.002813, 0.002809
05/15/18, 0.002809, 0.002805, 0.002813, 0.002809
05/14/18, 0.002809, 0.002805, 0.002813, 0.002809
05/10/18, 0.002809, 0.002805, 0.002813, 0.002809
05/09/18, 0.002809, 0.002805, 0.002813, 0.002809
05/08/18, 0.002809, 0.002805, 0.002813, 0.002809
05/07/18, 0.002809, 0.002805, 0.002813, 0.002809
05/03/18, 0.002809, 0.002805, 0.002813, 0.002809
05/02/18, 0.002809, 0.002805, 0.002813, 0.002809
05/01/18, 0.002809, 0.002805, 0.002813, 0.002809
04/30/18, 0.002809, 0.002805, 0.002813, 0.002809
04/26/18, 0.002809, 0.002805, 0.002813, 0.002809
04/25/18, 0.002809, 0.002805, 0.002813, 0.002809
04/24/18, 0.002809, 0.002805, 0.002813, 0.002809
04/23/18, 0.002809, 0.002805, 0.002813, 0.002809
04/19/18, 0.002809, 0.002805, 0.002813, 0.002809
04/18/18, 0.002809, 0.002805, 0.002813, 0.002809
04/17/18, 0.002809, 0.002805, 0.002813, 0.002809
04/16/18, 0.002809, 0.002805, 0.002813, 0.002809
04/12/18, 0.002809, 0.002805, 0.002813, 0.002809
04/11/18, 0.002809, 0.002805, 0.002813, 0.002809
04/10/18, 0.002809, 0.002805, 0.002813, 0.002809
04/09/18, 0.002809, 0.002805, 0.002813, 0.002809
04/05/18, 0.002809, 0.002805, 0.002813, 0.002809
04/04/18, 0.002809, 0.002805, 0.002813, 0.002809
04/03/18, 0.002809, 0.002805, 0.002813, 0.002809
04/02/18, 0.002809, 0.002805, 0.002813, 0.002809
03/29/18, 0.002809, 0.002805, 0.002813, 0.002809
03/28/18, 0.002809, 0.002805, 0.002813, 0.002809
03/27/18, 0.002809, 0.002805, 0.002813, 0.002809
03/26/18, 0.002809, 0.002805, 0.002813, 0.002809
03/22/18, 0.002809, 0.002805, 0.002813, 0.002809
03/21/18, 0.002809, 0.002805, 0.002813, 0.002809
03/20/18, 0.002809, 0.002805, 0.002813, 0.002809
03/19/18, 0.002809, 0.002805, 0.002813, 0.002809
03/18/18, 0.002809, 0.002805, 0.002813, 0.002809
03/15/18, 0.002813, 0.002817, 0.002809, 0.002809
03/14/18, 0.002813, 0.002817, 0.002809, 0.002809
03/13/18, 0.002813, 0.002817, 0.002809, 0.002809
03/12/18, 0.002813, 0.002817, 0.002809, 0.002809
03/11/18, 0.002813, 0.002817, 0.002809, 0.002809
03/08/18, 0.002813, 0.002817, 0.002809, 0.002809
03/07/18, 0.002813, 0.002817, 0.002809, 0.002809
03/06/18, 0.002813, 0.002817, 0.002809, 0.002809
03/05/18, 0.002813, 0.002817, 0.002809, 0.002809
03/01/18, 0.002813, 0.002817, 0.002809, 0.002809
02/28/18, 0.002813, 0.002817, 0.002809, 0.002809
02/27/18, 0.002813, 0.002817, 0.002809, 0.002809
02/26/18, 0.002813, 0.002817, 0.002809, 0.002809
02/22/18, 0.002813, 0.002817, 0.002809, 0.002809
02/21/18, 0.002813, 0.002817, 0.002809, 0.002809
02/20/18, 0.002813, 0.002817, 0.002809, 0.002809
02/18/18, 0.002813, 0.002817, 0.002809, 0.002809
02/15/18, 0.002813, 0.002817, 0.002809, 0.002809
02/14/18, 0.002813, 0.002817, 0.002809, 0.002809
02/13/18, 0.002813, 0.002817, 0.002809, 0.002809
02/12/18, 0.002813, 0.002817, 0.002809, 0.002809
02/08/18, 0.002813, 0.002817, 0.002809, 0.002809
02/07/18, 0.002813, 0.002817, 0.002809, 0.002809
02/06/18, 0.002813, 0.002817, 0.002809, 0.002809
02/05/18, 0.002813, 0.002817, 0.002809, 0.002809
02/01/18, 0.002813, 0.002817, 0.002809, 0.002809
01/31/18, 0.002813, 0.002817, 0.002809, 0.002809
01/30/18, 0.002813, 0.002817, 0.002809, 0.002809
01/29/18, 0.002813, 0.002817, 0.002809, 0.002809
01/25/18, 0.002813, 0.002817, 0.002809, 0.002809
01/24/18, 0.002813, 0.002817, 0.002809, 0.002809
01/23/18, 0.002813, 0.002817, 0.002809, 0.002809
01/22/18, 0.002813, 0.002817, 0.002809, 0.002809
01/18/18, 0.002813, 0.002817, 0.002809, 0.002809
01/17/18, 0.002813, 0.002817, 0.002809, 0.002809
01/16/18, 0.002813, 0.002817, 0.002809, 0.002809
01/15/18, 0.002813, 0.002817, 0.002809, 0.002809
01/11/18, 0.002813, 0.002817, 0.002809, 0.002809
01/10/18, 0.002813, 0.002817, 0.002809, 0.002809
01/08/18, 0.002813, 0.002817, 0.002809, 0.002809
01/04/18, 0.002813, 0.002817, 0.002809, 0.002809
01/03/18, 0.002813, 0.002817, 0.002809, 0.002809
01/02/18, 0.002813, 0.002817, 0.002809, 0.002809
01/01/18, 0.002813, 0.002817, 0.002809, 0.002809
12/28/17, 0.002813, 0.002817, 0.002809, 0.002809
12/27/17, 0.002813, 0.002817, 0.002809, 0.002809
12/26/17, 0.002813, 0.002817, 0.002809, 0.002809
12/25/17, 0.002813, 0.002817, 0.002809, 0.002809
12/21/17, 0.002813, 0.002817, 0.002809, 0.002809
12/20/17, 0.002813, 0.002817, 0.002809, 0.002809
12/19/17, 0.002813, 0.002817, 0.002809, 0.002809
12/18/17, 0.002813, 0.002817, 0.002809, 0.002809
12/14/17, 0.002813, 0.002817, 0.002809, 0.002809
12/13/17, 0.002813, 0.002817, 0.002809, 0.002809
12/12/17, 0.002813, 0.002817, 0.002809, 0.002809
12/11/17, 0.002813, 0.002817, 0.002809, 0.002809
12/07/17, 0.002813, 0.002817, 0.002809, 0.002809
12/06/17, 0.002813, 0.002817, 0.002809, 0.002809
12/05/17, 0.002813, 0.002817, 0.002809, 0.002809
12/04/17, 0.002813, 0.002817, 0.002809, 0.002809
12/01/17, 0.002813, 0.002817, 0.002809, 0.002809
11/29/17, 0.002813, 0.002817, 0.002809, 0.002809
11/27/17, 0.002813, 0.002817, 0.002809, 0.002809
11/23/17, 0.002813, 0.002817, 0.002809, 0.002809
11/13/17, 0.002813, 0.002817, 0.002809, 0.002809
11/10/17, 0.002813, 0.002817, 0.002809, 0.002809
11/09/17, 0.002813, 0.002817, 0.002809, 0.002809
11/08/17, 0.002805, 0.002813, 0.002777, 0.002813
11/07/17, 0.002805, 0.002809, 0.002776, 0.002805
11/06/17, 0.002809, 0.002817, 0.002778, 0.002805
11/03/17, 0.002809, 0.002817, 0.002778, 0.002805
11/02/17, 0.002813, 0.002813, 0.002781, 0.002809
11/01/17, 0.002789, 0.002813, 0.002778, 0.002813
10/31/17, 0.002782, 0.002789, 0.002777, 0.002789
10/30/17, 0.002809, 0.002809, 0.002774, 0.002782
10/27/17, 0.002805, 0.002809, 0.002737, 0.002809
10/26/17, 0.002774, 0.002809, 0.002774, 0.002805
10/25/17, 0.002786, 0.002801, 0.002774, 0.002774
10/24/17, 0.002778, 0.002789, 0.002778, 0.002786
10/23/17, 0.002809, 0.002809, 0.002778, 0.002778
10/20/17, 0.002805, 0.002809, 0.002782, 0.002809
10/19/17, 0.002774, 0.002809, 0.002774, 0.002805
10/18/17, 0.002809, 0.002809, 0.002774, 0.002774
10/17/17, 0.002773, 0.002809, 0.002772, 0.002809
10/16/17, 0.002813, 0.002813, 0.002773, 0.002773
10/13/17, 0.002813, 0.002817, 0.002774, 0.002813
10/12/17, 0.002805, 0.002813, 0.002776, 0.002813
10/11/17, 0.002809, 0.002809, 0.002778, 0.002805
10/10/17, 0.002782, 0.002809, 0.002776, 0.002809
10/09/17, 0.002817, 0.002817, 0.002774, 0.002782
10/06/17, 0.002817, 0.002817, 0.002774, 0.002817
10/05/17, 0.002817, 0.002817, 0.002766, 0.002817
10/04/17, 0.002774, 0.002813, 0.002774, 0.002778
10/03/17, 0.002786, 0.002797, 0.002774, 0.002774
10/02/17, 0.002786, 0.002797, 0.002785, 0.002786
09/29/17, 0.002813, 0.002817, 0.002786, 0.002786
09/28/17, 0.002817, 0.002817, 0.002782, 0.002813
09/27/17, 0.002813, 0.002817, 0.002776, 0.002817
09/26/17, 0.002809, 0.002813, 0.002766, 0.002813
09/25/17, 0.002821, 0.002821, 0.002809, 0.002809
09/22/17, 0.002817, 0.002825, 0.002774, 0.002821
09/21/17, 0.002809, 0.002817, 0.002809, 0.002817
09/20/17, 0.002797, 0.002813, 0.002778, 0.002809
09/19/17, 0.002774, 0.002801, 0.002774, 0.002797
09/18/17, 0.002817, 0.002825, 0.002774, 0.002774
09/15/17, 0.002825, 0.002825, 0.002768, 0.002817
09/14/17, 0.002821, 0.002825, 0.002759, 0.002825
09/13/17, 0.002817, 0.002821, 0.002782, 0.002821
09/12/17, 0.002813, 0.002817, 0.002780, 0.002817
09/11/17, 0.002793, 0.002817, 0.002782, 0.002813
09/08/17, 0.002782, 0.002793, 0.002778, 0.002793
09/07/17, 0.002759, 0.002782, 0.002759, 0.002782
09/06/17, 0.002782, 0.002786, 0.002759, 0.002759
09/05/17, 0.002805, 0.002805, 0.002766, 0.002782
09/04/17, 0.002817, 0.002817, 0.002801, 0.002805
09/01/17, 0.002817, 0.002817, 0.002801, 0.002805
08/31/17, 0.002813, 0.002817, 0.002789, 0.002817
08/30/17, 0.002782, 0.002817, 0.002774, 0.002813
08/29/17, 0.002764, 0.002805, 0.002764, 0.002782
08/28/17, 0.002813, 0.002813, 0.002764, 0.002764
08/25/17, 0.002721, 0.002817, 0.002721, 0.002813
08/24/17, 0.002766, 0.002782, 0.002721, 0.002721
08/23/17, 0.002774, 0.002774, 0.002721, 0.002766
08/22/17, 0.002759, 0.002788, 0.002759, 0.002774
08/21/17, 0.002759, 0.002766, 0.002759, 0.002759
08/18/17, 0.002759, 0.002766, 0.002759, 0.002759
08/17/17, 0.002751, 0.002759, 0.002751, 0.002759
08/16/17, 0.002751, 0.002766, 0.002751, 0.002751
08/15/17, 0.002736, 0.002751, 0.002716, 0.002751
08/14/17, 0.002738, 0.002738, 0.002729, 0.002736
08/11/17, 0.002716, 0.002738, 0.002716, 0.002738
08/10/17, 0.002738, 0.002738, 0.002716, 0.002716
08/09/17, 0.002747, 0.002751, 0.002714, 0.002738
08/08/17, 0.002738, 0.002747, 0.002737, 0.002747
08/07/17, 0.002751, 0.002751, 0.002730, 0.002738
08/04/17, 0.002747, 0.002751, 0.002730, 0.002751
08/03/17, 0.002738, 0.002755, 0.002729, 0.002747
08/02/17, 0.002732, 0.002738, 0.002730, 0.002738
08/01/17, 0.003172, 0.003172, 0.002732, 0.002732
07/31/17, 0.003179, 0.003179, 0.003172, 0.003172
07/28/17, 0.003172, 0.003256, 0.003168, 0.003179
07/27/17, 0.003177, 0.003201, 0.003172, 0.003172
07/26/17, 0.003174, 0.003177, 0.003170, 0.003177
07/25/17, 0.003178, 0.003178, 0.003172, 0.003174
07/24/17, 0.003172, 0.003182, 0.003172, 0.003178
07/21/17, 0.003211, 0.003211, 0.003172, 0.003172
07/20/17, 0.003177, 0.003211, 0.003177, 0.003211
07/19/17, 0.003180, 0.003180, 0.002857, 0.003177
07/18/17, 0.003267, 0.003267, 0.002849, 0.003180
07/17/17, 0.003177, 0.003267, 0.003172, 0.003267
07/14/17, 0.002861, 0.003177, 0.002861, 0.003177
07/13/17, 0.003177, 0.003177, 0.002857, 0.002861
07/12/17, 0.003172, 0.003194, 0.003172, 0.003177
07/11/17, 0.002861, 0.003174, 0.002861, 0.003172
07/10/17, 0.003177, 0.003177, 0.002857, 0.002861
07/07/17, 0.003172, 0.003197, 0.003172, 0.003177
07/06/17, 0.003177, 0.003183, 0.003172, 0.003172
07/05/17, 0.003177, 0.003177, 0.003177, 0.003177
07/04/17, 0.002857, 0.003177, 0.002857, 0.003177
07/03/17, 0.002857, 0.002857, 0.002857, 0.002857
06/30/17, 0.002857, 0.002861, 0.002857, 0.002857
06/29/17, 0.003172, 0.003172, 0.002849, 0.002857
06/28/17, 0.002853, 0.003178, 0.002853, 0.003172
06/27/17, 0.003091, 0.003091, 0.002853, 0.002853
06/26/17, 0.003086, 0.003091, 0.003077, 0.003091
06/23/17, 0.003086, 0.003086, 0.003082, 0.003086
06/22/17, 0.003077, 0.003086, 0.003077, 0.003086
06/21/17, 0.003072, 0.003179, 0.003072, 0.003077
06/20/17, 0.003077, 0.003077, 0.003072, 0.003072
06/19/17, 0.003082, 0.003091, 0.003067, 0.003077
06/16/17, 0.003082, 0.003082, 0.003082, 0.003082
06/15/17, 0.003082, 0.003086, 0.003082, 0.003082
06/14/17, 0.003077, 0.003082, 0.003077, 0.003082
06/13/17, 0.003086, 0.003086, 0.003077, 0.003077
06/12/17, 0.003086, 0.003091, 0.003086, 0.003086
06/09/17, 0.003086, 0.003086, 0.003082, 0.003086
06/08/17, 0.003086, 0.003086, 0.003082, 0.003086
06/07/17, 0.003086, 0.003086, 0.003082, 0.003086
06/06/17, 0.003086, 0.003086, 0.003077, 0.003086
06/05/17, 0.003077, 0.003091, 0.003077, 0.003086
06/02/17, 0.003077, 0.003086, 0.003077, 0.003077
06/01/17, 0.003077, 0.003077, 0.003077, 0.003077
05/31/17, 0.003072, 0.003090, 0.003072, 0.003077
05/30/17, 0.003077, 0.003082, 0.003062, 0.003077
05/29/17, 0.003077, 0.003077, 0.003077, 0.003077
05/26/17, 0.003082, 0.003082, 0.003077, 0.003077
05/25/17, 0.003082, 0.003082, 0.003077, 0.003082
05/24/17, 0.003115, 0.003130, 0.003082, 0.003082
05/23/17, 0.003125, 0.003125, 0.003115, 0.003115
05/22/17, 0.003177, 0.003185, 0.003125, 0.003125
05/19/17, 0.003135, 0.003178, 0.003130, 0.003177
05/18/17, 0.003177, 0.003177, 0.003130, 0.003135
05/17/17, 0.003172, 0.003177, 0.003125, 0.003177
05/16/17, 0.003125, 0.003175, 0.003120, 0.003172
05/15/17, 0.003150, 0.003177, 0.003125, 0.003125
05/12/17, 0.003160, 0.003177, 0.003150, 0.003150
05/11/17, 0.003160, 0.003177, 0.003150, 0.003160
05/10/17, 0.003130, 0.003177, 0.003130, 0.003160
05/09/17, 0.003181, 0.003181, 0.003130, 0.003130
05/08/17, 0.003155, 0.003181, 0.003150, 0.003181
05/05/17, 0.003160, 0.003177, 0.003150, 0.003155
05/04/17, 0.003160, 0.003176, 0.003150, 0.003160
05/03/17, 0.003155, 0.003177, 0.003135, 0.003160
05/02/17, 0.003160, 0.003168, 0.003123, 0.003155
05/01/17, 0.003150, 0.003168, 0.003140, 0.003160
04/28/17, 0.003178, 0.003178, 0.003150, 0.003150
04/27/17, 0.003160, 0.003182, 0.003160, 0.003178
04/26/17, 0.003160, 0.003191, 0.003150, 0.003150
04/25/17, 0.003150, 0.003186, 0.003150, 0.003160
04/24/17, 0.003160, 0.003176, 0.003150, 0.003150
04/21/17, 0.003150, 0.003178, 0.003150, 0.003160
04/20/17, 0.003155, 0.003173, 0.003150, 0.003150
04/19/17, 0.003160, 0.003192, 0.003150, 0.003155
04/18/17, 0.003170, 0.003178, 0.003150, 0.003160
04/17/17, 0.003168, 0.003170, 0.003166, 0.003170
04/14/17, 0.003160, 0.003168, 0.003160, 0.003168
04/13/17, 0.003160, 0.003198, 0.003160, 0.003160
04/12/17, 0.003150, 0.003177, 0.003150, 0.003160
04/11/17, 0.003150, 0.003172, 0.003150, 0.003150
04/10/17, 0.003150, 0.003174, 0.003150, 0.003150
04/07/17, 0.003150, 0.003172, 0.003150, 0.003150
04/06/17, 0.003160, 0.003178, 0.003150, 0.003150
04/05/17, 0.003150, 0.003188, 0.003150, 0.003160
04/04/17, 0.003150, 0.003187, 0.003150, 0.003150
04/03/17, 0.003150, 0.003182, 0.003150, 0.003150
03/31/17, 0.003150, 0.003177, 0.003150, 0.003150
03/30/17, 0.003150, 0.003160, 0.003150, 0.003150
03/29/17, 0.003150, 0.003166, 0.003150, 0.003150
03/28/17, 0.003160, 0.003176, 0.003150, 0.003150
03/27/17, 0.003150, 0.003196, 0.003150, 0.003160
03/24/17, 0.003160, 0.003177, 0.003150, 0.003150
03/23/17, 0.003160, 0.003176, 0.003150, 0.003160
03/22/17, 0.003150, 0.003160, 0.003150, 0.003160
03/21/17, 0.003150, 0.003177, 0.003150, 0.003150
03/20/17, 0.003150, 0.003160, 0.003150, 0.003150
03/17/17, 0.003150, 0.003190, 0.003150, 0.003150
03/16/17, 0.003160, 0.003177, 0.003150, 0.003150
03/15/17, 0.003150, 0.003182, 0.003150, 0.003160
03/14/17, 0.003150, 0.003183, 0.003150, 0.003150
03/13/17, 0.003150, 0.003179, 0.003150, 0.003150
03/10/17, 0.003180, 0.003188, 0.003150, 0.003150
03/09/17, 0.003150, 0.003180, 0.003150, 0.003180
03/08/17, 0.003150, 0.003182, 0.003150, 0.003150
03/07/17, 0.003145, 0.003150, 0.003140, 0.003150
03/06/17, 0.003145, 0.003145, 0.003140, 0.003145
03/03/17, 0.003156, 0.003178, 0.003140, 0.003145
03/02/17, 0.003156, 0.003156, 0.003156, 0.003156
03/01/17, 0.003145, 0.003156, 0.003140, 0.003156
02/28/17, 0.003150, 0.003168, 0.003145, 0.003145
02/27/17, 0.003150, 0.003155, 0.003150, 0.003150
02/24/17, 0.003155, 0.003155, 0.003150, 0.003150
02/23/17, 0.003150, 0.003155, 0.003150, 0.003155
02/22/17, 0.003155, 0.003155, 0.003150, 0.003150
02/21/17, 0.003178, 0.003178, 0.003150, 0.003155
02/20/17, 0.003155, 0.003178, 0.003155, 0.003178
02/17/17, 0.003155, 0.003155, 0.003150, 0.003155
02/16/17, 0.003155, 0.003155, 0.003150, 0.003155
02/15/17, 0.003155, 0.006189, 0.003150, 0.003155
02/14/17, 0.003155, 0.003175, 0.003155, 0.003155
02/13/17, 0.003155, 0.003179, 0.003150, 0.003155
02/10/17, 0.003150, 0.003180, 0.003150, 0.003155
02/09/17, 0.003179, 0.003183, 0.003150, 0.003150
02/08/17, 0.003178, 0.003183, 0.003177, 0.003179
02/07/17, 0.003172, 0.003182, 0.003155, 0.003178
02/06/17, 0.003155, 0.003173, 0.003150, 0.003172
02/03/17, 0.003150, 0.003162, 0.003150, 0.003155
02/02/17, 0.003150, 0.003150, 0.003150, 0.003150
02/01/17, 0.003154, 0.003155, 0.003150, 0.003150
01/31/17, 0.003150, 0.003155, 0.003150, 0.003154
01/30/17, 0.003150, 0.003281, 0.003150, 0.003150
01/27/17, 0.003155, 0.003175, 0.003150, 0.003150
01/26/17, 0.003155, 0.003175, 0.003150, 0.003155
01/25/17, 0.003155, 0.003279, 0.003150, 0.003155
01/24/17, 0.003150, 0.003155, 0.003150, 0.003155
01/23/17, 0.003150, 0.003155, 0.003150, 0.003155
01/20/17, 0.003155, 0.003173, 0.003150, 0.003150
01/19/17, 0.003177, 0.003177, 0.003155, 0.003155
01/18/17, 0.003160, 0.003178, 0.003160, 0.003177
01/17/17, 0.003172, 0.003179, 0.003155, 0.003160
01/16/17, 0.003171, 0.003172, 0.003171, 0.003172
01/13/17, 0.003175, 0.003182, 0.003155, 0.003171
01/12/17, 0.003170, 0.003182, 0.003170, 0.003175
01/11/17, 0.003177, 0.003182, 0.003170, 0.003170
01/10/17, 0.003182, 0.003182, 0.003177, 0.003177
01/09/17, 0.003155, 0.003182, 0.003155, 0.003182
01/06/17, 0.003177, 0.003177, 0.003155, 0.003155
01/05/17, 0.003175, 0.003177, 0.003175, 0.003177
01/04/17, 0.003201, 0.003201, 0.003175, 0.003175
01/03/17, 0.003170, 0.003201, 0.003167, 0.003201
01/02/17, 0.003175, 0.003175, 0.003170, 0.003170
12/30/16, 0.003175, 0.003175, 0.003175, 0.003175
12/29/16, 0.003175, 0.003178, 0.003160, 0.003175
12/28/16, 0.003168, 0.003179, 0.003168, 0.003175
12/27/16, 0.003170, 0.003172, 0.003163, 0.003168
12/26/16, 0.003170, 0.003170, 0.003170, 0.003170
12/23/16, 0.003155, 0.003170, 0.003155, 0.003170
12/22/16, 0.003160, 0.003160, 0.003155, 0.003155
12/21/16, 0.003172, 0.003176, 0.003155, 0.003160
12/20/16, 0.003155, 0.003172, 0.003154, 0.003172
12/19/16, 0.003155, 0.003175, 0.003155, 0.003155
12/16/16, 0.003155, 0.003160, 0.003155, 0.003155
12/15/16, 0.003155, 0.003177, 0.003154, 0.003155
12/14/16, 0.003177, 0.003177, 0.003155, 0.003155
12/13/16, 0.003160, 0.003177, 0.003156, 0.003177
12/12/16, 0.003155, 0.003169, 0.003155, 0.003160
12/09/16, 0.003155, 0.003160, 0.003155, 0.003155
12/08/16, 0.003174, 0.003174, 0.003155, 0.003155
12/07/16, 0.003160, 0.003174, 0.003160, 0.003174
12/06/16, 0.003173, 0.003177, 0.003160, 0.003160
12/05/16, 0.003160, 0.003178, 0.003160, 0.003173
12/02/16, 0.003160, 0.003167, 0.003160, 0.003160
12/01/16, 0.003165, 0.003176, 0.003160, 0.003160
11/30/16, 0.003170, 0.003170, 0.003165, 0.003165
11/29/16, 0.003165, 0.003170, 0.003164, 0.003170
11/28/16, 0.003155, 0.003175, 0.003155, 0.003165
11/25/16, 0.003148, 0.003155, 0.003148, 0.003155
11/24/16, 0.003155, 0.003155, 0.003148, 0.003148
11/23/16, 0.003155, 0.003155, 0.003155, 0.003155
11/22/16, 0.003165, 0.003165, 0.003154, 0.003155
11/21/16, 0.003160, 0.003173, 0.003160, 0.003165
11/18/16, 0.003165, 0.003172, 0.003160, 0.003160
11/17/16, 0.003175, 0.003180, 0.003160, 0.003165
11/16/16, 0.003160, 0.003176, 0.003157, 0.003175
11/15/16, 0.003171, 0.003171, 0.003155, 0.003160
11/14/16, 0.003173, 0.003173, 0.003165, 0.003171
11/11/16, 0.003165, 0.003173, 0.003165, 0.003173
11/10/16, 0.003160, 0.003165, 0.003160, 0.003165
11/09/16, 0.003155, 0.003163, 0.003155, 0.003160
11/08/16, 0.003150, 0.003155, 0.003150, 0.003155
11/07/16, 0.003155, 0.003155, 0.003137, 0.003150
11/04/16, 0.003164, 0.003164, 0.003151, 0.003155
11/03/16, 0.003101, 0.003165, 0.003101, 0.003164
11/02/16, 0.003120, 0.003120, 0.003101, 0.003101
11/01/16, 0.003165, 0.003165, 0.003120, 0.003120
10/31/16, 0.003139, 0.003171, 0.003139, 0.003165
10/28/16, 0.003141, 0.003141, 0.003136, 0.003139
10/27/16, 0.003150, 0.003150, 0.003141, 0.003141
10/26/16, 0.003153, 0.003153, 0.003150, 0.003150
10/25/16, 0.003153, 0.003153, 0.003153, 0.003153
10/24/16, 0.003160, 0.003160, 0.003153, 0.003153
10/21/16, 0.003160, 0.003160, 0.003156, 0.003160
10/20/16, 0.003165, 0.003172, 0.003155, 0.003160
10/19/16, 0.003171, 0.003171, 0.003163, 0.003165
10/18/16, 0.003175, 0.003176, 0.003171, 0.003171
10/17/16, 0.003175, 0.003175, 0.003117, 0.003175
10/14/16, 0.003279, 0.003279, 0.003175, 0.003175
10/13/16, 0.003279, 0.003279, 0.003175, 0.003279
10/12/16, 0.003279, 0.003279, 0.003179, 0.003279
10/11/16, 0.003190, 0.003279, 0.003164, 0.003279
10/10/16, 0.003221, 0.003221, 0.003190, 0.003190
10/07/16, 0.003175, 0.003279, 0.003159, 0.003221
10/06/16, 0.003175, 0.003175, 0.003172, 0.003175
10/05/16, 0.003223, 0.003237, 0.003175, 0.003175
10/04/16, 0.003170, 0.003223, 0.003170, 0.003223
10/03/16, 0.003170, 0.003194, 0.003170, 0.003170
09/30/16, 0.003170, 0.003175, 0.003170, 0.003170
09/29/16, 0.003205, 0.003215, 0.003170, 0.003170
09/28/16, 0.003175, 0.003205, 0.003167, 0.003205
09/27/16, 0.003195, 0.003214, 0.003170, 0.003175
09/26/16, 0.003170, 0.003195, 0.003169, 0.003195
09/23/16, 0.003177, 0.003177, 0.003169, 0.003170
09/22/16, 0.003120, 0.003177, 0.003115, 0.003177
09/21/16, 0.003182, 0.003182, 0.003120, 0.003120
09/20/16, 0.003115, 0.003182, 0.003115, 0.003182
09/19/16, 0.003170, 0.003173, 0.003110, 0.003115
09/16/16, 0.003170, 0.003175, 0.003165, 0.003170
09/15/16, 0.003170, 0.003173, 0.003170, 0.003170
09/14/16, 0.003175, 0.003175, 0.003168, 0.003170
09/13/16, 0.003180, 0.003180, 0.003082, 0.003175
09/12/16, 0.003180, 0.003180, 0.003173, 0.003180
09/09/16, 0.003170, 0.003185, 0.003170, 0.003180
09/08/16, 0.003170, 0.003176, 0.003170, 0.003170
09/07/16, 0.003175, 0.003177, 0.003170, 0.003170
09/06/16, 0.003219, 0.003222, 0.003170, 0.003175
09/05/16, 0.003190, 0.003219, 0.003190, 0.003219
09/02/16, 0.003228, 0.003228, 0.003190, 0.003190
09/01/16, 0.003166, 0.003228, 0.003166, 0.003228
08/31/16, 0.003151, 0.003172, 0.003151, 0.003166
08/30/16, 0.003151, 0.003172, 0.003151, 0.003166
08/29/16, 0.003150, 0.003151, 0.003150, 0.003151
08/26/16, 0.002978, 0.003150, 0.002978, 0.003150
08/25/16, 0.003053, 0.003053, 0.002978, 0.002978
08/24/16, 0.002908, 0.003166, 0.002908, 0.003053
08/23/16, 0.002890, 0.002908, 0.002890, 0.002908
08/22/16, 0.002894, 0.002894, 0.002890, 0.002890
08/19/16, 0.003110, 0.003111, 0.002888, 0.002894
08/18/16, 0.003110, 0.003111, 0.003110, 0.003110
08/17/16, 0.003012, 0.003173, 0.003012, 0.003110
08/16/16, 0.003110, 0.003110, 0.003106, 0.003110
08/15/16, 0.003120, 0.003140, 0.003110, 0.003110
08/12/16, 0.003106, 0.003121, 0.003106, 0.003120
08/11/16, 0.003106, 0.003108, 0.003106, 0.003106
08/10/16, 0.003101, 0.003151, 0.003101, 0.003106
08/09/16, 0.003106, 0.003128, 0.003101, 0.003101
08/08/16, 0.003101, 0.003115, 0.003101, 0.003106
08/05/16, 0.003101, 0.003106, 0.003101, 0.003101
08/04/16, 0.003145, 0.003145, 0.003101, 0.003101
08/03/16, 0.003140, 0.003145, 0.003140, 0.003145
08/02/16, 0.003122, 0.003140, 0.003122, 0.003140
08/01/16, 0.003131, 0.003131, 0.003101, 0.003122
07/29/16, 0.003190, 0.003190, 0.003131, 0.003131
07/28/16, 0.003200, 0.003200, 0.003190, 0.003190
07/27/16, 0.003331, 0.003331, 0.003200, 0.003200
07/26/16, 0.003328, 0.003336, 0.003270, 0.003331
07/25/16, 0.003373, 0.003373, 0.003269, 0.003328
07/22/16, 0.003384, 0.003384, 0.003357, 0.003373
07/21/16, 0.003401, 0.003407, 0.003384, 0.003384
07/20/16, 0.003535, 0.003535, 0.003401, 0.003401
07/19/16, 0.003493, 0.003545, 0.003493, 0.003535
07/18/16, 0.003552, 0.003552, 0.003493, 0.003493
07/15/16, 0.003540, 0.003565, 0.003529, 0.003552
07/14/16, 0.003534, 0.003540, 0.003530, 0.003540
07/13/16, 0.003540, 0.003540, 0.003516, 0.003534
07/12/16, 0.003537, 0.003543, 0.003537, 0.003540
07/11/16, 0.003552, 0.003552, 0.003537, 0.003537
07/08/16, 0.003546, 0.003552, 0.003540, 0.003552
07/07/16, 0.003546, 0.003555, 0.003544, 0.003546
07/06/16, 0.003546, 0.003546, 0.003519, 0.003546
07/05/16, 0.003537, 0.003546, 0.003537, 0.003546
07/04/16, 0.003540, 0.003540, 0.003537, 0.003537
07/01/16, 0.003534, 0.003542, 0.003523, 0.003540
06/30/16, 0.003546, 0.003554, 0.003534, 0.003534
06/29/16, 0.003540, 0.003552, 0.003535, 0.003546
06/28/16, 0.003540, 0.003541, 0.003537, 0.003540
06/27/16, 0.003552, 0.003552, 0.003540, 0.003540
06/24/16, 0.003527, 0.003552, 0.003522, 0.003552
06/23/16, 0.003527, 0.003537, 0.003521, 0.003521
06/22/16, 0.005023, 0.005023, 0.005021, 0.003837
06/21/16, 0.005023, 0.005023, 0.005021, 0.005021
06/20/16, 0.005023, 0.005023, 0.005021, 0.005021
06/17/16, 0.005025, 0.005038, 0.005021, 0.005023
06/16/16, 0.005024, 0.005068, 0.005024, 0.005025
06/15/16, 0.005023, 0.005025, 0.005021, 0.005024
06/14/16, 0.005025, 0.005057, 0.005023, 0.005023
06/13/16, 0.005026, 0.005027, 0.005025, 0.005025
06/10/16, 0.005024, 0.005026, 0.005009, 0.005026
06/09/16, 0.005026, 0.005037, 0.005024, 0.005024
06/08/16, 0.005025, 0.005026, 0.005018, 0.005026
06/07/16, 0.005024, 0.005032, 0.005020, 0.005025
06/06/16, 0.005021, 0.005144, 0.005021, 0.005024
06/03/16, 0.005021, 0.005023, 0.004997, 0.005021
06/02/16, 0.005021, 0.005033, 0.005018, 0.005021
06/01/16, 0.005023, 0.005041, 0.005018, 0.005021
05/31/16, 0.005024, 0.005052, 0.005021, 0.005023
05/30/16, 0.005024, 0.005024, 0.005024, 0.005024
05/27/16, 0.005021, 0.005033, 0.005021, 0.005024
05/26/16, 0.005021, 0.005026, 0.005021, 0.005021
05/25/16, 0.005021, 0.005021, 0.005005, 0.005021
05/24/16, 0.005024, 0.005025, 0.005021, 0.005021
05/23/16, 0.005019, 0.005024, 0.005019, 0.005024
05/20/16, 0.005023, 0.005024, 0.005019, 0.005019
05/19/16, 0.005024, 0.005024, 0.004997, 0.005023
05/18/16, 0.005021, 0.005024, 0.005020, 0.005024
05/17/16, 0.005024, 0.005025, 0.005021, 0.005021
05/16/16, 0.005023, 0.005024, 0.005008, 0.005024
05/13/16, 0.005021, 0.005024, 0.005016, 0.005023
05/12/16, 0.005023, 0.005040, 0.005021, 0.005021
05/11/16, 0.005021, 0.005027, 0.005021, 0.005023
05/10/16, 0.005023, 0.005023, 0.005021, 0.005021
05/09/16, 0.005021, 0.005023, 0.005002, 0.005023
05/06/16, 0.005021, 0.005021, 0.005008, 0.005021
05/05/16, 0.005024, 0.005024, 0.005019, 0.005021
05/04/16, 0.005023, 0.005025, 0.005023, 0.005024
05/03/16, 0.005023, 0.005044, 0.005023, 0.005023
05/02/16, 0.005021, 0.005048, 0.005021, 0.005023
04/29/16, 0.005021, 0.005028, 0.005020, 0.005021
04/28/16, 0.005021, 0.005024, 0.005021, 0.005021
04/27/16, 0.005021, 0.005027, 0.005021, 0.005021
04/26/16, 0.005021, 0.005050, 0.005021, 0.005021
04/25/16, 0.005021, 0.005025, 0.005003, 0.005021
04/22/16, 0.005023, 0.005024, 0.005021, 0.005021
04/21/16, 0.005023, 0.005024, 0.005018, 0.005023
04/20/16, 0.005021, 0.005031, 0.005021, 0.005023
04/19/16, 0.005021, 0.005025, 0.005019, 0.005021
04/18/16, 0.005021, 0.005036, 0.005021, 0.005021
04/15/16, 0.005024, 0.005030, 0.005021, 0.005021
04/14/16, 0.005024, 0.005035, 0.005021, 0.005024
04/13/16, 0.005024, 0.005029, 0.005012, 0.005024
04/12/16, 0.005021, 0.005024, 0.005021, 0.005024
04/11/16, 0.005021, 0.005049, 0.005021, 0.005021
04/08/16, 0.005021, 0.005021, 0.005018, 0.005021
04/07/16, 0.005021, 0.005041, 0.005012, 0.005021
04/06/16, 0.005023, 0.005033, 0.005021, 0.005021
04/05/16, 0.005021, 0.005061, 0.005021, 0.005023
04/04/16, 0.005023, 0.005051, 0.005018, 0.005021
04/01/16, 0.005023, 0.005024, 0.005021, 0.005023
03/31/16, 0.005021, 0.005023, 0.005020, 0.005023
03/30/16, 0.005021, 0.005027, 0.005021, 0.005021
03/29/16, 0.005023, 0.005053, 0.005021, 0.005021
03/28/16, 0.005021, 0.005033, 0.005021, 0.005023
03/25/16, 0.005021, 0.005021, 0.005021, 0.005021
03/24/16, 0.005021, 0.005033, 0.005020, 0.005021
03/23/16, 0.005021, 0.005021, 0.005004, 0.005021
03/22/16, 0.005023, 0.005023, 0.005011, 0.005021
03/21/16, 0.005021, 0.005023, 0.005016, 0.005023
03/18/16, 0.005021, 0.005025, 0.005019, 0.005021
03/17/16, 0.005024, 0.005080, 0.005017, 0.005021
03/16/16, 0.005021, 0.005025, 0.005021, 0.005024
03/15/16, 0.005021, 0.005027, 0.005017, 0.005021
03/14/16, 0.005053, 0.005071, 0.005021, 0.005021
03/11/16, 0.005035, 0.005131, 0.005035, 0.005053
03/10/16, 0.005024, 0.005035, 0.005024, 0.005035
03/09/16, 0.005017, 0.005024, 0.005011, 0.005024
03/08/16, 0.005022, 0.005050, 0.005017, 0.005017
03/07/16, 0.005023, 0.005024, 0.005022, 0.005022
03/04/16, 0.005021, 0.005058, 0.005018, 0.005023
03/03/16, 0.005021, 0.005031, 0.005021, 0.005021
03/02/16, 0.005021, 0.005024, 0.005012, 0.005021
03/01/16, 0.005021, 0.005047, 0.005018, 0.005021
02/29/16, 0.005021, 0.005052, 0.004974, 0.005021
02/26/16, 0.005021, 0.005060, 0.005020, 0.005021
02/25/16, 0.005021, 0.005051, 0.005021, 0.005021
02/24/16, 0.005023, 0.005035, 0.005021, 0.005021
02/23/16, 0.005021, 0.005025, 0.005016, 0.005023
02/22/16, 0.005022, 0.005029, 0.005019, 0.005021
02/19/16, 0.005023, 0.005034, 0.005021, 0.005022
02/18/16, 0.005023, 0.005034, 0.005022, 0.005023
02/17/16, 0.005023, 0.005039, 0.005023, 0.005023
02/16/16, 0.005051, 0.005051, 0.005023, 0.005023
02/15/16, 0.005023, 0.005051, 0.005000, 0.005051
02/12/16, 0.005024, 0.005024, 0.005006, 0.005023
02/11/16, 0.005023, 0.005064, 0.005019, 0.005024
02/10/16, 0.005023, 0.005054, 0.005023, 0.005023
02/09/16, 0.005024, 0.005089, 0.005023, 0.005023
02/08/16, 0.005024, 0.005050, 0.005016, 0.005024
02/05/16, 0.005021, 0.005037, 0.005021, 0.005024
02/04/16, 0.005020, 0.005107, 0.005020, 0.005021
02/03/16, 0.005024, 0.005055, 0.005014, 0.005020
02/02/16, 0.005020, 0.005050, 0.005020, 0.005024
02/01/16, 0.005023, 0.005024, 0.004979, 0.005020
01/29/16, 0.005024, 0.005035, 0.005017, 0.005023
01/28/16, 0.005021, 0.005031, 0.005021, 0.005024
01/27/16, 0.005043, 0.050431, 0.005020, 0.005021